-- phpMyAdmin SQL Dump
-- version 5.2.2
-- https://www.phpmyadmin.net/
--
-- Host: localhost:3306
-- Generation Time: Sep 07, 2025 at 08:29 AM
-- Server version: 8.4.3
-- PHP Version: 8.3.16

SET SQL_MODE = "NO_AUTO_VALUE_ON_ZERO";
START TRANSACTION;
SET time_zone = "+00:00";


/*!40101 SET @OLD_CHARACTER_SET_CLIENT=@@CHARACTER_SET_CLIENT */;
/*!40101 SET @OLD_CHARACTER_SET_RESULTS=@@CHARACTER_SET_RESULTS */;
/*!40101 SET @OLD_COLLATION_CONNECTION=@@COLLATION_CONNECTION */;
/*!40101 SET NAMES utf8mb4 */;

--
-- Database: `yadbeyad`
--

-- --------------------------------------------------------

--
-- Table structure for table `accounts`
--

CREATE TABLE `accounts` (
  `id` bigint UNSIGNED NOT NULL,
  `user_name` varchar(255) CHARACTER SET utf8mb4 COLLATE utf8mb4_unicode_ci DEFAULT NULL,
  `mobile` varchar(255) CHARACTER SET utf8mb4 COLLATE utf8mb4_unicode_ci DEFAULT NULL,
  `email` varchar(255) CHARACTER SET utf8mb4 COLLATE utf8mb4_unicode_ci DEFAULT NULL,
  `email_verified_at` timestamp NULL DEFAULT NULL,
  `password` varchar(255) CHARACTER SET utf8mb4 COLLATE utf8mb4_unicode_ci DEFAULT NULL,
  `image` varchar(255) CHARACTER SET utf8mb4 COLLATE utf8mb4_unicode_ci DEFAULT NULL,
  `activation_code` varchar(255) CHARACTER SET utf8mb4 COLLATE utf8mb4_unicode_ci DEFAULT NULL,
  `status` tinyint DEFAULT NULL,
  `login_date` timestamp NULL DEFAULT NULL,
  `remember_token` varchar(100) CHARACTER SET utf8mb4 COLLATE utf8mb4_unicode_ci DEFAULT NULL,
  `deleted_at` timestamp NULL DEFAULT NULL,
  `created_at` timestamp NULL DEFAULT NULL,
  `updated_at` timestamp NULL DEFAULT NULL
) ENGINE=InnoDB DEFAULT CHARSET=utf8mb4 COLLATE=utf8mb4_unicode_ci;

--
-- Dumping data for table `accounts`
--

INSERT INTO `accounts` (`id`, `user_name`, `mobile`, `email`, `email_verified_at`, `password`, `image`, `activation_code`, `status`, `login_date`, `remember_token`, `deleted_at`, `created_at`, `updated_at`) VALUES
(1, 'admin', NULL, 'admin@admin.com', NULL, '$2y$10$FYchFgm0rTuti1aSuaY17e9hozxoJ83Qrx8iR6/IsQcFimTBjc3Pe', NULL, NULL, 1, NULL, NULL, NULL, '2025-02-16 07:05:32', '2025-02-16 07:05:32'),
(2, 'Islam Osman', NULL, 'islam1@yahoo.com', NULL, '$2y$10$lSCGu1SfrvYLTUCe.hNneuS5i7FJpQ0ulbBcIHV7pFdqlAAEz630G', NULL, NULL, 1, NULL, NULL, NULL, '2025-02-16 07:19:35', '2025-08-10 08:59:29'),
(3, 'Litzy Rutherford V', NULL, 'cassin.leatha@yahoo.com', NULL, '$2y$10$M6AQJuv0LcjiXfN7XY0FuOjde3FiImgSipnkbCPovSiDj1662CPs6', NULL, NULL, 1, NULL, NULL, NULL, '2025-02-16 07:19:36', '2025-02-16 07:19:36'),
(4, 'Lily Beier', NULL, 'valentina24@yahoo.com', NULL, '$2y$10$bRs7rTNWkpT06TKSIYo33uLCYvtyzFGfUNznDTRX39iQl.Rb846.y', NULL, NULL, 1, NULL, NULL, NULL, '2025-02-16 07:19:36', '2025-02-16 07:19:36'),
(5, 'Natalia Lemke', NULL, 'destin92@gmail.com', NULL, '$2y$10$6PFZuevZsKIfNPhIc17rbeaEUrTGNv3MBVsIfDOxWBaRO5lTYYvTi', NULL, NULL, 1, NULL, NULL, NULL, '2025-02-16 07:19:36', '2025-02-16 07:19:36'),
(6, 'Mrs. Yessenia Heathcote PhD', NULL, 'janie.labadie@christiansen.com', NULL, '$2y$10$CiFILl9jxWS24vcb4dyZBuNTnKUxq3bI8D2VuDKLz06LVzODRirQy', NULL, NULL, 1, NULL, NULL, NULL, '2025-02-16 07:19:36', '2025-02-16 07:19:36'),
(7, 'Louvenia Emmerich', NULL, 'hilpert.esteban@yahoo.com', NULL, '$2y$10$I/7SmHbsJs5vRKWx7tDM6emTfQTd9Oa7iQcjmBzrLkc5di5spNFsK', NULL, NULL, 1, NULL, NULL, NULL, '2025-02-16 07:19:36', '2025-02-16 07:19:36'),
(8, 'Dariana Renner MD', NULL, 'kenyon.hartmann@mclaughlin.info', NULL, '$2y$10$y4hdf0tJjuj8simf3/9BBeF3T.bBbXT.aQuWIn03Nk5UD0v0uYrwi', NULL, NULL, 1, NULL, NULL, NULL, '2025-02-16 07:19:36', '2025-02-16 07:19:36'),
(9, 'Prof. Penelope Flatley Jr.', NULL, 'huels.jake@volkman.biz', NULL, '$2y$10$grVVJrXgorN9Vsnqzs7xYOnLk7J4Kcno0a3nWc/E9pOrf33/M.4YO', NULL, NULL, 1, NULL, NULL, NULL, '2025-02-16 07:19:36', '2025-02-16 07:19:36'),
(10, 'Shaniya Treutel', NULL, 'duncan.schumm@hotmail.com', NULL, '$2y$10$mRPYEfuzONZV71DgIi0JqewmDWPJgMLRjB0x0GaE13Txj.3i.WeN2', NULL, NULL, 1, NULL, NULL, NULL, '2025-02-16 07:19:36', '2025-02-16 07:19:36'),
(11, 'Yvonne Cummerata', NULL, 'jacobi.antonina@schinner.com', NULL, '$2y$10$rvfXfRRBW33nXtIpuLqt9OfMP/Y/QR7wHT6rdQ/PafoHP8Dbnudiy', NULL, NULL, 1, NULL, NULL, NULL, '2025-02-16 07:19:36', '2025-02-16 07:19:36'),
(12, 'Dr. Susan Kuhn', NULL, 'roob.candido@monahan.com', NULL, '$2y$10$l3ohTlYwQp/SiuqBujMTceRLOjtYUveU/5As0J0JmiUIL4p/46RFa', NULL, NULL, 1, NULL, NULL, NULL, '2025-02-16 07:19:36', '2025-02-16 07:19:36'),
(13, 'Prof. Harold Moen Jr.', NULL, 'ybahringer@gmail.com', NULL, '$2y$10$VEk26o5q09S9ot/bGboygemxrCEy/.7bQW9oJ70KnUXzi5Rxiz6LG', NULL, NULL, 1, NULL, NULL, NULL, '2025-02-16 07:19:36', '2025-02-16 07:19:36'),
(14, 'Kody Wunsch', NULL, 'kschuppe@mayer.com', NULL, '$2y$10$iIo5SZTCkhdutlnJQy2ecO3eV.ETlsS4Lky36coHa5zx/Mg5K0wDW', NULL, NULL, 1, NULL, NULL, NULL, '2025-02-16 07:19:36', '2025-02-16 07:19:36'),
(15, 'Everardo O\'Conner', NULL, 'botsford.toy@schneider.com', NULL, '$2y$10$/Usrpxk4Tlvuy0JEWE3naOHXvI5q.XNHN2ortbSuC.vJCyd4vbpjq', NULL, NULL, 1, NULL, NULL, NULL, '2025-02-16 07:19:36', '2025-02-16 07:19:36'),
(16, 'Bernice Ankunding', NULL, 'cordell27@gmail.com', NULL, '$2y$10$kLVqxXExbGJzCCDMJII8Ce7eEmTdYAyCWpg/VqXBEqFtEchkK0EnO', NULL, NULL, 1, NULL, NULL, NULL, '2025-02-16 07:19:36', '2025-02-16 07:19:36'),
(17, 'Aliza Legros', NULL, 'sokon@hotmail.com', NULL, '$2y$10$357Ghyu.xY4Dq8qnPBTLqeZDgwkZ3swoXLTU8YeHsE8rnsXB564ty', NULL, NULL, 1, NULL, NULL, NULL, '2025-02-16 07:19:36', '2025-02-16 07:19:36'),
(18, 'Trever Dare', NULL, 'emery43@yahoo.com', NULL, '$2y$10$1L4pBz3d.iOBi53ENnUYtOIIj4VJHZTpKhM1UbjIRB.EbVeYn8gZa', NULL, NULL, 1, NULL, NULL, NULL, '2025-02-16 07:19:37', '2025-02-16 07:19:37'),
(19, 'Kayleigh Powlowski', NULL, 'stokes.breanne@corwin.com', NULL, '$2y$10$n7qbjv2nVqwJ10t210vLsutc2tOCvAQPIPDRT.YXpMC/Eie3W/uVS', NULL, NULL, 1, NULL, NULL, NULL, '2025-02-16 07:19:37', '2025-02-16 07:19:37'),
(20, 'Lauretta Maggio', NULL, 'eswift@johnston.com', NULL, '$2y$10$hMqE.1VJHDKZmLDh/d6JCevIF3iOHkf.hvt4d33vcfEsuA5pBhXVW', NULL, NULL, 1, NULL, NULL, NULL, '2025-02-16 07:19:37', '2025-02-16 07:19:37'),
(21, 'Jacinto Sawayn', NULL, 'alia01@willms.com', NULL, '$2y$10$5MZG4mjB9vKmQi75mpwz6OC/nIKDzsFYexlqUiB8v5zw57KfrBw/C', NULL, NULL, 1, NULL, NULL, NULL, '2025-02-16 07:19:37', '2025-02-16 07:19:37'),
(22, 'Prof. Alba Crooks', NULL, 'goldner.skylar@heaney.com', NULL, '$2y$10$X13YmDnUV3v4mNKpnZvs/eQ1lNi9KlJX64rmJsAkBIOYRrqdyU84q', NULL, NULL, 1, NULL, NULL, NULL, '2025-02-16 07:19:37', '2025-02-16 07:19:37'),
(23, 'Dr. Lacey Cummings DDS', NULL, 'brandt.romaguera@ullrich.net', NULL, '$2y$10$oePnbWqR4.7bf6ZfjC35Z.DMjP8GPve/NqBoNDl50BtlTN/QegqF6', NULL, NULL, 1, NULL, NULL, NULL, '2025-02-16 07:19:37', '2025-02-16 07:19:37'),
(24, 'Courtney Runolfsdottir', NULL, 'smitham.syble@yahoo.com', NULL, '$2y$10$CwVEDOshQJN.PHJLnzqCCuknCWGIdaby3rC10/1nhgx/LWFoKxpp.', NULL, NULL, 1, NULL, NULL, NULL, '2025-02-16 07:19:37', '2025-02-16 07:19:37'),
(25, 'Ashton Turner', NULL, 'evalyn.frami@quitzon.com', NULL, '$2y$10$uFtJrXhgAW0MITRlHbg4EemJT/KVBt2q.HIJkFVSdOFN8inkg3kIK', NULL, NULL, 1, NULL, NULL, NULL, '2025-02-16 07:19:37', '2025-02-16 07:19:37'),
(26, 'Mrs. Jordane Gutmann', NULL, 'toni62@yahoo.com', NULL, '$2y$10$VkKFolBaJJFCFf3/1HiwdOdSEo31QPvrYy//QJzaFISWXOfS1zci2', NULL, NULL, 1, NULL, NULL, NULL, '2025-02-16 07:19:37', '2025-02-16 07:19:37'),
(27, 'Dr. Jacklyn Hintz', NULL, 'kunde.dolly@gmail.com', NULL, '$2y$10$Nv5BvnsA6/MewuWPkqTkTO.jjZTlmhLBvSqlmKOAhWuSLtHDtJmhi', NULL, NULL, 1, NULL, NULL, NULL, '2025-02-16 07:19:37', '2025-02-16 07:19:37'),
(28, 'Ladarius Blick', NULL, 'breana.reynolds@murazik.com', NULL, '$2y$10$o8.wQOV6cPWAyA9pQdr4aOhuaHItT64DRRJOmes.4SFEddVDik5lC', NULL, NULL, 1, NULL, NULL, NULL, '2025-02-16 07:19:37', '2025-02-16 07:19:37'),
(29, 'Ike Balistreri', NULL, 'hoeger.edyth@donnelly.biz', NULL, '$2y$10$pA0mg40UlWW2EsslYP/LSezHHyysNpH1V3bWaQUYsXFiYnLL604YC', NULL, NULL, 1, NULL, NULL, NULL, '2025-02-16 07:19:37', '2025-02-16 07:19:37'),
(30, 'Peter Rodriguez', NULL, 'fbogan@gmail.com', NULL, '$2y$10$YEY.CcadCT5SxSLVbrPmcOJsfribgJSsE.FBUm7.HCra9RUEe/b.q', NULL, NULL, 1, NULL, NULL, NULL, '2025-02-16 07:19:37', '2025-02-16 07:19:37'),
(31, 'Stephan Sipes', NULL, 'dstark@yahoo.com', NULL, '$2y$10$U4.tndln21PW0fBQQXdAT.fmC6EaQ.8PvpZ91Djll6m/fhqkKa3sO', NULL, NULL, 1, NULL, NULL, NULL, '2025-02-16 07:19:37', '2025-02-16 07:19:37'),
(32, 'Dr. Erin Lockman', NULL, 'acarroll@kessler.com', NULL, '$2y$10$mOW17xT1bNxRN.HmNNyIe.ffpgEYQZVlsGsc2OJJ08qtll27DDBIy', NULL, NULL, 1, NULL, NULL, NULL, '2025-02-16 07:19:37', '2025-02-16 07:19:37'),
(33, 'Gerard Schultz', NULL, 'pjacobi@hotmail.com', NULL, '$2y$10$KVQwQQ8a4SJs3Qk3qyJs7u8NT1K8.5/LcnboyHff9p4De1NIQTrFK', NULL, NULL, 1, NULL, NULL, NULL, '2025-02-16 07:19:38', '2025-02-16 07:19:38'),
(34, 'Dr. Bettie Kozey', NULL, 'vesta.osinski@schimmel.org', NULL, '$2y$10$oDb2vLW/5Nz716ZdKH0xxua0VH92TckpUFuckWugDyjpWdK/XXfAe', NULL, NULL, 1, NULL, NULL, NULL, '2025-02-16 07:19:38', '2025-02-16 07:19:38'),
(35, 'Laurine Hackett', NULL, 'selena93@hotmail.com', NULL, '$2y$10$2PiB9.RwlxckC80cjF0f.eW0tVEkJ6wT4U5OsTGU8sHBjyxMMCGhW', NULL, NULL, 1, NULL, NULL, NULL, '2025-02-16 07:19:38', '2025-02-16 07:19:38'),
(36, 'Nona Conn', NULL, 'katharina07@yahoo.com', NULL, '$2y$10$NAuK/TD2QYiqeP0FVc9JP.JzJQ4AuTLFmr/MaMUQuuEyMPOH257Pe', NULL, NULL, 1, NULL, NULL, NULL, '2025-02-16 07:19:38', '2025-02-16 07:19:38'),
(37, 'Noah Zulauf', NULL, 'christiansen.cletus@hotmail.com', NULL, '$2y$10$2u6JGFBZpB1d0mhOibeGR.WJ0Wnz/sdc2eZc8r7epI27f4dlBToO.', NULL, NULL, 1, NULL, NULL, NULL, '2025-02-16 07:19:38', '2025-02-16 07:19:38'),
(38, 'Elbert McClure IV', NULL, 'tterry@hotmail.com', NULL, '$2y$10$tA/WpFHYiEOl76o7UwElwOqb3H3yl5ILwv7JS3hKQk1jp6q62Ri1i', NULL, NULL, 1, NULL, NULL, NULL, '2025-02-16 07:19:38', '2025-02-16 07:19:38'),
(39, 'Clay Bogan', NULL, 'gleichner.leanne@thiel.com', NULL, '$2y$10$j4tsmLZTgu.Ei2T6ApHHVuWBxoA1oyOLntufuuudvkRO4LqG.amUC', NULL, NULL, 1, NULL, NULL, NULL, '2025-02-16 07:19:38', '2025-02-16 07:19:38'),
(40, 'Obie Runolfsson', NULL, 'willard.collier@hotmail.com', NULL, '$2y$10$hWpgMlhiPyGpOLqrrUp9/OQOEoiFHLhBxUtKaFlCneMcCbb2NVfLi', NULL, NULL, 1, NULL, NULL, NULL, '2025-02-16 07:19:38', '2025-02-16 07:19:38'),
(41, 'Adelbert Dooley', NULL, 'cheyenne.becker@borer.com', NULL, '$2y$10$IHmNqublgLxNCJ9Ih0xUJ.WH2HXBAwGAic7Jyih/sobDg5LmF5mc2', NULL, NULL, 1, NULL, NULL, NULL, '2025-02-16 07:19:38', '2025-02-16 07:19:38'),
(42, 'Miss Viola Williamson Sr.', NULL, 'wilhelmine.farrell@frami.net', NULL, '$2y$10$Vo.CIeG6.8UE05pblJZ2TO7znXRxw69CdG1RmkaPblGNkldBPzWNO', NULL, NULL, 1, NULL, NULL, NULL, '2025-02-16 07:19:38', '2025-02-16 07:19:38'),
(43, 'Keith Gaylord', NULL, 'marta.lakin@hotmail.com', NULL, '$2y$10$R.myeVnj2fJlS7G4/J9amestAjlaKBioQxbYs466RGNbzZpE63hM.', NULL, NULL, 1, NULL, NULL, NULL, '2025-02-16 07:19:38', '2025-02-16 07:19:38'),
(44, 'Hallie Hoeger II', NULL, 'jsporer@gmail.com', NULL, '$2y$10$yLzqyyOYmMG7onYkLgfL8ucviEj6w0rNGxnPGxp.tTtaYEdYiNCzS', NULL, NULL, 1, NULL, NULL, NULL, '2025-02-16 07:19:38', '2025-02-16 07:19:38'),
(45, 'Arnulfo Upton', NULL, 'destany.koss@gleichner.info', NULL, '$2y$10$70XmFJs3TQBB2qU1si/xx.En.PQ3apjG0bXUOHBpfNhUNMZo3tD5S', NULL, NULL, 1, NULL, NULL, NULL, '2025-02-16 07:19:38', '2025-02-16 07:19:38'),
(46, 'Jacquelyn Dickinson', NULL, 'lauren32@gmail.com', NULL, '$2y$10$Gp7cAB4rYpGBHi2OdFnGcu8dK2SpnkpMDBFHsxaQ3yWfh.C0q6x62', NULL, NULL, 1, NULL, NULL, NULL, '2025-02-16 07:19:38', '2025-02-16 07:19:38'),
(47, 'Alek Ryan Jr.', NULL, 'mann.aubree@yahoo.com', NULL, '$2y$10$MbptTXMzaZW3.lJOx0mGXuswxJ6XvrLA/tuiMrJHxrzRrYfAeFM4q', NULL, NULL, 1, NULL, NULL, NULL, '2025-02-16 07:19:38', '2025-02-16 07:19:38'),
(48, 'Joanie Corwin', NULL, 'urobel@hotmail.com', NULL, '$2y$10$hd7TqyYNp2JOD.O.CtNcauv/Y4YOfVT6Ucsyuqp.UhWA4wl1x0kqS', NULL, NULL, 1, NULL, NULL, NULL, '2025-02-16 07:19:39', '2025-02-16 07:19:39'),
(49, 'Wilfredo Mohr', NULL, 'nayeli49@carroll.com', NULL, '$2y$10$4CprOdpRYE4eCfHuU8JOjuazvwLzBTiO0QsA1pcLdPV50ukqJK57O', NULL, NULL, 1, NULL, NULL, NULL, '2025-02-16 07:19:39', '2025-02-16 07:19:39'),
(50, 'Bertrand Metz', NULL, 'maxwell.wilderman@yundt.com', NULL, '$2y$10$M7KFLVOopKeVD/sbWw.cT.m/uuZXZA0FjSTjyWfCWGs97Xefb1JVS', NULL, NULL, 1, NULL, NULL, NULL, '2025-02-16 07:19:39', '2025-02-16 07:19:39'),
(51, 'Dahlia Braun', NULL, 'heaney.alycia@hotmail.com', NULL, '$2y$10$hRQZPDr9XYjCH9pm.n00TukPkh6ai7Rsl8p2isDAJC9lxBRv2mCtK', NULL, NULL, 1, NULL, NULL, NULL, '2025-02-16 07:19:39', '2025-02-16 07:19:39'),
(52, 'Gloria Armstrong', NULL, 'timmothy64@gmail.com', NULL, '$2y$10$6DrMLI1p6nJGznihiecX2.LRoFESdcQaDon0BcwhGjBBoFeyPGq2O', NULL, NULL, 1, NULL, NULL, NULL, '2025-02-16 07:19:39', '2025-02-16 07:19:39'),
(53, 'Dr. Maximus Gerhold DDS', NULL, 'bnolan@wisozk.com', NULL, '$2y$10$lA22gCHaeoEr4BIryKZU2.XO9sRpcI26hBNVMVq1TQuQnuxdX9JLm', NULL, NULL, 1, NULL, NULL, NULL, '2025-02-16 07:19:39', '2025-02-16 07:19:39'),
(54, 'Mary McClure PhD', NULL, 'brant.effertz@douglas.com', NULL, '$2y$10$IAySQUuJ.6Tl7oOY0Z.gF.Oldf5/9UyYY9YxqmKQVam8fDhG/zpdG', NULL, NULL, 1, NULL, NULL, NULL, '2025-02-16 07:19:39', '2025-02-16 07:19:39'),
(55, 'Emmet Lowe', NULL, 'pfeffer.rebecca@smith.com', NULL, '$2y$10$ZNO2YGpHMqjUr93bYSysC.Ab2Et1t/ye/bOaOCz3NkwcTTC.JDbCm', NULL, NULL, 1, NULL, NULL, NULL, '2025-02-16 07:19:39', '2025-02-16 07:19:39'),
(56, 'Richmond Hammes', NULL, 'jkirlin@yahoo.com', NULL, '$2y$10$nuN8Rbc11LLfnixtZd9RmeUOjeaQEifeiM8RdVSSVarmGSJVOyJi6', NULL, NULL, 1, NULL, NULL, NULL, '2025-02-16 07:19:39', '2025-02-16 07:19:39'),
(57, 'Mckayla Ledner PhD', NULL, 'ydonnelly@aufderhar.com', NULL, '$2y$10$wOf5XZwzuAZb/QmeYtpfEOwIeGds0A2HQk5VgXlEyy6/82EzBregK', NULL, NULL, 1, NULL, NULL, NULL, '2025-02-16 07:19:39', '2025-02-16 07:19:39'),
(58, 'Dr. D\'angelo Lowe', NULL, 'haley.carmine@doyle.org', NULL, '$2y$10$W7ZGgJ0o0KSi8uhzaKCE7O1iTLmrBQ5T7aN7bVKXhzApqRL1x5RMy', NULL, NULL, 1, NULL, NULL, NULL, '2025-02-16 07:19:39', '2025-02-16 07:19:39'),
(59, 'Ms. Zoey Bartell', NULL, 'kenna.stoltenberg@douglas.info', NULL, '$2y$10$oGJOniLitV2gU5nDIAsTkOvUN6WOlWwKHx4yCul4ySbeQiN5VRX8O', NULL, NULL, 1, NULL, NULL, NULL, '2025-02-16 07:19:39', '2025-02-16 07:19:39'),
(60, 'Mrs. Anabel Green', NULL, 'hkuphal@hotmail.com', NULL, '$2y$10$DzfZNnncIjAB7cMb10DGG.IxfG9jd7tiC6fLjWuWZqr0UluFHRrI.', NULL, NULL, 1, NULL, NULL, NULL, '2025-02-16 07:19:39', '2025-02-16 07:19:39'),
(61, 'Mr. Jesse Brown Jr.', NULL, 'barton.dexter@sporer.com', NULL, '$2y$10$fKxQgFKwtHNEtMuvSzoloudUGBSkanNSEZeQoc0ISesBdHBWNR6oO', NULL, NULL, 1, NULL, NULL, NULL, '2025-02-16 07:19:39', '2025-02-16 07:19:39'),
(62, 'Dr. Jacinthe Cartwright PhD', NULL, 'upton.janick@gmail.com', NULL, '$2y$10$snzcdUREQb.8XxFmMuQEn.yPscyfReVaC4XwYsXkhIcD6LDasqnce', NULL, NULL, 1, NULL, NULL, NULL, '2025-02-16 07:19:40', '2025-02-16 07:19:40'),
(63, 'Garrison Zieme', NULL, 'ohodkiewicz@gmail.com', NULL, '$2y$10$Opvd6Ga92GAMueeh0.Pvkuazz4rHexAlJLkqPBU4t66KfEakvigAC', NULL, NULL, 1, NULL, NULL, NULL, '2025-02-16 07:19:40', '2025-02-16 07:19:40'),
(64, 'Mr. Cloyd Jacobi', NULL, 'cathy.shields@nolan.com', NULL, '$2y$10$iRkMtseUWgaT5kJK0r9.EeaBT5ROQslxn8MHcyVO2ScyObbx7bmdC', NULL, NULL, 1, NULL, NULL, NULL, '2025-02-16 07:19:40', '2025-02-16 07:19:40'),
(65, 'Mr. Merle Frami IV', NULL, 'myron.pfeffer@hotmail.com', NULL, '$2y$10$CZqtWuCGlyxSWrwxucI97OzAUVm49LUJIHkMZN2vQ6alkp6h7Yd1a', NULL, NULL, 1, NULL, NULL, NULL, '2025-02-16 07:19:40', '2025-02-16 07:19:40'),
(66, 'Mrs. Haylie Carter DDS', NULL, 'scottie02@lemke.com', NULL, '$2y$10$u0A5zO2eLmQpXtZLWgrRwOuvdy5kFFOL7QItM.M4aRkfy9kQ4NVI2', NULL, NULL, 1, NULL, NULL, NULL, '2025-02-16 07:19:40', '2025-02-16 07:19:40'),
(67, 'Carissa Cummerata Jr.', NULL, 'sandy91@beier.org', NULL, '$2y$10$KUsov3oTQXuUl5yWIcyoM.nPrcTvFNU0scuK3yETtZuOlFhJnNEw.', NULL, NULL, 1, NULL, NULL, NULL, '2025-02-16 07:19:40', '2025-02-16 07:19:40'),
(68, 'Mr. Pietro Dooley', NULL, 'clotilde.pfeffer@jenkins.info', NULL, '$2y$10$nVpHr8TIb.c3u/4XLX6KMexNQncaM08qYk1Roy32LX6q/QBGP3W2S', NULL, NULL, 1, NULL, NULL, NULL, '2025-02-16 07:19:40', '2025-02-16 07:19:40'),
(69, 'Sandy Howe', NULL, 'eldora.rempel@nader.com', NULL, '$2y$10$EqOzGfgOvuHQZ.DuIiyfIuPAFqBHDu4enQE7DM5/yYdglUIhnaAyW', NULL, NULL, 1, NULL, NULL, NULL, '2025-02-16 07:19:40', '2025-02-16 07:19:40'),
(70, 'Werner Reinger', NULL, 'hegmann.monserrate@bode.com', NULL, '$2y$10$xAseZJDdLq521MNztywXBeePCTPSwiscMFfV1UhRC3Lu/Kn2HAlYW', NULL, NULL, 1, NULL, NULL, NULL, '2025-02-16 07:19:40', '2025-02-16 07:19:40'),
(71, 'Prof. Mac Corwin', NULL, 'nedra.denesik@hotmail.com', NULL, '$2y$10$1mdzSSgfN7uJ.TvUhNLC8.L7koeagtqc2hzWT7NkVuq1GYT9VxU6C', NULL, NULL, 1, NULL, NULL, NULL, '2025-02-16 07:19:40', '2025-02-16 07:19:40'),
(72, 'Dr. Dewayne Hoppe', NULL, 'whickle@yahoo.com', NULL, '$2y$10$inBFEtg/vIIe.l/OiJlE1OzrPaLxPpmQ/eSMYsMx/d48NqdY6LRT.', NULL, NULL, 1, NULL, NULL, NULL, '2025-02-16 07:19:40', '2025-02-16 07:19:40'),
(73, 'Audreanne Goodwin', NULL, 'ikulas@yahoo.com', NULL, '$2y$10$k3omhkvHEkZhU4P9bYoIfuO23RT5ogkVifZcmY0K3b7/JWnigwG2a', NULL, NULL, 1, NULL, NULL, NULL, '2025-02-16 07:19:40', '2025-02-16 07:19:40'),
(74, 'Telly Predovic', NULL, 'macie.murazik@kunde.com', NULL, '$2y$10$A9ru1QjijLc/QZpG5rONbOApsiIYEImvu3s7xNCAM3NaSJgHqUBlO', NULL, NULL, 1, NULL, NULL, NULL, '2025-02-16 07:19:40', '2025-02-16 07:19:40'),
(75, 'Darryl Cummerata', NULL, 'hermann.rocky@hotmail.com', NULL, '$2y$10$nwR9OwdWgZQ6.mTEFva4He1RjXNyaCi.qduDV98OQEcKvMJHjBBLW', NULL, NULL, 1, NULL, NULL, NULL, '2025-02-16 07:19:40', '2025-02-16 07:19:40'),
(76, 'Kiley Tillman DDS', NULL, 'idouglas@yahoo.com', NULL, '$2y$10$XUe7RTzr08oZCzqxqxn56ubpDFWfK2BRgxFRypDPUVSFx0ejbXHBy', NULL, NULL, 1, NULL, NULL, NULL, '2025-02-16 07:19:40', '2025-02-16 07:19:40'),
(77, 'Marguerite Morissette DDS', NULL, 'katrina.wintheiser@ward.com', NULL, '$2y$10$fKtNgFdJj8OGTx7lwVmZROe/GTrHdd9sfhK98TonYIBkbZauElvFe', NULL, NULL, 1, NULL, NULL, NULL, '2025-02-16 07:19:41', '2025-02-16 07:19:41'),
(78, 'Fannie Davis', NULL, 'rsmith@yahoo.com', NULL, '$2y$10$xv7rUHmevmRoh8qBRCGlSePJ.atTVbe3.LsE2OsJNl3CupjmaFomq', NULL, NULL, 1, NULL, NULL, NULL, '2025-02-16 07:19:41', '2025-02-16 07:19:41'),
(79, 'Llewellyn Wunsch', NULL, 'lelia49@emard.com', NULL, '$2y$10$6jTyi74xrpz8gV40914Z5uZpA5bfxbOEDoy./vJD3B0pG6/.LOi5O', NULL, NULL, 1, NULL, NULL, NULL, '2025-02-16 07:19:41', '2025-02-16 07:19:41'),
(80, 'Dr. Lee Lehner DVM', NULL, 'reichel.anya@king.com', NULL, '$2y$10$fewHEzM78UEVLwmSj6FNnuUuddARD.1Z6bO3eKP2MPU4rSam.KYsq', NULL, NULL, 1, NULL, NULL, NULL, '2025-02-16 07:19:41', '2025-02-16 07:19:41'),
(81, 'Ms. Reva Ferry', NULL, 'catherine.nader@gmail.com', NULL, '$2y$10$XcbWD79Fx9dYjud7uyN3w.hX25hm4f71cc7FjrYYqfaC1IYtq3DBO', NULL, NULL, 1, NULL, NULL, NULL, '2025-02-16 07:19:41', '2025-02-16 07:19:41'),
(82, 'Stephen Erdman III', NULL, 'stokes.travon@gleason.com', NULL, '$2y$10$v5UIGBcXLrLW52/YgVyY8.EEeoOl/G2S6ecmNQepc18PP04TvtnTW', NULL, NULL, 1, NULL, NULL, NULL, '2025-02-16 07:19:41', '2025-02-16 07:19:41'),
(83, 'Carlotta Wiza', NULL, 'yost.elda@gmail.com', NULL, '$2y$10$j2QW4m8U6v5Ej8z6gUkIiOjhQ2tVZYm8QIYP3jqlo5pURZut4xtmK', NULL, NULL, 1, NULL, NULL, NULL, '2025-02-16 07:19:41', '2025-02-16 07:19:41'),
(84, 'Colt Steuber', NULL, 'berry97@hotmail.com', NULL, '$2y$10$koh0MF/Aiy/OsERkvBXOAuRXfB1NNwLyQC8r4/z/vDrlU/4/uJXza', NULL, NULL, 1, NULL, NULL, NULL, '2025-02-16 07:19:41', '2025-02-16 07:19:41'),
(85, 'Ms. Betsy Hermiston', NULL, 'nora.glover@hotmail.com', NULL, '$2y$10$SDgid1RZhszZ7erj9eZHnuJ53.KGZRvXbVjtkX7W7slEdTYPGP3S2', NULL, NULL, 1, NULL, NULL, NULL, '2025-02-16 07:19:41', '2025-02-16 07:19:41'),
(86, 'Reymundo Grant', NULL, 'marquardt.ashly@yahoo.com', NULL, '$2y$10$kNcQteDnWqHeggp3O8KMpO6iH.rt6OwUhnfCphB2DWon/.XJfUYFS', NULL, NULL, 1, NULL, NULL, NULL, '2025-02-16 07:19:41', '2025-02-16 07:19:41'),
(87, 'Bianka Beatty II', NULL, 'conor.wisozk@lehner.biz', NULL, '$2y$10$A.m0BxyHuHNI2E/ojpd94OrMBAmtb9M6CR3kmAGbpODqLNUw3.tCm', NULL, NULL, 1, NULL, NULL, NULL, '2025-02-16 07:19:41', '2025-02-16 07:19:41'),
(88, 'Mr. Jay Kreiger', NULL, 'jaylon.oreilly@bailey.com', NULL, '$2y$10$yZ7eXePWx45phnbVoBsfaez3cDIoI4LI96aCe/RzKEoy1p7CNVqSy', NULL, NULL, 1, NULL, NULL, NULL, '2025-02-16 07:19:41', '2025-02-16 07:19:41'),
(89, 'Kurtis Beier', NULL, 'reichert.myriam@gmail.com', NULL, '$2y$10$.3vUT4yFWTvXEJHwe9vIwe1RfmGxvDnACZHS3.oG0emIEYS7SqEXW', NULL, NULL, 1, NULL, NULL, NULL, '2025-02-16 07:19:41', '2025-02-16 07:19:41'),
(90, 'Muriel Gislason II', NULL, 'rosalinda39@lebsack.info', NULL, '$2y$10$LnPQwOIzGefGVyjlY8glmO/.NOyXfo.SBVLVBNgelYzVWDnZNTjUO', NULL, NULL, 1, NULL, NULL, NULL, '2025-02-16 07:19:41', '2025-02-16 07:19:41'),
(91, 'Mr. Gene Schaden', NULL, 'cronin.ashtyn@schuster.com', NULL, '$2y$10$CiZqPdokR/EWg1X0iMb6iuhuqQ6X3oqwWBGKl4cVNKbJt7GOZTquG', NULL, NULL, 1, NULL, NULL, NULL, '2025-02-16 07:19:41', '2025-02-16 07:19:41'),
(92, 'Gerson Ziemann', NULL, 'breitenberg.sarah@mcclure.com', NULL, '$2y$10$Pwr46.ranCC9LtFBQawQlOcqNgRGqj8FOHQOO9hKyFYJMPH.9gs1O', NULL, NULL, 1, NULL, NULL, NULL, '2025-02-16 07:19:41', '2025-02-16 07:19:41'),
(93, 'Gregorio Hettinger', NULL, 'bernhard.abner@wehner.com', NULL, '$2y$10$UsAw2PCvcZUL3fGvNb9iaet2SQVJUxY02l2pVC7F.osqhsdwLAX1u', NULL, NULL, 1, NULL, NULL, NULL, '2025-02-16 07:19:42', '2025-02-16 07:19:42'),
(94, 'Ms. Mckayla Schmitt', NULL, 'ftowne@gmail.com', NULL, '$2y$10$Tx8bE/Rfyer5IyWN4qzY5u.mE5/OQh15tsvjaJsDlvLgOsLHItUba', NULL, NULL, 1, NULL, NULL, NULL, '2025-02-16 07:19:42', '2025-02-16 07:19:42'),
(95, 'Lonie Beatty V', NULL, 'katelin50@blick.com', NULL, '$2y$10$G/S7YXB2MejWwP3wNeNOXuEyV5Tw/ovHQnLNksUw8AYh0KR5T29dm', NULL, NULL, 1, NULL, NULL, NULL, '2025-02-16 07:19:42', '2025-02-16 07:19:42'),
(96, 'Kathlyn Rodriguez I', NULL, 'kunze.misael@hotmail.com', NULL, '$2y$10$NiAA5hCn.trt2xityRrPpeODtQKTFHl.ccmVKn8q4tzwBVQvtSqEa', NULL, NULL, 1, NULL, NULL, NULL, '2025-02-16 07:19:42', '2025-02-16 07:19:42'),
(97, 'Larissa Dietrich', NULL, 'leonora.murphy@pouros.com', NULL, '$2y$10$zNE3KooqS7bepLT.5i.Yn.hThgSAZn.OFuSFhvL2bampOsY2ZH1nO', NULL, NULL, 1, NULL, NULL, NULL, '2025-02-16 07:19:42', '2025-02-16 07:19:42'),
(98, 'Ilene Steuber', NULL, 'madonna.considine@gmail.com', NULL, '$2y$10$VAQL/tStPAk3lwzCf1345uEtiw7hmShCVCCKvTugh5SRfieM013qW', NULL, NULL, 1, NULL, NULL, NULL, '2025-02-16 07:19:42', '2025-02-16 07:19:42'),
(99, 'August Rodriguez V', NULL, 'dashawn.bosco@yahoo.com', NULL, '$2y$10$bTEHSx4mJjHvcQ1YS2UjJ.6I3qAJJ4btMsOnzofDMjOAt0Rce7Rzq', NULL, NULL, 1, NULL, NULL, NULL, '2025-02-16 07:19:42', '2025-02-16 07:19:42'),
(100, 'Robbie Moen V', NULL, 'cortney95@orn.net', NULL, '$2y$10$2cCjBfnreAs786pKu5Vgzux2VWvx227rZMG8.jaG6GY3OdwBv6Wv2', NULL, NULL, 1, NULL, NULL, NULL, '2025-02-16 07:19:42', '2025-02-16 07:19:42'),
(101, 'Dawson Schmitt', NULL, 'block.augusta@breitenberg.com', NULL, '$2y$10$iXNmjkdC/YaOaj0acfcSqeg9o.4t2tBgmKdIcIAEXt9UepYtPex7m', NULL, NULL, 1, NULL, NULL, NULL, '2025-02-16 07:19:42', '2025-02-16 07:19:42'),
(102, 'Dr. Judah Schuster', NULL, 'bergnaum.kristofer@gmail.com', NULL, '$2y$10$8z/.iDV6N33HlG/aJTxQIe9vLL.S2iXRnD981DpZWSro8rg99OY8e', NULL, NULL, 1, NULL, NULL, NULL, '2025-02-16 07:19:42', '2025-02-16 07:19:42'),
(103, 'Baron Oberbrunner PhD', NULL, 'keira.bogisich@yahoo.com', NULL, '$2y$10$7ekw8lHwYbYaAW9/8dYk2en.wjQR9sgvmhm36K2u/nI/v34fIvZji', NULL, NULL, 1, NULL, NULL, NULL, '2025-02-16 07:19:42', '2025-02-16 07:19:42'),
(104, 'Art Greenholt', NULL, 'dborer@yahoo.com', NULL, '$2y$10$0s0D8.AGebwM55bxEPEKjer/kYZ2nyA9uCaOMthKa6ZKng42t4D4i', NULL, NULL, 1, NULL, NULL, NULL, '2025-02-16 07:19:42', '2025-02-16 07:19:42'),
(105, 'Dangelo Grant', NULL, 'carmstrong@gmail.com', NULL, '$2y$10$/ZLgdPbNvvDu.2FohcEG.O5q9mZJCVQROf1Y7mzZ1w7AvS.Z4Y46O', NULL, NULL, 1, NULL, NULL, NULL, '2025-02-16 07:19:42', '2025-02-16 07:19:42'),
(106, 'Daniella Renner', NULL, 'mariah66@gmail.com', NULL, '$2y$10$qnWQyetpWnPlrrx1zIv0Gejj80tKOqJwXGnKe4nmXFfpizT0WhQYK', NULL, NULL, 1, NULL, NULL, NULL, '2025-02-16 07:19:42', '2025-02-16 07:19:42'),
(107, 'Jayme Fadel', NULL, 'kuphal.kendrick@hotmail.com', NULL, '$2y$10$ozEpWmFyuub/lBRrjHZaqOSgz3ohO41nhxMVRIzca1Uf2005ZXjWC', NULL, NULL, 1, NULL, NULL, NULL, '2025-02-16 07:19:43', '2025-02-16 07:19:43'),
(108, 'Ottilie Friesen', NULL, 'monserrat10@wiegand.info', NULL, '$2y$10$sAnYe9AetIHouJ6jelvUDu2vsGIwGfXTUwfueRY35i6EU6Negzfm2', NULL, NULL, 1, NULL, NULL, NULL, '2025-02-16 07:19:43', '2025-02-16 07:19:43'),
(109, 'Tamara Reichert', NULL, 'lowe.roy@lindgren.biz', NULL, '$2y$10$CsOno.O4qvdCPS7CmBFznOkGbmWgjXxuuCZJf4AGAUV6oEFd2/IH.', NULL, NULL, 1, NULL, NULL, NULL, '2025-02-16 07:19:43', '2025-02-16 07:19:43'),
(110, 'Prof. Titus Steuber Jr.', NULL, 'keeling.rosalyn@predovic.com', NULL, '$2y$10$L4KjpaGE9aH3.JTZsa2bf.1k5qCJud.4cRSMqTw9b00Vwgen3Bh4W', NULL, NULL, 1, NULL, NULL, NULL, '2025-02-16 07:19:43', '2025-02-16 07:19:43'),
(111, 'Max Spinka Sr.', NULL, 'jacobs.maye@satterfield.com', NULL, '$2y$10$JeBaaZSOIsimpWmRoYaeS.V4YAnypE8XBVmrDZ2.ao.GeEK8U2xf2', NULL, NULL, 1, NULL, NULL, NULL, '2025-02-16 07:19:43', '2025-02-16 07:19:43'),
(112, 'Ryleigh Fahey', NULL, 'lkeeling@rempel.org', NULL, '$2y$10$Wnukv8YNhIq0Ua4wM6hSke7GiRSGhGBFhhMWLuW34M1arufZnAfQK', NULL, NULL, 1, NULL, NULL, NULL, '2025-02-16 07:19:43', '2025-02-16 07:19:43'),
(113, 'Mr. Jo Langosh', NULL, 'leanne14@hotmail.com', NULL, '$2y$10$PLZyQtPHwQxGLvlMpRA50upJgkTWVeMUYpYuziBr9C/MGoR06vOWC', NULL, NULL, 1, NULL, NULL, NULL, '2025-02-16 07:19:43', '2025-02-16 07:19:43'),
(114, 'Prof. Joel Williamson', NULL, 'eulalia.rath@marvin.com', NULL, '$2y$10$7aF4Cnq75ac8rDz8yWCbi.wd..8.ytet4lyBFyE62W8HDNSuStCku', NULL, NULL, 1, NULL, NULL, NULL, '2025-02-16 07:19:43', '2025-02-16 07:19:43'),
(115, 'Mr. Bertha Marquardt', NULL, 'christop.feeney@gmail.com', NULL, '$2y$10$AQKubXZYdUHrJfQzoShtzeZmVDsPH28AQQB84qv8Ac2d50WlPrONO', NULL, NULL, 1, NULL, NULL, NULL, '2025-02-16 07:19:43', '2025-02-16 07:19:43'),
(116, 'Dr. Russ Cartwright MD', NULL, 'farrell.robbie@doyle.com', NULL, '$2y$10$14sPPyGVkdUHtaMI6eMPCu6dufCaXjAsaofptd5ta1CaN.X2bdCzu', NULL, NULL, 1, NULL, NULL, NULL, '2025-02-16 07:19:43', '2025-02-16 07:19:43'),
(117, 'Bertha Stroman', NULL, 'ahmed.harber@zemlak.com', NULL, '$2y$10$wREc8T92SqJWhryPI3397OqAVvFOR9UaD8c.ojwW6NAs6yaXZMjey', NULL, NULL, 1, NULL, NULL, NULL, '2025-02-16 07:19:43', '2025-02-16 07:19:43'),
(118, 'Retha Olson', NULL, 'lukas.mraz@jakubowski.net', NULL, '$2y$10$NEIMdhG0xT4sVM2YzZeszOonfnhc8KmlEkWghrQBxdLCThLMnp936', NULL, NULL, 1, NULL, NULL, NULL, '2025-02-16 07:19:43', '2025-02-16 07:19:43'),
(119, 'Laisha Murphy', NULL, 'abel14@gmail.com', NULL, '$2y$10$59MRuXxn6jR2S5AahOzmkuh3TNmB2.3497OgBxzpQz2BozhpJoSqK', NULL, NULL, 1, NULL, NULL, NULL, '2025-02-16 07:19:43', '2025-02-16 07:19:43'),
(120, 'Marjolaine Bauch', NULL, 'bednar.reanna@jerde.com', NULL, '$2y$10$W2issA1Z.1R7HyU0kwIzIO8pQb0m8gY.FDsRUZ0y3EuEPUTD0ZvBO', NULL, NULL, 1, NULL, NULL, NULL, '2025-02-16 07:19:43', '2025-02-16 07:19:43'),
(121, 'Guy Sporer DDS', NULL, 'qondricka@hotmail.com', NULL, '$2y$10$1VyrIokJJs530zcArnbsJOymx.NxSaktcVC1JPeaKLZi6vkZkKnCW', NULL, NULL, 1, NULL, NULL, NULL, '2025-02-16 07:19:43', '2025-02-16 07:19:43'),
(122, 'Prof. Jolie Stehr IV', NULL, 'mafalda.herman@jakubowski.com', NULL, '$2y$10$scG.MaUDBU0MLq7JpgoGOOGbZRJI7E8QkiKOQpYFaLULM0ZX0mOyC', NULL, NULL, 1, NULL, NULL, NULL, '2025-02-16 07:19:43', '2025-02-16 07:19:43'),
(123, 'Miss Sadye Shields Jr.', NULL, 'bashirian.armand@harber.info', NULL, '$2y$10$8nA6DB6Sgh1Jfh4MTvP3AevFwsMskEPudceSf6YomAqPjImiK6eF.', NULL, NULL, 1, NULL, NULL, NULL, '2025-02-16 07:19:44', '2025-02-16 07:19:44'),
(124, 'Emmet Konopelski', NULL, 'lraynor@wehner.com', NULL, '$2y$10$ZKh0KE0aLjt/wjWBS6BpY.F9aQ1mdEnZHY1Nn2/MzRTdBKnHtch22', NULL, NULL, 1, NULL, NULL, NULL, '2025-02-16 07:19:44', '2025-02-16 07:19:44'),
(125, 'Magali Labadie PhD', NULL, 'brennon.toy@watsica.org', NULL, '$2y$10$7ovt1U04plhAEivtnRqedeaOjnShDai9buX4pB/Nsqa7eSqRlSwkS', NULL, NULL, 1, NULL, NULL, NULL, '2025-02-16 07:19:44', '2025-02-16 07:19:44'),
(126, 'Matteo Will', NULL, 'jose.huels@gmail.com', NULL, '$2y$10$lkJj3aZ86qM/SRrfzlSJVOEZf8qFCeGPhLQpuqM3w.FxzMlybSBwa', NULL, NULL, 1, NULL, NULL, NULL, '2025-02-16 07:19:44', '2025-02-16 07:19:44'),
(127, 'Ms. Jayne Weissnat', NULL, 'aleen.conn@oreilly.org', NULL, '$2y$10$faOFWSFd1mLfK7AVxFFw9Of.f8h9vA43hnAtetkQSvGqR0SlgwFQi', NULL, NULL, 1, NULL, NULL, NULL, '2025-02-16 07:19:44', '2025-02-16 07:19:44'),
(128, 'Miss Courtney Rodriguez', NULL, 'jayne.wyman@gmail.com', NULL, '$2y$10$9EGmMlyjLEtkFD91eILB4.6NX6T0aYadIpXsX0iglHGrdOFqnIaru', NULL, NULL, 1, NULL, NULL, NULL, '2025-02-16 07:19:44', '2025-02-16 07:19:44'),
(129, 'Keyshawn Hickle', NULL, 'gloria05@casper.com', NULL, '$2y$10$bdez4Jy6HkfF8DEN9Pb8nORnJ7SCbY7en3qxUTYirTQTSdOw/KX/.', NULL, NULL, 1, NULL, NULL, NULL, '2025-02-16 07:19:44', '2025-02-16 07:19:44'),
(130, 'Haven Bayer', NULL, 'russel85@yahoo.com', NULL, '$2y$10$1OQctsDPJgh9k2kyAH5qxe3hVlKJYdT10Z0Ny7mvIzHsHYIqJUV6y', NULL, NULL, 1, NULL, NULL, NULL, '2025-02-16 07:19:44', '2025-02-16 07:19:44'),
(131, 'Tamara Rempel DVM', NULL, 'aurelie.yost@jerde.com', NULL, '$2y$10$x981sug.8WNtplIXgFEHQuUhA0.AJndYZgGnB7/MTBRLH.UbjPSx.', NULL, NULL, 1, NULL, NULL, NULL, '2025-02-16 07:19:44', '2025-02-16 07:19:44'),
(132, 'Gaetano Daugherty DDS', NULL, 'rasheed.rolfson@gmail.com', NULL, '$2y$10$A8M93tLAaMs.AE4Nz2Hg.uyYcdl5Zh1PnBcRG8vKKw8hSNa7HBrvi', NULL, NULL, 1, NULL, NULL, NULL, '2025-02-16 07:19:44', '2025-02-16 07:19:44'),
(133, 'Grayson Champlin', NULL, 'jroob@hotmail.com', NULL, '$2y$10$DOSCQ8nduRppr2WzleqD7uJcbc/YiwM8gqRJb9Mt1uclYC6YQl/zO', NULL, NULL, 1, NULL, NULL, NULL, '2025-02-16 07:19:44', '2025-02-16 07:19:44'),
(134, 'Dedric Murazik', NULL, 'wherzog@rice.com', NULL, '$2y$10$D.T5aBOhuVZmQwHaUvuNA.LO2ukQoU3C1a.hsnXQO7c2mTqZobl7S', NULL, NULL, 1, NULL, NULL, NULL, '2025-02-16 07:19:44', '2025-02-16 07:19:44'),
(135, 'Mariana Cole', NULL, 'hbogisich@yahoo.com', NULL, '$2y$10$exCSHgbh634bgoYYa2tAgOCD2dsr4w3/Wd08C1ApU05hDSqNMIG5q', NULL, NULL, 1, NULL, NULL, NULL, '2025-02-16 07:19:44', '2025-02-16 07:19:44'),
(136, 'Hassan Feeney', NULL, 'william.fahey@fay.org', NULL, '$2y$10$O.UPCvi1OoUlKpJAofYPHukMQVCBGUj9wXgvjgN4Fjrj.axZSA03C', NULL, NULL, 1, NULL, NULL, NULL, '2025-02-16 07:19:44', '2025-02-16 07:19:44'),
(137, 'Gladyce Cremin', NULL, 'addison.boehm@hirthe.com', NULL, '$2y$10$nQfWyKmDv5hN7qxjqPPhNufLJq5gNJutI71Qq7/BRrTtJJ26QdSw.', NULL, NULL, 1, NULL, NULL, NULL, '2025-02-16 07:19:44', '2025-02-16 07:19:44'),
(138, 'Eldred Rowe', NULL, 'white.lauretta@gmail.com', NULL, '$2y$10$oGFbBmGUQAfe52QApTb1mOy1kxzh0IbR4/.R.9EnyX.PE0kH20yoO', NULL, NULL, 1, NULL, NULL, NULL, '2025-02-16 07:19:45', '2025-02-16 07:19:45'),
(139, 'Davonte Stroman', NULL, 'isai.bins@hotmail.com', NULL, '$2y$10$otgF0GKSyWdF56qJ4uaPzOtcWUujei8Kk.cGVHPkTA4cimCfG9J36', NULL, NULL, 1, NULL, NULL, NULL, '2025-02-16 07:19:45', '2025-02-16 07:19:45'),
(140, 'Mr. Isadore Ziemann', NULL, 'ekilback@marvin.com', NULL, '$2y$10$2fSkOIoBzE6Mgp96kUi21uZFJOBpuzgtRar2PKU8SB8bw0JL6wMGq', NULL, NULL, 1, NULL, NULL, NULL, '2025-02-16 07:19:45', '2025-02-16 07:19:45'),
(141, 'Estrella Hill', NULL, 'margaret.emmerich@greenfelder.com', NULL, '$2y$10$ihn.RlSd2/sN7P8S48MI9.JyzlmkACIEzqZQFvbZAC1gcfgJxM40S', NULL, NULL, 1, NULL, NULL, NULL, '2025-02-16 07:19:45', '2025-02-16 07:19:45'),
(142, 'Willie Collins', NULL, 'baby.wunsch@howell.com', NULL, '$2y$10$OJnr8auGhD6RAX06.dE3yuyZrb0.a3LLbZxizZXFrMXUezNaoEgty', NULL, NULL, 1, NULL, NULL, NULL, '2025-02-16 07:19:45', '2025-02-16 07:19:45'),
(143, 'Casey Willms Jr.', NULL, 'wiegand.narciso@wolf.com', NULL, '$2y$10$tCWJBKq0Zuew4NtAiCN5OenHw1yATknTJh7OW6qPK59lsDhSaNwc.', NULL, NULL, 1, NULL, NULL, NULL, '2025-02-16 07:19:45', '2025-02-16 07:19:45'),
(144, 'Mrs. Delphine Prohaska', NULL, 'robyn18@yahoo.com', NULL, '$2y$10$2EaIHFZuKd8RrEEvISWLQOqaQ6WVmZa0p2fou7HuMLV/USlE0D24G', NULL, NULL, 1, NULL, NULL, NULL, '2025-02-16 07:19:45', '2025-02-16 07:19:45'),
(145, 'Malika Williamson', NULL, 'jweimann@johns.info', NULL, '$2y$10$oJcDfY5nmpWkL7iO0ZjpuOf/fCgs..Y5DAgqZRBMGx1bWYw8CTJ9a', NULL, NULL, 1, NULL, NULL, NULL, '2025-02-16 07:19:45', '2025-02-16 07:19:45'),
(146, 'Lizzie Jones', NULL, 'steuber.francisca@gmail.com', NULL, '$2y$10$vQwxbZ8rtxwBNvGnBz7EN.S2e6o8Jpj6e0/aQ7k0emwsiyxS9GPeO', NULL, NULL, 1, NULL, NULL, NULL, '2025-02-16 07:19:45', '2025-02-16 07:19:45'),
(147, 'Aniya Marvin', NULL, 'bogisich.rosalinda@yahoo.com', NULL, '$2y$10$C.8VkASdF2px/NBYFW1QOuKXA.c.xmGmNhU09Y2OLuJhbCuohJrs.', NULL, NULL, 1, NULL, NULL, NULL, '2025-02-16 07:19:45', '2025-02-16 07:19:45'),
(148, 'Lisandro Casper', NULL, 'dsteuber@yahoo.com', NULL, '$2y$10$6Z9QXwDrafSa/gNDDZUZtew.SYcp2XFEF0sXr4hczNs8zv2MN5wAu', NULL, NULL, 1, NULL, NULL, NULL, '2025-02-16 07:19:45', '2025-02-16 07:19:45'),
(149, 'Norberto Cummerata', NULL, 'josiah.dickens@olson.com', NULL, '$2y$10$hxWM0KnFuHe.gVWt3oenYeYpwT.X9V3R0H6iP5RuKwgWKkll3LFmu', NULL, NULL, 1, NULL, NULL, NULL, '2025-02-16 07:19:45', '2025-02-16 07:19:45'),
(150, 'Antonina Osinski DDS', NULL, 'mackenzie88@hilpert.info', NULL, '$2y$10$MBCv1xsQUEBbEl9C3UcCJOFkoAOAUm64Nm9nghVnldDfpjxMwk3le', NULL, NULL, 1, NULL, NULL, NULL, '2025-02-16 07:19:45', '2025-02-16 07:19:45'),
(151, 'Felicia Hilpert', NULL, 'barney12@hotmail.com', NULL, '$2y$10$EfDB4/ocWhoNdRpplOYBW.9Umiq6llgnm9XQAtTC8NRXamvulTzg2', NULL, NULL, 1, NULL, NULL, NULL, '2025-02-16 07:19:45', '2025-02-16 07:19:45'),
(152, 'Tate Mitchell PhD', NULL, 'madyson.sawayn@yahoo.com', NULL, '$2y$10$dHdrOguK1UTX0zR.irTB.OgG.HStCz.N2IkfyocnMNH7de2mUKd9O', NULL, NULL, 1, NULL, NULL, NULL, '2025-02-16 07:19:46', '2025-02-16 07:19:46'),
(153, 'Prof. Foster Walsh', NULL, 'kariane.walter@aufderhar.biz', NULL, '$2y$10$NWcxRigUuVelyPLJTX8xuO5p.p7YQP0ZJ2BqGJOkuqMSkNYKo8W5G', NULL, NULL, 1, NULL, NULL, NULL, '2025-02-16 07:19:46', '2025-02-16 07:19:46'),
(154, 'Adam Runolfsson', NULL, 'ethyl.stanton@bashirian.com', NULL, '$2y$10$7DKnPmjyD9n97baZXskgbeq6qgPfnqu7eKanOC/ApWUi5xs6UDRpe', NULL, NULL, 1, NULL, NULL, NULL, '2025-02-16 07:19:46', '2025-02-16 07:19:46'),
(155, 'Mrs. Vivian Schimmel', NULL, 'utorp@gmail.com', NULL, '$2y$10$FuvDnzroC9efsMt5yVMfoO9rgpQan6lUjhcsZy.MXoZxTWSUsK4Ia', NULL, NULL, 1, NULL, NULL, NULL, '2025-02-16 07:19:46', '2025-02-16 07:19:46'),
(156, 'Jennifer Huel', NULL, 'kcollins@stracke.com', NULL, '$2y$10$W3BQHAFjpp.ZYV8d1SUbE.NUVgRvUFkEas9dKs/.RC0lDDh3XEVZy', NULL, NULL, 1, NULL, NULL, NULL, '2025-02-16 07:19:46', '2025-02-16 07:19:46'),
(157, 'Lucile Russel', NULL, 'krenner@kuhlman.com', NULL, '$2y$10$Qe19udeegTmRHlMkfwgBSubrSF49kJaiavNrOJzkI0J3zRIOIzCgS', NULL, NULL, 1, NULL, NULL, NULL, '2025-02-16 07:19:46', '2025-02-16 07:19:46'),
(158, 'Wilhelmine Erdman', NULL, 'grace26@yahoo.com', NULL, '$2y$10$a9.onevPs5cssM9/w/KNJu2dAoPbgWXbShqf08z39pnKeeLwqhswi', NULL, NULL, 1, NULL, NULL, NULL, '2025-02-16 07:19:46', '2025-02-16 07:19:46'),
(159, 'Prof. Talon Jast', NULL, 'brekke.raven@gmail.com', NULL, '$2y$10$smYUsEoDDhukb7FdP4QPme7yOAOmVFL3j9yXoaI7ZhlhFv9bQ8fG2', NULL, NULL, 1, NULL, NULL, NULL, '2025-02-16 07:19:46', '2025-02-16 07:19:46'),
(160, 'Glennie Kreiger', NULL, 'pherzog@dickinson.info', NULL, '$2y$10$b635ThKNeKyog9ZgF4ifmuJad4eh8TG.Kwn4TjuPyit3akuBPatD.', NULL, NULL, 1, NULL, NULL, NULL, '2025-02-16 07:19:46', '2025-02-16 07:19:46'),
(161, 'Gus Hessel DVM', NULL, 'ella.kuhic@olson.com', NULL, '$2y$10$Op1Fw01p60GwGgrv.zK9vOSJd8o0tw5DNUAx6Hs2JJ38IBCrxao6W', NULL, NULL, 1, NULL, NULL, NULL, '2025-02-16 07:19:46', '2025-02-16 07:19:46'),
(162, 'Miss Laurianne Pollich', NULL, 'angelita.macejkovic@wisozk.info', NULL, '$2y$10$xJeKclSzcxQe9ggq1O8JfeqXmVFp0J6crAX8b6skcCoKuSQdPOaQa', NULL, NULL, 1, NULL, NULL, NULL, '2025-02-16 07:19:46', '2025-02-16 07:19:46'),
(163, 'Mathilde Dach', NULL, 'xhagenes@effertz.com', NULL, '$2y$10$0k.SuEvGlBW0PYAUqZB7rOdGuw35r4b9cZcj3rJnO44pCgOyg/bPi', NULL, NULL, 1, NULL, NULL, NULL, '2025-02-16 07:19:46', '2025-02-16 07:19:46'),
(164, 'Jakob Pollich', NULL, 'twila97@goodwin.org', NULL, '$2y$10$NIPNQ633GjTMWEllqLVHW.n34HLdoKnsF9V1LU0uQPYQ8MQr7qAam', NULL, NULL, 1, NULL, NULL, NULL, '2025-02-16 07:19:46', '2025-02-16 07:19:46'),
(165, 'Prof. Sister VonRueden III', NULL, 'aroberts@murazik.com', NULL, '$2y$10$OR3VRwTOAuvCnYTTSTvo6eQQ/0HmR09/ZnFucp/nfaEfSGniQwpti', NULL, NULL, 1, NULL, NULL, NULL, '2025-02-16 07:19:46', '2025-02-16 07:19:46'),
(166, 'Yessenia Mohr', NULL, 'javon03@steuber.net', NULL, '$2y$10$EjZDmyjkvoy9Vgq.O/7.vuE4lwMMmi7BC9UYTMk3uj1NDFML1508K', NULL, NULL, 1, NULL, NULL, NULL, '2025-02-16 07:19:46', '2025-02-16 07:19:46'),
(167, 'Nyah Jacobs', NULL, 'yost.lois@powlowski.net', NULL, '$2y$10$Jkhjkm4.F/C3psC4S6HHI.XucH89c.IFBtqezMd08W59mOlLWcNli', NULL, NULL, 1, NULL, NULL, NULL, '2025-02-16 07:19:46', '2025-02-16 07:19:46'),
(168, 'Emmie Jast', NULL, 'bjast@keebler.info', NULL, '$2y$10$W3aYe3OGKlKNjK1DfmUNNeFRWqJMlROXHRP18kn3/zOM20g1aG1AO', NULL, NULL, 1, NULL, NULL, NULL, '2025-02-16 07:19:47', '2025-02-16 07:19:47'),
(169, 'Anahi Skiles', NULL, 'sawayn.loyal@gmail.com', NULL, '$2y$10$LQtXJJrDZOJO8lSTG43Loe2jQ3c5KacLnkawUViehXXIOdGmC6bwm', NULL, NULL, 1, NULL, NULL, NULL, '2025-02-16 07:19:47', '2025-02-16 07:19:47'),
(170, 'Tomas Steuber', NULL, 'esenger@hills.info', NULL, '$2y$10$q68IfkHtMxc/hIFew6RQOOOoM3oMuDN0giOuUz3uEGjFr7Qh1LmMa', NULL, NULL, 1, NULL, NULL, NULL, '2025-02-16 07:19:47', '2025-02-16 07:19:47'),
(171, 'Ms. Michaela Farrell PhD', NULL, 'anjali.crist@hotmail.com', NULL, '$2y$10$LgxHHs7Of2BMavSR4z2ahO3WeQvJEEuhNUXfg6dko0M8mXcSevHeq', NULL, NULL, 1, NULL, NULL, NULL, '2025-02-16 07:19:47', '2025-02-16 07:19:47'),
(172, 'Koby Breitenberg', NULL, 'pwiegand@lubowitz.net', NULL, '$2y$10$apAsYi457UkQj6dRIhfQQOZYjPh/v1/arbjIaPJc0jPm.Q.t.mmf.', NULL, NULL, 1, NULL, NULL, NULL, '2025-02-16 07:19:47', '2025-02-16 07:19:47'),
(173, 'Mr. Moshe Bergnaum', NULL, 'jast.kiarra@yahoo.com', NULL, '$2y$10$QDRTuF0TLpfaQvIVdjegduzHRR5EPTRSJ0PoBuql1YZVBTYuwuw0O', NULL, NULL, 1, NULL, NULL, NULL, '2025-02-16 07:19:47', '2025-02-16 07:19:47'),
(174, 'Dr. Makenna Turner', NULL, 'ihoeger@fadel.com', NULL, '$2y$10$tanvMXg.Ux7yeJTK.01UQOa3nVtgAOkSaqiX5hHU2ez0TLRv4kxga', NULL, NULL, 1, NULL, NULL, NULL, '2025-02-16 07:19:47', '2025-02-16 07:19:47'),
(175, 'Elaina Hegmann IV', NULL, 'lynn.ernser@dooley.com', NULL, '$2y$10$1TRG6bfoDKyjqHnJ/vDXmubsNjtLN4zWiNlJ21hAqDabyyTuwh1Ii', NULL, NULL, 1, NULL, NULL, NULL, '2025-02-16 07:19:47', '2025-02-16 07:19:47'),
(176, 'Lavada Bernhard', NULL, 'jerde.zora@balistreri.info', NULL, '$2y$10$CtwW4vI/2mvVCnIUtWAzDuP3AC7DHjCjkP3tWILKLXwFvstKECoaK', NULL, NULL, 1, NULL, NULL, NULL, '2025-02-16 07:19:47', '2025-02-16 07:19:47'),
(177, 'Dr. Myron Dare', NULL, 'effertz.annabelle@parker.com', NULL, '$2y$10$E8e1sbGXNnlU.oav/8GvgeXhBGLs8JtwxQGrfuG.XqRJ/4xyPDqIO', NULL, NULL, 1, NULL, NULL, NULL, '2025-02-16 07:19:47', '2025-02-16 07:19:47'),
(178, 'Cameron Volkman', NULL, 'yoconnell@yahoo.com', NULL, '$2y$10$3lzDaLCaWiZm3Jgg.EsxBOVtEK8AiLgitk9LegnI3X3/N/Hvm.NHm', NULL, NULL, 1, NULL, NULL, NULL, '2025-02-16 07:19:47', '2025-02-16 07:19:47'),
(179, 'Zane Waelchi Sr.', NULL, 'schaefer.branson@hotmail.com', NULL, '$2y$10$bMAhGReW3yZvoAEBa5EuHujrUDilWev7Oef06evPNYUsK4ZsHv3wi', NULL, NULL, 1, NULL, NULL, NULL, '2025-02-16 07:19:47', '2025-02-16 07:19:47'),
(180, 'Santa King', NULL, 'leatha48@yahoo.com', NULL, '$2y$10$6Q4X7jhh.d4z2v1hHwGpOug6r0LCNTwSwdVcyCctfEipgnq1D6pva', NULL, NULL, 1, NULL, NULL, NULL, '2025-02-16 07:19:47', '2025-02-16 07:19:47'),
(181, 'Carmella Bahringer DVM', NULL, 'liza.bahringer@zboncak.org', NULL, '$2y$10$bOqcbubcHir7c/K1DEKgGenB01J7oPjYs8e.T160CSHrVj7MahG/.', NULL, NULL, 1, NULL, NULL, NULL, '2025-02-16 07:19:47', '2025-02-16 07:19:47'),
(182, 'Johanna Walsh', NULL, 'katelyn.huel@schamberger.com', NULL, '$2y$10$l.QocKm1FpargoZCF4oskOb5K6bRqzPBK8dhYvMoxJJtggo0kzu1S', NULL, NULL, 1, NULL, NULL, NULL, '2025-02-16 07:19:47', '2025-02-16 07:19:47'),
(183, 'Dolly Marvin', NULL, 'raleigh12@yahoo.com', NULL, '$2y$10$eiFGATi5C/byokYJMcbCcedLvGikpusaXHNvSZMYYAy6x.Nh1ktxG', NULL, NULL, 1, NULL, NULL, NULL, '2025-02-16 07:19:48', '2025-02-16 07:19:48'),
(184, 'Dr. Elisha Bergnaum', NULL, 'hberge@gmail.com', NULL, '$2y$10$mfklymSoKq4Eot5fxXFAW.Q1DaIC85ClHTNuzfjeZ7qR0Pi/TmSoO', NULL, NULL, 1, NULL, NULL, NULL, '2025-02-16 07:19:48', '2025-02-16 07:19:48'),
(185, 'Kenna Mayer', NULL, 'claudine.heathcote@yahoo.com', NULL, '$2y$10$YXk0eALAWVDtHlCaLQI6hOR.eESVh06ffJGOk0G3sRJG4sr.TdOT6', NULL, NULL, 1, NULL, NULL, NULL, '2025-02-16 07:19:48', '2025-02-16 07:19:48'),
(186, 'Eugenia Hansen', NULL, 'donald94@hotmail.com', NULL, '$2y$10$CTpLynm5t/gooVMNeHR0OORdDBW0w3l/MLc.w9t8lSEOu6JkamUY2', NULL, NULL, 1, NULL, NULL, NULL, '2025-02-16 07:19:48', '2025-02-16 07:19:48'),
(187, 'Yadira Jones', NULL, 'shanie78@yahoo.com', NULL, '$2y$10$5Nf.bdQhHjXHbzw3GZs6mODyF5ddCmRYUxGX8Yhol1Qv7hxOZinf.', NULL, NULL, 1, NULL, NULL, NULL, '2025-02-16 07:19:48', '2025-02-16 07:19:48'),
(188, 'Alberta Murphy', NULL, 'labadie.davion@schuppe.com', NULL, '$2y$10$hbg075qQiwxpB/1KR5GIX.WBM.sfrHQEo.1igY5PTc49fA.ik.fOi', NULL, NULL, 1, NULL, NULL, NULL, '2025-02-16 07:19:48', '2025-02-16 07:19:48'),
(189, 'Ruben Kulas', NULL, 'edgardo02@yahoo.com', NULL, '$2y$10$ZZblseoA4epaQYynvk5LI.Y7cvZxGTOQcqPYCHaRiqQlRvwKylC0W', NULL, NULL, 1, NULL, NULL, NULL, '2025-02-16 07:19:48', '2025-02-16 07:19:48'),
(190, 'Prof. Arturo Ebert', NULL, 'vince55@upton.biz', NULL, '$2y$10$35em112A99J5xyuZfHqgsu3khaQ6zC2/KrDrhtPJMsRm0w22VBcO.', NULL, NULL, 1, NULL, NULL, NULL, '2025-02-16 07:19:48', '2025-02-16 07:19:48'),
(191, 'Rosina Reichel', NULL, 'hauck.kaela@corwin.com', NULL, '$2y$10$h2FJLMFJCuIVHY97wHjjFObNW.u14NkCRN4VKTJ7ToSmqW2vEqMmG', NULL, NULL, 1, NULL, NULL, NULL, '2025-02-16 07:19:48', '2025-02-16 07:19:48'),
(192, 'Lauriane Davis', NULL, 'gharris@hotmail.com', NULL, '$2y$10$FGI0kQssPCgESqCjQyLBKug2pYZrfkNoDCZEw2nlj9jiIpq.50U5y', NULL, NULL, 1, NULL, NULL, NULL, '2025-02-16 07:19:48', '2025-02-16 07:19:48'),
(193, 'Mrs. Josiane Schaden', NULL, 'renner.izabella@greenfelder.com', NULL, '$2y$10$KqfmApQ7qTt2SjQqH2o3BO3OmmL.9LfR.pUvAGGvIuKY3TQ1pdl8S', NULL, NULL, 1, NULL, NULL, NULL, '2025-02-16 07:19:48', '2025-02-16 07:19:48'),
(194, 'Dr. Riley Pfannerstill', NULL, 'zaufderhar@gmail.com', NULL, '$2y$10$YSUc8ZuzaJAfPVQSP15HKOIQ97IArrDYR2Knm0YUFzNUbuCv.uA7S', NULL, NULL, 1, NULL, NULL, NULL, '2025-02-16 07:19:48', '2025-02-16 07:19:48'),
(195, 'Muhammad Franecki', NULL, 'lucienne.schneider@heaney.net', NULL, '$2y$10$I5xA3Y.51MGg1t.Db9slUef0KzlxhLpYRvHk5kKjXiLHJAxp0qre.', NULL, NULL, 1, NULL, NULL, NULL, '2025-02-16 07:19:48', '2025-02-16 07:19:48'),
(196, 'Prof. Alene Bechtelar Jr.', NULL, 'johnson.elias@gmail.com', NULL, '$2y$10$nXPCtpfwlzpFIb9rGP/une9gYOwSBeB9QYqJjqJjjHWlwqjAuev6G', NULL, NULL, 1, NULL, NULL, NULL, '2025-02-16 07:19:48', '2025-02-16 07:19:48'),
(197, 'Yazmin Auer', NULL, 'yvette98@gmail.com', NULL, '$2y$10$31AixLJ/berq5L5NHBtt6uBZi7PXowp56QBJJMHciHq1zaCk7FkGy', NULL, NULL, 1, NULL, NULL, NULL, '2025-02-16 07:19:48', '2025-02-16 07:19:48'),
(198, 'Luella Klein', NULL, 'nikki15@gmail.com', NULL, '$2y$10$RSv5FecNtEZQ6I5UsNruIuq5E1ekXpcflG5ZOV6W/RSktb3qJ63nm', NULL, NULL, 1, NULL, NULL, NULL, '2025-02-16 07:19:48', '2025-02-16 07:19:48'),
(199, 'Rosalyn O\'Conner', NULL, 'tkuhlman@gmail.com', NULL, '$2y$10$qULEcj7.YNc2RUsHIZA.y.Jk3r1JXqRzPVC1fYGow8sTDEYdBq6xS', NULL, NULL, 1, NULL, NULL, NULL, '2025-02-16 07:19:49', '2025-02-16 07:19:49'),
(200, 'Prof. Leslie Senger Jr.', NULL, 'wmacejkovic@gmail.com', NULL, '$2y$10$Zq6XoGJuR.zy2KL4KAGmwOqD5ranNqy1hhz9mmiCQiQLqRnQAyKti', NULL, NULL, 1, NULL, NULL, NULL, '2025-02-16 07:19:49', '2025-02-16 07:19:49'),
(201, 'يد ب يد', NULL, 'hagenes.daron@hotmail.com', NULL, '$2y$10$754qrnrEsi76IRrSDgJsw.QvChEIpc/Jsmd/QO7V4FlOh3eTzdC7u', NULL, NULL, 1, NULL, NULL, NULL, '2025-02-16 07:19:49', '2025-07-29 09:39:01'),
(203, NULL, '0202050', NULL, NULL, NULL, NULL, NULL, NULL, NULL, NULL, NULL, '2025-03-15 11:31:53', '2025-03-15 11:31:53'),
(204, 'Hand', '597767751', 'hand1@gmail.com', NULL, '$2y$10$RXHKFCXl771EC/fJwQszhulf5zzn.fvUMfm2nolKRy0hfnGhNCl4m', NULL, NULL, NULL, NULL, NULL, NULL, '2025-05-25 10:43:06', '2025-07-29 09:42:44'),
(205, NULL, '+1 (776) 246-8747', 'hyfyzexis@mailinator.com', NULL, NULL, NULL, NULL, NULL, NULL, NULL, NULL, '2025-05-28 06:38:13', '2025-05-28 06:38:13'),
(206, NULL, '+1 (435) 333-7821', 'viby@mailinator.com', NULL, NULL, NULL, NULL, NULL, NULL, NULL, NULL, '2025-05-28 06:41:10', '2025-05-28 06:41:10'),
(207, NULL, '+1 (376) 353-5082', 'diralo@mailinator.com', NULL, NULL, NULL, NULL, NULL, NULL, NULL, NULL, '2025-05-28 06:45:12', '2025-05-28 06:45:12'),
(208, NULL, '+1 (833) 352-3687', 'pigagylo@mailinator.com', NULL, NULL, NULL, NULL, NULL, NULL, NULL, NULL, '2025-05-28 06:52:11', '2025-05-28 06:52:11'),
(209, NULL, '545481544', 'asdS2@gmail.com', NULL, NULL, NULL, NULL, NULL, NULL, NULL, NULL, '2025-05-28 07:50:20', '2025-05-28 07:50:20'),
(210, NULL, '+1 (571) 356-2673', 'popov@mailinator.com', NULL, NULL, NULL, NULL, NULL, NULL, NULL, NULL, '2025-05-28 07:57:05', '2025-05-28 07:57:05'),
(211, NULL, '122333333', 'ii@gmail.com', NULL, NULL, NULL, NULL, NULL, NULL, NULL, NULL, '2025-05-28 08:07:28', '2025-05-28 08:07:28'),
(213, NULL, '454552245', 'iii@gmail.com', NULL, NULL, NULL, NULL, NULL, NULL, NULL, NULL, '2025-05-28 08:13:48', '2025-05-28 08:13:48'),
(214, 'loma', '966561611117', 'islam3sman@yahoo.com', NULL, '$2y$10$x4X0Q2EigUImvlfFMWl7meZqBrt/UGHRYXYq09EZRLWK.7D.etn1G', NULL, NULL, 1, NULL, NULL, NULL, '2025-07-07 08:16:47', '2025-08-01 12:38:08'),
(222, NULL, '966567296308', 'islammmo@gmail.com', NULL, NULL, NULL, NULL, NULL, NULL, NULL, NULL, '2025-07-13 04:09:06', '2025-07-13 04:09:06'),
(223, 'islam', '966597767751', 'isllaamm@gmail.com', NULL, '$2y$10$ZefFrqFo4JD0naQHm96JyugArB6KEMYwKlJVUJlhM3Yj1Jr4B1LGe', NULL, NULL, NULL, NULL, NULL, NULL, '2025-07-19 06:49:33', '2025-07-30 06:31:03'),
(224, 'islammmmmmm', '01122071593', 'islammmmmmm@yahoo.com', NULL, '$2y$10$c0fjPYVItDzbb5z9Voa4eeRDHCb4YNxloybmWRltHUnMnyHDZpAkm', NULL, NULL, 1, NULL, NULL, NULL, '2025-08-12 06:04:07', '2025-08-12 06:04:07'),
(225, 'loma152', '01122071598', 'loma152@admin.com', NULL, '$2y$10$x4X0Q2EigUImvlfFMWl7meZqBrt/UGHRYXYq09EZRLWK.7D.etn1G', NULL, NULL, 1, NULL, 'f5DtBAaXBKDK6o4KiU2N8cZOv2PrPPcJGbYizC2lhXHzjQUWSUA7VivmvqtR', NULL, '2025-08-12 09:25:44', '2025-08-12 09:25:44'),
(226, 'islam abdo', '561611111', 'islamabdo@admin.com', NULL, '$2y$10$THInSW9CCZ7EtDOjcEIbhezbs2dEZuSyjh5e0sP2Rex2wTN8v3XW6', NULL, NULL, 1, NULL, NULL, NULL, '2025-09-01 07:00:44', '2025-09-01 07:00:44'),
(259, '55555555555', '5', NULL, NULL, NULL, NULL, NULL, NULL, NULL, NULL, NULL, '2025-09-02 08:24:54', '2025-09-02 08:24:54'),
(274, 'lloommaa', '8', NULL, NULL, NULL, NULL, NULL, NULL, NULL, NULL, NULL, '2025-09-02 09:25:39', '2025-09-02 09:25:39'),
(276, 'hyfgfgfg', '4', NULL, NULL, NULL, NULL, NULL, NULL, NULL, NULL, NULL, '2025-09-02 09:29:59', '2025-09-02 09:29:59'),
(281, NULL, '+966561611110', NULL, NULL, NULL, NULL, NULL, NULL, NULL, NULL, NULL, '2025-09-03 07:08:49', '2025-09-03 07:08:49'),
(282, NULL, '966561611110', NULL, NULL, NULL, NULL, NULL, NULL, NULL, NULL, NULL, '2025-09-03 07:27:23', '2025-09-03 07:27:23'),
(284, NULL, '966966561611117', NULL, NULL, NULL, NULL, NULL, NULL, NULL, NULL, NULL, '2025-09-03 08:09:15', '2025-09-03 08:09:15');

-- --------------------------------------------------------

--
-- Table structure for table `account_types`
--

CREATE TABLE `account_types` (
  `id` bigint UNSIGNED NOT NULL,
  `account_id` bigint UNSIGNED NOT NULL,
  `type_id` bigint UNSIGNED NOT NULL,
  `created_at` timestamp NULL DEFAULT NULL,
  `updated_at` timestamp NULL DEFAULT NULL
) ENGINE=InnoDB DEFAULT CHARSET=utf8mb4 COLLATE=utf8mb4_unicode_ci;

--
-- Dumping data for table `account_types`
--

INSERT INTO `account_types` (`id`, `account_id`, `type_id`, `created_at`, `updated_at`) VALUES
(1, 1, 1, '2025-02-16 07:05:32', '2025-02-16 07:05:32'),
(2, 2, 3, '2025-02-16 07:19:36', '2025-02-16 07:19:36'),
(3, 3, 3, '2025-02-16 07:19:36', '2025-02-16 07:19:36'),
(4, 4, 3, '2025-02-16 07:19:36', '2025-02-16 07:19:36'),
(5, 5, 3, '2025-02-16 07:19:36', '2025-02-16 07:19:36'),
(6, 6, 3, '2025-02-16 07:19:36', '2025-02-16 07:19:36'),
(7, 7, 3, '2025-02-16 07:19:36', '2025-02-16 07:19:36'),
(8, 8, 3, '2025-02-16 07:19:36', '2025-02-16 07:19:36'),
(9, 9, 3, '2025-02-16 07:19:36', '2025-02-16 07:19:36'),
(10, 10, 3, '2025-02-16 07:19:36', '2025-02-16 07:19:36'),
(11, 11, 3, '2025-02-16 07:19:36', '2025-02-16 07:19:36'),
(12, 12, 3, '2025-02-16 07:19:36', '2025-02-16 07:19:36'),
(13, 13, 3, '2025-02-16 07:19:36', '2025-02-16 07:19:36'),
(14, 14, 3, '2025-02-16 07:19:36', '2025-02-16 07:19:36'),
(15, 15, 3, '2025-02-16 07:19:36', '2025-02-16 07:19:36'),
(16, 16, 3, '2025-02-16 07:19:36', '2025-02-16 07:19:36'),
(17, 17, 3, '2025-02-16 07:19:36', '2025-02-16 07:19:36'),
(18, 18, 3, '2025-02-16 07:19:37', '2025-02-16 07:19:37'),
(19, 19, 3, '2025-02-16 07:19:37', '2025-02-16 07:19:37'),
(20, 20, 3, '2025-02-16 07:19:37', '2025-02-16 07:19:37'),
(21, 21, 3, '2025-02-16 07:19:37', '2025-02-16 07:19:37'),
(22, 22, 3, '2025-02-16 07:19:37', '2025-02-16 07:19:37'),
(23, 23, 3, '2025-02-16 07:19:37', '2025-02-16 07:19:37'),
(24, 24, 3, '2025-02-16 07:19:37', '2025-02-16 07:19:37'),
(25, 25, 3, '2025-02-16 07:19:37', '2025-02-16 07:19:37'),
(26, 26, 3, '2025-02-16 07:19:37', '2025-02-16 07:19:37'),
(27, 27, 3, '2025-02-16 07:19:37', '2025-02-16 07:19:37'),
(28, 28, 3, '2025-02-16 07:19:37', '2025-02-16 07:19:37'),
(29, 29, 3, '2025-02-16 07:19:37', '2025-02-16 07:19:37'),
(30, 30, 3, '2025-02-16 07:19:37', '2025-02-16 07:19:37'),
(31, 31, 3, '2025-02-16 07:19:37', '2025-02-16 07:19:37'),
(32, 32, 3, '2025-02-16 07:19:37', '2025-02-16 07:19:37'),
(33, 33, 3, '2025-02-16 07:19:38', '2025-02-16 07:19:38'),
(34, 34, 3, '2025-02-16 07:19:38', '2025-02-16 07:19:38'),
(35, 35, 3, '2025-02-16 07:19:38', '2025-02-16 07:19:38'),
(36, 36, 3, '2025-02-16 07:19:38', '2025-02-16 07:19:38'),
(37, 37, 3, '2025-02-16 07:19:38', '2025-02-16 07:19:38'),
(38, 38, 3, '2025-02-16 07:19:38', '2025-02-16 07:19:38'),
(39, 39, 3, '2025-02-16 07:19:38', '2025-02-16 07:19:38'),
(40, 40, 3, '2025-02-16 07:19:38', '2025-02-16 07:19:38'),
(41, 41, 3, '2025-02-16 07:19:38', '2025-02-16 07:19:38'),
(42, 42, 3, '2025-02-16 07:19:38', '2025-02-16 07:19:38'),
(43, 43, 3, '2025-02-16 07:19:38', '2025-02-16 07:19:38'),
(44, 44, 3, '2025-02-16 07:19:38', '2025-02-16 07:19:38'),
(45, 45, 3, '2025-02-16 07:19:38', '2025-02-16 07:19:38'),
(46, 46, 3, '2025-02-16 07:19:38', '2025-02-16 07:19:38'),
(47, 47, 3, '2025-02-16 07:19:38', '2025-02-16 07:19:38'),
(48, 48, 3, '2025-02-16 07:19:39', '2025-02-16 07:19:39'),
(49, 49, 3, '2025-02-16 07:19:39', '2025-02-16 07:19:39'),
(50, 50, 3, '2025-02-16 07:19:39', '2025-02-16 07:19:39'),
(51, 51, 3, '2025-02-16 07:19:39', '2025-02-16 07:19:39'),
(52, 52, 3, '2025-02-16 07:19:39', '2025-02-16 07:19:39'),
(53, 53, 3, '2025-02-16 07:19:39', '2025-02-16 07:19:39'),
(54, 54, 3, '2025-02-16 07:19:39', '2025-02-16 07:19:39'),
(55, 55, 3, '2025-02-16 07:19:39', '2025-02-16 07:19:39'),
(56, 56, 3, '2025-02-16 07:19:39', '2025-02-16 07:19:39'),
(57, 57, 3, '2025-02-16 07:19:39', '2025-02-16 07:19:39'),
(58, 58, 3, '2025-02-16 07:19:39', '2025-02-16 07:19:39'),
(59, 59, 3, '2025-02-16 07:19:39', '2025-02-16 07:19:39'),
(60, 60, 3, '2025-02-16 07:19:39', '2025-02-16 07:19:39'),
(61, 61, 3, '2025-02-16 07:19:39', '2025-02-16 07:19:39'),
(62, 62, 3, '2025-02-16 07:19:40', '2025-02-16 07:19:40'),
(63, 63, 3, '2025-02-16 07:19:40', '2025-02-16 07:19:40'),
(64, 64, 3, '2025-02-16 07:19:40', '2025-02-16 07:19:40'),
(65, 65, 3, '2025-02-16 07:19:40', '2025-02-16 07:19:40'),
(66, 66, 3, '2025-02-16 07:19:40', '2025-02-16 07:19:40'),
(67, 67, 3, '2025-02-16 07:19:40', '2025-02-16 07:19:40'),
(68, 68, 3, '2025-02-16 07:19:40', '2025-02-16 07:19:40'),
(69, 69, 3, '2025-02-16 07:19:40', '2025-02-16 07:19:40'),
(70, 70, 3, '2025-02-16 07:19:40', '2025-02-16 07:19:40'),
(71, 71, 3, '2025-02-16 07:19:40', '2025-02-16 07:19:40'),
(72, 72, 3, '2025-02-16 07:19:40', '2025-02-16 07:19:40'),
(73, 73, 3, '2025-02-16 07:19:40', '2025-02-16 07:19:40'),
(74, 74, 3, '2025-02-16 07:19:40', '2025-02-16 07:19:40'),
(75, 75, 3, '2025-02-16 07:19:40', '2025-02-16 07:19:40'),
(76, 76, 3, '2025-02-16 07:19:40', '2025-02-16 07:19:40'),
(77, 77, 3, '2025-02-16 07:19:41', '2025-02-16 07:19:41'),
(78, 78, 3, '2025-02-16 07:19:41', '2025-02-16 07:19:41'),
(79, 79, 3, '2025-02-16 07:19:41', '2025-02-16 07:19:41'),
(80, 80, 3, '2025-02-16 07:19:41', '2025-02-16 07:19:41'),
(81, 81, 3, '2025-02-16 07:19:41', '2025-02-16 07:19:41'),
(82, 82, 3, '2025-02-16 07:19:41', '2025-02-16 07:19:41'),
(83, 83, 3, '2025-02-16 07:19:41', '2025-02-16 07:19:41'),
(84, 84, 3, '2025-02-16 07:19:41', '2025-02-16 07:19:41'),
(85, 85, 3, '2025-02-16 07:19:41', '2025-02-16 07:19:41'),
(86, 86, 3, '2025-02-16 07:19:41', '2025-02-16 07:19:41'),
(87, 87, 3, '2025-02-16 07:19:41', '2025-02-16 07:19:41'),
(88, 88, 3, '2025-02-16 07:19:41', '2025-02-16 07:19:41'),
(89, 89, 3, '2025-02-16 07:19:41', '2025-02-16 07:19:41'),
(90, 90, 3, '2025-02-16 07:19:41', '2025-02-16 07:19:41'),
(91, 91, 3, '2025-02-16 07:19:41', '2025-02-16 07:19:41'),
(92, 92, 3, '2025-02-16 07:19:41', '2025-02-16 07:19:41'),
(93, 93, 3, '2025-02-16 07:19:42', '2025-02-16 07:19:42'),
(94, 94, 3, '2025-02-16 07:19:42', '2025-02-16 07:19:42'),
(95, 95, 3, '2025-02-16 07:19:42', '2025-02-16 07:19:42'),
(96, 96, 3, '2025-02-16 07:19:42', '2025-02-16 07:19:42'),
(97, 97, 3, '2025-02-16 07:19:42', '2025-02-16 07:19:42'),
(98, 98, 3, '2025-02-16 07:19:42', '2025-02-16 07:19:42'),
(99, 99, 3, '2025-02-16 07:19:42', '2025-02-16 07:19:42'),
(100, 100, 3, '2025-02-16 07:19:42', '2025-02-16 07:19:42'),
(101, 101, 3, '2025-02-16 07:19:42', '2025-02-16 07:19:42'),
(102, 102, 3, '2025-02-16 07:19:42', '2025-02-16 07:19:42'),
(103, 103, 3, '2025-02-16 07:19:42', '2025-02-16 07:19:42'),
(104, 104, 3, '2025-02-16 07:19:42', '2025-02-16 07:19:42'),
(105, 105, 3, '2025-02-16 07:19:42', '2025-02-16 07:19:42'),
(106, 106, 3, '2025-02-16 07:19:42', '2025-02-16 07:19:42'),
(107, 107, 3, '2025-02-16 07:19:43', '2025-02-16 07:19:43'),
(108, 108, 3, '2025-02-16 07:19:43', '2025-02-16 07:19:43'),
(109, 109, 3, '2025-02-16 07:19:43', '2025-02-16 07:19:43'),
(110, 110, 3, '2025-02-16 07:19:43', '2025-02-16 07:19:43'),
(111, 111, 3, '2025-02-16 07:19:43', '2025-02-16 07:19:43'),
(112, 112, 3, '2025-02-16 07:19:43', '2025-02-16 07:19:43'),
(113, 113, 3, '2025-02-16 07:19:43', '2025-02-16 07:19:43'),
(114, 114, 3, '2025-02-16 07:19:43', '2025-02-16 07:19:43'),
(115, 115, 3, '2025-02-16 07:19:43', '2025-02-16 07:19:43'),
(116, 116, 3, '2025-02-16 07:19:43', '2025-02-16 07:19:43'),
(117, 117, 3, '2025-02-16 07:19:43', '2025-02-16 07:19:43'),
(118, 118, 3, '2025-02-16 07:19:43', '2025-02-16 07:19:43'),
(119, 119, 3, '2025-02-16 07:19:43', '2025-02-16 07:19:43'),
(120, 120, 3, '2025-02-16 07:19:43', '2025-02-16 07:19:43'),
(121, 121, 3, '2025-02-16 07:19:43', '2025-02-16 07:19:43'),
(122, 122, 3, '2025-02-16 07:19:43', '2025-02-16 07:19:43'),
(123, 123, 3, '2025-02-16 07:19:44', '2025-02-16 07:19:44'),
(124, 124, 3, '2025-02-16 07:19:44', '2025-02-16 07:19:44'),
(125, 125, 3, '2025-02-16 07:19:44', '2025-02-16 07:19:44'),
(126, 126, 3, '2025-02-16 07:19:44', '2025-02-16 07:19:44'),
(127, 127, 3, '2025-02-16 07:19:44', '2025-02-16 07:19:44'),
(128, 128, 3, '2025-02-16 07:19:44', '2025-02-16 07:19:44'),
(129, 129, 3, '2025-02-16 07:19:44', '2025-02-16 07:19:44'),
(130, 130, 3, '2025-02-16 07:19:44', '2025-02-16 07:19:44'),
(131, 131, 3, '2025-02-16 07:19:44', '2025-02-16 07:19:44'),
(132, 132, 3, '2025-02-16 07:19:44', '2025-02-16 07:19:44'),
(133, 133, 3, '2025-02-16 07:19:44', '2025-02-16 07:19:44'),
(134, 134, 3, '2025-02-16 07:19:44', '2025-02-16 07:19:44'),
(135, 135, 3, '2025-02-16 07:19:44', '2025-02-16 07:19:44'),
(136, 136, 3, '2025-02-16 07:19:44', '2025-02-16 07:19:44'),
(137, 137, 3, '2025-02-16 07:19:44', '2025-02-16 07:19:44'),
(138, 138, 3, '2025-02-16 07:19:45', '2025-02-16 07:19:45'),
(139, 139, 3, '2025-02-16 07:19:45', '2025-02-16 07:19:45'),
(140, 140, 3, '2025-02-16 07:19:45', '2025-02-16 07:19:45'),
(141, 141, 3, '2025-02-16 07:19:45', '2025-02-16 07:19:45'),
(142, 142, 3, '2025-02-16 07:19:45', '2025-02-16 07:19:45'),
(143, 143, 3, '2025-02-16 07:19:45', '2025-02-16 07:19:45'),
(144, 144, 3, '2025-02-16 07:19:45', '2025-02-16 07:19:45'),
(145, 145, 3, '2025-02-16 07:19:45', '2025-02-16 07:19:45'),
(146, 146, 3, '2025-02-16 07:19:45', '2025-02-16 07:19:45'),
(147, 147, 3, '2025-02-16 07:19:45', '2025-02-16 07:19:45'),
(148, 148, 3, '2025-02-16 07:19:45', '2025-02-16 07:19:45'),
(149, 149, 3, '2025-02-16 07:19:45', '2025-02-16 07:19:45'),
(150, 150, 3, '2025-02-16 07:19:45', '2025-02-16 07:19:45'),
(151, 151, 3, '2025-02-16 07:19:45', '2025-02-16 07:19:45'),
(152, 152, 3, '2025-02-16 07:19:46', '2025-02-16 07:19:46'),
(153, 153, 3, '2025-02-16 07:19:46', '2025-02-16 07:19:46'),
(154, 154, 3, '2025-02-16 07:19:46', '2025-02-16 07:19:46'),
(155, 155, 3, '2025-02-16 07:19:46', '2025-02-16 07:19:46'),
(156, 156, 3, '2025-02-16 07:19:46', '2025-02-16 07:19:46'),
(157, 157, 3, '2025-02-16 07:19:46', '2025-02-16 07:19:46'),
(158, 158, 3, '2025-02-16 07:19:46', '2025-02-16 07:19:46'),
(159, 159, 3, '2025-02-16 07:19:46', '2025-02-16 07:19:46'),
(160, 160, 3, '2025-02-16 07:19:46', '2025-02-16 07:19:46'),
(161, 161, 3, '2025-02-16 07:19:46', '2025-02-16 07:19:46'),
(162, 162, 3, '2025-02-16 07:19:46', '2025-02-16 07:19:46'),
(163, 163, 3, '2025-02-16 07:19:46', '2025-02-16 07:19:46'),
(164, 164, 3, '2025-02-16 07:19:46', '2025-02-16 07:19:46'),
(165, 165, 3, '2025-02-16 07:19:46', '2025-02-16 07:19:46'),
(166, 166, 3, '2025-02-16 07:19:46', '2025-02-16 07:19:46'),
(167, 167, 3, '2025-02-16 07:19:47', '2025-02-16 07:19:47'),
(168, 168, 3, '2025-02-16 07:19:47', '2025-02-16 07:19:47'),
(169, 169, 3, '2025-02-16 07:19:47', '2025-02-16 07:19:47'),
(170, 170, 3, '2025-02-16 07:19:47', '2025-02-16 07:19:47'),
(171, 171, 3, '2025-02-16 07:19:47', '2025-02-16 07:19:47'),
(172, 172, 3, '2025-02-16 07:19:47', '2025-02-16 07:19:47'),
(173, 173, 3, '2025-02-16 07:19:47', '2025-02-16 07:19:47'),
(174, 174, 3, '2025-02-16 07:19:47', '2025-02-16 07:19:47'),
(175, 175, 3, '2025-02-16 07:19:47', '2025-02-16 07:19:47'),
(176, 176, 3, '2025-02-16 07:19:47', '2025-02-16 07:19:47'),
(177, 177, 3, '2025-02-16 07:19:47', '2025-02-16 07:19:47'),
(178, 178, 3, '2025-02-16 07:19:47', '2025-02-16 07:19:47'),
(179, 179, 3, '2025-02-16 07:19:47', '2025-02-16 07:19:47'),
(180, 180, 3, '2025-02-16 07:19:47', '2025-02-16 07:19:47'),
(181, 181, 3, '2025-02-16 07:19:47', '2025-02-16 07:19:47'),
(182, 182, 3, '2025-02-16 07:19:47', '2025-02-16 07:19:47'),
(183, 183, 3, '2025-02-16 07:19:48', '2025-02-16 07:19:48'),
(184, 184, 3, '2025-02-16 07:19:48', '2025-02-16 07:19:48'),
(185, 185, 3, '2025-02-16 07:19:48', '2025-02-16 07:19:48'),
(186, 186, 3, '2025-02-16 07:19:48', '2025-02-16 07:19:48'),
(187, 187, 3, '2025-02-16 07:19:48', '2025-02-16 07:19:48'),
(188, 188, 3, '2025-02-16 07:19:48', '2025-02-16 07:19:48'),
(189, 189, 3, '2025-02-16 07:19:48', '2025-02-16 07:19:48'),
(190, 190, 3, '2025-02-16 07:19:48', '2025-02-16 07:19:48'),
(191, 191, 3, '2025-02-16 07:19:48', '2025-02-16 07:19:48'),
(192, 192, 3, '2025-02-16 07:19:48', '2025-02-16 07:19:48'),
(193, 193, 3, '2025-02-16 07:19:48', '2025-02-16 07:19:48'),
(194, 194, 3, '2025-02-16 07:19:48', '2025-02-16 07:19:48'),
(195, 195, 3, '2025-02-16 07:19:48', '2025-02-16 07:19:48'),
(196, 196, 3, '2025-02-16 07:19:48', '2025-02-16 07:19:48'),
(197, 197, 3, '2025-02-16 07:19:48', '2025-02-16 07:19:48'),
(198, 198, 3, '2025-02-16 07:19:48', '2025-02-16 07:19:48'),
(199, 199, 3, '2025-02-16 07:19:49', '2025-02-16 07:19:49'),
(200, 200, 3, '2025-02-16 07:19:49', '2025-02-16 07:19:49'),
(201, 201, 3, '2025-02-16 07:19:49', '2025-02-16 07:19:49'),
(203, 203, 2, NULL, NULL),
(206, 204, 2, NULL, NULL),
(207, 209, 6, NULL, NULL),
(208, 211, 6, NULL, NULL),
(209, 213, 6, NULL, NULL),
(210, 214, 2, NULL, NULL),
(218, 222, 2, NULL, NULL),
(219, 223, 2, NULL, NULL),
(220, 204, 3, NULL, NULL),
(221, 214, 3, NULL, NULL),
(222, 223, 4, NULL, NULL),
(223, 214, 8, NULL, NULL),
(224, 223, 3, NULL, NULL),
(225, 224, 3, NULL, NULL),
(226, 225, 3, NULL, NULL),
(227, 226, 3, NULL, NULL),
(257, 259, 2, NULL, NULL),
(258, 259, 2, NULL, NULL),
(259, 259, 2, NULL, NULL),
(271, 274, 2, NULL, NULL),
(272, 276, 2, NULL, NULL),
(283, 259, 2, NULL, NULL),
(284, 281, 2, NULL, NULL),
(285, 282, 2, NULL, NULL),
(288, 284, 2, NULL, NULL),
(290, 214, 2, NULL, NULL),
(291, 214, 2, NULL, NULL),
(304, 214, 2, NULL, NULL),
(305, 214, 2, NULL, NULL),
(306, 214, 2, NULL, NULL),
(307, 214, 2, NULL, NULL);

-- --------------------------------------------------------

--
-- Table structure for table `address_donors`
--

CREATE TABLE `address_donors` (
  `id` bigint UNSIGNED NOT NULL,
  `city` varchar(255) CHARACTER SET utf8mb4 COLLATE utf8mb4_unicode_ci DEFAULT NULL,
  `country` varchar(255) CHARACTER SET utf8mb4 COLLATE utf8mb4_unicode_ci DEFAULT NULL,
  `state` varchar(255) CHARACTER SET utf8mb4 COLLATE utf8mb4_unicode_ci DEFAULT NULL,
  `address` varchar(255) CHARACTER SET utf8mb4 COLLATE utf8mb4_unicode_ci DEFAULT NULL,
  `nationality` varchar(255) CHARACTER SET utf8mb4 COLLATE utf8mb4_unicode_ci DEFAULT NULL,
  `status` tinyint DEFAULT '1',
  `created_by` bigint UNSIGNED DEFAULT NULL,
  `updated_by` bigint UNSIGNED DEFAULT NULL,
  `deleted_at` timestamp NULL DEFAULT NULL,
  `doner_id` bigint UNSIGNED NOT NULL,
  `created_at` timestamp NULL DEFAULT NULL,
  `updated_at` timestamp NULL DEFAULT NULL
) ENGINE=InnoDB DEFAULT CHARSET=utf8mb4 COLLATE=utf8mb4_unicode_ci;

-- --------------------------------------------------------

--
-- Table structure for table `ads`
--

CREATE TABLE `ads` (
  `id` bigint UNSIGNED NOT NULL,
  `model_id` bigint UNSIGNED NOT NULL,
  `model` varchar(255) CHARACTER SET utf8mb4 COLLATE utf8mb4_unicode_ci DEFAULT NULL,
  `image` varchar(255) CHARACTER SET utf8mb4 COLLATE utf8mb4_unicode_ci DEFAULT NULL,
  `link` varchar(255) CHARACTER SET utf8mb4 COLLATE utf8mb4_unicode_ci DEFAULT NULL,
  `deleted_at` timestamp NULL DEFAULT NULL,
  `created_at` timestamp NULL DEFAULT NULL,
  `updated_at` timestamp NULL DEFAULT NULL
) ENGINE=InnoDB DEFAULT CHARSET=utf8mb4 COLLATE=utf8mb4_unicode_ci;

-- --------------------------------------------------------

--
-- Table structure for table `app_articles`
--

CREATE TABLE `app_articles` (
  `id` bigint UNSIGNED NOT NULL,
  `section_id` bigint UNSIGNED NOT NULL,
  `hits` int DEFAULT '0',
  `sort` int DEFAULT '0',
  `image` varchar(255) CHARACTER SET utf8mb4 COLLATE utf8mb4_unicode_ci DEFAULT NULL,
  `feature` tinyint DEFAULT '1',
  `status` tinyint DEFAULT '1',
  `created_by` bigint UNSIGNED DEFAULT NULL,
  `updated_by` bigint UNSIGNED DEFAULT NULL,
  `deleted_at` timestamp NULL DEFAULT NULL,
  `created_at` timestamp NULL DEFAULT NULL,
  `updated_at` timestamp NULL DEFAULT NULL
) ENGINE=InnoDB DEFAULT CHARSET=utf8mb4 COLLATE=utf8mb4_unicode_ci;

-- --------------------------------------------------------

--
-- Table structure for table `app_articles_translations`
--

CREATE TABLE `app_articles_translations` (
  `id` bigint UNSIGNED NOT NULL,
  `article_id` bigint UNSIGNED NOT NULL,
  `locale` varchar(255) CHARACTER SET utf8mb4 COLLATE utf8mb4_unicode_ci NOT NULL,
  `title` varchar(255) CHARACTER SET utf8mb4 COLLATE utf8mb4_unicode_ci NOT NULL,
  `slug` varchar(255) CHARACTER SET utf8mb4 COLLATE utf8mb4_unicode_ci DEFAULT NULL,
  `description` longtext CHARACTER SET utf8mb4 COLLATE utf8mb4_unicode_ci,
  `created_at` timestamp NULL DEFAULT NULL,
  `updated_at` timestamp NULL DEFAULT NULL
) ENGINE=InnoDB DEFAULT CHARSET=utf8mb4 COLLATE=utf8mb4_unicode_ci;

-- --------------------------------------------------------

--
-- Table structure for table `app_sections`
--

CREATE TABLE `app_sections` (
  `id` bigint UNSIGNED NOT NULL,
  `sort` int DEFAULT '0',
  `image` varchar(255) CHARACTER SET utf8mb4 COLLATE utf8mb4_unicode_ci DEFAULT NULL,
  `feature` tinyint DEFAULT '1',
  `status` tinyint DEFAULT '1',
  `created_by` bigint UNSIGNED DEFAULT NULL,
  `updated_by` bigint UNSIGNED DEFAULT NULL,
  `deleted_at` timestamp NULL DEFAULT NULL,
  `created_at` timestamp NULL DEFAULT NULL,
  `updated_at` timestamp NULL DEFAULT NULL
) ENGINE=InnoDB DEFAULT CHARSET=utf8mb4 COLLATE=utf8mb4_unicode_ci;

-- --------------------------------------------------------

--
-- Table structure for table `app_section_translations`
--

CREATE TABLE `app_section_translations` (
  `id` bigint UNSIGNED NOT NULL,
  `section_id` bigint UNSIGNED NOT NULL,
  `locale` varchar(255) CHARACTER SET utf8mb4 COLLATE utf8mb4_unicode_ci NOT NULL,
  `title` varchar(255) CHARACTER SET utf8mb4 COLLATE utf8mb4_unicode_ci NOT NULL,
  `slug` varchar(255) CHARACTER SET utf8mb4 COLLATE utf8mb4_unicode_ci DEFAULT NULL,
  `description` longtext CHARACTER SET utf8mb4 COLLATE utf8mb4_unicode_ci,
  `created_at` timestamp NULL DEFAULT NULL,
  `updated_at` timestamp NULL DEFAULT NULL
) ENGINE=InnoDB DEFAULT CHARSET=utf8mb4 COLLATE=utf8mb4_unicode_ci;

-- --------------------------------------------------------

--
-- Table structure for table `articler_tag_pivot`
--

CREATE TABLE `articler_tag_pivot` (
  `id` bigint UNSIGNED NOT NULL,
  `article_id` bigint UNSIGNED NOT NULL,
  `tag_id` bigint UNSIGNED NOT NULL,
  `created_at` timestamp NULL DEFAULT NULL,
  `updated_at` timestamp NULL DEFAULT NULL
) ENGINE=InnoDB DEFAULT CHARSET=utf8mb4 COLLATE=utf8mb4_unicode_ci;

-- --------------------------------------------------------

--
-- Table structure for table `articles`
--

CREATE TABLE `articles` (
  `id` bigint UNSIGNED NOT NULL,
  `category_id` bigint UNSIGNED DEFAULT NULL,
  `image` varchar(255) CHARACTER SET utf8mb4 COLLATE utf8mb4_unicode_ci DEFAULT NULL,
  `sort` int DEFAULT '0',
  `status` tinyint DEFAULT '1',
  `feature` tinyint DEFAULT '1',
  `news_ticker` tinyint DEFAULT '1',
  `created_by` bigint UNSIGNED DEFAULT NULL,
  `updated_by` bigint UNSIGNED DEFAULT NULL,
  `deleted_at` timestamp NULL DEFAULT NULL,
  `created_at` timestamp NULL DEFAULT NULL,
  `updated_at` timestamp NULL DEFAULT NULL
) ENGINE=InnoDB DEFAULT CHARSET=utf8mb4 COLLATE=utf8mb4_unicode_ci;

--
-- Dumping data for table `articles`
--

INSERT INTO `articles` (`id`, `category_id`, `image`, `sort`, `status`, `feature`, `news_ticker`, `created_by`, `updated_by`, `deleted_at`, `created_at`, `updated_at`) VALUES
(601, NULL, 'https://via.placeholder.com/50x50.png/0088aa?text=cumque', 1, 2, 1, 1, NULL, NULL, NULL, '2025-02-16 07:19:31', '2025-02-16 07:19:31'),
(602, NULL, 'https://via.placeholder.com/50x50.png/009966?text=mollitia', 2, 1, 1, 1, NULL, NULL, NULL, '2025-02-16 07:19:31', '2025-02-16 07:19:31'),
(603, NULL, 'https://via.placeholder.com/50x50.png/00cc22?text=magnam', 2, 1, 1, 1, NULL, NULL, NULL, '2025-02-16 07:19:31', '2025-02-16 07:19:31'),
(604, NULL, 'https://via.placeholder.com/50x50.png/0099cc?text=molestias', 1, 2, 1, 2, NULL, NULL, NULL, '2025-02-16 07:19:31', '2025-02-16 07:19:31'),
(605, NULL, 'https://via.placeholder.com/50x50.png/00ccbb?text=laborum', 2, 2, 1, 2, NULL, NULL, NULL, '2025-02-16 07:19:31', '2025-02-16 07:19:31'),
(606, NULL, 'https://via.placeholder.com/50x50.png/007722?text=distinctio', 2, 1, 1, 2, NULL, NULL, NULL, '2025-02-16 07:19:31', '2025-02-16 07:19:31'),
(607, NULL, 'https://via.placeholder.com/50x50.png/00ddbb?text=ea', 1, 2, 1, 2, NULL, NULL, NULL, '2025-02-16 07:19:31', '2025-02-16 07:19:31'),
(608, NULL, 'https://via.placeholder.com/50x50.png/0077ee?text=et', 2, 2, 1, 2, NULL, NULL, NULL, '2025-02-16 07:19:31', '2025-02-16 07:19:31'),
(609, NULL, 'attachments/articles/1741614524.png', 1, 1, 1, 2, NULL, 1, NULL, '2025-02-16 07:19:31', '2025-03-10 11:48:44'),
(610, NULL, 'attachments/articles/1741614064.png', 1, 1, 1, 1, NULL, 1, NULL, '2025-02-16 07:19:31', '2025-03-10 11:41:04'),
(611, NULL, 'https://via.placeholder.com/50x50.png/00aa44?text=a', 2, 2, 1, 1, NULL, NULL, NULL, '2025-02-16 07:19:31', '2025-02-16 07:19:31'),
(612, NULL, 'https://via.placeholder.com/50x50.png/0033aa?text=doloremque', 1, 2, 1, 1, NULL, NULL, NULL, '2025-02-16 07:19:31', '2025-02-16 07:19:31'),
(613, NULL, 'attachments/articles/1741614540.png', 1, 1, 1, 2, NULL, 1, NULL, '2025-02-16 07:19:31', '2025-03-10 11:49:00'),
(614, NULL, 'attachments/articles/1741614557.png', 1, 1, 1, 2, NULL, 1, NULL, '2025-02-16 07:19:31', '2025-03-10 11:49:17'),
(615, NULL, 'https://via.placeholder.com/50x50.png/003311?text=reprehenderit', 2, 1, 1, 2, NULL, NULL, NULL, '2025-02-16 07:19:31', '2025-02-16 07:19:31'),
(616, NULL, 'https://via.placeholder.com/50x50.png/006655?text=esse', 1, 2, 1, 1, NULL, NULL, NULL, '2025-02-16 07:19:31', '2025-02-16 07:19:31'),
(617, NULL, 'https://via.placeholder.com/50x50.png/0088cc?text=esse', 2, 1, 1, 1, NULL, NULL, NULL, '2025-02-16 07:19:31', '2025-02-16 07:19:31'),
(618, NULL, 'https://via.placeholder.com/50x50.png/0000ee?text=ullam', 2, 1, 1, 1, NULL, NULL, NULL, '2025-02-16 07:19:31', '2025-02-16 07:19:31'),
(619, NULL, 'https://via.placeholder.com/50x50.png/0011ff?text=ea', 1, 2, 1, 1, NULL, NULL, NULL, '2025-02-16 07:19:31', '2025-02-16 07:19:31'),
(620, NULL, 'https://via.placeholder.com/50x50.png/0011bb?text=tempore', 1, 1, 1, 1, NULL, NULL, NULL, '2025-02-16 07:19:31', '2025-02-16 07:19:31'),
(621, NULL, 'https://via.placeholder.com/50x50.png/00dd33?text=omnis', 2, 1, 1, 2, NULL, NULL, NULL, '2025-02-16 07:19:31', '2025-02-16 07:19:31'),
(622, NULL, 'https://via.placeholder.com/50x50.png/00bb44?text=maxime', 1, 1, 1, 1, NULL, NULL, NULL, '2025-02-16 07:19:31', '2025-02-16 07:19:31'),
(623, NULL, 'https://via.placeholder.com/50x50.png/008822?text=veniam', 1, 2, 1, 1, NULL, NULL, NULL, '2025-02-16 07:19:31', '2025-02-16 07:19:31'),
(624, NULL, 'https://via.placeholder.com/50x50.png/004433?text=qui', 1, 2, 1, 1, NULL, NULL, NULL, '2025-02-16 07:19:31', '2025-02-16 07:19:31'),
(625, NULL, 'https://via.placeholder.com/50x50.png/00ddcc?text=quam', 2, 2, 1, 1, NULL, NULL, NULL, '2025-02-16 07:19:31', '2025-02-16 07:19:31'),
(626, NULL, 'https://via.placeholder.com/50x50.png/00eedd?text=sit', 1, 2, 1, 1, NULL, NULL, NULL, '2025-02-16 07:19:31', '2025-02-16 07:19:31'),
(627, NULL, 'https://via.placeholder.com/50x50.png/0077ee?text=ad', 1, 2, 1, 2, NULL, NULL, NULL, '2025-02-16 07:19:31', '2025-02-16 07:19:31'),
(628, NULL, 'https://via.placeholder.com/50x50.png/0088dd?text=voluptatem', 2, 1, 1, 1, NULL, NULL, NULL, '2025-02-16 07:19:31', '2025-02-16 07:19:31'),
(629, NULL, 'https://via.placeholder.com/50x50.png/009999?text=necessitatibus', 1, 2, 1, 1, NULL, NULL, NULL, '2025-02-16 07:19:31', '2025-02-16 07:19:31'),
(630, NULL, 'https://via.placeholder.com/50x50.png/00dd55?text=et', 2, 1, 1, 2, NULL, NULL, NULL, '2025-02-16 07:19:31', '2025-02-16 07:19:31'),
(631, NULL, 'https://via.placeholder.com/50x50.png/004433?text=deserunt', 2, 1, 1, 2, NULL, NULL, NULL, '2025-02-16 07:19:31', '2025-02-16 07:19:31'),
(632, NULL, 'https://via.placeholder.com/50x50.png/008844?text=atque', 2, 1, 1, 2, NULL, NULL, NULL, '2025-02-16 07:19:31', '2025-02-16 07:19:31'),
(633, NULL, 'https://via.placeholder.com/50x50.png/00dd55?text=omnis', 1, 1, 1, 2, NULL, NULL, NULL, '2025-02-16 07:19:31', '2025-02-16 07:19:31'),
(634, NULL, 'https://via.placeholder.com/50x50.png/001100?text=quis', 1, 2, 1, 2, NULL, NULL, NULL, '2025-02-16 07:19:31', '2025-02-16 07:19:31'),
(635, NULL, 'https://via.placeholder.com/50x50.png/00aaff?text=totam', 1, 1, 1, 1, NULL, NULL, NULL, '2025-02-16 07:19:31', '2025-02-16 07:19:31'),
(636, NULL, 'https://via.placeholder.com/50x50.png/0033bb?text=velit', 2, 2, 1, 2, NULL, NULL, NULL, '2025-02-16 07:19:31', '2025-02-16 07:19:31'),
(637, NULL, 'https://via.placeholder.com/50x50.png/001133?text=magnam', 2, 1, 1, 2, NULL, NULL, NULL, '2025-02-16 07:19:31', '2025-02-16 07:19:31'),
(638, NULL, 'https://via.placeholder.com/50x50.png/004466?text=distinctio', 1, 2, 1, 2, NULL, NULL, NULL, '2025-02-16 07:19:31', '2025-02-16 07:19:31'),
(639, NULL, 'https://via.placeholder.com/50x50.png/00ee22?text=quia', 1, 1, 1, 2, NULL, NULL, NULL, '2025-02-16 07:19:31', '2025-02-16 07:19:31'),
(640, NULL, 'https://via.placeholder.com/50x50.png/009977?text=occaecati', 1, 1, 1, 1, NULL, NULL, NULL, '2025-02-16 07:19:31', '2025-02-16 07:19:31'),
(641, NULL, 'https://via.placeholder.com/50x50.png/0077dd?text=deserunt', 2, 1, 1, 1, NULL, NULL, NULL, '2025-02-16 07:19:31', '2025-02-16 07:19:31'),
(642, NULL, 'https://via.placeholder.com/50x50.png/0055bb?text=et', 1, 2, 1, 2, NULL, NULL, NULL, '2025-02-16 07:19:31', '2025-02-16 07:19:31'),
(643, NULL, 'https://via.placeholder.com/50x50.png/009977?text=non', 1, 1, 1, 1, NULL, NULL, NULL, '2025-02-16 07:19:31', '2025-02-16 07:19:31'),
(644, NULL, 'https://via.placeholder.com/50x50.png/007711?text=ut', 1, 2, 1, 2, NULL, NULL, NULL, '2025-02-16 07:19:31', '2025-02-16 07:19:31'),
(645, NULL, 'https://via.placeholder.com/50x50.png/00eebb?text=vero', 2, 1, 1, 1, NULL, NULL, NULL, '2025-02-16 07:19:31', '2025-02-16 07:19:31'),
(646, NULL, 'https://via.placeholder.com/50x50.png/00aa00?text=ad', 1, 1, 1, 2, NULL, NULL, NULL, '2025-02-16 07:19:31', '2025-02-16 07:19:31'),
(647, NULL, 'https://via.placeholder.com/50x50.png/0077ff?text=repudiandae', 2, 2, 1, 1, NULL, NULL, NULL, '2025-02-16 07:19:31', '2025-02-16 07:19:31'),
(648, NULL, 'https://via.placeholder.com/50x50.png/000022?text=sapiente', 2, 2, 1, 1, NULL, NULL, NULL, '2025-02-16 07:19:31', '2025-02-16 07:19:31'),
(649, NULL, 'https://via.placeholder.com/50x50.png/003344?text=suscipit', 2, 2, 1, 2, NULL, NULL, NULL, '2025-02-16 07:19:31', '2025-02-16 07:19:31'),
(650, NULL, 'https://via.placeholder.com/50x50.png/00aaaa?text=consequuntur', 1, 1, 1, 1, NULL, NULL, NULL, '2025-02-16 07:19:31', '2025-02-16 07:19:31'),
(651, NULL, 'https://via.placeholder.com/50x50.png/005522?text=et', 1, 1, 1, 1, NULL, NULL, NULL, '2025-02-16 07:19:31', '2025-02-16 07:19:31'),
(652, NULL, 'https://via.placeholder.com/50x50.png/00dddd?text=non', 1, 2, 1, 1, NULL, NULL, NULL, '2025-02-16 07:19:31', '2025-02-16 07:19:31'),
(653, NULL, 'https://via.placeholder.com/50x50.png/00bb00?text=non', 2, 2, 1, 1, NULL, NULL, NULL, '2025-02-16 07:19:31', '2025-02-16 07:19:31'),
(654, NULL, 'https://via.placeholder.com/50x50.png/0055ff?text=maiores', 1, 2, 1, 2, NULL, NULL, NULL, '2025-02-16 07:19:31', '2025-02-16 07:19:31'),
(655, NULL, 'https://via.placeholder.com/50x50.png/00bb11?text=occaecati', 2, 2, 1, 2, NULL, NULL, NULL, '2025-02-16 07:19:31', '2025-02-16 07:19:31'),
(656, NULL, 'https://via.placeholder.com/50x50.png/005511?text=ipsum', 1, 1, 1, 2, NULL, NULL, NULL, '2025-02-16 07:19:31', '2025-02-16 07:19:31'),
(657, NULL, 'https://via.placeholder.com/50x50.png/00cc99?text=totam', 2, 1, 1, 1, NULL, NULL, NULL, '2025-02-16 07:19:31', '2025-02-16 07:19:31'),
(658, NULL, 'https://via.placeholder.com/50x50.png/000077?text=et', 2, 1, 1, 2, NULL, NULL, NULL, '2025-02-16 07:19:31', '2025-02-16 07:19:31'),
(659, NULL, 'https://via.placeholder.com/50x50.png/0066dd?text=sit', 2, 1, 1, 2, NULL, NULL, NULL, '2025-02-16 07:19:31', '2025-02-16 07:19:31'),
(660, NULL, 'https://via.placeholder.com/50x50.png/00ff66?text=sint', 2, 2, 1, 1, NULL, NULL, NULL, '2025-02-16 07:19:31', '2025-02-16 07:19:31'),
(661, NULL, 'https://via.placeholder.com/50x50.png/0099ff?text=dolor', 1, 2, 1, 2, NULL, NULL, NULL, '2025-02-16 07:19:31', '2025-02-16 07:19:31'),
(662, NULL, 'https://via.placeholder.com/50x50.png/0077bb?text=vitae', 1, 1, 1, 1, NULL, NULL, NULL, '2025-02-16 07:19:31', '2025-02-16 07:19:31'),
(663, NULL, 'https://via.placeholder.com/50x50.png/0088ff?text=eveniet', 2, 2, 1, 1, NULL, NULL, NULL, '2025-02-16 07:19:31', '2025-02-16 07:19:31'),
(664, NULL, 'https://via.placeholder.com/50x50.png/003377?text=et', 2, 1, 1, 1, NULL, NULL, NULL, '2025-02-16 07:19:31', '2025-02-16 07:19:31'),
(665, NULL, 'https://via.placeholder.com/50x50.png/00cc66?text=enim', 2, 1, 1, 2, NULL, NULL, NULL, '2025-02-16 07:19:31', '2025-02-16 07:19:31'),
(666, NULL, 'https://via.placeholder.com/50x50.png/00ee66?text=ut', 1, 1, 1, 2, NULL, NULL, NULL, '2025-02-16 07:19:31', '2025-02-16 07:19:31'),
(667, NULL, 'https://via.placeholder.com/50x50.png/003322?text=voluptatem', 1, 1, 1, 1, NULL, NULL, NULL, '2025-02-16 07:19:31', '2025-02-16 07:19:31'),
(668, NULL, 'https://via.placeholder.com/50x50.png/007755?text=quis', 1, 1, 1, 1, NULL, NULL, NULL, '2025-02-16 07:19:31', '2025-02-16 07:19:31'),
(669, NULL, 'https://via.placeholder.com/50x50.png/009922?text=nostrum', 2, 1, 1, 1, NULL, NULL, NULL, '2025-02-16 07:19:31', '2025-02-16 07:19:31'),
(670, NULL, 'https://via.placeholder.com/50x50.png/00cc66?text=est', 1, 1, 1, 1, NULL, NULL, NULL, '2025-02-16 07:19:31', '2025-02-16 07:19:31'),
(671, NULL, 'https://via.placeholder.com/50x50.png/00dd00?text=officiis', 1, 2, 1, 2, NULL, NULL, NULL, '2025-02-16 07:19:31', '2025-02-16 07:19:31'),
(672, NULL, 'https://via.placeholder.com/50x50.png/00bbcc?text=magni', 1, 2, 1, 1, NULL, NULL, NULL, '2025-02-16 07:19:31', '2025-02-16 07:19:31'),
(673, NULL, 'https://via.placeholder.com/50x50.png/00bb22?text=consequatur', 1, 2, 1, 1, NULL, NULL, NULL, '2025-02-16 07:19:31', '2025-02-16 07:19:31'),
(674, NULL, 'https://via.placeholder.com/50x50.png/0033dd?text=aut', 2, 1, 1, 2, NULL, NULL, NULL, '2025-02-16 07:19:31', '2025-02-16 07:19:31'),
(675, NULL, 'https://via.placeholder.com/50x50.png/009900?text=rerum', 2, 2, 1, 2, NULL, NULL, NULL, '2025-02-16 07:19:31', '2025-02-16 07:19:31'),
(676, NULL, 'https://via.placeholder.com/50x50.png/009922?text=est', 2, 2, 1, 2, NULL, NULL, NULL, '2025-02-16 07:19:31', '2025-02-16 07:19:31'),
(677, NULL, 'https://via.placeholder.com/50x50.png/007711?text=enim', 1, 2, 1, 1, NULL, NULL, NULL, '2025-02-16 07:19:31', '2025-02-16 07:19:31'),
(678, NULL, 'https://via.placeholder.com/50x50.png/00bb66?text=est', 1, 2, 1, 1, NULL, NULL, NULL, '2025-02-16 07:19:31', '2025-02-16 07:19:31'),
(679, NULL, 'https://via.placeholder.com/50x50.png/0011ee?text=necessitatibus', 1, 1, 1, 2, NULL, NULL, NULL, '2025-02-16 07:19:31', '2025-02-16 07:19:31'),
(680, NULL, 'https://via.placeholder.com/50x50.png/000099?text=dolorum', 1, 1, 1, 1, NULL, NULL, NULL, '2025-02-16 07:19:31', '2025-02-16 07:19:31'),
(681, NULL, 'https://via.placeholder.com/50x50.png/0066dd?text=quia', 1, 1, 1, 1, NULL, NULL, NULL, '2025-02-16 07:19:31', '2025-02-16 07:19:31'),
(682, NULL, 'https://via.placeholder.com/50x50.png/00ccaa?text=sed', 1, 1, 1, 2, NULL, NULL, NULL, '2025-02-16 07:19:31', '2025-02-16 07:19:31'),
(683, NULL, 'https://via.placeholder.com/50x50.png/003322?text=incidunt', 1, 1, 1, 1, NULL, NULL, NULL, '2025-02-16 07:19:31', '2025-02-16 07:19:31'),
(684, NULL, 'https://via.placeholder.com/50x50.png/0055ee?text=commodi', 2, 1, 1, 2, NULL, NULL, NULL, '2025-02-16 07:19:31', '2025-02-16 07:19:31'),
(685, NULL, 'https://via.placeholder.com/50x50.png/0088dd?text=qui', 1, 2, 1, 2, NULL, NULL, NULL, '2025-02-16 07:19:31', '2025-02-16 07:19:31'),
(686, NULL, 'https://via.placeholder.com/50x50.png/007711?text=ut', 2, 2, 1, 2, NULL, NULL, NULL, '2025-02-16 07:19:31', '2025-02-16 07:19:31'),
(687, NULL, 'https://via.placeholder.com/50x50.png/00ffff?text=totam', 2, 2, 1, 1, NULL, NULL, NULL, '2025-02-16 07:19:31', '2025-02-16 07:19:31'),
(688, NULL, 'https://via.placeholder.com/50x50.png/0055aa?text=natus', 1, 1, 1, 2, NULL, NULL, NULL, '2025-02-16 07:19:31', '2025-02-16 07:19:31'),
(689, NULL, 'https://via.placeholder.com/50x50.png/00eeff?text=perferendis', 1, 1, 1, 1, NULL, NULL, NULL, '2025-02-16 07:19:31', '2025-02-16 07:19:31'),
(690, NULL, 'https://via.placeholder.com/50x50.png/001177?text=et', 2, 1, 1, 1, NULL, NULL, NULL, '2025-02-16 07:19:31', '2025-02-16 07:19:31'),
(691, NULL, 'https://via.placeholder.com/50x50.png/00cc88?text=tenetur', 2, 2, 1, 2, NULL, NULL, NULL, '2025-02-16 07:19:31', '2025-02-16 07:19:31'),
(692, NULL, 'https://via.placeholder.com/50x50.png/00ff55?text=voluptatem', 1, 1, 1, 2, NULL, NULL, NULL, '2025-02-16 07:19:31', '2025-02-16 07:19:31'),
(693, NULL, 'https://via.placeholder.com/50x50.png/00aabb?text=aliquid', 2, 1, 1, 2, NULL, NULL, NULL, '2025-02-16 07:19:31', '2025-02-16 07:19:31'),
(694, NULL, 'https://via.placeholder.com/50x50.png/005566?text=sequi', 1, 2, 1, 1, NULL, NULL, NULL, '2025-02-16 07:19:31', '2025-02-16 07:19:31'),
(695, NULL, 'https://via.placeholder.com/50x50.png/00cc22?text=architecto', 2, 2, 1, 1, NULL, NULL, NULL, '2025-02-16 07:19:31', '2025-02-16 07:19:31'),
(696, NULL, 'https://via.placeholder.com/50x50.png/003399?text=reprehenderit', 1, 1, 1, 2, NULL, NULL, NULL, '2025-02-16 07:19:31', '2025-02-16 07:19:31'),
(697, NULL, 'https://via.placeholder.com/50x50.png/00dd99?text=sunt', 1, 1, 1, 2, NULL, NULL, NULL, '2025-02-16 07:19:31', '2025-02-16 07:19:31'),
(698, NULL, 'https://via.placeholder.com/50x50.png/00dd66?text=quia', 1, 2, 1, 2, NULL, NULL, NULL, '2025-02-16 07:19:31', '2025-02-16 07:19:31'),
(699, NULL, 'https://via.placeholder.com/50x50.png/0022dd?text=dolor', 2, 2, 1, 1, NULL, NULL, NULL, '2025-02-16 07:19:31', '2025-02-16 07:19:31'),
(700, NULL, 'https://via.placeholder.com/50x50.png/0022ff?text=soluta', 2, 1, 1, 1, NULL, NULL, NULL, '2025-02-16 07:19:31', '2025-02-16 07:19:31'),
(701, NULL, 'https://via.placeholder.com/50x50.png/00bbcc?text=officiis', 2, 1, 1, 1, NULL, NULL, NULL, '2025-02-16 07:19:31', '2025-02-16 07:19:31'),
(702, NULL, 'https://via.placeholder.com/50x50.png/0099dd?text=doloribus', 1, 2, 1, 2, NULL, NULL, NULL, '2025-02-16 07:19:31', '2025-02-16 07:19:31'),
(703, NULL, 'https://via.placeholder.com/50x50.png/003399?text=ullam', 2, 2, 1, 1, NULL, NULL, NULL, '2025-02-16 07:19:31', '2025-02-16 07:19:31'),
(704, NULL, 'https://via.placeholder.com/50x50.png/001122?text=architecto', 2, 1, 1, 2, NULL, NULL, NULL, '2025-02-16 07:19:31', '2025-02-16 07:19:31'),
(705, NULL, 'https://via.placeholder.com/50x50.png/007799?text=deserunt', 2, 1, 1, 1, NULL, NULL, NULL, '2025-02-16 07:19:31', '2025-02-16 07:19:31'),
(706, NULL, 'https://via.placeholder.com/50x50.png/000055?text=reprehenderit', 1, 2, 1, 2, NULL, NULL, NULL, '2025-02-16 07:19:31', '2025-02-16 07:19:31'),
(707, NULL, 'https://via.placeholder.com/50x50.png/006611?text=nihil', 1, 2, 1, 1, NULL, NULL, NULL, '2025-02-16 07:19:31', '2025-02-16 07:19:31'),
(708, NULL, 'https://via.placeholder.com/50x50.png/00eeaa?text=voluptatibus', 1, 1, 1, 2, NULL, NULL, NULL, '2025-02-16 07:19:31', '2025-02-16 07:19:31'),
(709, NULL, 'https://via.placeholder.com/50x50.png/0055ff?text=accusantium', 2, 2, 1, 2, NULL, NULL, NULL, '2025-02-16 07:19:31', '2025-02-16 07:19:31'),
(710, NULL, 'https://via.placeholder.com/50x50.png/00aa55?text=qui', 1, 1, 1, 1, NULL, NULL, NULL, '2025-02-16 07:19:31', '2025-02-16 07:19:31'),
(711, NULL, 'https://via.placeholder.com/50x50.png/0033bb?text=consectetur', 2, 2, 1, 1, NULL, NULL, NULL, '2025-02-16 07:19:31', '2025-02-16 07:19:31'),
(712, NULL, 'https://via.placeholder.com/50x50.png/0099cc?text=odit', 1, 1, 1, 1, NULL, NULL, NULL, '2025-02-16 07:19:31', '2025-02-16 07:19:31'),
(713, NULL, 'https://via.placeholder.com/50x50.png/000044?text=et', 1, 2, 1, 2, NULL, NULL, NULL, '2025-02-16 07:19:31', '2025-02-16 07:19:31'),
(714, NULL, 'https://via.placeholder.com/50x50.png/0088dd?text=sit', 1, 1, 1, 2, NULL, NULL, NULL, '2025-02-16 07:19:31', '2025-02-16 07:19:31'),
(715, NULL, 'https://via.placeholder.com/50x50.png/00ee44?text=non', 2, 1, 1, 1, NULL, NULL, NULL, '2025-02-16 07:19:31', '2025-02-16 07:19:31'),
(716, NULL, 'https://via.placeholder.com/50x50.png/005500?text=sint', 1, 1, 1, 2, NULL, NULL, NULL, '2025-02-16 07:19:31', '2025-02-16 07:19:31'),
(717, NULL, 'https://via.placeholder.com/50x50.png/00aaee?text=qui', 1, 2, 1, 2, NULL, NULL, NULL, '2025-02-16 07:19:31', '2025-02-16 07:19:31'),
(718, NULL, 'https://via.placeholder.com/50x50.png/0000bb?text=ea', 2, 1, 1, 1, NULL, NULL, NULL, '2025-02-16 07:19:31', '2025-02-16 07:19:31'),
(719, NULL, 'https://via.placeholder.com/50x50.png/008833?text=voluptatibus', 2, 2, 1, 1, NULL, NULL, NULL, '2025-02-16 07:19:31', '2025-02-16 07:19:31'),
(720, NULL, 'https://via.placeholder.com/50x50.png/0055aa?text=dignissimos', 1, 2, 1, 2, NULL, NULL, NULL, '2025-02-16 07:19:31', '2025-02-16 07:19:31'),
(721, NULL, 'https://via.placeholder.com/50x50.png/0077cc?text=earum', 1, 1, 1, 1, NULL, NULL, NULL, '2025-02-16 07:19:31', '2025-02-16 07:19:31'),
(722, NULL, 'https://via.placeholder.com/50x50.png/0000ff?text=eligendi', 1, 2, 1, 1, NULL, NULL, NULL, '2025-02-16 07:19:31', '2025-02-16 07:19:31'),
(723, NULL, 'https://via.placeholder.com/50x50.png/00bb11?text=et', 2, 2, 1, 2, NULL, NULL, NULL, '2025-02-16 07:19:31', '2025-02-16 07:19:31'),
(724, NULL, 'https://via.placeholder.com/50x50.png/0099ff?text=nostrum', 1, 1, 1, 2, NULL, NULL, NULL, '2025-02-16 07:19:31', '2025-02-16 07:19:31'),
(725, NULL, 'https://via.placeholder.com/50x50.png/0066aa?text=natus', 2, 1, 1, 1, NULL, NULL, NULL, '2025-02-16 07:19:31', '2025-02-16 07:19:31'),
(726, NULL, 'https://via.placeholder.com/50x50.png/0011cc?text=velit', 1, 1, 1, 2, NULL, NULL, NULL, '2025-02-16 07:19:31', '2025-02-16 07:19:31'),
(727, NULL, 'https://via.placeholder.com/50x50.png/004433?text=consectetur', 1, 2, 1, 2, NULL, NULL, NULL, '2025-02-16 07:19:31', '2025-02-16 07:19:31'),
(728, NULL, 'https://via.placeholder.com/50x50.png/0077aa?text=nam', 2, 2, 1, 2, NULL, NULL, NULL, '2025-02-16 07:19:31', '2025-02-16 07:19:31'),
(729, NULL, 'https://via.placeholder.com/50x50.png/00eebb?text=voluptatum', 1, 2, 1, 1, NULL, NULL, NULL, '2025-02-16 07:19:31', '2025-02-16 07:19:31'),
(730, NULL, 'https://via.placeholder.com/50x50.png/00ff77?text=et', 1, 2, 1, 1, NULL, NULL, NULL, '2025-02-16 07:19:31', '2025-02-16 07:19:31'),
(731, NULL, 'https://via.placeholder.com/50x50.png/0022cc?text=dolorem', 1, 1, 1, 2, NULL, NULL, NULL, '2025-02-16 07:19:31', '2025-02-16 07:19:31'),
(732, NULL, 'https://via.placeholder.com/50x50.png/0088cc?text=sint', 2, 1, 1, 2, NULL, NULL, NULL, '2025-02-16 07:19:31', '2025-02-16 07:19:31'),
(733, NULL, 'https://via.placeholder.com/50x50.png/009922?text=eligendi', 1, 2, 1, 2, NULL, NULL, NULL, '2025-02-16 07:19:31', '2025-02-16 07:19:31'),
(734, NULL, 'https://via.placeholder.com/50x50.png/00aacc?text=rerum', 1, 2, 1, 2, NULL, NULL, NULL, '2025-02-16 07:19:31', '2025-02-16 07:19:31'),
(735, NULL, 'https://via.placeholder.com/50x50.png/0077aa?text=alias', 1, 2, 1, 2, NULL, NULL, NULL, '2025-02-16 07:19:31', '2025-02-16 07:19:31'),
(736, NULL, 'https://via.placeholder.com/50x50.png/00aa55?text=sed', 1, 2, 1, 1, NULL, NULL, NULL, '2025-02-16 07:19:31', '2025-02-16 07:19:31'),
(737, NULL, 'https://via.placeholder.com/50x50.png/002200?text=iure', 2, 1, 1, 2, NULL, NULL, NULL, '2025-02-16 07:19:32', '2025-02-16 07:19:32'),
(738, NULL, 'https://via.placeholder.com/50x50.png/00bb00?text=aut', 2, 2, 1, 1, NULL, NULL, NULL, '2025-02-16 07:19:32', '2025-02-16 07:19:32'),
(739, NULL, 'https://via.placeholder.com/50x50.png/004499?text=quia', 1, 1, 1, 2, NULL, NULL, NULL, '2025-02-16 07:19:32', '2025-02-16 07:19:32'),
(740, NULL, 'https://via.placeholder.com/50x50.png/00ee66?text=excepturi', 1, 2, 1, 1, NULL, NULL, NULL, '2025-02-16 07:19:32', '2025-02-16 07:19:32'),
(741, NULL, 'https://via.placeholder.com/50x50.png/00bbff?text=maiores', 2, 1, 1, 1, NULL, NULL, NULL, '2025-02-16 07:19:32', '2025-02-16 07:19:32'),
(742, NULL, 'https://via.placeholder.com/50x50.png/009999?text=sequi', 2, 2, 1, 2, NULL, NULL, NULL, '2025-02-16 07:19:32', '2025-02-16 07:19:32'),
(743, NULL, 'https://via.placeholder.com/50x50.png/005599?text=fugiat', 1, 2, 1, 2, NULL, NULL, NULL, '2025-02-16 07:19:32', '2025-02-16 07:19:32'),
(744, NULL, 'https://via.placeholder.com/50x50.png/00aa77?text=fuga', 1, 1, 1, 2, NULL, NULL, NULL, '2025-02-16 07:19:32', '2025-02-16 07:19:32'),
(745, NULL, 'https://via.placeholder.com/50x50.png/0011dd?text=quo', 2, 2, 1, 2, NULL, NULL, NULL, '2025-02-16 07:19:32', '2025-02-16 07:19:32'),
(746, NULL, 'https://via.placeholder.com/50x50.png/00ffdd?text=animi', 1, 1, 1, 1, NULL, NULL, NULL, '2025-02-16 07:19:32', '2025-02-16 07:19:32'),
(747, NULL, 'https://via.placeholder.com/50x50.png/0088ff?text=qui', 2, 1, 1, 2, NULL, NULL, NULL, '2025-02-16 07:19:32', '2025-02-16 07:19:32'),
(748, NULL, 'https://via.placeholder.com/50x50.png/0099cc?text=eaque', 2, 1, 1, 2, NULL, NULL, NULL, '2025-02-16 07:19:32', '2025-02-16 07:19:32'),
(749, NULL, 'https://via.placeholder.com/50x50.png/000000?text=dolorem', 1, 2, 1, 2, NULL, NULL, NULL, '2025-02-16 07:19:32', '2025-02-16 07:19:32'),
(750, NULL, 'https://via.placeholder.com/50x50.png/0099bb?text=totam', 1, 1, 1, 2, NULL, NULL, NULL, '2025-02-16 07:19:32', '2025-02-16 07:19:32'),
(751, NULL, 'https://via.placeholder.com/50x50.png/00dd33?text=aut', 1, 1, 1, 1, NULL, NULL, NULL, '2025-02-16 07:19:32', '2025-02-16 07:19:32'),
(752, NULL, 'https://via.placeholder.com/50x50.png/001166?text=incidunt', 1, 2, 1, 2, NULL, NULL, NULL, '2025-02-16 07:19:32', '2025-02-16 07:19:32'),
(753, NULL, 'https://via.placeholder.com/50x50.png/00eeee?text=eos', 1, 2, 1, 1, NULL, NULL, NULL, '2025-02-16 07:19:32', '2025-02-16 07:19:32'),
(754, NULL, 'https://via.placeholder.com/50x50.png/0099cc?text=excepturi', 2, 2, 1, 1, NULL, NULL, NULL, '2025-02-16 07:19:32', '2025-02-16 07:19:32'),
(755, NULL, 'https://via.placeholder.com/50x50.png/0022ee?text=voluptas', 2, 2, 1, 2, NULL, NULL, NULL, '2025-02-16 07:19:32', '2025-02-16 07:19:32'),
(756, NULL, 'https://via.placeholder.com/50x50.png/003333?text=a', 1, 2, 1, 2, NULL, NULL, NULL, '2025-02-16 07:19:32', '2025-02-16 07:19:32'),
(757, NULL, 'https://via.placeholder.com/50x50.png/008877?text=ut', 1, 1, 1, 1, NULL, NULL, NULL, '2025-02-16 07:19:32', '2025-02-16 07:19:32'),
(758, NULL, 'https://via.placeholder.com/50x50.png/004433?text=est', 1, 2, 1, 1, NULL, NULL, NULL, '2025-02-16 07:19:32', '2025-02-16 07:19:32'),
(759, NULL, 'https://via.placeholder.com/50x50.png/000033?text=a', 1, 1, 1, 2, NULL, NULL, NULL, '2025-02-16 07:19:32', '2025-02-16 07:19:32'),
(760, NULL, 'https://via.placeholder.com/50x50.png/001122?text=accusantium', 1, 1, 1, 2, NULL, NULL, NULL, '2025-02-16 07:19:32', '2025-02-16 07:19:32'),
(761, NULL, 'https://via.placeholder.com/50x50.png/003355?text=illo', 1, 2, 1, 2, NULL, NULL, NULL, '2025-02-16 07:19:32', '2025-02-16 07:19:32'),
(762, NULL, 'https://via.placeholder.com/50x50.png/002299?text=laborum', 1, 2, 1, 1, NULL, NULL, NULL, '2025-02-16 07:19:32', '2025-02-16 07:19:32'),
(763, NULL, 'https://via.placeholder.com/50x50.png/0088ee?text=deserunt', 2, 1, 1, 2, NULL, NULL, NULL, '2025-02-16 07:19:32', '2025-02-16 07:19:32'),
(764, NULL, 'https://via.placeholder.com/50x50.png/00ee44?text=ut', 2, 1, 1, 1, NULL, NULL, NULL, '2025-02-16 07:19:32', '2025-02-16 07:19:32'),
(765, NULL, 'https://via.placeholder.com/50x50.png/0022ee?text=sed', 1, 2, 1, 2, NULL, NULL, NULL, '2025-02-16 07:19:32', '2025-02-16 07:19:32'),
(766, NULL, 'https://via.placeholder.com/50x50.png/0033aa?text=libero', 2, 1, 1, 1, NULL, NULL, NULL, '2025-02-16 07:19:32', '2025-02-16 07:19:32'),
(767, NULL, 'https://via.placeholder.com/50x50.png/0022aa?text=pariatur', 2, 1, 1, 2, NULL, NULL, NULL, '2025-02-16 07:19:32', '2025-02-16 07:19:32'),
(768, NULL, 'https://via.placeholder.com/50x50.png/004433?text=omnis', 1, 1, 1, 2, NULL, NULL, NULL, '2025-02-16 07:19:32', '2025-02-16 07:19:32'),
(769, NULL, 'https://via.placeholder.com/50x50.png/008888?text=quis', 1, 1, 1, 1, NULL, NULL, NULL, '2025-02-16 07:19:32', '2025-02-16 07:19:32'),
(770, NULL, 'https://via.placeholder.com/50x50.png/004477?text=possimus', 1, 2, 1, 1, NULL, NULL, NULL, '2025-02-16 07:19:32', '2025-02-16 07:19:32'),
(771, NULL, 'https://via.placeholder.com/50x50.png/00bbff?text=est', 1, 1, 1, 2, NULL, NULL, NULL, '2025-02-16 07:19:32', '2025-02-16 07:19:32'),
(772, NULL, 'https://via.placeholder.com/50x50.png/005577?text=harum', 1, 1, 1, 1, NULL, NULL, NULL, '2025-02-16 07:19:32', '2025-02-16 07:19:32'),
(773, NULL, 'https://via.placeholder.com/50x50.png/0077ff?text=omnis', 2, 2, 1, 1, NULL, NULL, NULL, '2025-02-16 07:19:32', '2025-02-16 07:19:32'),
(774, NULL, 'https://via.placeholder.com/50x50.png/003366?text=voluptatem', 1, 1, 1, 2, NULL, NULL, NULL, '2025-02-16 07:19:32', '2025-02-16 07:19:32'),
(775, NULL, 'https://via.placeholder.com/50x50.png/004488?text=nesciunt', 1, 2, 1, 1, NULL, NULL, NULL, '2025-02-16 07:19:32', '2025-02-16 07:19:32'),
(776, NULL, 'https://via.placeholder.com/50x50.png/002288?text=doloremque', 2, 2, 1, 2, NULL, NULL, NULL, '2025-02-16 07:19:32', '2025-02-16 07:19:32'),
(777, NULL, 'https://via.placeholder.com/50x50.png/006611?text=assumenda', 1, 2, 1, 1, NULL, NULL, NULL, '2025-02-16 07:19:32', '2025-02-16 07:19:32'),
(778, NULL, 'https://via.placeholder.com/50x50.png/001144?text=voluptate', 1, 2, 1, 2, NULL, NULL, NULL, '2025-02-16 07:19:32', '2025-02-16 07:19:32'),
(779, NULL, 'https://via.placeholder.com/50x50.png/0088cc?text=voluptatem', 1, 2, 1, 1, NULL, NULL, NULL, '2025-02-16 07:19:32', '2025-02-16 07:19:32'),
(780, NULL, 'https://via.placeholder.com/50x50.png/00eeaa?text=voluptates', 2, 1, 1, 1, NULL, NULL, NULL, '2025-02-16 07:19:32', '2025-02-16 07:19:32'),
(781, NULL, 'https://via.placeholder.com/50x50.png/00ff22?text=tempora', 1, 1, 1, 1, NULL, NULL, NULL, '2025-02-16 07:19:32', '2025-02-16 07:19:32'),
(782, NULL, 'https://via.placeholder.com/50x50.png/00bbdd?text=corrupti', 2, 1, 1, 1, NULL, NULL, NULL, '2025-02-16 07:19:32', '2025-02-16 07:19:32'),
(783, NULL, 'https://via.placeholder.com/50x50.png/007744?text=delectus', 1, 1, 1, 2, NULL, NULL, NULL, '2025-02-16 07:19:32', '2025-02-16 07:19:32'),
(784, NULL, 'https://via.placeholder.com/50x50.png/00dd22?text=sapiente', 1, 2, 1, 1, NULL, NULL, NULL, '2025-02-16 07:19:32', '2025-02-16 07:19:32'),
(785, NULL, 'https://via.placeholder.com/50x50.png/005566?text=ex', 1, 2, 1, 2, NULL, NULL, NULL, '2025-02-16 07:19:32', '2025-02-16 07:19:32'),
(786, NULL, 'https://via.placeholder.com/50x50.png/009933?text=sint', 1, 1, 1, 1, NULL, NULL, NULL, '2025-02-16 07:19:32', '2025-02-16 07:19:32'),
(787, NULL, 'https://via.placeholder.com/50x50.png/0000bb?text=voluptatum', 2, 2, 1, 2, NULL, NULL, NULL, '2025-02-16 07:19:32', '2025-02-16 07:19:32'),
(788, NULL, 'https://via.placeholder.com/50x50.png/004411?text=omnis', 2, 2, 1, 2, NULL, NULL, NULL, '2025-02-16 07:19:32', '2025-02-16 07:19:32'),
(789, NULL, 'https://via.placeholder.com/50x50.png/00ee00?text=illum', 1, 2, 1, 2, NULL, NULL, NULL, '2025-02-16 07:19:32', '2025-02-16 07:19:32'),
(790, NULL, 'https://via.placeholder.com/50x50.png/00bb11?text=a', 1, 2, 1, 2, NULL, NULL, NULL, '2025-02-16 07:19:32', '2025-02-16 07:19:32'),
(791, NULL, 'attachments/articles/1741614018.png', 1, 1, 1, 1, NULL, 1, NULL, '2025-02-16 07:19:32', '2025-03-10 11:40:18'),
(792, NULL, 'https://via.placeholder.com/50x50.png/0044ff?text=cumque', 2, 1, 1, 2, NULL, NULL, NULL, '2025-02-16 07:19:32', '2025-02-16 07:19:32'),
(793, NULL, 'attachments/articles/1741614011.png', 1, 1, 1, 1, NULL, 1, NULL, '2025-02-16 07:19:32', '2025-03-10 11:40:11'),
(794, NULL, 'https://via.placeholder.com/50x50.png/00ff22?text=labore', 2, 1, 1, 2, NULL, NULL, NULL, '2025-02-16 07:19:32', '2025-02-16 07:19:32'),
(795, NULL, 'https://via.placeholder.com/50x50.png/0033ff?text=et', 1, 2, 1, 1, NULL, NULL, NULL, '2025-02-16 07:19:32', '2025-02-16 07:19:32'),
(796, NULL, 'https://via.placeholder.com/50x50.png/002244?text=amet', 1, 2, 1, 2, NULL, NULL, NULL, '2025-02-16 07:19:32', '2025-02-16 07:19:32'),
(797, NULL, 'https://via.placeholder.com/50x50.png/00aa33?text=minima', 2, 2, 1, 2, NULL, NULL, NULL, '2025-02-16 07:19:32', '2025-02-16 07:19:32'),
(798, NULL, 'attachments/articles/1741614005.png', 1, 1, 1, 1, NULL, 1, NULL, '2025-02-16 07:19:32', '2025-03-10 11:40:05'),
(799, NULL, 'https://via.placeholder.com/50x50.png/005522?text=molestias', 1, 2, 1, 1, NULL, NULL, NULL, '2025-02-16 07:19:32', '2025-02-16 07:19:32'),
(800, NULL, 'https://via.placeholder.com/50x50.png/00dd55?text=a', 2, 1, 1, 2, NULL, NULL, NULL, '2025-02-16 07:19:32', '2025-03-10 11:39:29');

-- --------------------------------------------------------

--
-- Table structure for table `article_tags`
--

CREATE TABLE `article_tags` (
  `id` bigint UNSIGNED NOT NULL,
  `article_id` bigint UNSIGNED NOT NULL,
  `tag_id` bigint UNSIGNED NOT NULL,
  `deleted_at` timestamp NULL DEFAULT NULL,
  `created_at` timestamp NULL DEFAULT NULL,
  `updated_at` timestamp NULL DEFAULT NULL
) ENGINE=InnoDB DEFAULT CHARSET=utf8mb4 COLLATE=utf8mb4_unicode_ci;

-- --------------------------------------------------------

--
-- Table structure for table `article_translations`
--

CREATE TABLE `article_translations` (
  `id` bigint UNSIGNED NOT NULL,
  `article_id` bigint UNSIGNED NOT NULL,
  `locale` varchar(255) CHARACTER SET utf8mb4 COLLATE utf8mb4_unicode_ci NOT NULL,
  `title` varchar(255) CHARACTER SET utf8mb4 COLLATE utf8mb4_unicode_ci NOT NULL,
  `slug` varchar(255) CHARACTER SET utf8mb4 COLLATE utf8mb4_unicode_ci DEFAULT NULL,
  `description` longtext CHARACTER SET utf8mb4 COLLATE utf8mb4_unicode_ci,
  `content` longtext CHARACTER SET utf8mb4 COLLATE utf8mb4_unicode_ci,
  `meta_title` varchar(255) CHARACTER SET utf8mb4 COLLATE utf8mb4_unicode_ci DEFAULT NULL,
  `meta_description` longtext CHARACTER SET utf8mb4 COLLATE utf8mb4_unicode_ci,
  `meta_key` longtext CHARACTER SET utf8mb4 COLLATE utf8mb4_unicode_ci,
  `created_at` timestamp NULL DEFAULT NULL,
  `updated_at` timestamp NULL DEFAULT NULL
) ENGINE=InnoDB DEFAULT CHARSET=utf8mb4 COLLATE=utf8mb4_unicode_ci;

--
-- Dumping data for table `article_translations`
--

INSERT INTO `article_translations` (`id`, `article_id`, `locale`, `title`, `slug`, `description`, `content`, `meta_title`, `meta_description`, `meta_key`, `created_at`, `updated_at`) VALUES
(601, 601, 'ar', 'Waldo Boyer', 'waldo-boyer', 'Eveniet voluptas ipsam nemo deleniti sequi. Sed doloribus expedita doloremque numquam tempora nobis. Molestias quia omnis molestiae culpa rerum.', 'Est veritatis fugiat ut possimus. Aut veniam possimus exercitationem illo sit.', 'Pattie Heidenreich', 'Tempore in laboriosam excepturi sequi aut iure asperiores. Ipsam aperiam et sed quibusdam illo debitis. Ut unde deserunt sit. Enim quia quia et aut.', 'Sint modi et vero sint vero. Necessitatibus eligendi praesentium sit excepturi dignissimos quos. Totam sint earum iure harum. Deserunt culpa est fuga suscipit enim et dolorum adipisci.', '2025-02-16 07:19:31', '2025-02-16 07:19:31'),
(602, 602, 'ar', 'Dr. Jaeden Morissette III', 'dr.-jaeden-morissette-iii', 'Praesentium ipsa ut esse nulla debitis. Eaque aut hic animi ex. Maiores porro ea et aperiam.', 'Iusto nulla sint numquam necessitatibus sapiente. Non nisi inventore aperiam occaecati. Soluta sit deserunt harum laudantium. Nisi odit tempore aut sit adipisci vero illo aut. Unde qui eius fugit nisi neque dolorem soluta.', 'Treva Fadel', 'Esse tempora itaque quasi enim dolores architecto assumenda. Quidem libero laborum nihil fugit. Quisquam eos nihil voluptatem eos non voluptate dolore quod.', 'Et qui eius aliquid commodi. Esse exercitationem sed voluptatem debitis facere ab dolores. Qui minima alias quaerat praesentium qui mollitia aut.', '2025-02-16 07:19:31', '2025-02-16 07:19:31'),
(603, 603, 'ar', 'Miss Belle Block MD', 'miss-belle-block-md', 'Illo minus quia dolores pariatur saepe quos assumenda doloribus. At quia ipsum necessitatibus explicabo asperiores est laborum. Non quo in tempora facilis.', 'Ratione voluptatem sint veritatis dolorem eligendi. Voluptatem voluptatem aut blanditiis deserunt reprehenderit distinctio qui quod. Quae corrupti vitae facere ducimus magni inventore. Sit omnis et accusamus id.', 'Eileen Davis Jr.', 'Est rem dolor omnis ex optio. Laborum cum qui vero sunt nam aperiam. Doloremque architecto sunt quis veniam laudantium quaerat voluptatem atque. Temporibus non consequatur et modi libero.', 'Quaerat velit accusantium voluptatem officiis et qui omnis et. Velit dolore commodi quos atque qui nihil. Aliquid ipsam eveniet est porro repellat. Et vel amet soluta quae culpa non.', '2025-02-16 07:19:31', '2025-02-16 07:19:31'),
(604, 604, 'ar', 'Neal Quigley', 'neal-quigley', 'Adipisci incidunt quos nostrum similique. Voluptatum qui aut qui sunt. Sunt maiores omnis nobis rerum qui.', 'Deleniti alias repellendus molestias voluptas molestias quo. Quidem corrupti pariatur quas ducimus facere. Iure deleniti necessitatibus placeat quae. Quia veniam cupiditate asperiores laborum.', 'Dayana Hilpert', 'Magnam saepe explicabo minima ipsum pariatur nesciunt. Eligendi beatae provident repellendus molestiae velit.', 'Architecto et omnis fugiat est deleniti tempora harum. Porro aliquam quia quibusdam dicta molestiae ratione vitae. Praesentium nihil rerum pariatur doloribus qui eos.', '2025-02-16 07:19:31', '2025-02-16 07:19:31'),
(605, 605, 'ar', 'Mrs. Alvina Wintheiser DDS', 'mrs.-alvina-wintheiser-dds', 'Corporis explicabo tempore est enim magni. Dolorem distinctio et velit minima fuga repellat reprehenderit. Similique sed aliquam dolores sint vitae at itaque. Quae quis aut nostrum iste reiciendis quidem ad consequuntur.', 'At et numquam assumenda modi recusandae. Est ipsum blanditiis architecto ab. Aut officia culpa blanditiis perferendis qui fuga.', 'Janie Corwin', 'Itaque harum qui minus aliquam perferendis laboriosam corrupti error. Quia ut officia dignissimos et quod beatae esse explicabo.', 'Perspiciatis et est quo ut perspiciatis omnis. Quia expedita quo ut saepe ut nemo ea. Temporibus quo non corporis voluptate ipsum.', '2025-02-16 07:19:31', '2025-02-16 07:19:31'),
(606, 606, 'ar', 'Declan White', 'declan-white', 'Aut iure dignissimos alias dolorem iusto illum. Facilis sit vel quam odit. Amet voluptates aut voluptatem exercitationem.', 'Et atque corrupti cumque nam ut quam repudiandae. Qui repellendus exercitationem deserunt dolor. Cum non nulla expedita aut delectus qui. Dolorem assumenda ab voluptate consequatur adipisci possimus et.', 'Ms. Myriam Murazik', 'Beatae doloribus eaque alias rem suscipit. Ducimus reprehenderit a enim explicabo sit corporis. Laudantium et quibusdam esse sit ea distinctio.', 'Fugit et quo eveniet quia doloremque sed. Necessitatibus tenetur quo vitae repudiandae quia.', '2025-02-16 07:19:31', '2025-02-16 07:19:31'),
(607, 607, 'ar', 'Dr. Albert Ebert', 'dr.-albert-ebert', 'Reprehenderit blanditiis minima magni eaque. Et et qui id iure nemo voluptatem fuga. Et suscipit ut sequi dicta odit autem accusamus. Quis sit officia aperiam quia quia incidunt.', 'Non sint ullam quasi est reiciendis molestiae qui. Perspiciatis cum exercitationem ut dolor. Non non quos perferendis tempora sint.', 'Miss Bethel Stanton III', 'Natus magni repudiandae odit debitis fugiat nobis. Aperiam voluptatem facilis enim et eaque quam. Tenetur ut omnis repudiandae laudantium quo porro temporibus.', 'Illo et quo neque ad qui qui non rerum. Cum et enim rerum perspiciatis omnis aut. Culpa officiis enim aliquid. Veritatis voluptatem est porro asperiores similique eligendi eveniet enim.', '2025-02-16 07:19:31', '2025-02-16 07:19:31'),
(608, 608, 'ar', 'Dr. Valentine Schoen', 'dr.-valentine-schoen', 'Ipsum dolorem omnis aut. Voluptates tenetur modi cupiditate nesciunt. Eos modi animi autem qui temporibus.', 'Maiores aliquid suscipit pariatur similique est id quaerat. Harum quo vero magni fugiat corrupti qui. Velit magni sequi id odit. Earum aliquam in excepturi.', 'Althea Becker', 'Non impedit voluptas qui sunt in. Aut fugit velit et unde quidem consequatur dolore modi. Quisquam minima consequatur consequatur dolores molestiae. Voluptatem rerum et ab adipisci et voluptatibus labore.', 'Ab expedita nam et vero quia tempora. Qui quidem voluptatem tenetur accusamus. Omnis harum repellendus ex totam non. Est voluptates voluptatem aut accusamus corrupti illo dolor.', '2025-02-16 07:19:31', '2025-02-16 07:19:31'),
(609, 609, 'ar', 'Brianne Mraz', 'brianne-mraz', 'Distinctio totam soluta omnis aut. Et velit rerum eligendi ullam voluptate. Reiciendis aut velit voluptas ut sit.', '<p>Ullam quia magnam dolor. Blanditiis vel qui similique hic quae sint voluptatem. Nostrum in numquam numquam ut voluptas tenetur eos. Aperiam aperiam unde adipisci itaque quos.</p>', 'Prof. Earlene Casper', 'Consequuntur ipsam deleniti illum qui. Et animi ex dolor aut. Ut consequatur adipisci dolores eligendi.', 'Voluptas minus odit reprehenderit est omnis autem. Error facere repudiandae natus aspernatur. Voluptatem non voluptatem officiis vitae.', '2025-02-16 07:19:31', '2025-03-10 11:41:25'),
(610, 610, 'ar', 'Rodger Cremin', 'rodger-cremin', 'Reprehenderit quas architecto quia sit sapiente sit. Qui ipsam sint tenetur esse sunt soluta. Facere iusto perspiciatis ducimus et sit. Ea nihil quis ut ut.', '<p>Perspiciatis enim rerum architecto vel. Quasi eveniet quo necessitatibus beatae occaecati. Odit consequatur ut omnis vero qui saepe. Et itaque sunt facere mollitia sed expedita hic. Error aliquid doloremque aut.</p>', 'Mr. Ronny Erdman', 'Officia quod minima eveniet odit impedit est. Eos excepturi voluptatem et exercitationem eos ab. A aut dolore dignissimos et. Voluptatem temporibus rerum aperiam exercitationem impedit temporibus. Qui voluptatem ullam qui in aut accusamus.', 'Eos unde perferendis odio culpa. Ipsum reiciendis et sed ut asperiores consequuntur labore. Facere quis magnam ut iste repellat. Ea placeat non ipsa at veniam magnam voluptate.', '2025-02-16 07:19:31', '2025-03-10 11:41:04'),
(611, 611, 'ar', 'Mabelle Kutch', 'mabelle-kutch', 'Quia autem magni fuga ut. Eum nostrum voluptatibus iusto sed alias et qui. Fugiat non ratione nobis ut tenetur sit earum.', 'Sunt non et tempore nisi et. Exercitationem reiciendis labore fuga aperiam explicabo eveniet. Voluptatem et eos enim explicabo iste. Illo est quis suscipit ut rerum aut consequatur.', 'Javier Cremin', 'Sed aliquid rerum reiciendis explicabo et. Expedita ut omnis enim sequi voluptatem. Esse repellendus tempore in sed maxime ipsa qui. Molestias beatae enim et.', 'Qui ad doloremque et nisi qui eveniet ipsam aut. In doloribus quod aspernatur est corporis. Sapiente rerum possimus illo deserunt qui autem aut. Perferendis porro id nesciunt non quas est.', '2025-02-16 07:19:31', '2025-02-16 07:19:31'),
(612, 612, 'ar', 'Jonatan Howe DDS', 'jonatan-howe-dds', 'Mollitia ipsam commodi nulla alias porro velit dolorem. Qui suscipit autem eos et aut eligendi omnis aut. Veniam in quia nostrum nostrum impedit assumenda. Libero iure praesentium ullam error.', 'Harum expedita et impedit ut est laudantium. Recusandae provident culpa quas exercitationem sint repellat. Minus dolorem eligendi earum rem nulla.', 'Cristina Bruen', 'Quia doloribus qui rerum ipsa alias. Numquam minus dolorem rerum incidunt est beatae. Libero qui eum quaerat est. Ut molestiae laborum molestias fugiat neque consequatur debitis iure.', 'Cupiditate accusamus vitae non ut non. Cum alias eos velit officia. Ipsum et animi impedit assumenda nam eos.', '2025-02-16 07:19:31', '2025-02-16 07:19:31'),
(613, 613, 'ar', 'Miss Camylle Corkery', 'miss-camylle-corkery', 'Minus error perspiciatis quas deleniti necessitatibus. Asperiores quia sunt sint et ipsam dolorem aperiam. Et inventore aut odio delectus nihil autem.', '<p>Sint perferendis perferendis et quibusdam quod. Odit repudiandae ut pariatur quia expedita possimus. Eveniet accusantium ut molestias temporibus.</p>', 'Dillan Okuneva', 'Et dolor vel reprehenderit dolorem. Ipsa dolorem voluptatem ex eligendi beatae occaecati vel. Ea nihil cum ut voluptates est minima cupiditate.', 'Corporis libero nihil voluptatibus libero sit est temporibus. Aut voluptas omnis eligendi. Tempore dignissimos est ut commodi architecto et sunt et.', '2025-02-16 07:19:31', '2025-03-10 11:49:00'),
(614, 614, 'ar', 'Arjun Gleason DVM', 'arjun-gleason-dvm', 'Aut iusto ipsa aliquid commodi eum distinctio ipsam. Tempore asperiores vitae animi alias. Enim est soluta unde aut.', '<p>In perferendis dolores assumenda dignissimos placeat dolorem ut. Vel quidem fugit consequatur. Accusamus sequi nisi autem aut laudantium quis quod minus.</p>', 'Tyree Sporer', 'Dolorem in rem porro totam veritatis saepe aliquam. Ut nihil ut a velit vel.', 'Expedita ipsum voluptatem amet debitis. Voluptatum accusamus in et. Quo omnis autem itaque eos amet inventore. Aperiam est omnis beatae et molestiae.', '2025-02-16 07:19:31', '2025-03-10 11:49:17'),
(615, 615, 'ar', 'Domenica Smitham', 'domenica-smitham', 'Aliquam nam eum velit. Accusantium quo sit esse aut porro commodi qui. Laudantium aspernatur accusamus omnis id rerum dolorem ut vero.', 'Omnis vero expedita et. Qui minima ratione molestias eum sunt rerum. Est sunt rerum tenetur non.', 'Hank Graham', 'Qui repellat consequatur quia inventore sed. Voluptatibus odio dignissimos commodi veritatis. Vitae debitis minus sunt pariatur blanditiis cum reiciendis provident. Itaque commodi voluptates blanditiis et at tenetur.', 'Omnis temporibus culpa dolor et rerum rerum fuga. Neque ratione voluptas molestias aut incidunt ratione. Enim commodi et tempore id ducimus.', '2025-02-16 07:19:31', '2025-02-16 07:19:31'),
(616, 616, 'ar', 'Mrs. Shanelle Powlowski PhD', 'mrs.-shanelle-powlowski-phd', 'Porro et sint magni porro non molestiae praesentium. Neque sit minima rerum magnam velit aliquid aut. Quia quis quam quidem aut. Sed cupiditate qui et eaque totam natus omnis ipsam.', 'Hic autem nesciunt voluptatem. Odit molestiae adipisci iste non. Doloremque deserunt sunt ipsum at velit enim. Earum facere qui illum ex vitae sit eligendi.', 'Prof. Rory Turner', 'Enim cupiditate quos iure non possimus porro. Pariatur et eos neque commodi. Saepe quia et et repudiandae voluptatibus accusantium.', 'Sunt quo rerum dolorem earum molestiae molestiae. Maiores saepe aut autem qui. Qui quo quia minima itaque quasi fugit. Porro qui corrupti aspernatur natus excepturi.', '2025-02-16 07:19:31', '2025-02-16 07:19:31'),
(617, 617, 'ar', 'Rogelio O\'Conner', 'rogelio-o\'conner', 'Corporis voluptatem deserunt omnis consectetur aperiam. Voluptatum earum magni minima non. Animi omnis impedit officiis quia qui minima.', 'Minus ut atque eum qui autem. Velit aut iure ut aut. Qui quibusdam vero adipisci.', 'Ms. Millie Senger', 'Quibusdam sint unde repellat est natus eos. Et dolor illum cum provident dolor impedit. Atque ut error ea expedita repudiandae. Dolore aut hic eum aut nisi quaerat ea.', 'Omnis exercitationem pariatur vitae assumenda voluptas quae consequuntur. Occaecati asperiores velit esse iste laudantium ipsa.', '2025-02-16 07:19:31', '2025-02-16 07:19:31'),
(618, 618, 'ar', 'Wallace Hackett', 'wallace-hackett', 'Aliquam vel labore velit quos neque sed maiores. Sint numquam et dolores nisi autem sed. Voluptas sed quisquam atque et.', 'Voluptas ullam unde voluptatem adipisci rerum eaque totam. Asperiores ipsam atque dolores rerum officia. Omnis a et est.', 'Lilla Flatley', 'Et iusto itaque dolor voluptatem et aperiam fugiat. Cum quidem voluptatem dicta ex. Aut alias sunt labore id. Voluptatum ut est dolores ut similique.', 'Eius deleniti qui saepe dolorem. Ullam quam quibusdam cum autem in assumenda facilis. In et veniam sed necessitatibus recusandae id expedita. Earum beatae enim nemo dolor.', '2025-02-16 07:19:31', '2025-02-16 07:19:31'),
(619, 619, 'ar', 'Nikita Jones', 'nikita-jones', 'Iure dignissimos omnis et et sit. Sint quos cupiditate odit. Eum error voluptas repellat. Qui voluptas rem perferendis iusto consequatur et labore.', 'Ipsa sed id nemo quam. Dolores ducimus occaecati delectus suscipit maxime nemo. Deserunt dolores expedita quis nisi rerum explicabo. Sit unde tempora dicta ut nihil.', 'Candelario Cronin', 'Ut alias ab et qui sequi impedit. Consequatur sint qui ea est omnis dolorum cupiditate corporis. Voluptas minima aperiam ipsum at magnam aut vero.', 'Consequatur eaque molestiae fugiat sed non ea nostrum minus. Et aliquam neque quidem voluptatum eum rerum quis quod. Expedita eaque odio pariatur quia nihil accusantium sed. Fugiat et et dolores.', '2025-02-16 07:19:31', '2025-02-16 07:19:31'),
(620, 620, 'ar', 'Damon Skiles', 'damon-skiles', 'Repudiandae rem qui deleniti sit. Asperiores dolores explicabo est quo possimus. Rem et fugit tenetur asperiores modi sapiente.', 'Odit recusandae nesciunt dignissimos doloremque sequi. Voluptatem quam dignissimos explicabo qui. Consequatur rerum adipisci natus culpa quia omnis. In reiciendis officiis non enim dolores rem.', 'Georgiana Boyer III', 'A aut deserunt recusandae ducimus. Repellendus aliquid est eos dolorem voluptatum architecto. Ratione quibusdam repudiandae et aut sequi. Ipsam vitae rerum reiciendis deleniti a.', 'Non atque et voluptas tempore. Qui et illo officia hic quam ratione alias. Voluptatem qui vitae voluptatibus ex magnam nihil libero. Officia suscipit asperiores repellendus.', '2025-02-16 07:19:31', '2025-02-16 07:19:31'),
(621, 621, 'ar', 'Lurline Block', 'lurline-block', 'Autem aliquid placeat quisquam. Exercitationem itaque cupiditate dolores eius vel quis. Repudiandae minus commodi minima minima dignissimos omnis.', 'Dicta autem ratione facilis. Est et tempore quisquam ex quas unde. Vel error laboriosam vero soluta fuga doloremque iure. Molestias est laboriosam ex vel laudantium numquam reiciendis velit.', 'Alberta Dibbert', 'Vitae voluptas et aliquid quisquam cumque. Ipsum qui non eaque ab omnis. Repellat et quo eligendi voluptas consequatur.', 'Eveniet asperiores sapiente molestiae fugiat. Magni rem qui aliquam ab et aut. Recusandae similique ullam est quas laboriosam magni maxime. Fugit quia odit reprehenderit ut error hic quasi.', '2025-02-16 07:19:31', '2025-02-16 07:19:31'),
(622, 622, 'ar', 'Prof. Aniya Crist IV', 'prof.-aniya-crist-iv', 'Blanditiis repellat vel quod quia. Eos suscipit incidunt doloremque quia provident quo quo aut. Omnis qui repellendus dolorem veniam. Rerum reprehenderit ullam eius quam voluptatem hic et.', 'Ut eos non hic eius id quia. Soluta quas sunt voluptatem et dolorem ipsam. Soluta doloribus et corrupti sunt architecto. Blanditiis commodi provident aut aut adipisci a aliquam.', 'Dr. Burdette Weimann Jr.', 'Odit non quo aliquid magnam quia necessitatibus commodi. Molestiae nam laboriosam corrupti in quae beatae. Illo aut natus nobis sunt est rerum. Perspiciatis illum eius blanditiis nihil. Adipisci reprehenderit rerum est error sint.', 'Fuga sed vitae quam. Est consequuntur est autem dolorem quae assumenda. Ad quia distinctio delectus.', '2025-02-16 07:19:31', '2025-02-16 07:19:31'),
(623, 623, 'ar', 'Dr. Mittie Smitham', 'dr.-mittie-smitham', 'Et nesciunt facere rerum cum. Voluptatem natus ipsa sint itaque molestiae occaecati. Qui et velit aut vitae.', 'Quaerat eos veritatis recusandae a pariatur exercitationem. Distinctio eos perferendis omnis qui recusandae autem sed impedit. Eligendi aut consequatur totam hic aut.', 'Erwin Crooks', 'Possimus voluptatem ut voluptatem ab vel quis. Nisi unde debitis veniam itaque. Nihil quisquam et debitis nihil cumque vel.', 'Consequatur quisquam temporibus velit reprehenderit quasi eum. Nam et odio sunt ea ea aut doloremque. Officiis iure est dolor qui ut. Deleniti aut veniam qui vel.', '2025-02-16 07:19:31', '2025-02-16 07:19:31'),
(624, 624, 'ar', 'Darryl Wiza', 'darryl-wiza', 'Exercitationem quae quia omnis eaque est eius aut omnis. Dolore est quidem non. Sapiente voluptatem omnis vel voluptas voluptatem et.', 'Nulla sit officia molestiae porro consequatur et. Dolores provident iusto quis et maiores quia saepe eligendi. Enim voluptate neque at tenetur. Saepe voluptate commodi unde ipsum eos.', 'Mr. Kristian Douglas', 'Aspernatur qui pariatur non aut recusandae vitae eum. Veniam similique facere voluptas sapiente vitae nisi aspernatur cumque. Quia dignissimos cum reprehenderit odio necessitatibus veniam.', 'Eum eum aliquam quibusdam deserunt non pariatur enim. Eaque labore dolore ipsam optio. Sit dicta eveniet repellat ullam omnis consequuntur. Consequatur ratione ut dolore aspernatur laborum consequatur.', '2025-02-16 07:19:31', '2025-02-16 07:19:31'),
(625, 625, 'ar', 'Celestine Jones', 'celestine-jones', 'Placeat eligendi libero voluptatem aut est qui fugit nam. Dolores sint fuga facere. Rem excepturi error et asperiores temporibus doloremque. Reprehenderit illo quas ut non ex odit.', 'Totam quam voluptates ut. Porro accusantium necessitatibus nostrum eaque. Qui sit enim esse et sapiente enim.', 'Dr. Dawson Ledner', 'Velit veritatis id qui aut numquam repudiandae sunt tenetur. Doloribus ex eaque quas atque et quia perspiciatis. Qui sed dicta ipsa aliquid qui. Cum odio eligendi sequi qui blanditiis eos.', 'Ex laboriosam non nihil quibusdam eaque dolor voluptatem. Molestiae sunt aliquam deserunt. Fugiat corporis eos optio odio.', '2025-02-16 07:19:31', '2025-02-16 07:19:31'),
(626, 626, 'ar', 'June Jenkins', 'june-jenkins', 'Provident placeat porro provident. Magni maxime dolorem quaerat eum dolorum laboriosam veniam. Repudiandae veniam amet mollitia facilis quis nulla. Nemo inventore expedita sit mollitia nobis. Tempora tempora et blanditiis.', 'Consequatur porro vel ut ipsam ut officia. Cum a magnam est sunt. Tempore quia ad eos unde beatae voluptatem enim. In occaecati molestiae sed similique. Possimus nesciunt explicabo sit dolorem debitis.', 'Alanna Rosenbaum III', 'Odit ex similique exercitationem maxime asperiores aperiam possimus. Quasi quisquam ut nulla. Ullam amet eius est assumenda. Est voluptatibus expedita possimus non.', 'Sed corporis ut sunt aperiam. Amet reiciendis temporibus eos delectus qui et nisi. Error et voluptate est a deserunt quidem.', '2025-02-16 07:19:31', '2025-02-16 07:19:31'),
(627, 627, 'ar', 'Dayna Dach', 'dayna-dach', 'Laboriosam enim magnam consequatur enim excepturi error. Tempora qui nihil quaerat natus maiores voluptatem sit. Et necessitatibus ipsa aliquid distinctio aut qui. Similique qui recusandae porro. Sed tempora veniam rerum facere.', 'Blanditiis sit maxime quae voluptatem. Quis velit omnis eum. Quae hic hic laboriosam blanditiis.', 'Sydni Jast', 'Eius non quo explicabo dolorum. Ut rerum nam sed at. Ea expedita est et et. Enim doloremque earum voluptate expedita quisquam quod et.', 'Eum voluptates quis libero blanditiis et perferendis incidunt. Pariatur temporibus et vel nisi.', '2025-02-16 07:19:31', '2025-02-16 07:19:31'),
(628, 628, 'ar', 'Prof. Zella Bernhard', 'prof.-zella-bernhard', 'Sint animi et at labore vel. Velit nihil culpa neque consequatur. Et quia ad ipsa facilis autem quidem. Sed possimus laboriosam laudantium.', 'Tempore non provident nulla aliquam. Voluptatem vitae explicabo soluta et. Dolor nemo incidunt qui illum.', 'Clarissa Ortiz', 'Possimus voluptatum consequuntur fugiat quaerat voluptatem aut. Et nam quam illum repudiandae quidem culpa. Rerum debitis et atque fugiat. Aut molestiae ut natus id sequi consequatur tempora.', 'Veritatis provident pariatur labore occaecati quis pariatur ipsa eligendi. Quam vel sequi perferendis reiciendis autem quam vel occaecati. At ad quaerat ipsa tempore. Reprehenderit voluptatem et voluptatem porro.', '2025-02-16 07:19:31', '2025-02-16 07:19:31'),
(629, 629, 'ar', 'Victor Reichel', 'victor-reichel', 'Illum harum aspernatur corporis provident vitae. Molestias ut sapiente quo qui illum dolore et sed. Dolore facilis quia a ipsum omnis. Praesentium qui et aliquam distinctio fugit repellat. Dolorem sunt nulla et perferendis in expedita.', 'Voluptates omnis aspernatur cumque labore minima sapiente. Laborum nihil quia dolorem dolores qui eum facere. Dolores sunt nulla inventore quo officia quis. Sequi nemo velit ut id quos rerum.', 'Carleton Zieme', 'Velit qui dignissimos facere veniam facilis mollitia officia. Autem ea maiores dolore laboriosam. A reprehenderit et aut vel tenetur illum quas et. Veritatis eos cum modi ad.', 'Aut temporibus id reprehenderit libero dignissimos voluptatem. Sed sunt illum et ut error unde. Molestias dolorum consectetur quia omnis pariatur.', '2025-02-16 07:19:31', '2025-02-16 07:19:31'),
(630, 630, 'ar', 'Mr. Zachery Mayer', 'mr.-zachery-mayer', 'Non consequuntur eius aut fugiat harum enim dolores voluptatem. Aut expedita magni aut rerum quod voluptatem voluptatibus.', 'Dolor id et facilis voluptas libero aut. Aliquam hic est est est omnis fugiat natus. Quidem ea sapiente nihil eaque ut.', 'Ms. Abbigail Durgan', 'Fugiat exercitationem earum dignissimos at recusandae animi esse repellat. Iste aut animi perferendis eos non fuga id tenetur. Aut architecto quis eligendi nihil cumque perferendis consequatur. Et non magnam labore praesentium repellat commodi.', 'Excepturi minus quo corrupti. Dolorem voluptas labore sed consequuntur eos non voluptatem optio. Omnis ea ea sit quo. Sunt molestiae dolorum ab eos.', '2025-02-16 07:19:31', '2025-02-16 07:19:31'),
(631, 631, 'ar', 'Mr. Reymundo Beer', 'mr.-reymundo-beer', 'Repellat dolor et consequatur ut commodi sit officia. Officiis beatae quas ducimus distinctio.', 'Quasi itaque aut sapiente consequuntur ut exercitationem sed. Voluptatem aut ea repudiandae quisquam facilis. Vel sit aut voluptatem omnis voluptas sapiente occaecati. Sed dolorem eos autem dolorem.', 'Prof. Kiel Ankunding', 'Corrupti repellendus perspiciatis totam ut assumenda quas nisi unde. Et tempore eos quasi dolore. Laboriosam laborum odio non hic id. Accusamus excepturi ipsa inventore id accusamus ratione consequatur dolores.', 'Quisquam perferendis libero dignissimos incidunt laboriosam. Aliquam fuga aut nostrum reprehenderit ut odio. Qui unde maxime quis mollitia. Est dolorem dolor laboriosam saepe.', '2025-02-16 07:19:31', '2025-02-16 07:19:31'),
(632, 632, 'ar', 'Mrs. Teagan O\'Conner Jr.', 'mrs.-teagan-o\'conner-jr.', 'Facilis quisquam voluptatem sit dolorem velit minus. Ipsam ut at non ex impedit.', 'Ea est ut tenetur rerum nisi. Quia magni quam cum. Dolores maiores et assumenda quidem voluptatem officiis.', 'Miss Maryjane Emmerich', 'Rerum eius et ut qui. Ipsum nisi qui eum voluptatem autem temporibus consequuntur qui. Maxime aliquid sunt quia repudiandae.', 'Ducimus totam esse aut ea non. Ipsa quae amet quia dolore rem at non. Voluptatem qui eius corrupti deserunt eaque. Qui ea repellat sint eius reprehenderit illum eum. Et earum unde consequatur reprehenderit deleniti pariatur.', '2025-02-16 07:19:31', '2025-02-16 07:19:31'),
(633, 633, 'ar', 'Brett Rutherford III', 'brett-rutherford-iii', 'Cum qui laboriosam occaecati sint dolorum doloremque corporis ut. Quod nihil provident eius nam quisquam dolor. Facere culpa ab voluptatem sint. Quibusdam voluptatibus sunt odit.', 'Ut provident accusantium similique id at rerum et voluptate. Et dolor nihil possimus earum quasi. Voluptatem odio eum eum ullam perspiciatis et quidem. Illum ipsum cum quis ut facere.', 'Sonny Feest', 'Quidem voluptatum dolor sunt rerum doloremque ullam porro. Dolor nostrum qui veniam perspiciatis maxime eum. Reprehenderit accusamus ut odit qui labore magni pariatur deserunt.', 'Rerum illo sint dolor reprehenderit vel velit voluptatem corrupti. Adipisci natus cumque hic. Consequatur fuga ea aut voluptas et dolores numquam aut.', '2025-02-16 07:19:31', '2025-02-16 07:19:31'),
(634, 634, 'ar', 'Ora Mann II', 'ora-mann-ii', 'Quas beatae quis ipsam rem ducimus vero laudantium. Nisi impedit officiis est corporis sed ipsa quo architecto. Sed dolor ut voluptate inventore et sit dolorum sed. Voluptatibus qui mollitia labore minus.', 'Eaque et ratione maxime quaerat in molestias in. Adipisci aut consequatur enim dolorem debitis placeat sint. A dignissimos odio natus enim.', 'Alden Baumbach', 'Dolores dolores sed odit rerum veritatis ab quasi. Et vero sapiente autem aut fuga inventore vel sunt. Vitae et iure doloribus officia ipsum.', 'Nam repellendus et deleniti qui eligendi sapiente. Qui quis quam vel.', '2025-02-16 07:19:31', '2025-02-16 07:19:31'),
(635, 635, 'ar', 'Brittany Zulauf', 'brittany-zulauf', 'Quia molestiae a labore et hic assumenda nihil. Dolores vero libero laboriosam aut cumque aut quibusdam exercitationem.', 'Similique est animi aut perspiciatis. Nemo optio libero voluptatum dolorem provident facilis eos. Eveniet amet libero debitis molestiae earum molestiae sunt fugiat. Et ipsum eos architecto. Voluptates numquam dolorem qui accusamus sint et non.', 'Ms. Keely Bednar III', 'Expedita reiciendis tempora debitis aut laboriosam molestiae. Quidem quia sed qui quidem quis omnis. Vel sit rerum aut aliquid incidunt. Non vitae soluta qui facere ipsum sint.', 'Consequatur ut vero quas delectus. Quia et sint animi voluptate adipisci. Autem accusantium itaque necessitatibus voluptatem non labore culpa.', '2025-02-16 07:19:31', '2025-02-16 07:19:31'),
(636, 636, 'ar', 'Mr. Giles Hirthe II', 'mr.-giles-hirthe-ii', 'Earum expedita est totam itaque. Debitis vel debitis veritatis perspiciatis perspiciatis harum. Dolorem voluptas adipisci non. Voluptas dolorem velit aut ipsa ut omnis laborum.', 'Incidunt ex omnis vel quae sit corporis. Impedit dolorem magnam molestiae quis quia soluta amet distinctio. Sit illum magni et adipisci vel.', 'Mrs. Carole Mante', 'Sunt voluptates provident est quisquam soluta odio accusamus. Ea temporibus delectus aut dolor ipsam voluptate. Magnam velit et tenetur tempore cum.', 'Veniam et quia vitae et. Blanditiis possimus tempore accusamus voluptate nam. Quo velit in qui odit.', '2025-02-16 07:19:31', '2025-02-16 07:19:31'),
(637, 637, 'ar', 'Mr. Hayden Bauch', 'mr.-hayden-bauch', 'Consequatur earum aut velit veniam. Dicta magni quis ea cupiditate. Quisquam quis illo autem. Perferendis quia voluptas sit ex.', 'Assumenda et culpa est cumque fugit quisquam. Debitis sit iusto aspernatur eveniet eos quibusdam. Eum aliquid quo est corrupti sit ipsum debitis non.', 'Renee Gleichner', 'Placeat similique alias ad corrupti est quibusdam itaque. Dolor ut molestiae minima. Libero porro labore et ut.', 'Nemo et et doloribus aspernatur error. Asperiores ipsa sed velit est eos incidunt quisquam. Voluptatem architecto eum quis maiores esse est.', '2025-02-16 07:19:31', '2025-02-16 07:19:31'),
(638, 638, 'ar', 'Filomena Grimes Jr.', 'filomena-grimes-jr.', 'Ducimus est omnis et quis. Officia repellat ut nemo atque aut autem. Eaque iure molestiae sunt aperiam sunt.', 'Perferendis repellat officia soluta vel iusto. Reprehenderit perspiciatis reprehenderit nobis ipsam aut ducimus. Impedit et aut id quos ea. Quaerat iste culpa et error.', 'Nyah Walter', 'Nobis debitis aperiam qui et. Qui cumque nesciunt optio vitae qui sequi. Est cumque omnis est enim et et. Eius voluptatem eveniet dolorem commodi quidem.', 'Molestiae harum voluptatem et natus unde ut. Tempora eos nihil rerum ut laudantium sit consequatur omnis. Ipsa quia quia adipisci consequatur eaque unde.', '2025-02-16 07:19:31', '2025-02-16 07:19:31'),
(639, 639, 'ar', 'Wilma Buckridge', 'wilma-buckridge', 'Exercitationem vero ut et deleniti. Illo quibusdam et non deleniti rerum ex. Sunt ut tenetur tempora.', 'Aut dignissimos itaque quia consequatur ex autem enim ad. Nobis voluptatum esse recusandae sapiente corporis qui saepe. Atque aut id quasi repellendus sed fugit. Sed aut fugit sunt aut delectus eaque.', 'Jermey Tromp', 'Voluptatem ipsa et rerum perferendis aut. Architecto eaque aut voluptas consectetur. Doloremque dolores sunt magnam illum.', 'Porro fugiat iure voluptatem aut omnis eligendi dolores voluptate. Aspernatur sit voluptatem omnis qui. Autem animi dicta iusto nostrum pariatur consectetur. Eos non molestiae expedita quas voluptates.', '2025-02-16 07:19:31', '2025-02-16 07:19:31'),
(640, 640, 'ar', 'Ladarius D\'Amore', 'ladarius-d\'amore', 'Ut quia esse eaque debitis voluptates minus cum id. Libero perspiciatis quod aspernatur delectus adipisci. Sapiente autem error hic ullam. Nemo a consectetur ullam voluptas voluptatibus.', 'Qui deleniti molestiae sint at. Quod et ut perspiciatis. Officia dolores dolor nam itaque.', 'Adelle Cruickshank', 'Incidunt est ex aut et earum architecto. Sed corrupti consequatur impedit est voluptatibus. Quibusdam delectus atque quod consequuntur.', 'Officia a molestias ut et incidunt. Architecto aut eius labore maxime ex. Error molestias porro et et. Et tempora delectus commodi sit.', '2025-02-16 07:19:31', '2025-02-16 07:19:31'),
(641, 641, 'ar', 'Terrell Lindgren', 'terrell-lindgren', 'Officiis et excepturi voluptas est optio laborum. Quas omnis est labore incidunt natus aut magnam. Similique sit assumenda blanditiis aut iure ipsa ut qui.', 'Iure maxime est id accusantium deserunt esse eius. Et iure ex provident facere est ea. Repellat non dolorem fugit. Aliquid sed consequatur nisi dolorem ab.', 'Ms. Nannie Shields PhD', 'Omnis vitae sint nisi dolor praesentium aut quasi. Consequatur perspiciatis ut doloribus possimus tenetur sint. Et vero mollitia ipsam fugit doloremque sit.', 'Est blanditiis non ipsa unde enim. Consequuntur ut vel qui fugit quo consequatur magnam. Recusandae quam consequatur aut.', '2025-02-16 07:19:31', '2025-02-16 07:19:31'),
(642, 642, 'ar', 'Julie Kiehn', 'julie-kiehn', 'Ad sint voluptas provident eligendi pariatur rerum. Voluptas reiciendis porro eos fugit ea et voluptas. Ex qui sequi nisi doloremque aut. Numquam quaerat non placeat eveniet.', 'Quasi blanditiis eos voluptate harum laborum et qui. Iure ut dolor nesciunt nisi libero. Suscipit culpa quo sit expedita dolorum ipsam. Aut culpa et et accusamus totam.', 'Charlotte Farrell', 'Odit maiores aperiam repudiandae ducimus officia ex quo. Voluptas qui exercitationem totam et accusamus blanditiis. Ipsa nulla provident natus optio assumenda iure rerum.', 'Beatae aliquam qui voluptas adipisci amet. Nihil quas aspernatur reprehenderit rerum nostrum itaque cumque. Natus repellat autem accusantium vitae esse laborum consequatur. Incidunt mollitia sed molestias ipsa sint.', '2025-02-16 07:19:31', '2025-02-16 07:19:31'),
(643, 643, 'ar', 'Hazel Dach I', 'hazel-dach-i', 'Qui accusamus maxime tenetur corporis repudiandae perferendis non. Labore ullam facere illum a et deleniti. Consequatur quas aut delectus tenetur quis.', 'Iste sed ut sint aliquid ad numquam. Ratione vero aliquam quae consectetur maxime laboriosam rerum. Mollitia saepe maxime ab consequatur excepturi quas qui.', 'Bridgette Morissette', 'Rem quos qui distinctio voluptate non nam laborum. Sint cum quia est accusamus soluta velit. Sit earum in accusantium perferendis.', 'Sint eos ut vitae qui. Natus vitae non occaecati molestias accusantium. Culpa et earum possimus perferendis sit reiciendis.', '2025-02-16 07:19:31', '2025-02-16 07:19:31'),
(644, 644, 'ar', 'Dr. Delpha Kassulke', 'dr.-delpha-kassulke', 'Quidem aut omnis praesentium esse expedita culpa. Tenetur voluptatem molestiae ex nihil nihil. Consequatur et ut adipisci. Optio dolor aut sint maxime.', 'Nulla iure eaque nesciunt quos sed. Consectetur ipsam mollitia dolores corrupti ducimus rerum. Optio sit quod et voluptas nemo cupiditate. Facere ut laborum deleniti aperiam dolorem perspiciatis ipsum.', 'Vernon Prohaska', 'Possimus modi enim est expedita ex cumque. Quaerat animi cumque eius velit. Molestias sequi repudiandae dicta nostrum sapiente velit aliquam eaque. Rerum eum natus dignissimos dolores quidem ea.', 'Aut et excepturi quibusdam error. Qui optio sint sit ut non dolorem aut. Asperiores eum animi distinctio aut. Consequatur in ea iste molestias maiores repellat nisi quia.', '2025-02-16 07:19:31', '2025-02-16 07:19:31'),
(645, 645, 'ar', 'Letha King I', 'letha-king-i', 'Aut iure quia molestias alias ducimus eius sunt. Omnis iusto ut officia odit nostrum odio est. Dolores nihil provident minima pariatur.', 'Nostrum odit qui libero. Eum et saepe consequuntur omnis quia tenetur officiis. Eum mollitia ullam magnam tempora id ut ipsa quisquam.', 'Otto Wolf DDS', 'Animi quod qui vitae ut quod labore. Voluptatem ullam et voluptate enim quo. Asperiores impedit eum impedit ullam illo.', 'Nam ipsam et error tempora et tempore. Laborum sed et quisquam. Ea totam et quidem error deserunt.', '2025-02-16 07:19:31', '2025-02-16 07:19:31'),
(646, 646, 'ar', 'Lilly Heller', 'lilly-heller', 'Earum at aspernatur magni illo molestias placeat. Qui iste in provident aut explicabo molestiae corporis fugiat. Ipsa nulla fuga a. Quis sed repudiandae impedit omnis natus commodi.', 'Nesciunt qui qui nulla ipsa consectetur cupiditate animi. Voluptas eum dicta dolorum consequatur culpa est exercitationem. Error et sit ea iste repudiandae.', 'Demario Green Jr.', 'Suscipit accusamus explicabo exercitationem consequatur. Tenetur eos inventore quaerat. Consequatur sit laboriosam consectetur ut minus quia.', 'Beatae tempora porro magnam esse error rerum. Sapiente omnis sequi minima at et nihil. Dolorem laboriosam quia eum ullam illo consequatur distinctio.', '2025-02-16 07:19:31', '2025-02-16 07:19:31'),
(647, 647, 'ar', 'Prof. Jerel Leffler DDS', 'prof.-jerel-leffler-dds', 'Aut totam consequatur quis reprehenderit dolorum iusto nisi. Ducimus vel doloremque sed harum nihil et. Ex qui rem ipsa temporibus.', 'Placeat ea reiciendis quibusdam iusto quia. Harum sit perspiciatis eum qui voluptate culpa.', 'Corene Kautzer', 'Veritatis nihil optio voluptatem vel vero. Esse sint nulla ut ut et.', 'Dolores ut porro dolor qui nisi officia. Accusantium blanditiis quis expedita quo labore dolor. Magnam sunt pariatur corrupti sunt velit itaque. At commodi repellat excepturi.', '2025-02-16 07:19:31', '2025-02-16 07:19:31'),
(648, 648, 'ar', 'Demetris Carroll', 'demetris-carroll', 'Voluptas quia ut ab ut ipsa a tenetur. Sed non laboriosam qui et voluptatem est. Sed accusantium est nostrum amet cumque. Dolor illo aut corporis et iusto.', 'Ipsa architecto aperiam rerum illum et. Similique est qui a rerum. Amet qui et quaerat ullam. Dolores impedit corporis quos nam sint quia.', 'Hassie Roob', 'Temporibus inventore doloremque sint reprehenderit enim modi. Consectetur voluptas pariatur velit possimus possimus voluptas ipsam. Tenetur non ipsum cumque molestiae quo error magnam. Labore alias earum voluptatum laudantium tempore totam.', 'Tempora iure sequi voluptatum. Harum natus inventore minima consequatur ut laudantium sed. Ab et est nam ullam. Quasi eum tempora molestiae.', '2025-02-16 07:19:31', '2025-02-16 07:19:31'),
(649, 649, 'ar', 'Adrian Bashirian II', 'adrian-bashirian-ii', 'Minus voluptas consequuntur ex. Maxime vel non omnis quibusdam natus nihil quis. Est velit consequatur veritatis quidem.', 'Maxime corrupti hic aut aut illo sed. Laborum unde hic ut enim molestias dolores nisi. Error tempore eveniet quia id et asperiores.', 'Prof. Brice Hessel PhD', 'In iure sed rerum et qui. Aliquid eum nobis amet quam consequatur ab cupiditate voluptate. Qui inventore voluptatem amet veniam nobis.', 'Maxime ducimus dolores tempora voluptatum. Libero voluptatem omnis veniam rerum. Id officiis nobis sint magni earum fugit esse dolores. Amet illo sit quos accusamus sed. Aperiam pariatur ipsam necessitatibus maiores.', '2025-02-16 07:19:31', '2025-02-16 07:19:31'),
(650, 650, 'ar', 'Madelyn Abernathy DVM', 'madelyn-abernathy-dvm', 'Ipsum ipsum ipsa dolorem fugit quae. Inventore nulla et fugit aut quas est quisquam. Adipisci est recusandae quis nihil amet.', 'Veniam in quos animi. Modi placeat sunt inventore omnis nostrum. Omnis quia quaerat a ad voluptatibus est eos. Tempora ut quia atque rerum in est omnis. Inventore voluptatem molestiae consequatur ea laudantium dolor adipisci.', 'Kimberly Sauer', 'Sit cum laudantium quos. Laudantium est laborum necessitatibus aut ad. Est harum est adipisci laudantium. Eligendi nihil dignissimos itaque eum veniam.', 'Ab omnis sed voluptas adipisci ut sint et quia. Vel eveniet laborum et in laudantium voluptatem et.', '2025-02-16 07:19:31', '2025-02-16 07:19:31'),
(651, 651, 'ar', 'Antone Hartmann', 'antone-hartmann', 'Et tempora quibusdam fugiat sed et qui voluptas. Voluptatem aliquam alias architecto nulla perferendis beatae veritatis. Repellendus qui sed ad aut ullam.', 'Possimus voluptatem dolorum et hic reiciendis. Dignissimos nostrum et animi praesentium nemo a. Ut porro sit autem et dolores ipsa.', 'Miss Rose Waters', 'Repellendus maiores eaque error sed id. Eum officia quia voluptatem. Deleniti facere eos suscipit dolor mollitia. Dolor tempore facere blanditiis ex alias reiciendis temporibus.', 'Unde incidunt maiores in non rerum eos. Adipisci veritatis vero ut doloribus sed fugit vel. Deleniti ab sint non repudiandae impedit minima. Eum quaerat qui voluptatem voluptatem repellendus ex consequatur et.', '2025-02-16 07:19:31', '2025-02-16 07:19:31'),
(652, 652, 'ar', 'Margarita Ruecker', 'margarita-ruecker', 'Est et distinctio dolores qui. Vero qui iure magnam repellat ipsa at eaque. Quas non asperiores dolorum expedita. Laborum tempore alias facere qui.', 'Dignissimos nihil blanditiis provident modi sint. Rem ad quidem aut in doloribus officia rerum quis. Dolor voluptatem repellat eos tempora impedit repudiandae aut rem.', 'Dr. Monserrat Graham MD', 'Laudantium libero dolores perferendis eligendi magnam magni. Omnis nemo placeat quo laboriosam molestiae. Quis quo officia nemo ipsam magnam itaque. Et et aut numquam nihil ut vitae sed ullam.', 'Eum nihil quam aliquam quaerat rerum eum veniam. Quibusdam deleniti voluptas tempore illo ut. Labore voluptas mollitia velit consequatur qui odit illum. Quae excepturi accusantium iure tempore modi velit.', '2025-02-16 07:19:31', '2025-02-16 07:19:31'),
(653, 653, 'ar', 'Manuel Flatley', 'manuel-flatley', 'Aut qui qui ratione eius sit animi dolore. Aut excepturi laudantium ex dignissimos beatae. Quia quibusdam voluptates consequuntur quasi dolorem. Dignissimos deleniti voluptatem rem voluptatibus itaque maiores.', 'Est dolorem eum quis doloribus officiis. Quia vel cum tenetur. Doloribus occaecati adipisci sed pariatur.', 'Lucinda McClure', 'Animi quae quibusdam distinctio eos dolores alias quis. Ipsam voluptatum et quia omnis. Dolor nesciunt unde dolor nemo tempore voluptatem nemo quasi.', 'Exercitationem nostrum ut esse asperiores natus qui in. Ipsa voluptates est hic mollitia. Quidem quia iusto sint explicabo iste quam repellendus. Rerum eos incidunt laudantium quidem consequatur nulla id assumenda.', '2025-02-16 07:19:31', '2025-02-16 07:19:31'),
(654, 654, 'ar', 'Prof. Delmer McKenzie I', 'prof.-delmer-mckenzie-i', 'Nobis blanditiis laborum ea. Dolor vel animi consequatur fugit similique earum aperiam. Repellat temporibus natus sint commodi eveniet ut.', 'Doloribus autem enim ut aspernatur amet. Dolore voluptas est iste perferendis dolorem aut qui. Nobis veniam tempora in quia. Ducimus error consequuntur et.', 'Retha Kessler', 'In qui voluptates suscipit. Tempore harum fuga quo officiis earum. Ratione vero non dicta ut nihil repellat ut suscipit.', 'Tempora explicabo accusamus voluptatem omnis ducimus suscipit. Amet consequatur quia rerum.', '2025-02-16 07:19:31', '2025-02-16 07:19:31'),
(655, 655, 'ar', 'Mrs. Kaylie Stoltenberg V', 'mrs.-kaylie-stoltenberg-v', 'Quod et ut rerum ea suscipit. Assumenda optio exercitationem harum quo doloribus nobis eum. Molestias cupiditate nostrum consequatur. Optio placeat esse officia labore sit.', 'Eligendi iusto voluptas maiores consequatur quia aut ratione. Consequatur non veniam beatae nulla. Quasi dicta voluptatem impedit expedita doloribus. Quia perspiciatis fuga ipsam sint.', 'Carolyne Cummerata Sr.', 'Debitis unde eum aut nihil voluptatem vel quae. Enim dolores sunt excepturi id id architecto nihil. Occaecati ipsum dolores at perspiciatis consectetur eum et.', 'Nam officia necessitatibus rerum assumenda ratione. Ratione fugit eos occaecati fuga et ipsa quas. Ut vitae cum blanditiis pariatur ut ullam cupiditate. Amet deleniti dolores et reiciendis sed unde nostrum.', '2025-02-16 07:19:31', '2025-02-16 07:19:31'),
(656, 656, 'ar', 'Ella Schuster Sr.', 'ella-schuster-sr.', 'Est magnam architecto et iure temporibus fugiat maiores. Voluptatem ullam distinctio quas aut. Quidem officia illum perspiciatis cupiditate.', 'Distinctio quaerat non dolores quaerat. Minima nesciunt quis fugit voluptatem. Doloremque corrupti tempore officiis eos repellendus voluptas harum dolor. Sunt eaque eos excepturi soluta sit.', 'Mr. Ryder Kuphal', 'Provident et ea dolorem iusto voluptatem. Cupiditate ex aut aut cum quae est doloribus. Quam neque tenetur doloremque quaerat. Quis assumenda magni est vero inventore.', 'Harum ut consequatur debitis rerum laudantium ut. Eligendi rem dolor libero aspernatur.', '2025-02-16 07:19:31', '2025-02-16 07:19:31'),
(657, 657, 'ar', 'Dr. Boyd Donnelly', 'dr.-boyd-donnelly', 'Culpa non quia nam sit qui excepturi omnis distinctio. Voluptatem quibusdam voluptatem cumque sit repellendus recusandae voluptatum. Ea unde eligendi nisi et consequuntur. Et totam illum aliquid minima mollitia molestias assumenda. Possimus deserunt doloremque necessitatibus ipsam quas.', 'Omnis qui cum eligendi aut et omnis. Ut accusamus possimus eum aliquam ut eum debitis. Veritatis voluptatem et ex reiciendis aspernatur suscipit eaque perferendis. Velit et adipisci autem tempora.', 'Kennith Cormier', 'Quis id quos ratione qui aut labore delectus. Temporibus quibusdam quisquam a autem qui nemo culpa. Quia illo iure vero animi quia.', 'Accusamus aliquid earum sit repudiandae hic quis ut. Sed inventore enim totam voluptate velit enim. Modi vel rem ea nesciunt ad. Voluptates quasi quam animi asperiores voluptatem odit voluptatem.', '2025-02-16 07:19:31', '2025-02-16 07:19:31'),
(658, 658, 'ar', 'Margarette Bogan DDS', 'margarette-bogan-dds', 'Odit repudiandae officiis nostrum. Ea sint error ad quam. Quisquam dolor sit recusandae veniam aliquam assumenda sapiente qui.', 'Voluptas atque animi est nihil incidunt expedita ipsam. Magnam consequuntur error ratione sit accusantium. Nihil accusantium voluptatum saepe sint distinctio et doloribus. Consequatur repellat perspiciatis non debitis itaque.', 'Mrs. Mallie Zemlak DVM', 'Harum voluptate repellendus sed nostrum neque. Numquam rerum ea autem magnam. Cum pariatur quis eveniet laborum occaecati. Assumenda nobis non commodi vitae.', 'Ab neque quos debitis voluptates. Voluptate eos quis at quae et. Delectus voluptatum eligendi eligendi aut architecto. Quaerat sit eligendi itaque maiores quia quo enim. Omnis error aut ut adipisci ut eligendi veritatis.', '2025-02-16 07:19:31', '2025-02-16 07:19:31'),
(659, 659, 'ar', 'Lambert Zieme', 'lambert-zieme', 'Minima maxime modi reprehenderit ut aliquam velit. Quas ea voluptatibus blanditiis pariatur eaque eaque. Magni corporis omnis iste est qui quod et. Molestiae voluptatem et consequatur eum et maiores nostrum velit.', 'Et doloremque et doloribus rerum. Vero atque voluptatem suscipit omnis. Magni sunt dolorem voluptatem.', 'Joanne Daugherty', 'Aut amet consequatur iusto illum qui minima id. Cum quia aut quo. Sit accusamus recusandae optio qui et natus.', 'Tempore est nostrum voluptatem fuga ut amet. Nisi et unde et hic. Repudiandae inventore dolorum nihil.', '2025-02-16 07:19:31', '2025-02-16 07:19:31'),
(660, 660, 'ar', 'Ms. Twila Corwin Sr.', 'ms.-twila-corwin-sr.', 'Rerum exercitationem id non. Rerum facilis dicta doloribus quo recusandae nobis. Ipsa sit sit qui sit.', 'Doloribus et quisquam tempora quod ut. Voluptas culpa blanditiis vel aut. Iusto a accusantium et quia officia ut. Consequatur sit quaerat consequatur molestiae ducimus ipsa eveniet laborum.', 'Quincy Sipes', 'Nisi eius expedita quibusdam quae quis eos sapiente earum. Qui iste maiores sunt sint perferendis tempore dolores. Aut quidem necessitatibus assumenda ipsam.', 'Quae consequatur expedita deserunt necessitatibus molestiae dolores ullam minima. Omnis quos et voluptates. Dicta velit veritatis ex. Numquam aliquid ab in non aut ab. Saepe est atque aliquam placeat.', '2025-02-16 07:19:31', '2025-02-16 07:19:31'),
(661, 661, 'ar', 'Dr. Marcia Murray', 'dr.-marcia-murray', 'Assumenda harum repellendus maxime eos in. Id est rerum aliquam. Quisquam ex totam et adipisci doloremque non amet.', 'Ullam commodi minima aliquam aut. Corporis alias veniam velit mollitia accusantium aut sunt voluptas.', 'Jason Zieme', 'Quis nemo laudantium soluta. Consectetur illum qui eius molestiae incidunt ad repellat.', 'Voluptas sit sed tenetur esse. Pariatur officia odio repudiandae earum ea. Qui rerum cupiditate quae autem perferendis culpa qui.', '2025-02-16 07:19:31', '2025-02-16 07:19:31'),
(662, 662, 'ar', 'Prof. Brayan Stokes DDS', 'prof.-brayan-stokes-dds', 'Nostrum quae dolor harum ducimus voluptatem in sit. Odit id vel recusandae quidem nostrum eius quis dicta. Laboriosam quas tempore quo enim quasi. Quo culpa sit et et.', 'Et temporibus officia numquam laudantium. Vitae omnis optio accusamus et. Beatae dolor nesciunt nostrum excepturi.', 'Miss Teresa Maggio IV', 'Sed et quibusdam facere veritatis velit unde. Consequuntur id omnis dolore dolores aperiam aut. Nam id praesentium explicabo. Impedit exercitationem quia dicta similique illo inventore impedit.', 'Natus suscipit rerum quia qui neque. Nostrum ab nemo architecto cumque sapiente. Qui quibusdam quia fuga magni.', '2025-02-16 07:19:31', '2025-02-16 07:19:31'),
(663, 663, 'ar', 'Palma Oberbrunner', 'palma-oberbrunner', 'Consequatur porro inventore vel libero ut pariatur doloribus deleniti. Qui voluptas dignissimos ut repellendus et. Architecto saepe esse voluptatem suscipit est consequatur. Veritatis illo placeat error molestiae porro dolorem.', 'Ea voluptatem vel autem nobis eligendi similique. Quaerat eum dolores ex ut voluptatem ut. Est voluptatem quibusdam mollitia distinctio aut quis.', 'Prof. Sterling Orn V', 'Quisquam qui modi vero minus sunt eum. Officiis sequi est modi rerum. Aut in vel aut ipsam eligendi aperiam quas.', 'Sint sequi vero sint vel corporis ipsam. Ea hic error recusandae id quae in. Fugiat qui velit sed incidunt a nulla similique.', '2025-02-16 07:19:31', '2025-02-16 07:19:31'),
(664, 664, 'ar', 'Roxane Spencer', 'roxane-spencer', 'Voluptatum ad at soluta dolorum doloremque voluptatem error labore. Qui perspiciatis voluptatem consequatur sit. Sunt quam repellendus aut.', 'Eligendi voluptates qui aspernatur. Cum dolores nihil qui modi a. Error optio dolores laudantium sit.', 'Prof. Monte Pfeffer', 'Aspernatur possimus aliquam temporibus quibusdam vitae. Ab veritatis dolorum laudantium nesciunt. Reprehenderit accusantium quia sed. Id odit inventore eaque exercitationem doloremque culpa corrupti laborum.', 'Quia consequatur quis omnis laboriosam rerum in laudantium explicabo. In ut quia aut tenetur et quidem porro facere. Maiores consectetur accusamus iusto ex qui qui. Corrupti a debitis excepturi rerum hic.', '2025-02-16 07:19:31', '2025-02-16 07:19:31'),
(665, 665, 'ar', 'Kaitlin Parker', 'kaitlin-parker', 'Eius corrupti vitae distinctio enim. Minima consequatur impedit aperiam veritatis itaque ut sint. Culpa qui incidunt soluta quibusdam numquam blanditiis possimus.', 'Pariatur dolorem odit aut. Est repellat est ducimus delectus. Delectus excepturi enim minus pariatur.', 'Elijah Nitzsche', 'Saepe molestiae blanditiis aliquid adipisci aut aperiam ullam. Sunt molestiae placeat tempora sunt sit quis ullam. Assumenda vitae eveniet quia ut necessitatibus eos. Rerum non provident odio necessitatibus explicabo aliquam.', 'Dolore et reprehenderit omnis ut est et. Non deleniti molestias et harum ipsa dolorem. Maxime sit pariatur et fugit.', '2025-02-16 07:19:31', '2025-02-16 07:19:31');
INSERT INTO `article_translations` (`id`, `article_id`, `locale`, `title`, `slug`, `description`, `content`, `meta_title`, `meta_description`, `meta_key`, `created_at`, `updated_at`) VALUES
(666, 666, 'ar', 'Raymond Vandervort', 'raymond-vandervort', 'Ut occaecati consequatur minus et iusto aut et. Unde reiciendis aspernatur sit culpa. Corrupti maiores porro iste veritatis rerum qui laudantium. Nobis commodi architecto optio et.', 'Tempora in qui praesentium aut. Rerum rerum vitae adipisci. At rerum voluptatibus consectetur reprehenderit ut esse enim.', 'Tyra Jast', 'Exercitationem sint et qui iure deleniti esse et. Incidunt cupiditate in id aut dicta adipisci magnam. Corrupti in ducimus similique cum. Velit sed modi natus.', 'Ipsam earum nobis hic rerum fuga adipisci enim. Ipsum quasi eum incidunt ducimus velit.', '2025-02-16 07:19:31', '2025-02-16 07:19:31'),
(667, 667, 'ar', 'Cordell Fisher', 'cordell-fisher', 'Modi similique aut sequi magnam quia recusandae quia. Et eaque aut nobis a repellendus maxime. Illum aut doloribus quo illum voluptatem quia. Repudiandae omnis atque aperiam aut modi nisi placeat.', 'Eum exercitationem nisi veritatis illo facilis corporis quos dolor. Ab excepturi aliquid autem omnis est vel consequuntur. Quibusdam aut cumque laudantium debitis aut magnam pariatur.', 'Maude Olson', 'Assumenda fuga et necessitatibus voluptates amet veniam vel. Sunt dolor voluptates iste laboriosam. Reiciendis quidem rerum dolore. Optio dignissimos non ratione.', 'Iure aut quam ab quo in consectetur cupiditate. Consequatur eveniet qui ipsam sapiente. Enim molestiae quia itaque vel et doloribus.', '2025-02-16 07:19:31', '2025-02-16 07:19:31'),
(668, 668, 'ar', 'Anais Aufderhar', 'anais-aufderhar', 'Fuga et ut quis repellendus nisi. Autem ratione ea tempore quam. Corporis id sint non saepe.', 'Sit possimus eum temporibus sunt quo sit et. Consequatur qui error excepturi qui dolores nulla. Ut veritatis repellat sunt eos qui a. Repellendus dignissimos ut similique tempore vero ut soluta.', 'Thad Wisoky', 'Maxime eum tempora aut ut deserunt. Ducimus mollitia nulla velit necessitatibus. Reprehenderit laboriosam fuga officia et.', 'Et nostrum necessitatibus sit ad nesciunt repudiandae. Maiores fuga adipisci et debitis optio neque sint. Qui voluptas repellendus minima quibusdam repellendus sed.', '2025-02-16 07:19:31', '2025-02-16 07:19:31'),
(669, 669, 'ar', 'Caesar Kunde II', 'caesar-kunde-ii', 'Amet iure earum iste et voluptatem. Sapiente dolor consequatur qui facere est ratione neque.', 'Veritatis doloribus et sunt vitae. Praesentium ex nihil nesciunt ducimus quisquam explicabo voluptatem. Adipisci consequuntur fuga dolores possimus facere. Temporibus et quia voluptatem quis.', 'Mireya McDermott', 'Ut aliquam voluptas odit. Sit aut veniam atque officia nesciunt et tempora. Officia est nihil eum tempore illo. Nemo rem impedit eos amet ea. Veniam alias eum ut illo doloribus.', 'Sit magni tenetur dolorem qui soluta dolor eius. Alias praesentium dolores sapiente cumque numquam vitae dolores. Amet sequi voluptatibus rerum quae facere voluptatem.', '2025-02-16 07:19:31', '2025-02-16 07:19:31'),
(670, 670, 'ar', 'Marquis Witting', 'marquis-witting', 'Autem occaecati vel voluptatem harum veritatis sequi dolores. Veritatis sit qui repellendus voluptatibus dignissimos qui reprehenderit. Et quo amet consequatur pariatur ea et necessitatibus. Sint nemo praesentium quo suscipit nesciunt dolore.', 'Eum in exercitationem modi. Voluptate ipsa corporis et voluptas error ut maiores similique. Aut harum quo molestias voluptas sit voluptatem totam. Assumenda ex dignissimos quia.', 'Audra Stanton', 'Aut consequatur aut at at voluptates. Aut beatae alias est error. Alias unde rerum vitae sint eaque sunt. Nulla nihil minima rerum cum. Quidem non consequatur sed.', 'Et eum sapiente dolorem quasi. Fuga nesciunt corrupti at et vero quia. Nobis quia omnis natus voluptate quia reiciendis corrupti.', '2025-02-16 07:19:31', '2025-02-16 07:19:31'),
(671, 671, 'ar', 'Kaylin Hand', 'kaylin-hand', 'Impedit illo provident ex adipisci laudantium. Accusamus et incidunt id tenetur. Consequatur cumque omnis asperiores.', 'Cumque vero numquam quia excepturi. Aliquam repellendus vitae repellat dicta. Odio et omnis praesentium atque aut deleniti suscipit delectus. Voluptas sed fuga sint vitae ut ut non.', 'Eulah Howe', 'Voluptas et illum mollitia vero expedita ab. Pariatur repudiandae ducimus alias facilis nisi. Cumque quo reprehenderit quia ducimus in. Illum voluptatem quo ab et vitae.', 'Nobis optio ratione eligendi sed magni rerum quibusdam. Eaque commodi quod asperiores quis asperiores est quam. Officiis ut veritatis in sunt dolorem quia natus modi. Consectetur harum sed sit quo et reiciendis.', '2025-02-16 07:19:31', '2025-02-16 07:19:31'),
(672, 672, 'ar', 'Hugh Green', 'hugh-green', 'Dolorem qui consectetur veritatis illo. Dolore et dolor modi. Quod id ut quo ut ea.', 'Natus velit autem nemo consequatur ex. Consequatur consectetur illo a autem. Veritatis architecto voluptates neque cum quia.', 'Lelah Mayer', 'Iure temporibus illum vero enim et repellendus ea aut. Aut dolorem voluptatibus qui quis vel inventore dolores.', 'Corporis suscipit qui non enim nihil quis. Cumque corrupti cupiditate saepe consequatur. Quia placeat mollitia aut omnis et. Atque provident dicta porro et.', '2025-02-16 07:19:31', '2025-02-16 07:19:31'),
(673, 673, 'ar', 'Gerard Willms', 'gerard-willms', 'Ea eius enim sequi in sapiente. Corrupti officia et rerum sapiente voluptas. Cupiditate sunt praesentium sint ad.', 'Voluptatem deleniti in sint ipsa nostrum nobis incidunt. Eum recusandae eligendi similique blanditiis asperiores et dolorum. Tempora officiis quisquam aut nam magni.', 'Dr. Crawford Torp', 'Vero tempora non molestiae. Incidunt ut recusandae quis sit velit vel occaecati veritatis. Eum quasi qui repellat nisi quia vero voluptatem.', 'Animi qui doloribus occaecati ut temporibus ea quidem. Expedita et quae consequatur expedita et rem dicta. Quos est voluptatem in. Quis ipsa doloremque rerum dolores sapiente eos vitae.', '2025-02-16 07:19:31', '2025-02-16 07:19:31'),
(674, 674, 'ar', 'Prof. Emily Koelpin', 'prof.-emily-koelpin', 'Aut dignissimos quisquam labore ut maiores qui quo. Atque ipsa quis quia earum. Veniam quisquam aliquam ut vel quo.', 'Ad sunt odio architecto voluptates omnis est quam. Fuga ut nemo est totam eius molestiae a. Minus asperiores qui veniam sit quia aperiam assumenda.', 'Dr. Aurelia Moen V', 'Enim quo et repellendus itaque. Omnis nihil libero quo ratione dolores laboriosam cupiditate. Aliquam inventore incidunt modi et ab consequatur consequuntur.', 'Dolorem libero qui reiciendis est quis cupiditate beatae quos. Non quaerat numquam repellat enim nesciunt esse. Accusantium voluptatem voluptates neque porro blanditiis quas.', '2025-02-16 07:19:31', '2025-02-16 07:19:31'),
(675, 675, 'ar', 'Prof. Gerson Bashirian', 'prof.-gerson-bashirian', 'Earum omnis perspiciatis quasi voluptate velit. Unde sed sit alias. Impedit aperiam suscipit ut rerum repellendus provident officia. Sunt placeat veritatis ipsa atque.', 'Laborum voluptatum id rerum amet et nam et. Vel quisquam omnis inventore praesentium ipsa. Repellat quia vero maiores et est debitis.', 'Prof. Jett Champlin IV', 'Doloremque libero nobis accusantium sequi earum unde. Incidunt velit optio doloremque dolores pariatur voluptate vel. Molestias suscipit illo minus.', 'Repudiandae deserunt voluptatibus soluta harum. Dolores qui cum commodi voluptatem. Consequatur incidunt vitae numquam vel incidunt dolorum similique.', '2025-02-16 07:19:31', '2025-02-16 07:19:31'),
(676, 676, 'ar', 'Mr. Elroy Pouros', 'mr.-elroy-pouros', 'Error odit libero ut minus porro quidem. Sequi eos quo hic voluptatem sed commodi harum. Cupiditate laboriosam non illum aperiam maiores earum dolor. Facilis non et molestiae pariatur error molestiae architecto numquam.', 'Quidem quia temporibus error. Officia incidunt aut quia dolores ut eius. Explicabo quia aut odio.', 'Layla Smitham PhD', 'Adipisci rerum voluptates et dolores facere. At sed vitae minus sit et. Qui debitis facere illum debitis molestias totam sit. Quia molestias voluptas laborum quibusdam enim officiis.', 'Sit aut ea animi atque. Iusto illum qui rerum hic. Qui repellendus ducimus maiores adipisci dolor debitis quidem itaque.', '2025-02-16 07:19:31', '2025-02-16 07:19:31'),
(677, 677, 'ar', 'Zechariah Zemlak', 'zechariah-zemlak', 'Dolorem nemo dolor excepturi quia suscipit modi ea. Sed voluptatem eligendi sunt nesciunt et sed sit et. Et incidunt voluptas sed.', 'Odit eum et nihil. Nesciunt dolorem sint et eaque eveniet quas eaque quos. Eveniet odio sint et fugiat ipsum. Non nisi fugiat ratione.', 'Leanna Lindgren IV', 'Ut iure eaque doloremque. Ullam libero inventore dolorem iusto numquam. Odio atque amet vel ut.', 'Non sint porro quia asperiores odit neque dolor. Molestiae praesentium tempore sequi qui quo quisquam. Sunt voluptatum nihil repudiandae accusamus quia incidunt animi.', '2025-02-16 07:19:31', '2025-02-16 07:19:31'),
(678, 678, 'ar', 'Miss Willie Fritsch Sr.', 'miss-willie-fritsch-sr.', 'Sunt ipsa possimus iure consequatur. Ut autem distinctio omnis fugiat id. Error minima autem est et. Nostrum et a sit quasi odit assumenda repellat.', 'Rerum tempora consectetur sit consectetur ut repellendus sunt. Quasi officiis praesentium et quod omnis architecto. Consequatur eligendi maiores quia aliquid. Qui unde sequi molestias aut vero est corporis.', 'Mr. Tavares Swift MD', 'Quia odit possimus occaecati dolores. Ipsa aut est tenetur quo voluptates sunt blanditiis. Magni et officia accusantium qui dolorem maxime. Et perferendis dolorum qui dolores sit est repellat.', 'Minus vel dolorem sed non vel pariatur. Enim sed exercitationem culpa. Officiis magni nulla qui rem. Voluptates enim et aut facilis.', '2025-02-16 07:19:31', '2025-02-16 07:19:31'),
(679, 679, 'ar', 'Rupert Lemke', 'rupert-lemke', 'Qui neque amet ducimus nihil voluptate consequuntur nisi. Eum veritatis temporibus vero cumque. Voluptas est quia ut enim.', 'Dolor quasi sunt est ea. Et accusamus quia eos molestiae maiores. Quis eum quis earum et eos non quis.', 'Adelle Kuvalis', 'Quod dolores est itaque odit hic et. Pariatur rerum totam nobis. Placeat sunt sed non nemo pariatur odio. Voluptates est nobis vero odit culpa.', 'Qui optio consequuntur est adipisci cum deserunt consequatur. Velit est cumque fugit accusamus adipisci suscipit eos. Ab et itaque fugit repellat ut sit.', '2025-02-16 07:19:31', '2025-02-16 07:19:31'),
(680, 680, 'ar', 'Kelley Cummerata', 'kelley-cummerata', 'Non voluptatem animi dolores ipsam aut sed. Inventore ut fuga quaerat et. In autem laborum ducimus possimus nesciunt vel perspiciatis. Et et veniam tempore molestiae voluptatem magnam. Sequi aut dolorem ut officiis.', 'Corporis temporibus perspiciatis laborum et exercitationem. Sit consequatur cupiditate ipsa earum molestias quas. Doloremque consectetur aut aut deleniti deleniti adipisci qui ut. Quasi iusto ut consequuntur sapiente ipsam consequatur ducimus.', 'Peter Abshire II', 'Occaecati debitis sed quia. Quo voluptatum quisquam magnam culpa. Voluptas sit architecto omnis nobis qui.', 'Qui vitae ipsam nam quas dolor. Ad eveniet velit error. Neque ut et dicta quia quisquam debitis. Voluptatem consequatur fugiat excepturi possimus.', '2025-02-16 07:19:31', '2025-02-16 07:19:31'),
(681, 681, 'ar', 'Prof. Karlie Hintz', 'prof.-karlie-hintz', 'Dignissimos natus facilis quod est nesciunt accusantium voluptate. Accusantium ducimus voluptatem provident eaque eos iste perferendis.', 'Laboriosam quos sed exercitationem vitae et consequuntur. Assumenda ut laboriosam consectetur porro nobis. Id cumque minus voluptate ipsum.', 'Claire Towne II', 'In porro ea sed at accusamus. Temporibus dolorem commodi aut similique voluptas quam. Nesciunt corporis quo aut eligendi odio. Quia unde non similique similique aut et sit.', 'Ea eos et omnis incidunt id aut. Ut perferendis et repellendus optio.', '2025-02-16 07:19:31', '2025-02-16 07:19:31'),
(682, 682, 'ar', 'Mr. Christophe Grant IV', 'mr.-christophe-grant-iv', 'Totam omnis aliquid molestiae cumque. Rerum nisi recusandae nesciunt et modi veritatis. Animi harum ex et ut in aliquid sapiente tempora.', 'Voluptate maxime officia voluptate fuga odio quidem. Quia dolorem nam sapiente atque. Sint ducimus sunt odit praesentium ea illo. Labore est quam sed est mollitia. Ipsam enim qui dolore.', 'Jaquan Cassin', 'Voluptate placeat fugit repellendus enim voluptatem praesentium. Non ullam illum rerum ipsam ratione totam. Placeat illum delectus eos alias non.', 'Et sunt ea natus. Voluptatibus quo beatae amet molestias quisquam. Ullam porro incidunt sapiente.', '2025-02-16 07:19:31', '2025-02-16 07:19:31'),
(683, 683, 'ar', 'Maegan O\'Kon', 'maegan-o\'kon', 'Et voluptas culpa dolorem cumque adipisci non asperiores. Enim ipsa est sint omnis. Occaecati et explicabo praesentium quod aliquid veniam sunt. Voluptas consectetur nihil esse ut. Deleniti libero dolorum ipsa vel.', 'Consequatur voluptates commodi voluptas cumque ut illum. Autem et enim voluptate.', 'Gerhard Cronin', 'Voluptas maxime maiores voluptatem deleniti hic in. Sunt adipisci vitae repellat ex fugit quia porro aut. Dolorem ipsum ut a delectus officia eaque corrupti est. Reprehenderit quo qui earum consectetur harum voluptas error.', 'Dolor quia ut similique et expedita repellat voluptate velit. At tenetur at sequi quia. Est et sapiente modi eligendi repellendus officiis consequatur.', '2025-02-16 07:19:31', '2025-02-16 07:19:31'),
(684, 684, 'ar', 'Dr. Raheem Nolan', 'dr.-raheem-nolan', 'Ipsa quis iusto rerum qui pariatur. Aut neque sint quo facere et. Suscipit quas modi harum ea incidunt sed. Commodi nostrum explicabo molestias culpa sed.', 'Repellendus accusamus rerum quos. Omnis blanditiis explicabo in. Esse magnam et consequatur magni dolores quo eaque.', 'Elroy Romaguera', 'Hic et sequi autem a aspernatur dolores dolore. Perferendis sint quod ducimus minima vitae. Minima voluptatibus sint sed beatae.', 'Saepe modi provident magnam qui saepe. In eligendi est quo deserunt similique sed. Aliquid quis eveniet et molestias alias modi.', '2025-02-16 07:19:31', '2025-02-16 07:19:31'),
(685, 685, 'ar', 'Velda Littel', 'velda-littel', 'Et laudantium voluptatem vitae labore. Consequuntur beatae deleniti aut aliquam enim sint.', 'Omnis sint incidunt explicabo autem alias. Facilis exercitationem optio non facilis ratione. Cupiditate quia earum incidunt voluptas perspiciatis omnis.', 'Elza Borer', 'Magni esse alias nihil maiores. Nam ea et quis sit qui voluptatem in. Reiciendis et omnis libero ut id voluptatem. Porro id animi qui vitae et quod.', 'Animi ea deleniti debitis ratione aut error temporibus. Corrupti vitae porro quae. Provident sequi eveniet odio eos et.', '2025-02-16 07:19:31', '2025-02-16 07:19:31'),
(686, 686, 'ar', 'Marcella Eichmann', 'marcella-eichmann', 'Non id est nihil nobis. Nulla perspiciatis aperiam error at mollitia. Eligendi aperiam quia non qui voluptas vel doloremque sunt.', 'Nisi esse beatae enim ut ut et ut. Dolorem laudantium sit tempora rerum ut. Autem rerum perspiciatis qui iste. Omnis sint et consequatur vitae reiciendis ipsum iste.', 'Calista Johns', 'Rerum consectetur et suscipit eum. Reprehenderit ipsum ipsum nemo dignissimos.', 'Eos eveniet tempora sit accusamus odit. Aliquid nulla magnam aspernatur. Consequatur aut enim modi aperiam voluptatem. Aliquid molestiae consequatur quaerat qui animi ea inventore. Qui et aspernatur ut minus quod omnis minima.', '2025-02-16 07:19:31', '2025-02-16 07:19:31'),
(687, 687, 'ar', 'Alexandre Rosenbaum', 'alexandre-rosenbaum', 'Ut ut illum deserunt tempora aut. Qui soluta adipisci ut. Quo et tempora at voluptatibus. Quaerat amet laborum non voluptas sed.', 'Inventore voluptas minima rerum. Ullam iure qui eveniet nisi. Iste quam perferendis sed ut mollitia.', 'Carmine Bahringer', 'Aliquid sint cumque atque. Cum consectetur veritatis et reiciendis. Odit et placeat molestiae quibusdam fuga. Nihil alias rem dolorem. Inventore voluptas voluptas earum odit sit recusandae enim.', 'Dolore suscipit maiores minus autem et voluptas qui. Enim nisi eos ut. Voluptatum nemo ipsam magni. Quod numquam et eius sit atque ullam ipsam.', '2025-02-16 07:19:31', '2025-02-16 07:19:31'),
(688, 688, 'ar', 'Christop Schimmel', 'christop-schimmel', 'Ut repudiandae velit enim nihil delectus sit. Officia occaecati dolorum ducimus sit. Quam est nemo ut neque fugit et sit.', 'Atque nihil voluptatem nemo temporibus fuga minima. Error quaerat voluptas aliquid impedit. Atque maiores exercitationem amet illum est voluptatem ipsa vel.', 'Monica Feeney', 'Dolore inventore et autem aut. Culpa autem incidunt ut sunt quis nesciunt.', 'Earum quas repudiandae id velit sit. Qui reiciendis et id repellendus. Quia soluta odio dolorem eius aspernatur ut. Qui quibusdam provident corrupti fugit optio tempora.', '2025-02-16 07:19:31', '2025-02-16 07:19:31'),
(689, 689, 'ar', 'Filomena Bechtelar DVM', 'filomena-bechtelar-dvm', 'Provident omnis blanditiis est suscipit ut consequatur itaque. Optio ut eius cum tempore. Tempore et odit similique rem quo dolore qui. Maiores neque qui distinctio alias.', 'Alias est similique et laboriosam perspiciatis quidem incidunt. Quae facilis nulla magni. Dolore qui consequuntur rem labore voluptatum.', 'Noah Mitchell V', 'Sed cum totam est itaque laudantium. Sit labore quos quia error iste. Sed possimus illum asperiores repellat est dolorem.', 'Maiores autem eligendi molestias necessitatibus quia autem consectetur. Quis maiores aut culpa eveniet qui nemo dolore. Possimus consequatur vel fuga est temporibus. Repudiandae placeat nemo non quod sunt temporibus reprehenderit.', '2025-02-16 07:19:31', '2025-02-16 07:19:31'),
(690, 690, 'ar', 'Dr. Natasha Kuhlman IV', 'dr.-natasha-kuhlman-iv', 'Id ullam at animi ipsam. Sunt quia qui fuga totam itaque et. Possimus esse delectus nam qui.', 'Nihil consequatur dolores et eligendi. Quisquam quae vitae tempore neque sed qui adipisci. Neque eos voluptatem aperiam sit eveniet quia quas deleniti.', 'Shirley Lemke MD', 'Non doloribus soluta voluptate ipsa consequuntur ipsum cumque. Ipsam natus impedit velit fuga voluptas cumque doloremque ipsam. Dolorem corrupti numquam rerum aut nemo rerum. Exercitationem fuga exercitationem magni natus quis et perferendis.', 'Quaerat ratione aliquam commodi commodi. Vel error quas perferendis est neque dignissimos. Praesentium dolores doloribus vitae qui adipisci eligendi magni. Sunt veritatis voluptatum voluptatem sint.', '2025-02-16 07:19:31', '2025-02-16 07:19:31'),
(691, 691, 'ar', 'Enos White', 'enos-white', 'Rerum corporis iusto labore quidem. Deleniti animi omnis ducimus nobis repellat ullam.', 'Magni necessitatibus et eaque eveniet dolores. Ut eligendi fugiat et laborum illo sit suscipit. Natus aut cumque qui incidunt officia et esse.', 'Urban Towne', 'Sint dolore veniam sequi eum quia doloribus. Consequatur asperiores quia quo ex porro hic. Est ad cumque dolores facilis laborum iste molestiae. Esse dolore commodi nemo non ut.', 'Totam eos quia mollitia beatae vero. Consequatur accusantium a nesciunt eos corporis ipsam similique. Impedit voluptas sunt et sit harum dolor.', '2025-02-16 07:19:31', '2025-02-16 07:19:31'),
(692, 692, 'ar', 'Prof. Sonya Dietrich IV', 'prof.-sonya-dietrich-iv', 'Sunt qui tempora sit autem sunt quasi ut. Vitae totam ullam quos placeat vel a. Soluta minima sit ipsa enim.', 'Aut non molestias quia sequi ab dolores quos. Eos eveniet odio cumque qui ducimus dolor in. Quibusdam quia placeat odio vel culpa. Consequatur cumque atque nemo corporis.', 'Prof. Katheryn Rodriguez II', 'Beatae et dolorem quis quam aliquam cumque doloribus perspiciatis. In dolorem numquam itaque modi qui. Sit cumque asperiores dignissimos autem voluptates totam. Odio molestias aliquid est earum quae rerum quo eos.', 'Est quisquam sapiente perspiciatis iste molestiae. Qui et iusto rem esse occaecati. Sed eius labore delectus excepturi quisquam laudantium sequi suscipit.', '2025-02-16 07:19:31', '2025-02-16 07:19:31'),
(693, 693, 'ar', 'Jessica Kuvalis', 'jessica-kuvalis', 'Voluptas quia deserunt et dicta laudantium doloribus excepturi enim. Ut laboriosam earum quos autem magnam.', 'Ratione exercitationem dolores alias. Porro et aut culpa temporibus ex. Repudiandae consequuntur nemo veritatis nostrum velit in.', 'Marcos Stokes', 'Magnam accusantium asperiores ab est earum tempore perspiciatis. Dicta aut laborum culpa neque molestiae. Qui facere quia est autem minus consequatur. Nihil molestiae voluptas magnam tempore soluta.', 'Sequi sed voluptatem minus error. Libero quam tenetur provident voluptatem sed ut consequuntur. Impedit sint incidunt cupiditate adipisci provident illum. Voluptatibus rem laudantium ea occaecati. Cumque perferendis doloremque nam natus quaerat temporibus.', '2025-02-16 07:19:31', '2025-02-16 07:19:31'),
(694, 694, 'ar', 'Dr. Estel Hettinger V', 'dr.-estel-hettinger-v', 'Autem et enim ut et. Ut esse similique ducimus quisquam aut. Quam itaque enim aliquam dolore officia quidem. Velit rem voluptatum iure sint.', 'Ut voluptas repudiandae et est adipisci molestiae. Nesciunt optio maxime omnis aperiam. Laudantium reiciendis assumenda qui consequatur rerum tenetur. Aliquid nihil odit sit sunt sit consequatur.', 'Cary Will', 'Pariatur id enim assumenda sequi. Dolorem reprehenderit atque sapiente earum qui et molestias aliquid. Facere est reprehenderit aut sint aut ut at. Inventore quod sint consequatur voluptas officiis.', 'Commodi aliquid id totam sapiente totam nihil. At ratione ut laboriosam quasi. Dicta possimus id veritatis voluptatem corporis reprehenderit labore.', '2025-02-16 07:19:31', '2025-02-16 07:19:31'),
(695, 695, 'ar', 'Elias Cummings', 'elias-cummings', 'Aut tenetur sequi fuga dolore accusantium consequatur praesentium. Sapiente illum molestiae repellendus non. Deleniti et sit atque explicabo quos.', 'Necessitatibus consequuntur aut qui. Deserunt optio enim sit libero repellendus saepe. Voluptates quod eaque provident harum nihil sed. Itaque distinctio nulla nesciunt corporis qui numquam.', 'Hannah Hettinger', 'Fugit ut ut assumenda tempore et repellat distinctio ea. Nam iure voluptates unde unde autem adipisci et. Autem eos rem perferendis quia aut dolor.', 'Ut iure dolor architecto eum deserunt. Officia et laborum distinctio dignissimos quia. Inventore est molestiae repellat iure qui.', '2025-02-16 07:19:31', '2025-02-16 07:19:31'),
(696, 696, 'ar', 'Marcellus Kozey', 'marcellus-kozey', 'Esse pariatur sequi hic aliquam aperiam. Cupiditate est voluptate ipsam placeat saepe adipisci. Perspiciatis et vero et repudiandae. Et minima omnis omnis.', 'Officiis fugiat sequi ad voluptas nam est dolorum. Assumenda accusantium animi nisi soluta aut. Exercitationem perferendis et eveniet.', 'Harvey Cole', 'Rerum qui qui odit rerum sint. Numquam vel reprehenderit est libero quia debitis dolorum. Blanditiis aut dolore placeat sit voluptates labore a. Animi ut et fugiat consectetur.', 'Autem voluptatibus minus magni quisquam ut sed. Velit quos et repellat voluptatem qui sint minima. Laborum dolor perferendis aut consequatur in. Quisquam voluptatem quo provident doloremque occaecati.', '2025-02-16 07:19:31', '2025-02-16 07:19:31'),
(697, 697, 'ar', 'Melisa Zboncak', 'melisa-zboncak', 'Quia illum sint libero sit eveniet accusamus. Blanditiis corrupti et maxime totam libero. Pariatur nulla et inventore ad consequuntur non quia.', 'Eaque repellat neque dolore illum. Quia maiores consequatur et aut. Earum qui numquam repellendus est aperiam.', 'Shana Waters MD', 'Qui sed esse id vero aliquid beatae sed. Nihil quam quos et laboriosam consequatur architecto corporis sequi. Necessitatibus ipsa at aperiam assumenda nam modi. Non consequatur omnis quis qui est quae reprehenderit.', 'Nulla nulla incidunt repellat nihil. Fugiat porro dolor itaque perferendis harum impedit. Velit exercitationem dolores fugiat et nihil. Qui id et quaerat qui.', '2025-02-16 07:19:31', '2025-02-16 07:19:31'),
(698, 698, 'ar', 'Mackenzie Romaguera IV', 'mackenzie-romaguera-iv', 'Autem voluptas quos aliquid quisquam distinctio. Dolorem dicta eos et sunt et quia laboriosam. A praesentium aut accusantium.', 'Eligendi sunt nulla soluta voluptatem qui. Quas ratione quia tenetur ipsa qui voluptatum. Qui magnam officia qui minima omnis animi vel aut. Consequatur soluta qui est ratione.', 'Ms. Carolyn Bode', 'Fugiat repellendus aperiam sit repellendus pariatur quo voluptatem doloremque. Atque dolorem magni pariatur aut iusto magni qui. Sint laborum nobis suscipit aut dicta ipsa facere.', 'Mollitia beatae quia quasi ea temporibus corrupti. Quo quia ex accusamus. Dolores omnis reprehenderit assumenda fugit animi autem. Earum est nemo quos sed.', '2025-02-16 07:19:31', '2025-02-16 07:19:31'),
(699, 699, 'ar', 'Eldora Miller', 'eldora-miller', 'Consequuntur facere porro assumenda quisquam. Praesentium voluptatum distinctio aspernatur accusamus neque repudiandae et. Sunt doloribus dolor eos quasi vero qui. Explicabo minus repellendus neque quibusdam vitae ducimus placeat. Voluptatem sint quisquam debitis ex ut pariatur.', 'Voluptatem dolore rerum vel nulla magni possimus. Fuga ut consequatur ad et autem consectetur aliquam sit. Nemo dolorem voluptatem soluta. Similique temporibus sed repudiandae et natus.', 'Edmund Hessel DVM', 'Perspiciatis occaecati vitae eligendi eum nihil aspernatur. Perspiciatis et rerum consequatur. Explicabo vitae velit tempore. Deserunt delectus et quasi.', 'Necessitatibus doloribus dolorem porro quaerat mollitia. Sit molestiae quod dolor placeat aut est. Debitis sed sit consectetur et.', '2025-02-16 07:19:31', '2025-02-16 07:19:31'),
(700, 700, 'ar', 'Dr. Abigayle Johnson II', 'dr.-abigayle-johnson-ii', 'Provident cumque laborum iste vel ea nostrum. Est voluptate ea veritatis nesciunt. Beatae fuga illo sit necessitatibus illum. A quaerat fugit similique fugit dolores. Ipsam vitae veritatis reprehenderit aspernatur voluptas quam.', 'Explicabo non earum animi mollitia itaque. Quo quia et ut est molestiae optio. Sit ad recusandae magnam deleniti. Officia sapiente consectetur minus omnis.', 'Tina Langosh', 'Optio ipsum quisquam at molestias consequatur libero quia. Non explicabo unde sed est voluptatem dicta. Repellat esse voluptas qui quia minus dolorem vel temporibus.', 'Reiciendis veniam sequi quo. Rem animi quam aliquid eaque hic omnis. Et rem qui ad et sunt. Et sunt alias pariatur ut cupiditate consequatur ullam. Tenetur eum voluptatem omnis numquam quam exercitationem.', '2025-02-16 07:19:31', '2025-02-16 07:19:31'),
(701, 701, 'ar', 'Rory Donnelly', 'rory-donnelly', 'Eius laboriosam blanditiis est dolores maiores praesentium. Sunt omnis mollitia aperiam neque soluta suscipit. Cupiditate explicabo aut consequatur ut.', 'Inventore deleniti odio repellendus voluptas rem quas. Culpa et omnis adipisci impedit debitis in.', 'Shany Beahan', 'Sapiente quia qui at ut. Impedit odio quia unde ut corrupti sed ut illo. Mollitia tempora facere impedit facere autem molestiae doloremque.', 'Quia minima delectus similique numquam quo eos. Adipisci omnis aliquam sed debitis veniam incidunt possimus. Sed laudantium ut itaque accusamus.', '2025-02-16 07:19:31', '2025-02-16 07:19:31'),
(702, 702, 'ar', 'Gerda Herzog', 'gerda-herzog', 'Dolorum quod ex natus quo temporibus. Harum doloremque illum veniam eos voluptatem iusto. Ullam consequuntur et laboriosam nam nostrum. Velit eum impedit unde dolor.', 'Nobis illum hic nemo natus qui officia. Harum placeat expedita eos hic architecto impedit. Praesentium aut repellendus voluptas maxime distinctio accusamus. Vel tempora enim velit quod eos ut.', 'Zora Emard DDS', 'Facilis aut quasi error ipsa. Eum quisquam repellat animi facilis qui. Rerum voluptas voluptate facere natus unde velit. Ad dolor distinctio ipsa aliquam ex quaerat alias.', 'Harum et non amet sint et sed est. Et consequatur iure similique consequatur laborum eum. Placeat voluptatem minus nihil provident. In magnam nisi ipsa cum.', '2025-02-16 07:19:31', '2025-02-16 07:19:31'),
(703, 703, 'ar', 'Miss Alayna Tromp', 'miss-alayna-tromp', 'Vitae reprehenderit quae in dolore. Voluptas error nostrum ad tempora esse. Quos quae enim et.', 'Cum non cumque alias qui quis sed commodi. Aut quia ut tenetur aut in facere. Voluptatem corrupti enim cum sit beatae deleniti.', 'Brisa Rau', 'Voluptatibus possimus nostrum id aut voluptatibus id et. Sapiente ab in ut qui nesciunt nihil expedita. Quae in facere facilis voluptatem.', 'Ut enim ipsum molestiae repellendus soluta quo dolorem voluptatem. Ipsam laborum eius doloribus praesentium in eaque sit. Totam quae voluptatem soluta sunt in.', '2025-02-16 07:19:31', '2025-02-16 07:19:31'),
(704, 704, 'ar', 'Dr. Kenyon Rice MD', 'dr.-kenyon-rice-md', 'Eos ratione quia aut ea vero tempore inventore impedit. Totam cum qui pariatur molestiae. Alias a commodi placeat laudantium assumenda et eum necessitatibus.', 'Dicta qui maiores quia nihil. Qui commodi voluptatibus aut sunt. Consequatur dolore modi dolorem vitae.', 'Ruben Rowe', 'Sed voluptatum deserunt eveniet. Dolores consequatur itaque asperiores et inventore perferendis. Qui aut necessitatibus et amet reiciendis et dolores.', 'Voluptatibus nobis esse dolorum et adipisci sit natus. Sint ipsa deleniti facilis consequuntur ipsum numquam. Praesentium repudiandae incidunt sed. Et at est eaque deleniti sint beatae.', '2025-02-16 07:19:31', '2025-02-16 07:19:31'),
(705, 705, 'ar', 'Amalia Carroll MD', 'amalia-carroll-md', 'In magni delectus eum ab consequatur nesciunt. Laborum beatae et facere in et nostrum facere. Repellendus possimus eligendi aut dolores esse est quae.', 'Sit vitae quae quia facere possimus. Quos assumenda rem eos voluptatibus atque.', 'Joey Grimes DDS', 'Sed eum sint adipisci nihil recusandae. Sapiente consequatur pariatur aliquam fuga quibusdam architecto. Aut consectetur id repudiandae sequi voluptatum est.', 'Et adipisci explicabo consectetur quia. Eligendi dolorem hic nobis ad unde corrupti et. Placeat quaerat laudantium nemo perferendis explicabo. Inventore aliquid voluptatem dolor ullam.', '2025-02-16 07:19:31', '2025-02-16 07:19:31'),
(706, 706, 'ar', 'Ebony Kautzer', 'ebony-kautzer', 'Suscipit voluptas et delectus atque iusto quis placeat. Nesciunt pariatur quasi illum omnis enim ut voluptatum. Voluptas eos pariatur ut totam incidunt dolorem id.', 'Mollitia aut quis molestias dignissimos quia quo. Numquam voluptatem maxime architecto sint explicabo et. Tempore ut aliquam in nulla. Temporibus repellat quam hic natus.', 'Terrill Fritsch Sr.', 'Quo qui consequatur accusantium voluptatum beatae odit. Quis sit ea provident amet temporibus. Distinctio voluptatibus sit id mollitia.', 'Sapiente id facilis voluptatem. Consequatur animi enim voluptas voluptate velit ullam id quae. Architecto dolores eum pariatur totam temporibus. Ad est molestiae sit et eos.', '2025-02-16 07:19:31', '2025-02-16 07:19:31'),
(707, 707, 'ar', 'Cathrine Schaefer', 'cathrine-schaefer', 'Totam dolorem laudantium beatae. Quia natus facere similique deleniti quod. Dolorem omnis atque iure dolores.', 'Ratione ut qui fuga distinctio itaque. Repudiandae nihil fugit sit odit est. Facilis voluptatem impedit quia reiciendis perspiciatis fuga explicabo numquam. Laborum placeat quae quas illo iure.', 'Garrison Kuhlman', 'Tenetur laudantium ut non saepe natus. Maxime maxime non nostrum quia tenetur esse. Recusandae et sit dolor unde et eligendi rerum.', 'Dolorum ad inventore in est ea doloremque consectetur. Nulla magnam at nihil laboriosam quam est beatae. Error et quis incidunt et qui.', '2025-02-16 07:19:31', '2025-02-16 07:19:31'),
(708, 708, 'ar', 'Vesta Braun', 'vesta-braun', 'Nemo ex quo et voluptates. Qui accusamus totam vitae minima inventore recusandae. Et dolore quia nemo quisquam autem. Ut molestias hic vel temporibus quod odit numquam.', 'Nam numquam neque sunt natus quis. Consequatur aut non excepturi qui laboriosam ipsa consequuntur debitis. Debitis sit aliquam ab nam dolore sed.', 'Alexandrea Willms', 'Culpa saepe rem numquam eum in eveniet. Perspiciatis nam beatae mollitia praesentium. Suscipit in et voluptatem nisi.', 'Quibusdam consequatur voluptatem earum sit eaque dolor. Expedita repellat magnam quo molestias inventore minus. Ea eveniet autem rerum voluptatum aut optio eum blanditiis.', '2025-02-16 07:19:31', '2025-02-16 07:19:31'),
(709, 709, 'ar', 'Petra Ullrich', 'petra-ullrich', 'Amet eos sint ipsa ratione non et. Aliquam dolore minima possimus pariatur. Blanditiis nam sed culpa perferendis consequatur ratione. Veniam alias quam suscipit sint.', 'Quas fugiat vitae dolorum minus quo molestiae sunt. Expedita fugit amet quo repellendus. Veniam modi rem deserunt qui vel voluptas. Dolorum eos qui itaque dolorum alias aut. Sunt ullam quibusdam aut eum.', 'Prof. Braxton Kilback PhD', 'Quia laborum quo omnis velit facilis quisquam amet non. Id dolorem rerum distinctio amet. Reiciendis voluptatem id omnis nam modi.', 'Nam ipsa animi saepe libero omnis rem. Sequi velit corrupti consequatur ab omnis. Delectus cupiditate non enim et iste commodi. Libero et dicta cupiditate.', '2025-02-16 07:19:31', '2025-02-16 07:19:31'),
(710, 710, 'ar', 'Franz Ratke', 'franz-ratke', 'Ducimus sed molestiae eos. Voluptatem nisi facere quo consequatur ea. Consequatur magni accusantium provident at aliquid enim tenetur nemo. Voluptas ipsum deserunt rem dolorem nihil.', 'Consequuntur quos omnis aspernatur. Et est expedita id exercitationem. Recusandae porro et facere minima.', 'Alysa Lueilwitz', 'Aut eum alias ipsa eaque sint non atque. Maxime sint quis aspernatur similique quis sunt. Totam reprehenderit placeat totam quo.', 'Dicta quisquam autem aliquam debitis. Optio ea ex est aut. Consequatur architecto veniam quos aut doloremque. Cumque minima inventore facere.', '2025-02-16 07:19:31', '2025-02-16 07:19:31'),
(711, 711, 'ar', 'Dr. Lela Sipes', 'dr.-lela-sipes', 'At soluta consequuntur rerum consectetur ipsam est minus quas. Aut placeat est occaecati. Omnis voluptas blanditiis suscipit consequatur perspiciatis. Fuga in incidunt dolore.', 'Dolorum dolores eum aut consequatur. Libero eum quo exercitationem et. Ex ut mollitia dicta tempore dolores reiciendis.', 'Nola Streich', 'Enim et nihil qui rerum corporis consequatur in cupiditate. Eveniet ea ea ut in sunt recusandae. Est quaerat rem quos id exercitationem illo exercitationem. Cum suscipit ea earum.', 'Nihil eaque omnis reiciendis veniam ut aspernatur. Nobis aliquid possimus corrupti laboriosam nobis eius. Fugiat voluptatem dicta est sit ut.', '2025-02-16 07:19:31', '2025-02-16 07:19:31'),
(712, 712, 'ar', 'Anika Rowe', 'anika-rowe', 'Veniam quia ut quod error. Rerum reprehenderit sequi perspiciatis sit asperiores officiis optio cum. Adipisci est sint fugiat laudantium.', 'Maxime quidem totam ducimus nostrum quis aut doloremque. Eligendi aut blanditiis cupiditate illum illo. Temporibus tempora soluta neque quisquam quis.', 'Prof. Antwon Donnelly III', 'Expedita error pariatur dolorum autem. Ut sint dolorum corrupti et iure ut. Dolore modi laborum fugit et ea qui.', 'Animi perferendis aperiam laborum rerum ut. Ullam molestiae magnam quos modi qui nam et. Architecto cupiditate qui aliquam et aspernatur unde.', '2025-02-16 07:19:31', '2025-02-16 07:19:31'),
(713, 713, 'ar', 'Sammie Kemmer', 'sammie-kemmer', 'Et odit dolor omnis ea. Aliquam veniam qui corrupti consequatur pariatur. Tempore facere voluptatem ex aliquam a perspiciatis sed.', 'Id enim fuga rem. Dolore officiis repellat voluptas sint. Sunt rerum molestias et maiores aperiam.', 'Brycen Stiedemann', 'Illo animi eum voluptate reiciendis. Illo ea nostrum eum nam.', 'Ut doloribus ut nulla eveniet animi numquam velit. Harum eum id saepe. Eius rerum excepturi ut dolores eaque quidem. Optio odit neque aut.', '2025-02-16 07:19:31', '2025-02-16 07:19:31'),
(714, 714, 'ar', 'Larue Rempel', 'larue-rempel', 'Voluptate itaque veritatis quos velit et. Aut officiis perferendis sed nobis autem.', 'Debitis veniam ullam facilis voluptas. Vel itaque minima consectetur. Soluta fugiat voluptas odit quam nam. Quisquam sunt aut ipsa.', 'Tabitha Zulauf', 'Doloribus libero recusandae ipsam. Culpa natus recusandae reiciendis dolores laboriosam quas. Repellendus ab aut eos aspernatur rerum quas pariatur. Et at tempora qui non non omnis aut nihil.', 'Dolores assumenda earum et expedita voluptas porro minima. Aut labore voluptate alias voluptatum aut doloribus itaque non. Non sit non soluta suscipit laborum. Hic nemo atque ut cum perspiciatis ut.', '2025-02-16 07:19:31', '2025-02-16 07:19:31'),
(715, 715, 'ar', 'Mr. Chester Mann', 'mr.-chester-mann', 'Aut a sunt commodi nam. Iusto quis accusantium eveniet ipsum sit laudantium architecto. Aut et magnam est facilis.', 'Ea voluptatibus nihil rerum qui aut. Ex saepe reiciendis corrupti laudantium. Incidunt aut est quia ipsa velit ad beatae. Modi expedita nisi ducimus.', 'Ms. Clementina Cormier', 'Similique modi et blanditiis laudantium. Sunt hic quos consequatur nihil. Repudiandae veniam pariatur sed earum qui. Praesentium sint necessitatibus harum cumque accusantium eos.', 'Laboriosam mollitia qui fugit quaerat placeat. Sed cumque atque pariatur et. Ducimus sed non consequatur magni aspernatur.', '2025-02-16 07:19:31', '2025-02-16 07:19:31'),
(716, 716, 'ar', 'Prof. Kayley Cormier V', 'prof.-kayley-cormier-v', 'Quia explicabo placeat qui et. Optio totam deserunt fugiat quos. Placeat aliquam iste doloribus perspiciatis.', 'Qui asperiores ipsam sapiente ipsum consequuntur voluptatem debitis. Cumque totam nisi maiores minus reprehenderit enim neque rem. Ad deleniti expedita nobis harum qui est dicta.', 'Herbert Okuneva', 'Et autem facilis dignissimos quia possimus cumque aut est. Facere quisquam aut voluptatum modi. Et minima totam nobis laudantium temporibus nisi aut.', 'Blanditiis sit illo omnis delectus officiis iure hic. Cupiditate tempora est accusantium aut. Eos nesciunt ea non repellat cumque reprehenderit perspiciatis.', '2025-02-16 07:19:31', '2025-02-16 07:19:31'),
(717, 717, 'ar', 'Dr. Keegan Connelly', 'dr.-keegan-connelly', 'Aliquam consequatur quos est dolorum reprehenderit mollitia. Commodi mollitia iure quia neque. In quas deserunt ab. Laudantium corporis in consectetur laborum.', 'Ut odio aliquam delectus eum. Quos quia temporibus a enim sed. Eligendi incidunt enim beatae aliquam quae consectetur. Corporis quis maiores in officia aut.', 'Marty Powlowski', 'Aut quam voluptas voluptate quo. Debitis quae vel saepe. Eum dolores animi enim laboriosam placeat sit.', 'Rerum quibusdam est voluptate debitis ex. Quo ut beatae labore expedita.', '2025-02-16 07:19:31', '2025-02-16 07:19:31'),
(718, 718, 'ar', 'Toney Vandervort', 'toney-vandervort', 'Ratione voluptates quia quia aut. Fugit et iusto similique corrupti soluta. Ad porro repellendus ut dolores. Amet consequatur quia neque tenetur odio velit nostrum.', 'Quia nemo repellat ad. Laborum nostrum accusantium et ullam.', 'Joan Hintz Sr.', 'Cupiditate sit doloremque rem ut asperiores. Explicabo laboriosam expedita fugit nobis. Animi quia rem nam modi aut placeat ut. Consequatur rem eum ut aut necessitatibus quia.', 'Quae et dicta dolor quis. Voluptates labore enim a animi porro eum perferendis enim. Debitis et earum iure facere earum molestias. Sit dicta saepe quia fugiat qui temporibus minima.', '2025-02-16 07:19:31', '2025-02-16 07:19:31'),
(719, 719, 'ar', 'Gerhard Hauck', 'gerhard-hauck', 'Est temporibus aut mollitia deleniti. Modi et in aut ut. Doloribus non veritatis molestiae expedita dolorem ducimus.', 'Voluptates officiis accusantium ut quod nihil dolorem. Natus unde atque dolore eos. Voluptatibus sit natus magni.', 'Dr. Blaise Hill', 'Sit sit impedit repudiandae optio et accusantium quo. Voluptatem sit nemo qui maxime. Quia ut velit ratione consequuntur nemo et.', 'Qui illum ipsa quia est doloremque. Amet est magni repudiandae dolores ut et quia. Voluptatem aut molestiae quas qui aut hic aut.', '2025-02-16 07:19:31', '2025-02-16 07:19:31'),
(720, 720, 'ar', 'Carter Collier Jr.', 'carter-collier-jr.', 'Eum libero repudiandae quia deserunt nesciunt vel ea. Eos enim tempora error error repellendus aut placeat. Iusto distinctio voluptatem exercitationem nulla molestias accusamus animi adipisci.', 'Dolor magni ullam voluptas labore delectus omnis accusamus. Et ipsum saepe provident aspernatur dolor. Repellendus sequi expedita nisi voluptates dignissimos id. Harum excepturi repellat rerum est rerum autem.', 'Beatrice Bins', 'Aut adipisci ipsa quo atque corporis cumque facilis. Consequatur ipsum provident ad soluta voluptas voluptatem. Nam dolorum repudiandae iure voluptatum blanditiis et enim. Commodi perspiciatis sed recusandae repudiandae et non voluptatibus. Minima et sed occaecati cupiditate sint.', 'Perspiciatis sit repellat excepturi voluptas. Nihil temporibus molestiae inventore officiis in. Pariatur rem doloremque in sapiente. Sit soluta et doloremque est.', '2025-02-16 07:19:31', '2025-02-16 07:19:31'),
(721, 721, 'ar', 'Sammie Koepp', 'sammie-koepp', 'Sequi voluptas eos ea temporibus. Perspiciatis et occaecati et unde voluptatibus quaerat cumque veniam. Provident illum vitae iusto impedit cupiditate voluptatem dolorum. Aliquam officiis aliquid molestiae dolor quia neque et amet.', 'Dicta nihil aut fugiat vel id sed. Possimus explicabo esse aut. Magni ut molestias esse qui.', 'Osbaldo Greenfelder', 'Modi omnis aut earum consequatur eos perferendis. Qui saepe et nesciunt dolor minima est facere numquam. Ea exercitationem porro placeat libero.', 'Assumenda est sint exercitationem. Accusamus ut incidunt est ipsa. Delectus ut fuga molestias.', '2025-02-16 07:19:31', '2025-02-16 07:19:31'),
(722, 722, 'ar', 'Demetris Sawayn', 'demetris-sawayn', 'Laborum enim iure ex omnis. Sit est consectetur rem dicta laudantium. Culpa autem ducimus aut enim officia.', 'Cum vero animi ut est quam molestias optio sint. Odit similique vero voluptatem culpa corrupti optio placeat veniam. Sit nam fuga iusto quod voluptates eum amet iusto. Numquam et voluptates iusto numquam ab accusantium.', 'Dr. Laverne Kohler DVM', 'Ut autem labore dicta earum ut. Qui nostrum illo quo est hic cum.', 'Perspiciatis autem et ut cumque ipsam. Non aut eius et omnis officia. Quia perspiciatis culpa eos dignissimos optio.', '2025-02-16 07:19:31', '2025-02-16 07:19:31'),
(723, 723, 'ar', 'Prof. Carlee Koepp IV', 'prof.-carlee-koepp-iv', 'Recusandae ipsa explicabo accusamus ipsam consequatur. Nihil iusto vel dolore asperiores in. Voluptatem quo enim omnis. Qui est voluptas sed nostrum molestiae fugiat.', 'Maxime provident omnis corporis et vitae aut. Libero ex quidem enim et soluta voluptatum modi.', 'Adriana Rice', 'Aut occaecati a iusto. Odit consequuntur illo aliquid voluptas atque ut. Possimus vel earum sed aut. Labore beatae quo aut pariatur nihil distinctio nemo.', 'Et repudiandae ea qui reiciendis. Ut tempora recusandae molestiae necessitatibus dolores. Molestias impedit a suscipit libero inventore qui ipsam veniam.', '2025-02-16 07:19:31', '2025-02-16 07:19:31'),
(724, 724, 'ar', 'Pedro Wehner', 'pedro-wehner', 'Vel asperiores quia omnis dolorum veniam magni. Dolore et ullam iste officia. Architecto quam et corrupti provident iure quaerat.', 'Nobis laboriosam et similique qui iure rerum quis vel. Voluptatum in illo aut eius corrupti aspernatur. Earum perferendis tempore quisquam rerum non. Voluptas molestias totam fugiat. Excepturi voluptates accusantium ducimus ea ut et laboriosam magnam.', 'Elinore Ebert', 'Neque molestiae sit doloribus enim. Ea quisquam aut aut possimus esse. Eum ut fugit autem eum. Molestiae possimus consequuntur ipsum aut quidem.', 'Dolorum sunt aut placeat necessitatibus. Itaque illo dolores laborum quis alias eum voluptatum. Unde eos at repellat.', '2025-02-16 07:19:31', '2025-02-16 07:19:31'),
(725, 725, 'ar', 'Mr. Mariano Cole', 'mr.-mariano-cole', 'Ut illum reiciendis velit molestias. Ratione libero commodi consequatur rerum dolor dignissimos. Recusandae animi quia id explicabo saepe. Hic necessitatibus et sit ducimus aspernatur.', 'Ex voluptas debitis et in animi. Similique architecto corporis iusto ut ut rerum qui voluptatem. Eaque eius illum omnis. Et quam placeat placeat enim excepturi.', 'Salvador McKenzie MD', 'Est voluptatem magnam commodi iste voluptate excepturi. Sint quis omnis quibusdam atque ut. Laboriosam consequuntur placeat expedita dolor. Eveniet velit et ut eum et ut. Voluptate aperiam consequatur aut quae.', 'Sit omnis beatae culpa. Possimus nisi qui ducimus odit provident. Dignissimos velit et asperiores ut.', '2025-02-16 07:19:31', '2025-02-16 07:19:31'),
(726, 726, 'ar', 'Prof. Franz Rippin', 'prof.-franz-rippin', 'Magnam rerum et illo veritatis. Voluptatem quidem similique suscipit. Qui a excepturi optio. Tempore quos aliquid atque magnam quaerat accusamus voluptas.', 'Hic qui et quisquam nostrum sunt expedita. Magni nesciunt corrupti sint ut voluptatem qui animi. Omnis sint id et. Ut sit veniam inventore quos ullam eum aliquid.', 'Lillie Will', 'Rerum officia voluptates vero similique quaerat. Voluptates fugit corrupti earum voluptas. Qui esse tempore labore assumenda.', 'Provident culpa dolores deleniti et recusandae quam rerum. Reiciendis fugit quod voluptatum possimus error aspernatur rerum. In ducimus ut consequuntur non voluptas accusamus ipsa earum. Omnis amet accusantium impedit et laboriosam beatae quo ipsum.', '2025-02-16 07:19:31', '2025-02-16 07:19:31'),
(727, 727, 'ar', 'Claire Bailey', 'claire-bailey', 'Consequatur veniam eos et sunt. Est saepe dolorum ipsa id minima cum ut ducimus. Accusamus esse dicta sit iure quo non ut.', 'Autem est accusantium iste necessitatibus. Velit quia est similique et quae eligendi.', 'Mr. Eduardo Gibson', 'Modi cum aut consectetur dolores ut et fugiat. Vero et quam aut eligendi. Voluptatibus eveniet et dolores nam. Iure explicabo corrupti fuga eius sequi autem ut. Earum nesciunt cupiditate cum doloremque aut.', 'Dignissimos ducimus totam provident vel placeat nihil. Eos nihil culpa consequuntur et. Voluptatem accusamus ea nihil similique. Consectetur et perspiciatis nam.', '2025-02-16 07:19:31', '2025-02-16 07:19:31'),
(728, 728, 'ar', 'Mr. Nathanial Zulauf', 'mr.-nathanial-zulauf', 'Ut ipsam et deserunt molestiae. Nisi possimus consequatur sit neque enim suscipit minima vel. Necessitatibus similique illo velit ullam. Non at itaque exercitationem nemo aliquam consequatur reprehenderit. Est consequatur veniam et vitae explicabo.', 'Molestiae cumque repudiandae ratione similique. Facilis rerum iusto aspernatur. Ut dolores et deleniti rerum aperiam. Quas natus officiis hic accusantium est culpa.', 'Mrs. Leilani Rippin', 'Vitae accusamus dolores culpa odit. Pariatur libero ipsa voluptatum similique officiis autem asperiores. Et nobis inventore libero totam voluptatum et.', 'Et asperiores temporibus maiores iure eveniet cumque voluptas. Asperiores libero aperiam nobis officia mollitia provident. Aperiam rerum vel illum sunt ut dolorem cumque.', '2025-02-16 07:19:31', '2025-02-16 07:19:31'),
(729, 729, 'ar', 'Johann Baumbach', 'johann-baumbach', 'Ex temporibus delectus fugiat sit. Quia rerum numquam similique est quaerat. Voluptate est aliquam quia non hic odio. Tenetur incidunt eligendi veniam ut id.', 'Magni voluptatem et et et molestiae maiores. Et nam laborum quaerat consequatur vitae veniam. Assumenda natus sint earum doloribus ab aut autem. Ut rerum explicabo expedita ducimus molestias.', 'Mr. Dameon Rolfson', 'Modi eum reprehenderit odio magni nemo quam. Aut voluptas dolores sit. Omnis consequatur neque dolor aliquam ipsam quia. Omnis ad amet eum aperiam.', 'Omnis expedita aut sit enim sed provident et. Culpa quos ad maxime non possimus ad. Voluptatibus ipsa omnis sapiente optio.', '2025-02-16 07:19:31', '2025-02-16 07:19:31'),
(730, 730, 'ar', 'Dakota Stroman', 'dakota-stroman', 'Deserunt adipisci qui placeat modi illum facere voluptatem aut. Quisquam libero aut sint. Qui non pariatur molestiae qui sint. Sunt accusantium ut sunt natus sed amet enim.', 'Facere et suscipit error numquam velit. Ut sit placeat tempora corporis ullam inventore omnis. Et vero fuga et vero et. Rerum odio et cumque sit fugit fugiat libero distinctio.', 'Mrs. Janice Stiedemann', 'Facere quia at consequuntur eum quisquam esse autem. Rem quaerat omnis sed sed. Cumque odio quam odit quos molestiae odit consequuntur voluptatem. Quia amet quaerat occaecati aut natus eaque voluptas autem.', 'Ad quia cum aut iste. Amet provident et omnis ut beatae veritatis alias. Quis voluptatem odio ex optio.', '2025-02-16 07:19:31', '2025-02-16 07:19:31'),
(731, 731, 'ar', 'Ervin Shields', 'ervin-shields', 'Dolorem beatae quae quas cum ut maiores velit incidunt. Tenetur nisi eos dolor harum neque.', 'Consectetur consequuntur ex eos voluptas qui dolore exercitationem. Totam quia ad ducimus blanditiis sit nihil velit rerum. Assumenda quia blanditiis assumenda reprehenderit nihil est eveniet.', 'Dameon Macejkovic', 'Occaecati doloremque reprehenderit quo laborum repudiandae molestiae. Occaecati voluptatem natus ratione commodi voluptatibus. Laboriosam officia molestiae dolores a.', 'Aut quaerat exercitationem nesciunt voluptatum molestias. Delectus perferendis ut rem voluptatem.', '2025-02-16 07:19:31', '2025-02-16 07:19:31'),
(732, 732, 'ar', 'Sabina Kirlin', 'sabina-kirlin', 'Et quae sed aspernatur reiciendis fugiat eos iste. Aut impedit dolor itaque dicta cupiditate. Veniam doloribus perferendis temporibus sit est aliquam libero. Nam commodi a et ea inventore.', 'Et omnis blanditiis voluptas est culpa. Consequatur nam commodi neque quos fugiat deserunt. Accusantium vel repellendus in occaecati.', 'Prof. Griffin McGlynn IV', 'Sint ea provident qui laboriosam. Reiciendis et illum dolor vel sunt. Nulla soluta omnis odit dolores odio eum autem. Aliquam ducimus ex repellat molestiae aut.', 'Omnis totam quis quisquam sint. Inventore aut nostrum nobis velit incidunt repudiandae. Cupiditate aut quisquam hic.', '2025-02-16 07:19:31', '2025-02-16 07:19:31');
INSERT INTO `article_translations` (`id`, `article_id`, `locale`, `title`, `slug`, `description`, `content`, `meta_title`, `meta_description`, `meta_key`, `created_at`, `updated_at`) VALUES
(733, 733, 'ar', 'Norval Schoen Jr.', 'norval-schoen-jr.', 'Voluptas harum aut tenetur ratione sed qui quo. Porro id et accusamus consequatur quibusdam distinctio. Soluta aut omnis voluptas non dolores maxime nostrum repellat. Aut non recusandae non repudiandae deleniti eos sit.', 'Sit cum sit dignissimos cumque error voluptatem. Optio totam nihil laudantium accusamus. Laboriosam nulla quo unde libero omnis placeat.', 'Geovanni Heller', 'Ipsam aut corrupti sed doloribus consequatur commodi. Quia impedit ad necessitatibus nesciunt molestias. Recusandae voluptas sed quaerat aut hic. Est est porro voluptas necessitatibus. Commodi omnis nobis eos.', 'Eius a quas aut animi itaque sed facere. Itaque maiores pariatur deleniti dolore iusto rerum ipsum. Tenetur eveniet consequatur error maxime ipsam. Modi asperiores ut non explicabo odio enim sit.', '2025-02-16 07:19:31', '2025-02-16 07:19:31'),
(734, 734, 'ar', 'Mrs. Brielle Mills', 'mrs.-brielle-mills', 'Dolores ipsa quam sed tempore voluptate et deserunt. Harum ullam id et ut quia voluptas. Cum sed fuga perspiciatis ipsa atque ut.', 'Consequatur in iusto pariatur eum aut voluptates ut. Sed vitae nostrum autem quia dolores provident quia odit.', 'Amie Stoltenberg', 'Dolorum deleniti quia reiciendis repudiandae placeat. Doloremque ut non tempore voluptate nihil quidem. Magnam et vel consectetur culpa.', 'Voluptatem similique voluptas harum illum rerum aut officia numquam. Sint non magnam delectus sit eos. Aliquam et numquam non quo sunt.', '2025-02-16 07:19:31', '2025-02-16 07:19:31'),
(735, 735, 'ar', 'Everardo Leannon', 'everardo-leannon', 'Provident voluptatibus quibusdam qui ab provident et in atque. Veniam consequatur quidem ut excepturi repellendus modi. Autem quae facilis quis velit.', 'Mollitia ut ut commodi. Voluptate officiis necessitatibus ad omnis. Dolor sed cumque harum inventore.', 'Ole Beatty', 'Itaque minus ad accusantium. Voluptas labore cumque delectus suscipit sunt sint in. Consequatur cumque neque eos.', 'Reprehenderit soluta excepturi magni et. Alias facere sequi sed. Minus in dicta deserunt et sint velit sunt. Qui consequatur illum recusandae temporibus asperiores atque consequuntur.', '2025-02-16 07:19:31', '2025-02-16 07:19:31'),
(736, 736, 'ar', 'Dr. Creola Huels DDS', 'dr.-creola-huels-dds', 'Nisi rem sit eligendi sapiente odio voluptas assumenda. Facere sed neque ab. Quidem minima qui error in dignissimos. Nam ipsum architecto ipsam aut quo et.', 'Nobis voluptatum doloribus animi accusamus aliquid fugiat. Rem debitis aspernatur dolores tempora placeat necessitatibus. Aut est qui quis.', 'Miss Chyna White', 'Expedita modi dolorum nam similique. Tempora et doloremque explicabo voluptatem est. Illo tempore necessitatibus sunt et omnis. Alias fuga non magnam quia. Ullam id aperiam quae harum.', 'Rerum et corporis aut voluptatem provident aliquid. Aut atque numquam inventore. Ab qui enim ducimus facilis asperiores fugiat ab. Et blanditiis et quia modi.', '2025-02-16 07:19:32', '2025-02-16 07:19:32'),
(737, 737, 'ar', 'Esther Heidenreich', 'esther-heidenreich', 'Soluta nulla pariatur eos laborum. Sint minus quibusdam a animi quaerat id. Ut illum et placeat enim rerum.', 'In voluptates non et vel rerum autem rerum. Dolor consequatur voluptas sunt rerum. Enim velit dolores nostrum. Sit sunt recusandae et cumque cum quia magni tempore.', 'Deven Murazik', 'Deleniti id odit sapiente quia. Voluptas magnam voluptatum modi reprehenderit et nostrum. Quidem magni rerum quia ut ducimus dolorem.', 'Itaque molestiae laudantium maxime animi et ut quas. Ut quis veritatis aut eligendi atque corporis. Voluptatum possimus cumque consequatur dignissimos aut. Culpa cupiditate accusantium at.', '2025-02-16 07:19:32', '2025-02-16 07:19:32'),
(738, 738, 'ar', 'Hailie Orn', 'hailie-orn', 'Quo illo asperiores impedit nesciunt. Quia qui iusto vitae error reprehenderit. Voluptate ab qui beatae. Soluta porro unde sequi nihil fuga est. Repellat doloribus ut hic non.', 'Voluptate dolor quidem impedit quia. Ullam est voluptas animi accusantium debitis fugit.', 'Nya Boyer', 'Quo ab perferendis placeat eaque. Facere consequuntur iste maiores perspiciatis. Nihil facere voluptate dolor voluptates aut quaerat illo unde. Eos pariatur maxime impedit dolorum voluptatum modi omnis id.', 'Nobis ullam aut aut dolore et sed. Nihil rerum aut velit eaque. Soluta dolorum molestias nemo pariatur deleniti.', '2025-02-16 07:19:32', '2025-02-16 07:19:32'),
(739, 739, 'ar', 'Caesar Hahn I', 'caesar-hahn-i', 'Sint dolore ab optio rerum. Sed corrupti qui dolorem quam reiciendis dolores mollitia. Natus tempore vitae quia alias inventore exercitationem. Dolor veniam laudantium fugiat enim ex.', 'Accusantium voluptatum quo iure. Aut exercitationem accusamus magnam rerum. Iste ex et sapiente. Voluptate optio odio consequuntur non.', 'Miss Marcella Williamson DDS', 'Occaecati sed aut assumenda ut enim molestias alias quas. Accusamus consequatur similique ullam totam aut non. Aliquam deleniti cumque expedita deleniti quia nemo.', 'Nihil ut voluptas occaecati distinctio aut. Temporibus aperiam culpa est soluta soluta. Rerum nam exercitationem qui ipsa consequatur ut minus.', '2025-02-16 07:19:32', '2025-02-16 07:19:32'),
(740, 740, 'ar', 'Laurine Mante Jr.', 'laurine-mante-jr.', 'Commodi voluptate alias adipisci nemo. Reiciendis blanditiis velit id voluptatibus. Ipsum magnam quia ex et beatae qui ea qui. Sed porro harum eius rem.', 'Sed voluptatem et maxime rem animi. Eos iste est voluptatem ipsam. Molestias eos nobis fugiat laboriosam.', 'Mrs. Aimee Bashirian', 'Laudantium enim ex nam voluptas ut. Quia vel inventore nihil non voluptas molestiae voluptate. Est ipsa quo deserunt facilis sapiente. Id qui illum itaque soluta repudiandae neque.', 'Unde illo magnam ducimus ullam aut quidem ipsum. Reprehenderit aliquam magni aliquid reprehenderit accusantium. Aut quidem nihil voluptatem beatae doloribus expedita.', '2025-02-16 07:19:32', '2025-02-16 07:19:32'),
(741, 741, 'ar', 'Princess Jast III', 'princess-jast-iii', 'Odio corporis quia ut nihil. Maxime soluta ratione excepturi exercitationem. Incidunt ab soluta nam aut placeat molestias corrupti.', 'Dicta iure cumque hic esse quidem veniam et non. Veritatis qui sed sunt quidem. Pariatur et dolore illo qui incidunt nulla. Quo nobis quos eos culpa.', 'Wilson Boyle III', 'Voluptatibus quo qui ut dolor. Et magni dolor ipsa. Tempore in atque consectetur.', 'Debitis exercitationem non voluptas magni incidunt. Distinctio mollitia quo perferendis voluptas. Sed ducimus placeat porro voluptatem mollitia minus.', '2025-02-16 07:19:32', '2025-02-16 07:19:32'),
(742, 742, 'ar', 'Kelsi Gorczany', 'kelsi-gorczany', 'Quod ipsum reiciendis voluptatem similique. Molestiae libero velit tempora voluptates autem magni et. Ut nihil aperiam molestiae facilis recusandae odio mollitia doloremque.', 'Sint animi ut necessitatibus nihil sit quia nobis. Aut asperiores odit autem ab est. Velit ipsum accusantium laborum voluptates. Ullam nesciunt laudantium eveniet voluptatem.', 'Mr. Chaim Watsica III', 'Aut consequuntur aperiam maxime aut necessitatibus eos enim. Sed pariatur ducimus et suscipit repudiandae et.', 'Ut tempore laboriosam saepe exercitationem est corrupti esse. Reiciendis excepturi non et voluptatem aut quo. Est cum eum expedita minima in. Et eius beatae et harum et tempore.', '2025-02-16 07:19:32', '2025-02-16 07:19:32'),
(743, 743, 'ar', 'Dr. Edison Upton I', 'dr.-edison-upton-i', 'Esse placeat illo perspiciatis dolore aliquam enim. Neque accusantium autem quidem qui aut. Ipsum molestiae unde placeat. Accusantium qui voluptatem enim reprehenderit qui et.', 'Occaecati numquam pariatur perspiciatis tempore non. Id non saepe voluptatem maxime vel quod voluptates excepturi. Est voluptatem eum amet veritatis voluptatem commodi quia. Fuga qui tempora quo dolorum dolores.', 'Prof. Xzavier Bailey DDS', 'Sed exercitationem quas dolor. Velit possimus veritatis esse deserunt soluta. Et placeat saepe autem in doloribus.', 'Temporibus amet sunt est ipsum voluptatem odit. Omnis repudiandae aliquid animi perspiciatis. Architecto sunt omnis at vitae placeat officia.', '2025-02-16 07:19:32', '2025-02-16 07:19:32'),
(744, 744, 'ar', 'Dr. Domenica Padberg DVM', 'dr.-domenica-padberg-dvm', 'Minus maiores vel sunt est earum. Quis et aut id animi possimus est necessitatibus. Qui possimus voluptas libero explicabo. Ea provident ut sunt unde adipisci animi rerum eaque. Neque non error ut.', 'Eos facere voluptatem sint aperiam. Sit quo maxime tempora nihil est porro commodi. Doloribus est expedita cum sed dolor nostrum molestiae impedit. Possimus vel consequatur eos exercitationem et. Aspernatur omnis et sint quos exercitationem cum ullam omnis.', 'Mr. Declan Schimmel', 'Quaerat non ad doloribus cumque sed nihil id. Deserunt omnis doloribus sapiente labore veniam saepe. Animi dolorem nobis amet repellendus libero id ratione.', 'Aliquid quam nulla aliquid qui doloribus a. Ut voluptatem eum similique provident. Dignissimos blanditiis quibusdam necessitatibus dolorem accusamus. Voluptas perspiciatis et consequuntur voluptatem qui.', '2025-02-16 07:19:32', '2025-02-16 07:19:32'),
(745, 745, 'ar', 'Orion Goldner', 'orion-goldner', 'Dicta voluptas vel vero omnis vitae error distinctio. Laboriosam ipsa est dolorum consequatur. Assumenda aut officia expedita labore ipsa qui omnis cupiditate.', 'Laudantium quaerat aspernatur eius ut sit excepturi sequi dolorem. Tempore incidunt eius iste quidem voluptatem nulla alias commodi. Sit et harum aut dolores vero.', 'Ms. Calista Bednar', 'Perspiciatis ipsa tempora quia et itaque ut et animi. Id cumque ut et eveniet consequatur. Ratione esse quia repellendus explicabo possimus exercitationem odio. Dolores qui consequuntur nostrum non id est.', 'Enim sed voluptas et ut. Est dolorem occaecati doloremque tenetur autem. Aliquid animi quod autem quia non delectus illo. Vitae doloremque dolor libero ab modi odit.', '2025-02-16 07:19:32', '2025-02-16 07:19:32'),
(746, 746, 'ar', 'Prof. Geovanny Fisher', 'prof.-geovanny-fisher', 'Est consequuntur voluptatibus fugit facere quia quia maiores voluptas. Velit quas accusantium non voluptas voluptas voluptas. Consequatur et voluptate expedita ut hic iure sint. Voluptas deleniti iure eveniet adipisci quo ipsa reiciendis.', 'Aliquid voluptate repudiandae non corrupti velit voluptas aut. Molestiae accusamus ut et molestias vel et. Aspernatur in ipsum et voluptates ea error voluptatum. Laborum ut laboriosam autem ut. Atque dolorem voluptate et nisi esse eos ut.', 'Mr. Rodolfo Casper', 'Quia ad eos quae eligendi nam facilis unde. Corrupti enim enim quibusdam unde consequatur. Ipsum qui ea autem porro ducimus sapiente a. Accusantium eveniet et qui ratione mollitia.', 'Eos dolorem quis quidem illum delectus beatae occaecati. Reprehenderit voluptatibus est deserunt reprehenderit et sunt ipsa est. Eveniet deserunt assumenda ipsum officia eveniet. Ut itaque dolorem inventore omnis voluptas.', '2025-02-16 07:19:32', '2025-02-16 07:19:32'),
(747, 747, 'ar', 'Monserrate Windler', 'monserrate-windler', 'Et unde voluptatem voluptatem soluta. Rem velit sit perspiciatis voluptatibus. Quaerat mollitia inventore architecto impedit praesentium sit quia at. Laboriosam asperiores aliquid architecto eum eos explicabo.', 'Voluptatem vitae et cumque ullam perspiciatis cupiditate laudantium. Ratione dolorem voluptate eius et incidunt nisi officiis impedit. Praesentium iusto vero autem vero earum et. Quos totam iste facere necessitatibus vitae ut qui incidunt.', 'Mr. Michale Hansen MD', 'Et voluptates minima omnis fuga. Possimus qui quia iste qui delectus. Nulla ut ex aspernatur et provident cum.', 'Quas hic sequi voluptatem molestiae ut alias. Fuga sint saepe eveniet ipsa saepe vel. Eaque blanditiis dolorem delectus ipsam velit perspiciatis et non.', '2025-02-16 07:19:32', '2025-02-16 07:19:32'),
(748, 748, 'ar', 'Miss Marielle Huel Jr.', 'miss-marielle-huel-jr.', 'Vel accusamus ipsam aperiam ipsam eos autem. Alias ducimus unde officiis corporis corporis assumenda. Ut aliquid et impedit iure illo et. Reprehenderit enim eum dicta enim ex maiores quia.', 'Voluptatibus ipsa laborum porro molestiae sit et et nostrum. Neque culpa in corporis culpa doloremque. Officia molestiae repudiandae nihil rerum quis ea.', 'Sophie Wiegand', 'Sunt eos omnis enim similique corrupti omnis et eveniet. Eius eveniet qui dicta vel voluptates. Sequi voluptates qui et quo dolor.', 'Quia occaecati quas ducimus quia et laboriosam aperiam. Quia qui mollitia laborum eligendi ea autem aut.', '2025-02-16 07:19:32', '2025-02-16 07:19:32'),
(749, 749, 'ar', 'Durward Stoltenberg', 'durward-stoltenberg', 'Temporibus magni ad qui doloremque. Et facilis alias porro quia. Qui praesentium distinctio laudantium odio. Excepturi velit perspiciatis perspiciatis. Molestiae nulla sit odio voluptates quasi eum et.', 'Nobis in aut et qui non. Repudiandae in est aperiam aut inventore. Est a sunt non magni.', 'Mr. Ian Little IV', 'Fuga dolorem sit vero enim. In qui nostrum ea qui in ut enim. Perspiciatis facere dolorem et temporibus doloribus aut nemo.', 'Totam voluptas sed sit ex ab saepe rerum. Et praesentium omnis tempora et delectus facere. Natus rerum voluptatem non quibusdam sapiente. Et labore doloribus quia dolores doloremque et.', '2025-02-16 07:19:32', '2025-02-16 07:19:32'),
(750, 750, 'ar', 'Prof. Blake Kautzer MD', 'prof.-blake-kautzer-md', 'Nemo harum itaque tenetur a eligendi voluptatem iste. Dolorem molestiae ducimus aut voluptatum.', 'Qui inventore suscipit dolores eveniet. Ab consequatur voluptatibus tempora temporibus. Repellat consectetur consequatur ut in cum et. Eligendi tenetur quod sunt nemo.', 'Dr. Foster Dach', 'Quia consequatur suscipit et nisi. Voluptatem autem at ut soluta. Quia illum omnis ipsum aut.', 'Ducimus est dolores praesentium dicta. Magnam tempora non id commodi repudiandae enim dolores alias. Illo nulla repellat molestiae quo velit. Inventore labore et veritatis ratione repellat.', '2025-02-16 07:19:32', '2025-02-16 07:19:32'),
(751, 751, 'ar', 'Eula Rodriguez', 'eula-rodriguez', 'Vero totam ducimus sapiente reiciendis eum quo doloremque et. Eius labore dicta atque. Sint velit porro quaerat cupiditate sint totam optio.', 'Error nesciunt et sit est culpa. Laborum atque officia porro error autem. Voluptas consequuntur alias expedita id.', 'Robb Waters', 'Eveniet odit consequatur molestiae quia consectetur. Adipisci id tempore tempora cupiditate aliquam sapiente aperiam. Tempora dolor excepturi quia animi est quia. Ut aut non nemo tenetur facilis in.', 'Dolorem non sit laboriosam tenetur veritatis necessitatibus porro dolor. Et doloribus molestiae soluta magnam. Excepturi quia nam consectetur cumque.', '2025-02-16 07:19:32', '2025-02-16 07:19:32'),
(752, 752, 'ar', 'Prof. Napoleon Treutel DDS', 'prof.-napoleon-treutel-dds', 'Amet ea maiores minus error doloribus. Praesentium aut voluptatem dolorum quaerat voluptas ipsum. Maiores maiores reprehenderit porro delectus vitae officiis. Fuga numquam et nam dolor.', 'Exercitationem et ut dolorem quo voluptatem. Quas perferendis id sapiente rerum ducimus eveniet. Ut nostrum corrupti voluptatem beatae consequatur. Eveniet temporibus dolores corporis autem in doloremque ipsum.', 'Tania Crona DDS', 'Architecto qui ab consequuntur reiciendis sed et. Minus ducimus omnis laboriosam temporibus consequuntur ullam consequatur quod. Rerum esse quis quia aut rerum. Mollitia est nostrum ipsa quas aspernatur quas et.', 'Quas sed nulla minima aspernatur. Velit deleniti earum vel aliquam quos totam et perspiciatis. Praesentium est ducimus eligendi quaerat ratione sit.', '2025-02-16 07:19:32', '2025-02-16 07:19:32'),
(753, 753, 'ar', 'Miss Vita Orn DDS', 'miss-vita-orn-dds', 'Quibusdam suscipit autem incidunt et minima quam assumenda. Non officia numquam veritatis non quia aut neque incidunt. Sed odio quam quia saepe voluptas quas asperiores omnis.', 'In deleniti eveniet repellendus sunt. Culpa officia optio harum vero perferendis incidunt. Necessitatibus est labore sit expedita molestias.', 'Lurline McKenzie', 'Occaecati ratione tenetur aut aut deleniti. Ad corporis rerum a voluptas iusto aut voluptate.', 'Ex magni velit consequuntur. Eos voluptatibus qui non incidunt. Vitae quidem sit error ad non ex quo.', '2025-02-16 07:19:32', '2025-02-16 07:19:32'),
(754, 754, 'ar', 'Prof. Maureen Gulgowski', 'prof.-maureen-gulgowski', 'Iure voluptatem adipisci est earum eum omnis voluptas dolorem. Voluptatem perferendis non officia non ab ipsam quia. Provident placeat nostrum quia sit aut aliquam doloremque.', 'Harum omnis assumenda beatae officiis porro vel. Voluptas qui quasi rerum laudantium quis numquam odit. Praesentium tenetur iusto dolorem explicabo sed.', 'Jared Boehm', 'Aut voluptatem molestiae alias. Sit nesciunt qui rerum rerum aut neque nulla. Et ullam ab id ea facere tempore. Exercitationem similique repudiandae eligendi nulla ut et.', 'Voluptatem iusto qui ratione laborum. Est aperiam porro quos aperiam quas beatae. Facere cum facere sint dolorem non. Hic accusamus rerum officia quisquam est.', '2025-02-16 07:19:32', '2025-02-16 07:19:32'),
(755, 755, 'ar', 'Alisa Blanda', 'alisa-blanda', 'Voluptas numquam asperiores quaerat voluptates et qui cumque suscipit. Ut et est et dolorem. Aut rerum ea dolor necessitatibus culpa est nesciunt. Nisi provident ratione sapiente repellat autem sed dolor est.', 'Molestias omnis dignissimos distinctio blanditiis. Necessitatibus voluptas autem omnis maiores debitis deleniti iure ea. Veniam explicabo similique molestias consequatur. Pariatur fugit perspiciatis officia officia quia et.', 'Don Hane', 'Omnis voluptatum hic eos beatae molestias. Sit voluptatum adipisci voluptatum tenetur mollitia consequatur explicabo pariatur. Et et dolores et ipsam eius et.', 'Culpa aut corrupti animi repudiandae qui maiores possimus nostrum. Minus numquam perferendis nihil qui odio hic et doloribus. Maxime ducimus maxime deleniti reprehenderit eligendi at adipisci ullam. Voluptas nam earum tenetur delectus praesentium.', '2025-02-16 07:19:32', '2025-02-16 07:19:32'),
(756, 756, 'ar', 'Miss Jodie Okuneva DVM', 'miss-jodie-okuneva-dvm', 'Ut omnis rerum cum repudiandae. Autem hic sit dolorem numquam fugit. Libero fugit inventore iste.', 'Autem officiis illum autem neque. Quas dolores aut quam iure et. Explicabo minus non vel et. Dolorum natus perferendis maxime est et qui in.', 'Dominic Schowalter Sr.', 'Voluptas ut sit illum earum. Exercitationem aut rerum autem quos. Doloremque mollitia voluptates nihil aperiam dignissimos tenetur. Vel sunt esse doloribus aut quis repellendus porro.', 'Quae consequatur perferendis et saepe et nihil dolores voluptatem. Eum est consequuntur eos dolores. Voluptatem aperiam voluptas rerum velit ipsa. Et cupiditate velit in dolorem molestiae qui.', '2025-02-16 07:19:32', '2025-02-16 07:19:32'),
(757, 757, 'ar', 'Margot Hilpert', 'margot-hilpert', 'Suscipit eligendi quidem repellat et. Cupiditate et rerum repudiandae velit mollitia. Ea et ex sit et qui veritatis voluptas. Velit est explicabo est aut ut. Quia voluptatum placeat sit aliquam quia quos.', 'Explicabo vel et ducimus nemo. Eum nihil qui autem. Eos consequuntur voluptatem et et est. Velit animi nemo iusto.', 'Elmira Hirthe', 'Atque voluptates libero dolore nobis incidunt nihil dignissimos. Sapiente non nam ut exercitationem omnis enim.', 'Incidunt ducimus placeat enim sit minima sequi sed. Dolor reiciendis explicabo nesciunt alias nam ea. Nesciunt ut voluptatem temporibus alias qui inventore voluptatibus maxime. Omnis quae sit aut qui eos enim.', '2025-02-16 07:19:32', '2025-02-16 07:19:32'),
(758, 758, 'ar', 'Horacio Ryan', 'horacio-ryan', 'Illum labore quidem quis voluptatem dolores dolorem qui et. Dolorem perspiciatis cum eos aliquam quisquam non nam fuga. Iste eaque amet nihil vel ea cumque.', 'Architecto porro odit cum laudantium ipsam ratione voluptas. Repudiandae voluptas porro ratione illum minus. Ut pariatur ut doloremque et autem perspiciatis.', 'Stefan O\'Hara', 'Iste asperiores eum sunt qui. Adipisci quaerat neque aut tenetur voluptatem. Numquam minus placeat mollitia error et incidunt. Consequatur officia vitae deserunt et quia ut nihil.', 'Qui maiores aspernatur dicta porro et. Quaerat suscipit earum sit inventore reiciendis velit et fugit. Quibusdam sint id asperiores cupiditate quam.', '2025-02-16 07:19:32', '2025-02-16 07:19:32'),
(759, 759, 'ar', 'Rhianna Lueilwitz III', 'rhianna-lueilwitz-iii', 'Rerum recusandae pariatur cupiditate veritatis id unde quasi. Expedita ratione repudiandae debitis voluptates qui. Et accusantium totam ea voluptatum enim. Veritatis doloribus autem deleniti laboriosam qui animi expedita.', 'Voluptatum praesentium quia qui ab minus sit magni. Officiis repudiandae commodi molestiae. Quos quam iste in dicta. Perferendis qui unde aut aut dolorum autem. Eos sint eos itaque voluptates quis.', 'Willa Strosin', 'Porro qui quas cum repudiandae eligendi blanditiis accusamus. Rerum est consequatur tempore ut consequuntur deleniti amet quam. Eos assumenda quo illum sed ut aut voluptatem dignissimos.', 'Dolorem aut perferendis rerum. Accusantium distinctio quo cumque molestiae. Unde amet nemo sed laboriosam dignissimos nam ad. Expedita quos reprehenderit nisi delectus et non.', '2025-02-16 07:19:32', '2025-02-16 07:19:32'),
(760, 760, 'ar', 'Geovanni Hammes', 'geovanni-hammes', 'Eveniet pariatur suscipit id consequatur magni velit minus. Id quidem eius et accusantium ratione eveniet et. Quae quos natus voluptatem mollitia rem eum. Delectus enim quia sequi sunt quis non.', 'Officia sit est et aliquid quis exercitationem. Et illum voluptates sit ab velit omnis. Tempore sed molestiae cumque non repudiandae perferendis numquam. Dolore iure asperiores distinctio. Corrupti accusantium quia repellendus rerum magnam dolorem porro eveniet.', 'Theron Koss', 'Inventore ipsum rerum et. Et omnis aperiam et maxime praesentium aut quidem eaque.', 'Expedita porro repellendus maiores dignissimos laboriosam dignissimos illo. Iusto qui aut est maiores. Cum enim voluptatem corporis et quia cum. Voluptatem recusandae magni rerum reprehenderit placeat.', '2025-02-16 07:19:32', '2025-02-16 07:19:32'),
(761, 761, 'ar', 'Andreanne Abshire Jr.', 'andreanne-abshire-jr.', 'Quod qui eius cum recusandae. Necessitatibus dolorem ab autem.', 'Voluptatem nobis animi modi asperiores. In molestiae nihil porro non ipsa. Et laborum amet qui expedita placeat exercitationem sit.', 'Rudy Sauer', 'Rerum quis ipsa reprehenderit doloribus a beatae. Sapiente architecto minus omnis velit ipsa. Vero inventore et illum rerum quod sit porro.', 'Asperiores illo id dolores aut totam rerum porro quia. Ducimus quaerat temporibus accusantium alias. Est laudantium et dolorum. Beatae ut quas est id laudantium qui.', '2025-02-16 07:19:32', '2025-02-16 07:19:32'),
(762, 762, 'ar', 'Prof. Emerald Treutel', 'prof.-emerald-treutel', 'Sequi aliquam nemo quo suscipit quas. Voluptate eius aut enim. Consequatur sed doloremque quia magnam. Rem consequatur magnam natus alias.', 'Est voluptatem possimus quis dolorum qui. Autem ab atque et dolore vitae placeat accusantium et. Recusandae et repellendus officia odio. Voluptatem nesciunt voluptas error voluptas nemo.', 'Emmett Fadel', 'Occaecati corrupti et distinctio et dolorem suscipit est. Occaecati qui praesentium et consequatur voluptates autem iure. Illum et vel error deserunt maiores illum.', 'Voluptas quidem odio vero voluptatem consequuntur dolores similique. Magnam dolorem nam est est perspiciatis corrupti. Enim omnis aut dolores optio hic. Earum aliquam est facere totam minima et autem. Minus velit sapiente accusamus nobis sit blanditiis.', '2025-02-16 07:19:32', '2025-02-16 07:19:32'),
(763, 763, 'ar', 'Rubie Simonis', 'rubie-simonis', 'A mollitia minima laborum sint aut praesentium. Dolorem delectus sunt quia. Voluptas maxime earum ut ullam iste et voluptate.', 'Magnam voluptas commodi aut ut corporis ut. Sunt sapiente molestiae debitis temporibus neque. Tempore voluptate est sint ratione. Omnis dolore architecto error officiis qui.', 'Ned Prohaska', 'Qui tempore quidem fugiat ullam. Vel exercitationem at similique fuga quo molestiae. Quo corporis aut tempore et voluptatem inventore. Magni rem distinctio quidem quia eum autem et. Eos eos explicabo autem.', 'Corporis alias recusandae nulla quia voluptas. Est cum ratione officia quos ut. Dolores amet eum sint voluptas.', '2025-02-16 07:19:32', '2025-02-16 07:19:32'),
(764, 764, 'ar', 'Prof. Quincy Schmidt', 'prof.-quincy-schmidt', 'Fugiat qui molestiae voluptatibus tempora corporis reprehenderit deserunt. Explicabo sit fugit possimus qui excepturi aliquam sint. Et voluptatem est possimus accusamus sed eum aspernatur. Consectetur velit quisquam id soluta recusandae quam.', 'Ut quo qui nihil ab alias ullam excepturi. Vel dignissimos nemo id placeat quod voluptatem.', 'Irving Doyle', 'Labore fugiat sunt sed rem tempora quisquam est quis. Aut quia aperiam deserunt voluptatem nisi voluptatem. Quo omnis eaque dolorum at corporis delectus dolores.', 'Officia suscipit fuga quos. Recusandae nemo veritatis consequatur voluptas enim sit. Rerum maxime optio mollitia eius asperiores qui.', '2025-02-16 07:19:32', '2025-02-16 07:19:32'),
(765, 765, 'ar', 'Nathaniel Daniel DDS', 'nathaniel-daniel-dds', 'Nam natus odio iste soluta modi deleniti. Et doloremque est blanditiis.', 'Dicta neque dolorum officia voluptas odio illo. Itaque illum repellat omnis libero odio. Qui dicta minus magnam ab. Cupiditate earum tempora nihil quia id necessitatibus.', 'Kali Bernier', 'Aut impedit explicabo architecto sed sint consequatur perferendis occaecati. Magni non quis saepe culpa. Eligendi laboriosam est et voluptates. Dolorum facere architecto autem earum in repellendus fugit nihil.', 'Autem consequatur laborum molestiae qui rerum sint est. Id cumque error animi.', '2025-02-16 07:19:32', '2025-02-16 07:19:32'),
(766, 766, 'ar', 'Maximus Kuphal', 'maximus-kuphal', 'Et accusamus omnis dolorum dolorem. Voluptas eius repellendus sunt quod omnis consequatur repellendus molestiae. Quia laudantium minus ut ut ex eaque dolorem eligendi. Quia iste quibusdam nobis ea eum voluptatum.', 'Ea sed commodi suscipit et aut. Enim cum enim provident excepturi quia eaque. Natus amet ratione culpa minima consequatur corrupti.', 'Nick Streich IV', 'Debitis non eum sequi enim ut saepe. Magnam earum porro quae officia assumenda. Suscipit nesciunt est ducimus excepturi eligendi hic.', 'Quod et sequi amet repudiandae quasi ipsa natus. Delectus repellat repellat voluptatem aut culpa sint doloremque ea.', '2025-02-16 07:19:32', '2025-02-16 07:19:32'),
(767, 767, 'ar', 'Mr. Gage Bayer Sr.', 'mr.-gage-bayer-sr.', 'Tempora ut dolor minima autem nesciunt sequi cum placeat. Magnam id quod voluptas odit blanditiis. Commodi fugit laborum ipsam quae sapiente quibusdam.', 'Voluptatum hic nemo est aspernatur dolore autem. Veniam modi eos autem aut tempore nihil ut blanditiis. Quasi et voluptate vitae cumque distinctio pariatur velit.', 'Marjolaine Balistreri', 'Et quia sunt voluptatem totam vel corporis. Voluptatem officia consequatur maiores a dolor eveniet. Vel vel id voluptatibus omnis doloribus.', 'Necessitatibus accusantium ut voluptatum eaque qui consequatur. Qui sunt non ut nemo ipsa ipsa deleniti. Voluptatum quae voluptas voluptas repellendus. Ut nobis sequi magnam qui voluptas alias sequi. Explicabo nesciunt qui aliquid ipsa sit molestias dolorum aspernatur.', '2025-02-16 07:19:32', '2025-02-16 07:19:32'),
(768, 768, 'ar', 'Mr. Earl Kirlin PhD', 'mr.-earl-kirlin-phd', 'Nobis est eos nostrum iste tenetur aut esse. Est perspiciatis consectetur qui minima facilis. Architecto ex a reprehenderit qui aspernatur. Repellat voluptatem nostrum quisquam ipsam.', 'Qui in incidunt ea mollitia dolores impedit. Esse quibusdam quam omnis maxime blanditiis possimus. Ipsam vel tenetur explicabo quidem tempora. Vero temporibus sed sapiente sint quis adipisci adipisci.', 'Tommie Osinski', 'Exercitationem voluptate dicta aperiam laborum id magni. Dignissimos aut harum distinctio qui expedita voluptatem. Praesentium libero ut occaecati excepturi.', 'Ut commodi et corrupti ut esse vel necessitatibus. Quia beatae exercitationem qui et aliquam. Placeat perferendis assumenda voluptatum. Placeat dolores ut nobis vel iure deleniti nam. Aliquam asperiores fugiat ratione eos harum culpa.', '2025-02-16 07:19:32', '2025-02-16 07:19:32'),
(769, 769, 'ar', 'Dalton Cassin', 'dalton-cassin', 'Laudantium id suscipit expedita quia vel. Non accusantium repudiandae aliquam maxime. Consequatur dolorem illum iusto. Perspiciatis eius iste repellat soluta ipsam mollitia.', 'Omnis nemo et minima provident natus velit. Earum quia ea eius non. Saepe at quidem porro adipisci quas nisi quo. Sit cupiditate ratione et ut aut.', 'Kitty Sporer III', 'Tenetur ab ut similique. Eligendi quibusdam sunt quia voluptatibus minima. Et nobis magni qui voluptas ipsam iure. Atque vel quidem quis repellat voluptate amet.', 'Aliquam est quo omnis velit nisi ipsam non. In id quod molestiae odio perferendis et. Ratione vitae neque quod rerum rerum ut. Consectetur culpa sed amet repellat animi doloribus.', '2025-02-16 07:19:32', '2025-02-16 07:19:32'),
(770, 770, 'ar', 'Wilfrid Bechtelar Jr.', 'wilfrid-bechtelar-jr.', 'In labore commodi et error. Rerum nesciunt quia et assumenda atque. Quia nostrum fugit adipisci quia modi. Aut ullam repellat nam laboriosam id et.', 'Similique a voluptate libero et ducimus atque. Quia explicabo nobis veritatis expedita et ratione itaque temporibus. Maiores accusantium sed natus fugit.', 'Elias Sporer', 'Dignissimos excepturi quas illo. Nihil vel itaque sunt dignissimos cumque doloremque beatae. Accusamus est quaerat sequi voluptas voluptatibus. Odio cumque ab exercitationem aut illo.', 'Commodi qui ut voluptas est ex aperiam. Quia dolor iste facere eos ea deleniti. Et quo hic excepturi molestiae. Error laudantium fugit consectetur.', '2025-02-16 07:19:32', '2025-02-16 07:19:32'),
(771, 771, 'ar', 'Petra Harvey', 'petra-harvey', 'Ab repudiandae facere ad maxime nobis et. Libero magni doloremque nam perferendis vero est. Sit voluptatem sit voluptas quia non. Expedita ipsum impedit dolor quod corrupti.', 'Optio aliquid dolores rerum soluta et. Similique veritatis nulla voluptatem molestias. Nostrum vel ut est facere. Veritatis accusantium hic ratione quia.', 'Jayne Frami', 'Et dolore non vel earum. Quia optio doloremque qui delectus perferendis distinctio tenetur. Rerum et et ut saepe consequatur molestias voluptatibus exercitationem.', 'Architecto eos cumque distinctio adipisci. Deleniti occaecati aut atque animi sed. Officia ratione cupiditate pariatur et. Fugit ea animi eos dolorem maxime accusamus.', '2025-02-16 07:19:32', '2025-02-16 07:19:32'),
(772, 772, 'ar', 'Carli O\'Hara Sr.', 'carli-o\'hara-sr.', 'Autem et a modi illum. Quo sapiente est exercitationem velit similique et tempora rerum. Unde nihil qui illum unde voluptatem saepe omnis numquam.', 'Recusandae fugit possimus nobis illum aut natus aut. Consequatur nisi tempora ipsam excepturi cumque et in. Sed labore delectus quasi recusandae et ratione qui. Quod nulla laudantium modi corrupti consectetur et sequi.', 'Jay Stokes', 'Velit odit autem qui rerum ut ut magnam. Et rerum laudantium quis qui molestiae. Aut autem nam voluptates earum aut asperiores. Atque est blanditiis odio vel qui.', 'Labore doloremque voluptas ut at voluptas. Fugit exercitationem a aut eveniet. Omnis ea omnis id iusto cumque aspernatur occaecati consequatur.', '2025-02-16 07:19:32', '2025-02-16 07:19:32'),
(773, 773, 'ar', 'Krista Veum II', 'krista-veum-ii', 'Voluptas qui id quisquam. Facilis ut saepe vel eaque. Eum ipsam et dolor eveniet.', 'Officia maiores saepe iste sequi veritatis necessitatibus. Omnis est necessitatibus et nisi aut odio officiis. Atque delectus dignissimos laboriosam vero ipsum rem maiores.', 'Bethany Graham', 'Sint quisquam enim ratione adipisci eveniet non tempore molestiae. Laboriosam ratione et illo maiores. Et eaque architecto occaecati et ea ut optio deleniti.', 'Nobis excepturi magnam corrupti autem. Dolores ratione est quos error doloremque tempora culpa.', '2025-02-16 07:19:32', '2025-02-16 07:19:32'),
(774, 774, 'ar', 'Dariana Morissette MD', 'dariana-morissette-md', 'Necessitatibus qui adipisci quis at. Nam ea rem quo aut eos. Qui omnis voluptas eum voluptas. Quod voluptates et nesciunt fuga culpa vel architecto est.', 'Deserunt sed autem quidem nulla. Exercitationem unde adipisci laudantium dolore facere fuga reiciendis. Rerum ut fugiat soluta magnam debitis dolorem consequuntur.', 'Julian Gutmann DVM', 'Sint dolores optio illum. Aut ratione natus et tenetur. Qui atque ut quam et.', 'Ut voluptates hic sed et ratione et fugit. Sit voluptatem neque nostrum et sit. Quae aliquid ex repudiandae et rerum rerum.', '2025-02-16 07:19:32', '2025-02-16 07:19:32'),
(775, 775, 'ar', 'Raul Homenick', 'raul-homenick', 'Exercitationem sed minus asperiores qui debitis velit. Culpa facere sint consectetur. Et atque voluptas quibusdam aut commodi. Vel laborum corrupti omnis aliquam ad adipisci. Modi nihil autem consectetur consequatur.', 'Unde ut ut ea nemo omnis. Ipsum voluptates consequatur modi ea nemo corrupti id. Sint aliquid ratione reprehenderit eum porro reiciendis dolor. Laborum nulla quia voluptas ipsum voluptate. Qui sed ad molestias voluptatem dolores quis enim.', 'Chad Ziemann', 'Rerum sed dolorum perferendis quisquam laudantium voluptates quod ad. Et itaque qui consequatur pariatur omnis ratione molestiae. Facere et repellendus et in.', 'Ea consequuntur culpa explicabo laborum et velit. Enim dolores facilis eum debitis rem. Ut atque laborum et iusto et ut. Facere rerum recusandae sed ut explicabo ex.', '2025-02-16 07:19:32', '2025-02-16 07:19:32'),
(776, 776, 'ar', 'Maxime Langworth I', 'maxime-langworth-i', 'Voluptatem rem voluptatum eius incidunt rem quia nesciunt. Excepturi quas ut recusandae deserunt. Qui voluptate eum velit molestiae consequuntur.', 'Omnis cupiditate qui alias unde quaerat. Iusto ducimus omnis pariatur amet non corrupti facilis repellendus. Ea sapiente adipisci qui. Sed aut quisquam ad aut eius at enim dolore. Rerum dolorum voluptatem nam.', 'Dr. Domingo Buckridge', 'Quis aliquam animi non. Repudiandae quidem qui quis doloribus et necessitatibus. Inventore sunt velit et sit nam est. Soluta omnis architecto sit dolores.', 'Est amet autem cupiditate. Rerum error quasi excepturi in aut illo debitis. Rem deserunt quia ad.', '2025-02-16 07:19:32', '2025-02-16 07:19:32'),
(777, 777, 'ar', 'Salma Torphy', 'salma-torphy', 'Quia placeat ut deserunt sint. Cumque facilis laborum error. Aut voluptatem adipisci ut autem quibusdam ut.', 'Voluptas reprehenderit necessitatibus at animi aperiam voluptas quo ipsam. Dicta dolorum et rem dolor maxime autem quis.', 'Prof. Jerrold Hermiston', 'Veniam mollitia aliquid quaerat voluptatem. Et dolor nihil odit est quia ut. Mollitia accusantium ut saepe ea sunt aspernatur. Incidunt eos sed delectus ipsum quod. Incidunt cumque vel ad ut dolor eos.', 'Quis velit minima facere. Voluptate quam qui mollitia aut eum deleniti est eaque. Rerum non et perferendis occaecati minima libero nisi harum.', '2025-02-16 07:19:32', '2025-02-16 07:19:32'),
(778, 778, 'ar', 'Pinkie Lehner V', 'pinkie-lehner-v', 'Harum fugit non voluptatum eum ex eos. Repellendus necessitatibus magnam blanditiis id voluptatem eaque ut. Quaerat accusamus molestiae qui porro minima quam. Reprehenderit provident sit sunt nesciunt.', 'Tempore autem aliquid quos autem et sequi. Natus quis ut et qui.', 'Lizzie Dibbert Jr.', 'Repellendus ullam consequuntur saepe. Rerum laboriosam voluptatibus omnis consequatur. Nihil ipsam fugiat facilis repudiandae possimus praesentium quis in. Magni quasi amet aut debitis maiores architecto voluptatem magnam. Tempora quia fugit velit enim.', 'Doloribus et voluptate similique molestiae. Sunt dolor qui dolorum impedit repellat dignissimos. Doloribus ea similique enim alias.', '2025-02-16 07:19:32', '2025-02-16 07:19:32'),
(779, 779, 'ar', 'Randy Runte II', 'randy-runte-ii', 'Autem quia praesentium ut. Reiciendis ut fugiat nihil porro quidem. Suscipit ea quae quis expedita fugit.', 'Tempora atque et laborum deleniti voluptas velit. Placeat eaque mollitia eos doloribus. Ut in harum ratione eligendi ut. Iure perferendis consectetur quidem autem numquam consequatur.', 'Rosendo Dickinson', 'Quo ratione in provident. Iure velit ab et quam unde consectetur eos. Cum ex et eos ipsa error soluta dolores.', 'Voluptatum qui nostrum voluptates sunt. Soluta quidem nobis culpa doloremque. Enim et enim et eos vel et voluptatum.', '2025-02-16 07:19:32', '2025-02-16 07:19:32'),
(780, 780, 'ar', 'Jade Sipes Sr.', 'jade-sipes-sr.', 'Sit cupiditate ut eligendi nihil. Odio dolores dolores et maxime est esse quaerat. Atque similique aut nulla aperiam.', 'Id ullam perspiciatis necessitatibus neque in omnis rerum. Corporis dolores quae earum unde aliquid laboriosam itaque quaerat. Labore sapiente cum sequi praesentium sit. Nihil veritatis omnis rerum nobis quibusdam et eaque.', 'Anais Sipes', 'Quia voluptate corporis facere dolorum veniam. Debitis sit iusto officiis similique minus vel magni. Nobis at provident eligendi voluptatem. Cum provident veritatis officiis adipisci facere architecto laborum possimus.', 'Nostrum eos tempore optio corporis modi repellat quia dicta. Ea aut et velit qui. Perferendis et sed rem est eius. Sequi autem qui velit. Deleniti nam illum voluptates est dignissimos occaecati.', '2025-02-16 07:19:32', '2025-02-16 07:19:32'),
(781, 781, 'ar', 'Beatrice Gaylord', 'beatrice-gaylord', 'Earum eius enim odio quidem. Architecto voluptas deleniti autem doloribus maxime sit quo. Aut deserunt voluptates tenetur minima.', 'Quam dolor doloribus nihil. Reiciendis id voluptatum corrupti inventore aliquam sapiente. Id aut sed a reiciendis illum. Dignissimos rerum vel quibusdam occaecati.', 'Prof. Dedric Walter III', 'Dolorem fugiat sequi et velit error labore. Laudantium adipisci fugiat autem sed maxime hic consequatur. Qui neque aut corporis unde. Est fuga sit asperiores eos modi ut sit.', 'Nulla dolorem aperiam sunt. Accusantium dolorem qui nobis eligendi. Tempore modi placeat beatae porro doloremque quia.', '2025-02-16 07:19:32', '2025-02-16 07:19:32'),
(782, 782, 'ar', 'General Volkman III', 'general-volkman-iii', 'Rerum provident ad aut. Officia amet eos officia provident. Voluptatum minima ipsam tenetur corrupti vero. Sint ea omnis non possimus. Cumque quia autem rerum laboriosam praesentium dignissimos impedit.', 'Est beatae tenetur minima ut ea. Tempora et cumque earum dolores eligendi facilis. Saepe culpa enim sint voluptates ipsa.', 'Jaron Schowalter Sr.', 'Et est consequatur quis consequatur illum doloremque voluptatem. Ipsam ut quia iusto cum doloribus nihil tempora qui. Dolor vel pariatur eius atque nulla dignissimos praesentium.', 'Unde quo explicabo maxime placeat atque non. Sequi aut laudantium ut est est voluptate. Ex eius nesciunt quo dolores voluptatem autem. Aspernatur fuga deserunt omnis tempora.', '2025-02-16 07:19:32', '2025-02-16 07:19:32'),
(783, 783, 'ar', 'Idella Stehr', 'idella-stehr', 'Eveniet fuga aut ut non. Delectus ducimus ipsa quis pariatur possimus nesciunt molestiae. Nemo rerum ipsum sed distinctio magnam.', 'Quis iusto itaque voluptates modi et consequatur et. Ut autem illo et incidunt quo dolorum. Voluptates ut commodi voluptatem ipsum.', 'Dr. Elfrieda Hermiston I', 'Necessitatibus hic repellat qui et repellendus aut aut. Omnis eaque vel consequatur consequatur non quod dolor temporibus. Maiores ducimus ea provident magnam necessitatibus numquam non. Deleniti doloremque quam repellat ipsa et excepturi.', 'Ipsam eum doloribus ab suscipit. Ut id sunt harum odio aperiam.', '2025-02-16 07:19:32', '2025-02-16 07:19:32'),
(784, 784, 'ar', 'Wilma Kutch V', 'wilma-kutch-v', 'Occaecati quasi sint totam dolorem non. Perferendis voluptatum dolores eos consectetur quibusdam cumque. Soluta neque ad ex ea et.', 'Molestias ad occaecati repellat sed aspernatur odio illo. Quasi aut porro est voluptatibus consequuntur. In nesciunt consectetur quisquam ipsam aliquam. Quidem alias deleniti eaque qui.', 'Ayla Greenholt Jr.', 'Dolores vero natus eligendi debitis est et cum et. Ut totam quasi quae consequatur. Sint eum id voluptatem sit.', 'Qui quo corporis et et nisi. Omnis nulla voluptas possimus tenetur. Ipsa iusto necessitatibus illum et et dolorum esse tempore.', '2025-02-16 07:19:32', '2025-02-16 07:19:32'),
(785, 785, 'ar', 'Marques Zulauf', 'marques-zulauf', 'Vel ut quas dolores nihil consequatur deleniti. In officiis vero omnis ad dolorum accusamus aut.', 'Amet et ex ipsum eos ipsam. Voluptas ea et et dolores sint. Accusantium neque non commodi et inventore ea totam. Dolores consequatur commodi reprehenderit adipisci.', 'Candace D\'Amore', 'Laudantium voluptate quis rerum qui ut. Aut incidunt esse sit architecto. Eos temporibus sunt tempora ut nemo. Animi tempore aliquid sed.', 'Quibusdam maxime voluptates atque quia nam quis voluptas. Error praesentium est harum officiis recusandae facilis. Qui voluptas doloribus eaque itaque esse quasi quo.', '2025-02-16 07:19:32', '2025-02-16 07:19:32'),
(786, 786, 'ar', 'Lura Hilpert', 'lura-hilpert', 'Praesentium magni cupiditate illo consequatur incidunt quod quia. Eveniet qui doloribus saepe itaque. Aut ullam expedita quasi impedit et similique veritatis.', 'Hic possimus eius quaerat laboriosam excepturi ut velit. Dolorem tempore maiores consequatur rem a cum rerum. Et quidem sapiente exercitationem inventore. Voluptas aut rerum enim excepturi placeat.', 'Janis Kilback', 'Eos porro eaque officiis et exercitationem omnis dolorem. Voluptas porro corporis cumque consequatur. Similique voluptates quasi tenetur dolore velit delectus nisi.', 'Dolor accusamus sunt consequatur. Id eum tenetur quod doloribus aliquam omnis inventore. Earum id quos est dolorum quam.', '2025-02-16 07:19:32', '2025-02-16 07:19:32'),
(787, 787, 'ar', 'Aliza Ratke', 'aliza-ratke', 'Voluptatum et omnis aut corporis. Et et ullam eos temporibus voluptatem. Nobis ullam qui itaque in non nostrum. Repudiandae ab cumque rerum nostrum excepturi.', 'Qui dolor perferendis omnis quibusdam sit eveniet. Cum tenetur est aut nobis necessitatibus. Cumque ut aut voluptates. Dolorum dolor ut minima labore porro non.', 'Charlotte Crooks', 'Ipsum recusandae esse asperiores facilis delectus. Eum laboriosam aut qui architecto consectetur excepturi. Aliquid soluta dolores sed excepturi natus libero at.', 'Consequatur consequatur illo ipsa est fugit aliquam debitis. Ut similique itaque eos ullam. Minima ab eveniet eum delectus. Perspiciatis unde voluptatibus explicabo dolores qui.', '2025-02-16 07:19:32', '2025-02-16 07:19:32'),
(788, 788, 'ar', 'Rosalee Raynor DDS', 'rosalee-raynor-dds', 'Debitis quia quam eaque eius aut fugiat non. Cum iure quisquam sed beatae sint dolores rerum. Sed nam soluta nihil dolore est.', 'Vel et fugiat adipisci sint repellat accusantium. Saepe voluptatem cum dolorem doloribus ullam vero et. Animi temporibus quos soluta eveniet nemo. Repellendus ipsum itaque exercitationem nihil magnam.', 'Omari Harris', 'Quae eum quod cupiditate consequatur magnam aperiam rem. Nulla aut doloribus non accusamus eaque quas. Sequi voluptas sint quisquam qui in voluptas.', 'Voluptate aspernatur accusantium asperiores qui repellendus temporibus. Provident aut itaque officiis cumque non. Id quidem maiores numquam. Est sint autem voluptas laboriosam consequatur odio.', '2025-02-16 07:19:32', '2025-02-16 07:19:32'),
(789, 789, 'ar', 'Miss Jazlyn Welch Jr.', 'miss-jazlyn-welch-jr.', 'Repellendus odit quam ipsam. Laborum quis omnis quia quia eos. Ea eum perspiciatis qui doloremque aut eligendi.', 'Amet eum exercitationem odit voluptatem magni. Placeat totam est provident rerum quibusdam et. Maxime molestiae ipsum dolorum odio eos.', 'Mallory Heathcote', 'Aut magni dolorum voluptatum vitae omnis nihil. Est illum velit quis rem animi mollitia. Impedit velit quaerat neque voluptas ratione illum. Ex quis quia ea consequuntur laudantium illum eius.', 'Illum amet nemo exercitationem aut. Odit tempore animi ab sunt commodi ullam. Autem in veniam accusamus.', '2025-02-16 07:19:32', '2025-02-16 07:19:32'),
(790, 790, 'ar', 'Mrs. Lizeth Lockman DVM', 'mrs.-lizeth-lockman-dvm', 'Placeat laboriosam nihil quae tempora omnis consequatur. Autem commodi dicta quia eaque. Nam dolor nesciunt et vel modi. Aut nemo autem qui.', 'Deleniti nisi dolorem quo fugiat consequatur dicta. Exercitationem expedita repellat reiciendis quisquam reiciendis. Dicta atque sed provident consequatur aliquam consequatur. Iusto rem qui totam exercitationem quia.', 'Francis Daniel', 'Placeat nihil pariatur eaque aut. Deleniti voluptate nobis nihil aut minus optio natus. Dolore qui aperiam illum doloremque.', 'Ea illum et ut sapiente possimus dolor qui. Temporibus dignissimos amet omnis. Dolor ea at esse. Non laudantium deleniti modi corrupti est.', '2025-02-16 07:19:32', '2025-02-16 07:19:32'),
(791, 791, 'ar', 'Suzanne Monahan', 'suzanne-monahan', 'Qui temporibus suscipit quo. Eum est corrupti quos. Similique aut quis est non et. Non voluptatum magni aut sint. Esse enim vel assumenda sequi.', '<p>Non eos voluptatem sit aut nam quis. Velit libero enim quasi possimus consequatur aliquid. Labore quaerat ad qui omnis magnam est magnam.</p>', 'Oliver Satterfield', 'Vel tempora consequatur sit consequatur labore eum repellendus. Ut labore earum iusto facilis beatae veniam. Ut tempora quod ut.', 'Molestiae ducimus error nisi qui ut. Eos qui voluptatum error molestiae. Voluptatem itaque consequatur repellat cupiditate aut laudantium accusamus. Maiores quo quis laudantium eos.', '2025-02-16 07:19:32', '2025-03-10 11:40:18'),
(792, 792, 'ar', 'Prof. Clementine Christiansen', 'prof.-clementine-christiansen', 'Voluptate accusantium numquam molestiae dolores quisquam. Quidem cum sed qui nisi. Facere occaecati sunt et voluptatem mollitia id iste.', 'Corporis odio suscipit itaque ipsam. Aut culpa est excepturi velit placeat. Voluptas accusamus harum omnis dolorem sit. Dolor cupiditate et nihil ut aut.', 'Dr. Irma Kutch PhD', 'Repellat et sunt suscipit est aliquam rerum. Delectus facere et est nobis tempore placeat reprehenderit.', 'Voluptatem et ut non. Velit temporibus similique minus labore atque. Voluptatibus eligendi facere dolores tempora repudiandae.', '2025-02-16 07:19:32', '2025-02-16 07:19:32'),
(793, 793, 'ar', 'Cyril Kuhic', 'cyril-kuhic', 'Cumque cupiditate eum quidem ipsam. Deleniti ut et aliquam quidem dolorum molestiae. Quia delectus quia sint qui temporibus reprehenderit.', '<p>Odit aspernatur nihil autem quos. Voluptatem error odit sed vitae. Et ut autem placeat ut eum. Aut aut delectus et rerum in vitae nihil. Consequatur et reiciendis nobis in laudantium voluptatibus aut.</p>', 'Mrs. Rossie Reichel', 'Aut ipsam aliquid omnis. Sit voluptatem distinctio totam quasi repellat cumque. Maxime autem excepturi ipsam laudantium doloremque qui molestiae. Doloremque vel quisquam ad illo illo voluptatem nihil.', 'Quis sit rem repudiandae sunt in quae qui. Enim inventore rerum qui blanditiis iste minima ut incidunt.', '2025-02-16 07:19:32', '2025-03-10 11:40:11'),
(794, 794, 'ar', 'Romaine Wuckert', 'romaine-wuckert', 'Dicta nemo et dolor aut ad non asperiores. Molestiae molestiae delectus quis. Sapiente eveniet voluptas est neque quia earum ab. Rerum consequatur officiis blanditiis possimus error cumque qui nihil.', 'Magnam saepe dolore ut quia perferendis voluptas unde. Necessitatibus esse rerum illo. Aut omnis odio est quo sed iusto necessitatibus.', 'Jamel Waelchi', 'Maxime omnis sed sequi quas et. Similique omnis voluptatum quia consequatur. Non fuga aperiam officiis nostrum asperiores.', 'Optio hic velit esse sint laudantium. Odio rerum quidem voluptatem earum et omnis. Velit in sit unde reprehenderit nihil saepe odit et. Laboriosam non officiis eos sapiente voluptatem earum eum.', '2025-02-16 07:19:32', '2025-02-16 07:19:32'),
(795, 795, 'ar', 'Wendell Douglas', 'wendell-douglas', 'Perspiciatis quia totam alias explicabo dolorem velit. Doloremque ducimus facere ut vero assumenda repellat inventore praesentium.', 'Beatae nisi quia sit fugit omnis ut rerum nemo. Illum dolores fugit suscipit laborum. Sequi tenetur repudiandae omnis ea repellendus et deserunt. Cum quod ab qui distinctio et rerum voluptas.', 'Vivian Howell Sr.', 'Ut consectetur optio beatae commodi. Quia et qui sed nihil perferendis autem deserunt quisquam. Perspiciatis mollitia ducimus maiores atque aut facere alias. Consequuntur consequatur porro quisquam enim.', 'Eius error ea quibusdam sapiente saepe. Quia omnis optio necessitatibus sed. Eum et rerum aperiam velit quia reiciendis. Aut maxime maiores dolorum aut minus error ad.', '2025-02-16 07:19:32', '2025-02-16 07:19:32'),
(796, 796, 'ar', 'Judge Sauer', 'judge-sauer', 'Temporibus et totam dolores aliquam sint sunt. Sunt ipsa dolorem rem officiis illo odio. Nesciunt et dignissimos omnis magnam est et vel voluptatum.', 'Ut voluptate ut cum nemo nam error. Doloribus amet ipsam cupiditate vel. Est atque eum est autem recusandae.', 'Dr. Teresa Torp', 'Non consequatur aliquam odit et optio. Est iure exercitationem nam occaecati tempore qui. Magnam dicta excepturi et dignissimos distinctio.', 'Praesentium sed eos nihil autem in facere. Quos illum voluptatem accusantium sunt laboriosam blanditiis aut. Aperiam veritatis reiciendis aut pariatur minus. Autem repellat non et nisi.', '2025-02-16 07:19:32', '2025-02-16 07:19:32');
INSERT INTO `article_translations` (`id`, `article_id`, `locale`, `title`, `slug`, `description`, `content`, `meta_title`, `meta_description`, `meta_key`, `created_at`, `updated_at`) VALUES
(797, 797, 'ar', 'Diamond Veum DDS', 'diamond-veum-dds', 'Optio et provident dolorem. Omnis qui consequatur odit saepe voluptatem hic enim consequatur. Eos voluptatibus iure eos labore beatae optio in. Minima eius nemo reprehenderit itaque quis ut.', 'Deleniti et rerum blanditiis aut. Consequuntur in cumque dicta perferendis expedita. Consequuntur autem esse ipsa reiciendis consectetur optio eos. Architecto at sed occaecati.', 'Elwyn Hegmann', 'Asperiores qui delectus incidunt nam optio. Sit quia dolor ipsa est error. Dolores dolores unde quasi similique consequatur at. Eveniet illo dolore voluptas quis voluptatem vel.', 'Inventore doloremque commodi voluptatem beatae. Unde recusandae repellendus qui officia libero. Et mollitia velit accusantium sit atque est. Nostrum ut iste enim soluta magni debitis temporibus. Fugiat rem vel repudiandae necessitatibus reprehenderit quam.', '2025-02-16 07:19:32', '2025-02-16 07:19:32'),
(798, 798, 'ar', 'Brianne Bahringer MD', 'brianne-bahringer-md', 'Magnam neque fugit numquam ut sint repellendus laboriosam. Dolor vitae explicabo dolore est. Similique rerum quos voluptatem alias maxime. Sint quisquam voluptatem voluptas et vitae ut et.', '<p>Sed molestias cumque voluptas quod voluptas commodi. Qui minus libero et et quia facilis veritatis sit. Eaque nostrum quidem maiores at optio aliquam eum. Unde omnis eos possimus quo quas.</p>', 'Maximillia Hackett', 'Aspernatur ducimus nihil laboriosam ut consectetur voluptate. Rerum at necessitatibus distinctio nulla quasi. Consequatur natus consequatur possimus sit velit. Tenetur omnis doloribus vitae est sed iusto sed ratione.', 'Eum eaque sunt est. Alias harum ullam repellat dolorum et est nihil sit. Ut quam ut optio provident illum. Amet et voluptatibus non sit non.', '2025-02-16 07:19:32', '2025-03-10 11:40:05'),
(799, 799, 'ar', 'Boyd Stanton', 'boyd-stanton', 'Voluptatibus voluptate nesciunt molestiae qui enim quo iure eius. Commodi dolorem dolorem esse consequuntur ut repudiandae. Et dolore consequatur aliquam enim qui odit. Mollitia in aut eligendi aut.', 'Dolorem ab dolores autem accusantium dolores. Nihil ea quia aut porro ad ipsam. In illum quaerat aliquam perspiciatis accusantium sed qui. Perferendis officia ducimus veritatis animi quis aliquid voluptate consectetur.', 'Payton Gerhold', 'In aut sed nobis ut rerum et. Consequatur dolore aut in omnis consectetur. Iusto nulla enim ut qui voluptatem eum cumque aliquam. Velit quo eum minus sunt.', 'Doloribus pariatur quod autem eligendi non cumque sequi quisquam. Sunt odio dolor tempore et excepturi quaerat a quam. Animi odit in alias similique. Aut et sapiente doloremque recusandae.', '2025-02-16 07:19:32', '2025-02-16 07:19:32'),
(800, 800, 'ar', 'Prof. Viola Donnelly II', 'prof.-viola-donnelly-ii', 'Et occaecati porro libero et animi sit qui. Quidem necessitatibus enim a iure dolorum maxime. Et veritatis libero eveniet officiis quam. Et voluptatem laudantium in et.', 'Dolorem aliquid placeat recusandae. Dolores qui quos quia. Iste voluptatem eius unde quis. Libero nemo molestias quas.', 'Prof. Brain Hermann', 'Quam ut dolores ut rerum qui voluptatem. Aut velit sint sit fuga et est nisi hic. Tenetur et temporibus autem inventore eaque ratione maiores. Iste a maiores et quisquam cupiditate inventore.', 'A similique repudiandae quae magnam nobis tempore. Quasi voluptas sunt non consequatur sequi porro saepe quas. Molestiae rem autem autem dignissimos eligendi expedita.', '2025-02-16 07:19:32', '2025-02-16 07:19:32');

-- --------------------------------------------------------

--
-- Table structure for table `attributes`
--

CREATE TABLE `attributes` (
  `id` bigint UNSIGNED NOT NULL,
  `color` varchar(255) CHARACTER SET utf8mb4 COLLATE utf8mb4_unicode_ci DEFAULT NULL,
  `image` varchar(255) CHARACTER SET utf8mb4 COLLATE utf8mb4_unicode_ci DEFAULT NULL,
  `sort` int DEFAULT '0',
  `status` tinyint DEFAULT '1',
  `attribute_set_id` bigint UNSIGNED NOT NULL,
  `created_by` bigint UNSIGNED DEFAULT NULL,
  `updated_by` bigint UNSIGNED DEFAULT NULL,
  `deleted_at` timestamp NULL DEFAULT NULL,
  `created_at` timestamp NULL DEFAULT NULL,
  `updated_at` timestamp NULL DEFAULT NULL
) ENGINE=InnoDB DEFAULT CHARSET=utf8mb4 COLLATE=utf8mb4_unicode_ci;

-- --------------------------------------------------------

--
-- Table structure for table `attribute_sets`
--

CREATE TABLE `attribute_sets` (
  `id` bigint UNSIGNED NOT NULL,
  `display_layout` enum('virsual','text','dropdown') CHARACTER SET utf8mb4 COLLATE utf8mb4_unicode_ci NOT NULL DEFAULT 'virsual' COMMENT 'virsual, text,dropdown',
  `sort` int DEFAULT '0',
  `feature` tinyint DEFAULT '1',
  `status` tinyint DEFAULT '1',
  `is_searchable` tinyint DEFAULT '1',
  `created_by` bigint UNSIGNED DEFAULT NULL,
  `updated_by` bigint UNSIGNED DEFAULT NULL,
  `deleted_at` timestamp NULL DEFAULT NULL,
  `created_at` timestamp NULL DEFAULT NULL,
  `updated_at` timestamp NULL DEFAULT NULL
) ENGINE=InnoDB DEFAULT CHARSET=utf8mb4 COLLATE=utf8mb4_unicode_ci;

-- --------------------------------------------------------

--
-- Table structure for table `attribute_set_translations`
--

CREATE TABLE `attribute_set_translations` (
  `id` bigint UNSIGNED NOT NULL,
  `attributeSet_id` bigint UNSIGNED NOT NULL,
  `locale` varchar(255) CHARACTER SET utf8mb4 COLLATE utf8mb4_unicode_ci NOT NULL,
  `title` varchar(255) CHARACTER SET utf8mb4 COLLATE utf8mb4_unicode_ci NOT NULL,
  `slug` varchar(255) CHARACTER SET utf8mb4 COLLATE utf8mb4_unicode_ci DEFAULT NULL,
  `created_at` timestamp NULL DEFAULT NULL,
  `updated_at` timestamp NULL DEFAULT NULL
) ENGINE=InnoDB DEFAULT CHARSET=utf8mb4 COLLATE=utf8mb4_unicode_ci;

-- --------------------------------------------------------

--
-- Table structure for table `attribute_translations`
--

CREATE TABLE `attribute_translations` (
  `id` bigint UNSIGNED NOT NULL,
  `attribute_id` bigint UNSIGNED NOT NULL,
  `locale` varchar(255) CHARACTER SET utf8mb4 COLLATE utf8mb4_unicode_ci NOT NULL,
  `title` varchar(255) CHARACTER SET utf8mb4 COLLATE utf8mb4_unicode_ci NOT NULL,
  `slug` varchar(255) CHARACTER SET utf8mb4 COLLATE utf8mb4_unicode_ci DEFAULT NULL,
  `created_at` timestamp NULL DEFAULT NULL,
  `updated_at` timestamp NULL DEFAULT NULL
) ENGINE=InnoDB DEFAULT CHARSET=utf8mb4 COLLATE=utf8mb4_unicode_ci;

-- --------------------------------------------------------

--
-- Table structure for table `badal_offers`
--

CREATE TABLE `badal_offers` (
  `id` bigint UNSIGNED NOT NULL,
  `status` tinyint DEFAULT NULL,
  `start_at` datetime DEFAULT NULL,
  `amount` double(14,2) DEFAULT NULL,
  `substitute_id` bigint UNSIGNED DEFAULT NULL,
  `badal_project_id` bigint UNSIGNED DEFAULT NULL,
  `created_at` timestamp NULL DEFAULT NULL,
  `updated_at` timestamp NULL DEFAULT NULL,
  `deleted_at` timestamp NULL DEFAULT NULL
) ENGINE=InnoDB DEFAULT CHARSET=utf8mb4 COLLATE=utf8mb4_unicode_ci;

-- --------------------------------------------------------

--
-- Table structure for table `badal_orders`
--

CREATE TABLE `badal_orders` (
  `id` bigint UNSIGNED NOT NULL,
  `order_id` bigint UNSIGNED NOT NULL,
  `substitute_id` bigint UNSIGNED DEFAULT NULL,
  `project_id` bigint UNSIGNED NOT NULL,
  `is_offer` tinyint NOT NULL DEFAULT '0',
  `offer_id` bigint UNSIGNED DEFAULT NULL,
  `behafeof` varchar(255) CHARACTER SET utf8mb4 COLLATE utf8mb4_unicode_ci DEFAULT NULL,
  `relation` varchar(255) CHARACTER SET utf8mb4 COLLATE utf8mb4_unicode_ci DEFAULT NULL,
  `language` varchar(255) CHARACTER SET utf8mb4 COLLATE utf8mb4_unicode_ci DEFAULT NULL,
  `gender` varchar(255) CHARACTER SET utf8mb4 COLLATE utf8mb4_unicode_ci DEFAULT NULL,
  `start_at` timestamp NULL DEFAULT NULL,
  `complete_at` timestamp NULL DEFAULT NULL,
  `status` tinyint NOT NULL DEFAULT '0',
  `deleted_at` timestamp NULL DEFAULT NULL,
  `created_at` timestamp NULL DEFAULT NULL,
  `updated_at` timestamp NULL DEFAULT NULL
) ENGINE=InnoDB DEFAULT CHARSET=utf8mb4 COLLATE=utf8mb4_unicode_ci;

-- --------------------------------------------------------

--
-- Table structure for table `badal_requests`
--

CREATE TABLE `badal_requests` (
  `id` bigint UNSIGNED NOT NULL,
  `badal_id` bigint UNSIGNED NOT NULL,
  `substitute_id` bigint UNSIGNED NOT NULL,
  `start_at` timestamp NULL DEFAULT NULL,
  `is_selected` tinyint NOT NULL DEFAULT '0',
  `status` tinyint NOT NULL DEFAULT '1',
  `deleted_at` timestamp NULL DEFAULT NULL,
  `created_at` timestamp NULL DEFAULT NULL,
  `updated_at` timestamp NULL DEFAULT NULL
) ENGINE=InnoDB DEFAULT CHARSET=utf8mb4 COLLATE=utf8mb4_unicode_ci;

-- --------------------------------------------------------

--
-- Table structure for table `badal_reviews`
--

CREATE TABLE `badal_reviews` (
  `id` bigint UNSIGNED NOT NULL,
  `badal_id` bigint UNSIGNED NOT NULL,
  `rate` int NOT NULL,
  `description` varchar(255) CHARACTER SET utf8mb4 COLLATE utf8mb4_unicode_ci DEFAULT NULL,
  `status` tinyint NOT NULL DEFAULT '1',
  `deleted_at` timestamp NULL DEFAULT NULL,
  `created_at` timestamp NULL DEFAULT NULL,
  `updated_at` timestamp NULL DEFAULT NULL
) ENGINE=InnoDB DEFAULT CHARSET=utf8mb4 COLLATE=utf8mb4_unicode_ci;

-- --------------------------------------------------------

--
-- Table structure for table `badal_rites`
--

CREATE TABLE `badal_rites` (
  `id` bigint UNSIGNED NOT NULL,
  `project_id` bigint UNSIGNED NOT NULL,
  `sort` int DEFAULT NULL,
  `taken_time` int DEFAULT NULL,
  `proof` tinyint DEFAULT NULL,
  `status` tinyint DEFAULT NULL,
  `image` text CHARACTER SET utf8mb4 COLLATE utf8mb4_unicode_ci,
  `created_by` bigint UNSIGNED DEFAULT NULL,
  `updated_by` bigint UNSIGNED DEFAULT NULL,
  `deleted_at` timestamp NULL DEFAULT NULL,
  `created_at` timestamp NULL DEFAULT NULL,
  `updated_at` timestamp NULL DEFAULT NULL
) ENGINE=InnoDB DEFAULT CHARSET=utf8mb4 COLLATE=utf8mb4_unicode_ci;

-- --------------------------------------------------------

--
-- Table structure for table `badal_rituals`
--

CREATE TABLE `badal_rituals` (
  `id` bigint UNSIGNED NOT NULL,
  `order_id` bigint UNSIGNED NOT NULL,
  `project_id` bigint UNSIGNED NOT NULL,
  `substitute_id` bigint UNSIGNED NOT NULL,
  `rite_id` bigint UNSIGNED NOT NULL,
  `title` varchar(255) CHARACTER SET utf8mb4 COLLATE utf8mb4_unicode_ci DEFAULT NULL,
  `description` varchar(255) CHARACTER SET utf8mb4 COLLATE utf8mb4_unicode_ci DEFAULT NULL,
  `proof` varchar(255) CHARACTER SET utf8mb4 COLLATE utf8mb4_unicode_ci DEFAULT NULL COMMENT 'url for video',
  `start` tinyint(1) NOT NULL DEFAULT '0',
  `start_time` timestamp NULL DEFAULT NULL,
  `complete` tinyint(1) NOT NULL DEFAULT '0',
  `status` tinyint NOT NULL DEFAULT '1',
  `deleted_at` timestamp NULL DEFAULT NULL,
  `created_at` timestamp NULL DEFAULT NULL,
  `updated_at` timestamp NULL DEFAULT NULL
) ENGINE=InnoDB DEFAULT CHARSET=utf8mb4 COLLATE=utf8mb4_unicode_ci;

-- --------------------------------------------------------

--
-- Table structure for table `beneficiaries`
--

CREATE TABLE `beneficiaries` (
  `id` bigint UNSIGNED NOT NULL,
  `account_id` bigint UNSIGNED NOT NULL,
  `first_name` varchar(255) COLLATE utf8mb4_unicode_ci NOT NULL,
  `middle_name` varchar(255) COLLATE utf8mb4_unicode_ci NOT NULL,
  `last_name` varchar(255) COLLATE utf8mb4_unicode_ci NOT NULL,
  `gender` varchar(255) COLLATE utf8mb4_unicode_ci NOT NULL,
  `nationality` varchar(255) COLLATE utf8mb4_unicode_ci NOT NULL,
  `marital_status` varchar(255) COLLATE utf8mb4_unicode_ci NOT NULL,
  `phone` varchar(255) COLLATE utf8mb4_unicode_ci NOT NULL,
  `date_of_birth` date NOT NULL,
  `family_members` varchar(255) COLLATE utf8mb4_unicode_ci NOT NULL,
  `education_level` varchar(255) COLLATE utf8mb4_unicode_ci NOT NULL,
  `city` varchar(255) COLLATE utf8mb4_unicode_ci NOT NULL,
  `district` varchar(255) COLLATE utf8mb4_unicode_ci NOT NULL,
  `id_number` varchar(255) COLLATE utf8mb4_unicode_ci NOT NULL,
  `civil_register` varchar(255) COLLATE utf8mb4_unicode_ci NOT NULL,
  `email` varchar(255) COLLATE utf8mb4_unicode_ci NOT NULL,
  `housing_status` varchar(255) COLLATE utf8mb4_unicode_ci NOT NULL,
  `job_type` varchar(255) COLLATE utf8mb4_unicode_ci DEFAULT NULL,
  `monthly_income` varchar(255) COLLATE utf8mb4_unicode_ci NOT NULL,
  `previous_registration` varchar(255) COLLATE utf8mb4_unicode_ci NOT NULL,
  `chronic_diseases` varchar(255) COLLATE utf8mb4_unicode_ci NOT NULL,
  `special_needs` varchar(255) COLLATE utf8mb4_unicode_ci NOT NULL,
  `other_income` text COLLATE utf8mb4_unicode_ci,
  `additional_notes` text COLLATE utf8mb4_unicode_ci,
  `status` tinyint(1) NOT NULL DEFAULT '0',
  `created_by` bigint UNSIGNED DEFAULT NULL,
  `updated_by` bigint UNSIGNED DEFAULT NULL,
  `deleted_at` timestamp NULL DEFAULT NULL,
  `created_at` timestamp NULL DEFAULT NULL,
  `updated_at` timestamp NULL DEFAULT NULL
) ENGINE=InnoDB DEFAULT CHARSET=utf8mb4 COLLATE=utf8mb4_unicode_ci;

--
-- Dumping data for table `beneficiaries`
--

INSERT INTO `beneficiaries` (`id`, `account_id`, `first_name`, `middle_name`, `last_name`, `gender`, `nationality`, `marital_status`, `phone`, `date_of_birth`, `family_members`, `education_level`, `city`, `district`, `id_number`, `civil_register`, `email`, `housing_status`, `job_type`, `monthly_income`, `previous_registration`, `chronic_diseases`, `special_needs`, `other_income`, `additional_notes`, `status`, `created_by`, `updated_by`, `deleted_at`, `created_at`, `updated_at`) VALUES
(1, 6, 'islam', 'osman', 'osman', 'male', 'ksa', 'completed', '574598463', '2005-05-11', '5', 'gfd', 'nasr', 'nasr', '21365487212245', 'cbb', 'islam@gmail.com', 'gfvvc', 'bfv', '5000', 'bccv', 'no', 'gbv', 'no', 'no', 0, NULL, NULL, NULL, NULL, NULL),
(2, 205, 'In qui error quo qui', 'Voluptas nihil volup', 'Ea magna duis ex pro', 'male', 'eritrea', 'widowed', '+1 (776) 246-8747', '1979-03-15', '10+', 'illiterate', 'Perspiciatis non re', 'Eos nemo sed perspic', 'Qui dolore in ad asp', 'Consequatur facilis', 'hyfyzexis@mailinator.com', 'shared', 'Eaque quasi nihil no', 'Animi nihil non qui', 'no', 'no', 'yes', 'Quis sit eius vel i', 'Explicabo Expedita ', 0, NULL, NULL, NULL, '2025-05-28 06:38:13', '2025-05-28 06:38:13'),
(3, 206, 'Omnis pariatur Dolo', 'Ipsa consequatur I', 'Voluptatibus volupta', 'male', 'saudi', 'single', '+1 (435) 333-7821', '2021-12-21', '8', 'university', 'Ut rerum ducimus am', 'Et culpa ullamco ev', 'Sed numquam numquam ', 'Porro perspiciatis ', 'viby@mailinator.com', 'rented', 'Quibusdam consequatu', 'Error reprehenderit ', 'yes', 'no', 'no', 'Eaque quam non neces', 'Repellendus Ex eum ', 0, NULL, NULL, NULL, '2025-05-28 06:41:10', '2025-05-28 06:41:10'),
(4, 207, 'Culpa voluptatem qui', 'Exercitationem molli', 'Quidem porro quos et', 'female', 'other', 'divorced', '+1 (376) 353-5082', '2018-06-06', '9', 'intermediate', 'Impedit commodo pro', 'Perferendis odio eni', 'Cum ratione quis eos', 'Quod deleniti volupt', 'diralo@mailinator.com', 'shared', 'Nisi est sunt commo', 'Ipsam modi minim nul', 'yes', 'no', 'yes', 'Quaerat est natus u', 'Veniam ad ut sit te', 0, NULL, NULL, NULL, '2025-05-28 06:45:12', '2025-05-28 06:45:12'),
(5, 208, 'Quo quis numquam rat', 'Omnis obcaecati est ', 'Quis voluptates ipsa', 'male', 'saudi', 'single', '+1 (833) 352-3687', '2018-01-05', '5', 'university', 'In autem perferendis', 'Eius autem voluptas ', 'Aliqua Anim laborum', 'Officia ut eos cons', 'pigagylo@mailinator.com', 'shared', 'Voluptas cillum dolo', 'Nostrud et ut lorem ', 'no', 'no', 'no', 'Nesciunt nobis amet', 'Deleniti doloribus n', 0, NULL, NULL, NULL, '2025-05-28 06:52:11', '2025-05-28 06:52:11'),
(6, 210, 'Dolor qui consequatu', 'Aliquid do voluptate', 'Debitis et voluptati', 'male', 'other', 'single', '+1 (571) 356-2673', '2003-05-01', '5', 'secondary', 'Quaerat dolorum fuga', 'Quia lorem repudiand', 'Eveniet aute qui la', 'Et aperiam quos in o', 'popov@mailinator.com', 'owned', 'Mollitia minim numqu', 'Excepteur similique ', 'yes', 'yes', 'yes', 'Officiis corporis du', 'Velit exercitatione', 0, NULL, NULL, NULL, '2025-05-28 07:57:05', '2025-05-28 07:57:05'),
(7, 204, 'Maxime ut ut deserun', 'Sapiente quis qui ex', 'Laboriosam et aut e', 'male', 'eritrea', 'married', '597767751', '2006-07-26', '7', 'intermediate', 'Nesciunt nemo fuga', 'Autem consectetur re', 'Non adipisci et odio', 'Exercitation nihil c', 'boleca@mailinator.com', 'rented', 'Reprehenderit magna', 'In officiis et sunt', 'no', 'no', 'no', 'Est necessitatibus d', 'Culpa totam nostrum', 0, NULL, NULL, NULL, '2025-05-28 09:20:19', '2025-05-28 09:20:19'),
(8, 204, 'Perferendis dolore u', 'Consequuntur volupta', 'Perferendis culpa s', 'male', 'saudi', 'single', '597767751', '2011-11-14', '4', 'illiterate', 'Quae non velit labor', 'Non mollit nesciunt', '545455465', 'Ea cumque omnis et u', 'dikuh@mailinator.com', 'owned', 'Officiis enim tempor', 'Et quam in maxime en', 'yes', 'no', 'no', 'Adipisicing aliquam ', 'Sint culpa consequat', 0, NULL, NULL, NULL, '2025-07-28 06:57:07', '2025-07-28 06:57:07');

-- --------------------------------------------------------

--
-- Table structure for table `cache`
--

CREATE TABLE `cache` (
  `key` varchar(255) CHARACTER SET utf8mb4 COLLATE utf8mb4_unicode_ci NOT NULL,
  `value` mediumtext CHARACTER SET utf8mb4 COLLATE utf8mb4_unicode_ci NOT NULL,
  `expiration` int NOT NULL
) ENGINE=InnoDB DEFAULT CHARSET=utf8mb4 COLLATE=utf8mb4_unicode_ci;

-- --------------------------------------------------------

--
-- Table structure for table `cache_locks`
--

CREATE TABLE `cache_locks` (
  `key` varchar(255) CHARACTER SET utf8mb4 COLLATE utf8mb4_unicode_ci NOT NULL,
  `owner` varchar(255) CHARACTER SET utf8mb4 COLLATE utf8mb4_unicode_ci NOT NULL,
  `expiration` int NOT NULL
) ENGINE=InnoDB DEFAULT CHARSET=utf8mb4 COLLATE=utf8mb4_unicode_ci;

-- --------------------------------------------------------

--
-- Table structure for table `carts`
--

CREATE TABLE `carts` (
  `id` bigint UNSIGNED NOT NULL,
  `item_type` varchar(255) CHARACTER SET utf8mb4 COLLATE utf8mb4_unicode_ci NOT NULL COMMENT 'model name of the item like (projects, product, card, etc)',
  `item_id` bigint UNSIGNED NOT NULL,
  `item_sub_type` varchar(255) CHARACTER SET utf8mb4 COLLATE utf8mb4_unicode_ci DEFAULT NULL COMMENT 'shred donation name or unit name or gift detail or card occasion',
  `item_name` varchar(255) CHARACTER SET utf8mb4 COLLATE utf8mb4_unicode_ci DEFAULT NULL COMMENT 'item title',
  `cookeries` varchar(255) CHARACTER SET utf8mb4 COLLATE utf8mb4_unicode_ci DEFAULT NULL,
  `quantity` int NOT NULL DEFAULT '1',
  `price` double NOT NULL DEFAULT '1',
  `cart_id` bigint UNSIGNED DEFAULT NULL,
  `gift_details` json DEFAULT NULL COMMENT 'image that will sent to giver and note for message etc',
  `giften_details` json DEFAULT NULL COMMENT 'given data details',
  `gift_card_details` json DEFAULT NULL COMMENT 'gift card details',
  `gift_products_details` json DEFAULT NULL COMMENT 'gift products details',
  `gift_projects_details` json DEFAULT NULL COMMENT 'gift projects details',
  `donor_id` bigint UNSIGNED DEFAULT NULL COMMENT 'donor_id if login',
  `vendor_id` bigint UNSIGNED DEFAULT NULL COMMENT 'vendor id if type is product',
  `deleted_at` timestamp NULL DEFAULT NULL,
  `created_at` timestamp NULL DEFAULT NULL,
  `updated_at` timestamp NULL DEFAULT NULL
) ENGINE=InnoDB DEFAULT CHARSET=utf8mb4 COLLATE=utf8mb4_unicode_ci;

--
-- Dumping data for table `carts`
--

INSERT INTO `carts` (`id`, `item_type`, `item_id`, `item_sub_type`, `item_name`, `cookeries`, `quantity`, `price`, `cart_id`, `gift_details`, `giften_details`, `gift_card_details`, `gift_products_details`, `gift_projects_details`, `donor_id`, `vendor_id`, `deleted_at`, `created_at`, `updated_at`) VALUES
(1, 'App\\Models\\CharityProject', 1, 'سقيا الحرم', 'سقيا الحرم', 'ZM91qrpKhe32f6YDY2jRtbUrOiL9MQ37', 2, 100, NULL, NULL, NULL, NULL, NULL, NULL, NULL, NULL, '2025-02-18 22:25:05', '2025-02-18 12:20:51', '2025-02-18 22:25:05'),
(2, 'App\\Models\\CharityProject', 2, 'سقيا المساجد', 'سقيا المساجد', 'ZM91qrpKhe32f6YDY2jRtbUrOiL9MQ37', 3, 100, NULL, NULL, NULL, NULL, NULL, NULL, NULL, NULL, '2025-02-18 22:38:46', '2025-02-18 12:50:55', '2025-02-18 22:38:46'),
(3, 'App\\Models\\CharityProject', 2, 'سقيا المساجد', 'سقيا المساجد', 'ZM91qrpKhe32f6YDY2jRtbUrOiL9MQ37', 7, 200, NULL, NULL, NULL, NULL, NULL, NULL, NULL, NULL, '2025-02-18 22:38:32', '2025-02-18 12:59:34', '2025-02-18 22:38:32'),
(4, 'App\\Models\\CharityProject', 1, 'سقيا الحرم', 'سقيا الحرم', 'ZM91qrpKhe32f6YDY2jRtbUrOiL9MQ37', 2, 200, NULL, NULL, NULL, NULL, NULL, NULL, NULL, NULL, '2025-02-19 06:29:20', '2025-02-18 13:05:38', '2025-02-19 06:29:20'),
(5, 'App\\Models\\CharityProject', 2, 'سقيا المساجد', 'سقيا المساجد', 'ZM91qrpKhe32f6YDY2jRtbUrOiL9MQ37', 3, 2, NULL, NULL, NULL, NULL, NULL, NULL, NULL, NULL, '2025-02-18 22:38:42', '2025-02-18 13:10:15', '2025-02-18 22:38:42'),
(6, 'App\\Models\\CharityProject', 2, 'سقيا المساجد', 'سقيا المساجد', 'ZM91qrpKhe32f6YDY2jRtbUrOiL9MQ37', 1, 3, NULL, 'null', NULL, NULL, NULL, NULL, NULL, NULL, '2025-02-19 06:29:20', '2025-02-18 13:19:58', '2025-02-19 06:29:20'),
(7, 'App\\Models\\CharityProject', 2, 'سقيا المساجد', 'سقيا المساجد', 'ZM91qrpKhe32f6YDY2jRtbUrOiL9MQ37', 1, 4, NULL, 'null', NULL, NULL, NULL, NULL, NULL, NULL, '2025-02-18 22:38:51', '2025-02-18 13:20:24', '2025-02-18 22:38:51'),
(8, 'App\\Models\\CharityProject', 2, 'سقيا المساجد', 'سقيا المساجد', 'ZM91qrpKhe32f6YDY2jRtbUrOiL9MQ37', 15, 10, NULL, NULL, NULL, NULL, NULL, NULL, NULL, NULL, '2025-02-19 06:29:20', '2025-02-18 13:22:16', '2025-02-19 06:29:20'),
(9, 'App\\Models\\CharityProject', 2, 'سقيا المساجد', 'سقيا المساجد', 'ZM91qrpKhe32f6YDY2jRtbUrOiL9MQ37', 1, 20, NULL, 'null', NULL, NULL, NULL, NULL, NULL, NULL, '2025-02-19 06:29:20', '2025-02-18 13:23:41', '2025-02-19 06:29:20'),
(10, 'App\\Models\\CharityProject', 2, 'unit 1', 'سقيا المساجد', 'ZM91qrpKhe32f6YDY2jRtbUrOiL9MQ37', 1, 2000, NULL, 'null', NULL, NULL, NULL, NULL, NULL, NULL, '2025-02-18 22:39:01', '2025-02-18 15:18:17', '2025-02-18 22:39:01'),
(11, 'App\\Models\\CharityProject', 2, NULL, 'سقيا المساجد', 'ZM91qrpKhe32f6YDY2jRtbUrOiL9MQ37', 1, 123, NULL, 'null', NULL, NULL, NULL, NULL, NULL, NULL, '2025-02-18 22:38:38', '2025-02-18 15:18:29', '2025-02-18 22:38:38'),
(19, 'App\\Models\\CharityProject', 2, 'unit 1', 'سقيا المساجد', 'zLEcVddrIuMS9zqNQkkx0C0fSViF0Ql8', 1, 500, NULL, 'null', NULL, NULL, NULL, NULL, NULL, NULL, '2025-04-05 13:32:37', '2025-03-12 06:38:16', '2025-04-05 13:32:37'),
(20, 'App\\Models\\CharityProject', 4, '', 'سبحه', 'zLEcVddrIuMS9zqNQkkx0C0fSViF0Ql8', 1, 100, NULL, 'null', NULL, NULL, NULL, NULL, NULL, NULL, '2025-04-05 13:32:41', '2025-03-12 06:38:53', '2025-04-05 13:32:41'),
(21, 'App\\Models\\CharityProject', 3, 'share 1', 'كرســـــي لكبار السن', 'zLEcVddrIuMS9zqNQkkx0C0fSViF0Ql8', 1, 40, NULL, 'null', NULL, NULL, NULL, NULL, NULL, NULL, '2025-03-12 20:42:39', '2025-03-12 06:39:08', '2025-03-12 20:42:39'),
(22, 'App\\Models\\CharityProject', 3, 'share 1', 'كرســـــي لكبار السن', 'zLEcVddrIuMS9zqNQkkx0C0fSViF0Ql8', 1, 20, NULL, 'null', NULL, NULL, NULL, NULL, NULL, NULL, '2025-03-12 20:42:41', '2025-03-12 06:50:34', '2025-03-12 20:42:41'),
(23, 'App\\Models\\CharityProject', 4, NULL, 'سبحه', 'zLEcVddrIuMS9zqNQkkx0C0fSViF0Ql8', 1, 100, NULL, 'null', NULL, NULL, NULL, NULL, NULL, NULL, '2025-04-05 13:32:44', '2025-03-12 10:50:32', '2025-04-05 13:32:44'),
(24, 'App\\Models\\CharityProject', 1, NULL, 'سقيا الحرم', 'zLEcVddrIuMS9zqNQkkx0C0fSViF0Ql8', 1, 123, NULL, 'null', NULL, NULL, NULL, NULL, NULL, NULL, '2025-04-05 13:32:52', '2025-03-12 20:36:29', '2025-04-05 13:32:52'),
(25, 'App\\Models\\CharityProject', 1, NULL, 'سقيا الحرم', 'zLEcVddrIuMS9zqNQkkx0C0fSViF0Ql8', 1, 321, NULL, 'null', NULL, NULL, NULL, NULL, NULL, NULL, '2025-04-05 13:33:08', '2025-03-12 20:38:40', '2025-04-05 13:33:08'),
(26, 'App\\Models\\CharityProject', 1, NULL, 'سقيا الحرم', 'zLEcVddrIuMS9zqNQkkx0C0fSViF0Ql8', 2, 258, NULL, NULL, NULL, NULL, NULL, NULL, NULL, NULL, '2025-04-05 13:33:10', '2025-03-12 20:40:12', '2025-04-05 13:33:10'),
(27, 'App\\Models\\CharityProject', 1, NULL, 'سقيا الحرم', 'zLEcVddrIuMS9zqNQkkx0C0fSViF0Ql8', 1, 951, NULL, 'null', NULL, NULL, NULL, NULL, NULL, NULL, '2025-04-05 13:33:19', '2025-03-12 20:41:44', '2025-04-05 13:33:19'),
(28, 'App\\Models\\CharityProject', 2, 'unit 1', 'سقيا المساجد', 'zLEcVddrIuMS9zqNQkkx0C0fSViF0Ql8', 1, 10, NULL, 'null', NULL, NULL, NULL, NULL, NULL, NULL, '2025-04-05 13:33:19', '2025-03-12 20:41:55', '2025-04-05 13:33:19'),
(29, 'App\\Models\\CharityProject', 2, NULL, 'سقيا المساجد', 'zLEcVddrIuMS9zqNQkkx0C0fSViF0Ql8', 1, 852, NULL, 'null', NULL, NULL, NULL, NULL, NULL, NULL, '2025-04-05 13:33:19', '2025-03-12 20:42:08', '2025-04-05 13:33:19'),
(30, 'App\\Models\\CharityProject', 3, 'share 1', 'كرســـــي لكبار السن', 'zLEcVddrIuMS9zqNQkkx0C0fSViF0Ql8', 1, 20, NULL, 'null', NULL, NULL, NULL, NULL, NULL, NULL, '2025-04-05 13:33:19', '2025-03-12 20:45:20', '2025-04-05 13:33:19'),
(31, 'App\\Models\\CharityProject', 2, 'unit 1', 'سقيا المساجد', 'zLEcVddrIuMS9zqNQkkx0C0fSViF0Ql8', 1, 10, NULL, '{\"image\": \"gifts/img_1699687751.jpg\", \"sendCopy\": \"\", \"cardTitle\": \"إلى أبي الغالي\", \"giver_name\": \"sfsfsfsfsf\", \"donationAmt\": \"10\", \"giver_email\": \"\", \"donationtype\": \"unit 1\", \"giver_mobile\": \"010502589\"}', NULL, NULL, NULL, NULL, NULL, NULL, '2025-04-05 13:33:19', '2025-03-13 06:17:51', '2025-04-05 13:33:19'),
(32, 'App\\Models\\CharityProject', 2, 'unit 1', 'سقيا المساجد', 'zLEcVddrIuMS9zqNQkkx0C0fSViF0Ql8', 1, 10, NULL, '{\"image\": \"gifts/img_1687087350.jpg\", \"sendCopy\": \"\", \"cardTitle\": \"إلى أمي الغالية\", \"giver_name\": \"sfsfsf\", \"donationAmt\": \"10\", \"giver_email\": \"\", \"donationtype\": \"unit 1\", \"giver_mobile\": \"020202020\"}', NULL, NULL, NULL, NULL, NULL, NULL, '2025-04-05 13:33:19', '2025-03-13 06:17:51', '2025-04-05 13:33:19'),
(33, 'App\\Models\\CharityProject', 1, 'سقيا الحرم', 'سقيا الحرم', 'zLEcVddrIuMS9zqNQkkx0C0fSViF0Ql8', 1, 123, NULL, '{\"image\": \"gifts/img_1687087350.jpg\", \"sendCopy\": \"\", \"cardTitle\": \"إلى أمي الغالية\", \"giver_name\": \"بشري\", \"donationAmt\": \"123\", \"giver_email\": \"\", \"donationtype\": \"سقيا الحرم\", \"giver_mobile\": \"597767751\"}', NULL, NULL, NULL, NULL, NULL, NULL, '2025-04-05 13:33:19', '2025-04-05 11:10:13', '2025-04-05 13:33:19'),
(38, 'App\\Models\\CharityProject', 3, 'share 1', 'كرســـــي لكبار السن', '3Smi634YXHr4G0VUnJU4tCgxpiLG4WaN', 2, 20, NULL, NULL, NULL, NULL, NULL, NULL, NULL, NULL, NULL, '2025-05-03 10:04:36', '2025-05-03 10:04:40'),
(40, 'App\\Models\\CharityProject', 3, 'share 1', 'كرســـــي لكبار السن', 'kl1onTn5esOzBVFGaUDfItUeGRgSPcjB', 2, 20, NULL, 'null', NULL, NULL, NULL, NULL, NULL, NULL, '2025-05-25 08:52:07', '2025-05-25 08:51:35', '2025-05-25 08:52:07'),
(41, 'App\\Models\\CharityProject', 2, 'unit 1', 'سقيا المساجد', 'kl1onTn5esOzBVFGaUDfItUeGRgSPcjB', 1, 500, NULL, 'null', NULL, NULL, NULL, NULL, NULL, NULL, '2025-05-25 09:50:57', '2025-05-25 09:38:04', '2025-05-25 09:50:57'),
(42, 'App\\Models\\CharityProject', 3, 'share 1', 'كرســـــي لكبار السن', 'kl1onTn5esOzBVFGaUDfItUeGRgSPcjB', 1, 40, NULL, 'null', NULL, NULL, NULL, NULL, NULL, NULL, '2025-05-25 09:50:57', '2025-05-25 09:38:25', '2025-05-25 09:50:57'),
(43, 'App\\Models\\CharityProject', 3, 'share 1', 'كرســـــي لكبار السن', 'kl1onTn5esOzBVFGaUDfItUeGRgSPcjB', 1, 40, NULL, 'null', NULL, NULL, NULL, NULL, NULL, NULL, '2025-05-25 09:53:07', '2025-05-25 09:52:44', '2025-05-25 09:53:07'),
(44, 'App\\Models\\CharityProject', 3, 'share 1', 'كرســـــي لكبار السن', 'kl1onTn5esOzBVFGaUDfItUeGRgSPcjB', 5, 30, NULL, NULL, NULL, NULL, NULL, NULL, 3, NULL, '2025-05-26 03:17:40', '2025-05-25 10:50:33', '2025-05-26 03:17:40'),
(45, 'App\\Models\\CharityProject', 3, 'share 1', 'كرســـــي لكبار السن', 'kl1onTn5esOzBVFGaUDfItUeGRgSPcjB', 2, 40, NULL, NULL, NULL, NULL, NULL, NULL, 3, NULL, '2025-05-26 03:17:40', '2025-05-25 10:51:55', '2025-05-26 03:17:40'),
(46, 'App\\Models\\CharityProject', 3, 'share 1', 'كرســـــي لكبار السن', 'kl1onTn5esOzBVFGaUDfItUeGRgSPcjB', 4, 20, NULL, NULL, NULL, NULL, NULL, NULL, 3, NULL, '2025-05-26 03:17:40', '2025-05-25 10:53:06', '2025-05-26 03:17:40'),
(47, 'App\\Models\\CharityProject', 3, 'share 1', 'كرســـــي لكبار السن', 'kl1onTn5esOzBVFGaUDfItUeGRgSPcjB', 1, 40, NULL, 'null', NULL, NULL, NULL, NULL, 3, NULL, '2025-07-07 07:17:01', '2025-05-26 05:11:20', '2025-07-07 07:17:01'),
(48, 'App\\Models\\CharityProject', 3, 'share 1', 'كرســـــي لكبار السن', 'Vc7wKZu20YxhxzmNU9lGf6X4bGrfCkw6', 1, 40, NULL, 'null', NULL, NULL, NULL, NULL, 3, NULL, '2025-05-26 10:28:13', '2025-05-26 06:42:21', '2025-05-26 10:28:13'),
(49, 'App\\Models\\CharityProject', 1, 'سقيا الحرم', 'سقيا الحرم', 'Vc7wKZu20YxhxzmNU9lGf6X4bGrfCkw6', 1, 200, NULL, 'null', NULL, NULL, NULL, NULL, NULL, NULL, '2025-05-26 10:28:12', '2025-05-26 08:09:14', '2025-05-26 10:28:12'),
(50, 'App\\Models\\CharityProject', 2, 'unit 1', 'سقيا المساجد', 'Vc7wKZu20YxhxzmNU9lGf6X4bGrfCkw6', 1, 500, NULL, NULL, NULL, NULL, NULL, NULL, NULL, NULL, '2025-05-26 10:28:09', '2025-05-26 10:23:22', '2025-05-26 10:28:09'),
(51, 'App\\Models\\CharityProject', 2, 'سقيا المساجد', 'سقيا المساجد', 'Vc7wKZu20YxhxzmNU9lGf6X4bGrfCkw6', 1, 10, NULL, '{\"image\": \"attachments/settings/17481710870.png\", \"sendCopy\": \"\", \"cardTitle\": \"إلى أمي الغالية\", \"giver_name\": \"islam\", \"donationAmt\": \"10\", \"giver_email\": \"islam@gmail.com\", \"donationtype\": \"سقيا المساجد\", \"giver_mobile\": \"597767751\"}', NULL, NULL, NULL, NULL, NULL, NULL, '2025-05-26 10:28:07', '2025-05-26 10:26:45', '2025-05-26 10:28:07'),
(52, 'App\\Models\\CharityProject', 2, 'unit 1', 'سقيا المساجد', 'Vc7wKZu20YxhxzmNU9lGf6X4bGrfCkw6', 1, 2000, NULL, 'null', NULL, NULL, NULL, NULL, NULL, NULL, '2025-05-26 10:32:36', '2025-05-26 10:32:20', '2025-05-26 10:32:36'),
(53, 'App\\Models\\CharityProject', 3, 'share 1', 'كرســـــي لكبار السن', 'Vc7wKZu20YxhxzmNU9lGf6X4bGrfCkw6', 1, 40, NULL, 'null', NULL, NULL, NULL, NULL, NULL, NULL, '2025-05-26 10:35:08', '2025-05-26 10:33:53', '2025-05-26 10:35:08'),
(54, 'App\\Models\\CharityProject', 3, 'share 1', 'كرســـــي لكبار السن', 'Vc7wKZu20YxhxzmNU9lGf6X4bGrfCkw6', 1, 40, NULL, '{\"image\": \"attachments/settings/17481707140.jpg\", \"sendCopy\": true, \"cardTitle\": \"إلى أبي الغالي\", \"giver_name\": \"islam\", \"donationAmt\": \"40\", \"giver_email\": \"iiislam@gmail.com\", \"donationtype\": \"share 1\", \"giver_mobile\": \"597767751\"}', NULL, NULL, NULL, NULL, NULL, NULL, '2025-05-26 10:35:08', '2025-05-26 10:33:53', '2025-05-26 10:35:08'),
(55, 'App\\Models\\CharityProject', 2, 'unit 1', 'سقيا المساجد', 'Vc7wKZu20YxhxzmNU9lGf6X4bGrfCkw6', 1, 500, NULL, 'null', NULL, NULL, NULL, NULL, NULL, NULL, NULL, '2025-05-26 10:36:06', '2025-05-26 10:36:06'),
(56, 'App\\Models\\CharityProject', 2, 'unit 1', 'سقيا المساجد', 'Vc7wKZu20YxhxzmNU9lGf6X4bGrfCkw6', 1, 500, NULL, '{\"image\": \"attachments/settings/17481707140.jpg\", \"sendCopy\": true, \"cardTitle\": \"إلى أبي الغالي\", \"giver_name\": \"islam\", \"donationAmt\": \"500\", \"giver_email\": \"iiislam@gmail.com\", \"donationtype\": \"unit 1\", \"giver_mobile\": \"597767751\"}', NULL, NULL, NULL, NULL, NULL, NULL, NULL, '2025-05-26 10:36:06', '2025-05-26 10:36:06'),
(57, 'App\\Models\\CharityProject', 3, 'share 1', 'كرســـــي لكبار السن', 'Vc7wKZu20YxhxzmNU9lGf6X4bGrfCkw6', 1, 30, NULL, 'null', NULL, NULL, NULL, NULL, NULL, NULL, NULL, '2025-05-26 10:38:32', '2025-05-26 10:38:32'),
(58, 'App\\Models\\CharityProject', 3, 'share 1', 'كرســـــي لكبار السن', 'Vc7wKZu20YxhxzmNU9lGf6X4bGrfCkw6', 1, 40, NULL, '{\"image\": \"attachments/settings/17481707140.jpg\", \"sendCopy\": true, \"cardTitle\": \"إلى أبي الغالي\", \"giver_name\": \"islam\", \"donationAmt\": \"40\", \"giver_email\": \"iiislam@gmail.com\", \"donationtype\": \"share 1\", \"giver_mobile\": \"597767751\"}', NULL, NULL, NULL, NULL, NULL, NULL, NULL, '2025-05-26 10:38:32', '2025-05-26 10:38:32'),
(59, 'App\\Models\\CharityProject', 3, 'share 1', 'كرســـــي لكبار السن', 'Vc7wKZu20YxhxzmNU9lGf6X4bGrfCkw6', 1, 40, NULL, '{\"image\": \"attachments/settings/17481707140.jpg\", \"sendCopy\": true, \"cardTitle\": \"إلى زوجتي الحبيبة\", \"giver_name\": \"islam\", \"donationAmt\": \"40\", \"giver_email\": \"iiislam@gmail.com\", \"donationtype\": \"share 1\", \"giver_mobile\": \"597767751\"}', NULL, NULL, NULL, NULL, NULL, NULL, NULL, '2025-05-26 10:38:32', '2025-05-26 10:38:32'),
(60, 'App\\Models\\CharityProject', 1, NULL, 'سقيا الحرم', 'eId2LVIBRIjqIxehHPHWouoshxuwVbwY', 8, 500, NULL, NULL, NULL, NULL, NULL, NULL, NULL, NULL, '2025-07-07 07:07:05', '2025-07-07 07:05:01', '2025-07-07 07:07:05'),
(61, 'App\\Models\\CharityProject', 1, NULL, 'سقيا الحرم', 'eId2LVIBRIjqIxehHPHWouoshxuwVbwY', 1, 100, NULL, 'null', NULL, NULL, NULL, NULL, NULL, NULL, '2025-07-07 07:07:05', '2025-07-07 07:06:42', '2025-07-07 07:07:05'),
(62, 'App\\Models\\CharityProject', 2, 'unit 1', 'سقيا المساجد', 'eId2LVIBRIjqIxehHPHWouoshxuwVbwY', 1, 500, NULL, 'null', NULL, NULL, NULL, NULL, 3, NULL, '2025-07-07 07:17:01', '2025-07-07 07:08:14', '2025-07-07 07:17:01'),
(63, 'App\\Models\\CharityProject', 2, 'unit 1', 'سقيا المساجد', 'eId2LVIBRIjqIxehHPHWouoshxuwVbwY', 1, 10, NULL, '{\"image\": \"attachments/settings/17481707140.jpg\", \"sendCopy\": \"\", \"cardTitle\": \"إلى أبي الغالي\", \"giver_name\": \"اسلام\", \"donationAmt\": \"10\", \"giver_email\": \"islam@gmail.com\", \"donationtype\": \"unit 1\", \"giver_mobile\": \"010254577\"}', NULL, NULL, NULL, NULL, 3, NULL, '2025-07-07 07:17:01', '2025-07-07 07:08:14', '2025-07-07 07:17:01'),
(64, 'App\\Models\\CharityProject', 2, NULL, 'سقيا المساجد', 'eId2LVIBRIjqIxehHPHWouoshxuwVbwY', 2, 100, NULL, NULL, NULL, NULL, NULL, NULL, 4, NULL, '2025-08-31 09:16:29', '2025-07-07 08:23:18', '2025-08-31 09:16:29'),
(65, 'App\\Models\\CharityProject', 2, NULL, 'سقيا المساجد', 'eId2LVIBRIjqIxehHPHWouoshxuwVbwY', 1, 500, NULL, 'null', NULL, NULL, NULL, NULL, NULL, NULL, NULL, '2025-07-07 10:13:44', '2025-07-07 10:13:44'),
(68, 'App\\Models\\CharityProject', 1, NULL, 'سقيا الحرم', 'JyVpCNJCobwr9x3rMCb3aRHWR78Y0H7p', 1, 444, NULL, 'null', NULL, NULL, NULL, NULL, 12, NULL, '2025-07-18 13:49:13', '2025-07-12 04:39:07', '2025-07-18 13:49:13'),
(69, 'App\\Models\\CharityProject', 4, NULL, 'سبحه', 'JyVpCNJCobwr9x3rMCb3aRHWR78Y0H7p', 5, 100, NULL, NULL, NULL, NULL, NULL, NULL, NULL, NULL, '2025-07-18 14:57:07', '2025-07-18 13:52:31', '2025-07-18 14:57:07'),
(70, 'App\\Models\\CharityProject', 4, NULL, 'سبحه', 'JyVpCNJCobwr9x3rMCb3aRHWR78Y0H7p', 1, 100, NULL, 'null', NULL, NULL, NULL, NULL, NULL, NULL, '2025-07-18 15:00:52', '2025-07-18 14:58:09', '2025-07-18 15:00:52'),
(71, 'App\\Models\\CharityProject', 4, NULL, 'سبحه', 'JyVpCNJCobwr9x3rMCb3aRHWR78Y0H7p', 1, 100, NULL, 'null', NULL, NULL, NULL, NULL, NULL, NULL, '2025-07-18 15:08:01', '2025-07-18 15:02:05', '2025-07-18 15:08:01'),
(72, 'App\\Models\\CharityProject', 4, NULL, 'سبحه', 'JyVpCNJCobwr9x3rMCb3aRHWR78Y0H7p', 1, 100, NULL, 'null', NULL, NULL, NULL, NULL, NULL, NULL, '2025-07-18 15:21:13', '2025-07-18 15:18:22', '2025-07-18 15:21:13'),
(86, 'App\\Models\\CharityProject', 4, NULL, 'سبحه', 'JyVpCNJCobwr9x3rMCb3aRHWR78Y0H7p', 2, 100, NULL, NULL, NULL, NULL, NULL, NULL, 13, NULL, '2025-07-19 07:07:35', '2025-07-19 07:04:54', '2025-07-19 07:07:35'),
(87, 'App\\Models\\CharityProject', 4, 'سبحه', 'سبحه', 'JyVpCNJCobwr9x3rMCb3aRHWR78Y0H7p', 1, 100, NULL, '{\"image\": \"1752919555_687b6e03da984.png\", \"sendCopy\": \"\", \"cardTitle\": \"إلى أبي الغالي\", \"giver_name\": \"Almarwa\", \"donationAmt\": \"100\", \"giver_email\": \"isllaamm@gmail.com\", \"donationtype\": \"سبحه\", \"giver_mobile\": \"597767751\"}', NULL, NULL, NULL, NULL, 13, NULL, '2025-07-19 07:07:35', '2025-07-19 07:05:55', '2025-07-19 07:07:35'),
(88, 'App\\Models\\CharityProject', 4, NULL, 'سبحه', 'JyVpCNJCobwr9x3rMCb3aRHWR78Y0H7p', 1, 100, NULL, 'null', NULL, NULL, NULL, NULL, 13, NULL, '2025-07-19 07:28:26', '2025-07-19 07:26:12', '2025-07-19 07:28:26'),
(89, 'App\\Models\\CharityProject', 4, NULL, 'سبحه', 'JyVpCNJCobwr9x3rMCb3aRHWR78Y0H7p', 1, 100, NULL, 'null', NULL, NULL, NULL, NULL, 13, NULL, '2025-07-19 07:30:08', '2025-07-19 07:29:04', '2025-07-19 07:30:08'),
(90, 'App\\Models\\CharityProject', 4, 'سبحه', 'سبحه', 'JyVpCNJCobwr9x3rMCb3aRHWR78Y0H7p', 1, 100, NULL, '{\"image\": \"attachments/gifts/1752920944_687b73705f04e.png\", \"sendCopy\": \"\", \"cardTitle\": \"إلى أبي الغالي\", \"giver_name\": \"almarwa\", \"donationAmt\": \"100\", \"giver_email\": \"islam@gmail.com\", \"donationtype\": \"سبحه\", \"giver_mobile\": \"597767751\"}', NULL, NULL, NULL, NULL, 13, NULL, '2025-07-19 07:30:08', '2025-07-19 07:29:04', '2025-07-19 07:30:08'),
(91, 'App\\Models\\CharityProject', 3, 'share 1', 'كرســـــي لكبار السن', 'JyVpCNJCobwr9x3rMCb3aRHWR78Y0H7p', 1, 40, NULL, 'null', NULL, NULL, NULL, NULL, 13, NULL, '2025-08-10 06:35:57', '2025-07-19 09:46:15', '2025-08-10 06:35:57'),
(92, 'App\\Models\\CharityProject', 2, 'unit 1', 'سقيا المساجد', 'JyVpCNJCobwr9x3rMCb3aRHWR78Y0H7p', 1, 500, NULL, 'null', NULL, NULL, NULL, NULL, 13, NULL, '2025-08-10 06:35:57', '2025-07-19 09:46:34', '2025-08-10 06:35:57'),
(93, 'App\\Models\\CharityProject', 4, '', 'سبحه', 'JyVpCNJCobwr9x3rMCb3aRHWR78Y0H7p', 1, 100, NULL, 'null', NULL, NULL, NULL, NULL, 13, NULL, '2025-08-19 04:36:34', '2025-08-10 06:40:21', '2025-08-19 04:36:34'),
(94, 'App\\Models\\CharityProject', 2, 'unit 1', 'سقيا المساجد', 'X89wjArd15mp38eFbEaXuN1SWXV50qeL', 1, 500, NULL, 'null', NULL, NULL, NULL, NULL, 13, NULL, '2025-08-19 04:36:34', '2025-08-19 04:34:50', '2025-08-19 04:36:34'),
(95, 'App\\Models\\CharityProject', 3, 'share 1', 'كرســـــي لكبار السن', 'X89wjArd15mp38eFbEaXuN1SWXV50qeL', 5, 40, NULL, NULL, NULL, NULL, NULL, NULL, 13, NULL, '2025-08-20 06:41:38', '2025-08-19 04:42:41', '2025-08-20 06:41:38'),
(96, 'App\\Models\\CharityProject', 3, 'share 1', 'كرســـــي لكبار السن', 'X89wjArd15mp38eFbEaXuN1SWXV50qeL', 1, 40, NULL, '{\"image\": \"attachments/gifts/1755589835_68a42ccb031a7.png\", \"sendCopy\": true, \"cardTitle\": \"إلى أمي الغالية\", \"giver_name\": \"islam\", \"donationAmt\": \"40\", \"giver_email\": \"\", \"donationtype\": \"share 1\", \"giver_mobile\": \"597767751\"}', NULL, NULL, NULL, NULL, 13, NULL, '2025-08-20 06:41:38', '2025-08-19 04:50:35', '2025-08-20 06:41:38'),
(97, 'App\\Models\\CharityProject', 2, 'unit 1', 'سقيا المساجد', 'X89wjArd15mp38eFbEaXuN1SWXV50qeL', 1, 2000, NULL, 'null', NULL, NULL, NULL, NULL, NULL, NULL, '2025-08-20 06:41:38', '2025-08-20 06:38:52', '2025-08-20 06:41:38'),
(98, 'App\\Models\\CharityProject', 2, 'unit 1', 'سقيا المساجد', 'X89wjArd15mp38eFbEaXuN1SWXV50qeL', 1, 500, NULL, 'null', NULL, NULL, NULL, NULL, NULL, NULL, '2025-08-31 04:30:14', '2025-08-20 06:44:07', '2025-08-31 04:30:14'),
(99, 'App\\Models\\CharityProject', 2, 'سقيا المساجد', 'سقيا المساجد', 'X89wjArd15mp38eFbEaXuN1SWXV50qeL', 1, 500, NULL, '{\"image\": \"attachments/gifts/1755683047_68a598e7b971a.png\", \"sendCopy\": \"\", \"cardTitle\": \"إلى أبي الغالي\", \"giver_name\": \"ff\", \"donationAmt\": \"500\", \"giver_email\": \"\", \"donationtype\": \"سقيا المساجد\", \"giver_mobile\": \"597767751\"}', NULL, NULL, NULL, NULL, NULL, NULL, '2025-08-31 04:30:14', '2025-08-20 06:44:07', '2025-08-31 04:30:14'),
(100, 'App\\Models\\CharityProject', 2, 'unit 1', 'سقيا المساجد', 'X89wjArd15mp38eFbEaXuN1SWXV50qeL', 1, 10, NULL, 'null', NULL, NULL, NULL, NULL, NULL, NULL, '2025-08-31 04:30:14', '2025-08-20 07:34:06', '2025-08-31 04:30:14'),
(101, 'App\\Models\\CharityProject', 1, NULL, 'سقيا الحرم', 'X89wjArd15mp38eFbEaXuN1SWXV50qeL', 1, 5, NULL, 'null', NULL, NULL, NULL, NULL, NULL, NULL, '2025-08-31 04:30:14', '2025-08-20 07:38:57', '2025-08-31 04:30:14'),
(102, 'App\\Models\\CharityProject', 6, 'كفالة شهر', 'كفالة اليتيمة نورة', 'X89wjArd15mp38eFbEaXuN1SWXV50qeL', 1, 300, NULL, 'null', NULL, NULL, NULL, NULL, NULL, NULL, '2025-08-31 04:30:14', '2025-08-22 09:18:33', '2025-08-31 04:30:14'),
(103, 'App\\Models\\CharityProject', 2, 'unit 1', 'سقيا المساجد', 'X89wjArd15mp38eFbEaXuN1SWXV50qeL', 11, 500, NULL, NULL, NULL, NULL, NULL, NULL, 4, NULL, '2025-08-31 09:16:29', '2025-08-31 04:39:52', '2025-08-31 09:16:29'),
(104, 'App\\Models\\CharityProject', 2, 'unit 1', 'سقيا المساجد', 'X89wjArd15mp38eFbEaXuN1SWXV50qeL', 8, 10, NULL, NULL, NULL, NULL, NULL, NULL, 4, NULL, '2025-08-31 09:16:29', '2025-08-31 07:20:36', '2025-08-31 09:16:29'),
(105, 'App\\Models\\CharityProject', 2, 'unit 1', 'سقيا المساجد', 'X89wjArd15mp38eFbEaXuN1SWXV50qeL', 4, 2000, NULL, NULL, NULL, NULL, NULL, NULL, 4, NULL, '2025-08-31 09:16:29', '2025-08-31 08:40:52', '2025-08-31 09:16:29'),
(106, 'App\\Models\\CharityProject', 6, 'كفالة سنة', 'كفالة اليتيمة نورة', 'X89wjArd15mp38eFbEaXuN1SWXV50qeL', 1, 3600, NULL, 'null', NULL, NULL, NULL, NULL, 4, NULL, '2025-08-31 09:16:29', '2025-08-31 08:51:42', '2025-08-31 09:16:29'),
(107, 'App\\Models\\CharityProject', 2, 'unit 1', 'سقيا المساجد', 'X89wjArd15mp38eFbEaXuN1SWXV50qeL', 1, 10, NULL, 'null', NULL, NULL, NULL, NULL, 4, NULL, '2025-08-31 09:46:29', '2025-08-31 09:45:38', '2025-08-31 09:46:29'),
(108, 'App\\Models\\CharityProject', 2, 'unit 1', 'سقيا المساجد', 'X89wjArd15mp38eFbEaXuN1SWXV50qeL', 1, 500, NULL, 'null', NULL, NULL, NULL, NULL, 4, NULL, '2025-09-03 08:00:49', '2025-08-31 09:55:00', '2025-09-03 08:00:49'),
(109, 'App\\Models\\CharityProject', 2, 'unit 1', 'سقيا المساجد', 'cart=dhOBflXrGAPE5qXd0LrjhtfTYMJLtJR6; expires=Mon, 31 Aug 2026 13:08:12 GMT; Max-Age=31535999; path=/; httponly; samesite=lax', 1, 500, NULL, 'null', NULL, NULL, NULL, NULL, 4, NULL, '2025-09-03 08:00:49', '2025-08-31 10:08:13', '2025-09-03 08:00:49'),
(110, 'App\\Models\\CharityProject', 2, 'unit 1', 'سقيا المساجد', 'cart=F5RWHwcxz6ACLPlBDMszuC7NtLrfixUA; expires=Mon, 31 Aug 2026 13:08:33 GMT; Max-Age=31536000; path=/; httponly; samesite=lax', 1, 2000, NULL, 'null', NULL, NULL, NULL, NULL, 4, NULL, '2025-09-03 08:00:49', '2025-08-31 10:08:33', '2025-09-03 08:00:49'),
(111, 'App\\Models\\CharityProject', 2, 'unit 1', 'سقيا المساجد', 'cart=zpKMb1yTvI0C3dkBXnmtwoC62AfR8pWq; expires=Mon, 31 Aug 2026 13:10:32 GMT; Max-Age=31536000; path=/; httponly; samesite=lax', 1, 10, NULL, 'null', NULL, NULL, NULL, NULL, 4, NULL, '2025-09-03 08:00:49', '2025-08-31 10:10:32', '2025-09-03 08:00:49'),
(112, 'App\\Models\\CharityProject', 2, 'unit 1', 'سقيا المساجد', 'cart=9WQsiT2DTeHb1N8m0tgDVZQzAK5SIQh1; expires=Mon, 31 Aug 2026 13:10:57 GMT; Max-Age=31536000; path=/; httponly; samesite=lax', 1, 500, NULL, 'null', NULL, NULL, NULL, NULL, 4, NULL, '2025-09-03 08:00:49', '2025-08-31 10:10:57', '2025-09-03 08:00:49'),
(113, 'App\\Models\\CharityProject', 2, 'unit 1', 'سقيا المساجد', 'cart=rBG9vaUXr0v25WA8AIR0YUDQAbu0Jnka; expires=Mon, 31 Aug 2026 13:11:57 GMT; Max-Age=31536000; path=/; httponly; samesite=lax', 1, 2000, NULL, 'null', NULL, NULL, NULL, NULL, 4, NULL, '2025-09-03 08:00:49', '2025-08-31 10:11:57', '2025-09-03 08:00:49'),
(114, 'App\\Models\\CharityProject', 2, 'unit 1', 'سقيا المساجد', 'cart=RbegYncjYVXWnwQ48aOa8SpdXWBY3lQ8; expires=Mon, 31 Aug 2026 13:14:17 GMT; Max-Age=31535999; path=/; httponly; samesite=lax', 1, 2000, NULL, 'null', NULL, NULL, NULL, NULL, 4, NULL, '2025-09-03 08:00:49', '2025-08-31 10:14:18', '2025-09-03 08:00:49'),
(115, 'App\\Models\\CharityProject', 2, 'unit 1', 'سقيا المساجد', 'cart=EsOfbrtxHbgATvH5X3l22AJqAGhLPQYA; expires=Mon, 31 Aug 2026 13:18:36 GMT; Max-Age=31536000; path=/; httponly; samesite=lax', 1, 2000, NULL, 'null', NULL, NULL, NULL, NULL, NULL, NULL, NULL, '2025-08-31 10:18:36', '2025-08-31 10:18:36'),
(116, 'App\\Models\\CharityProject', 2, 'unit 1', 'سقيا المساجد', 'cart=Gs2T8JhKoRlSJIjrRiBDh3U75WpFXOGS; expires=Mon, 31 Aug 2026 13:26:13 GMT; Max-Age=31536000; path=/; httponly; samesite=lax', 1, 2000, NULL, 'null', NULL, NULL, NULL, NULL, NULL, NULL, NULL, '2025-08-31 10:26:13', '2025-08-31 10:26:13'),
(117, 'App\\Models\\CharityProject', 2, 'unit 1', 'سقيا المساجد', 'cart=ClNIOVZ5JGSkbQxpS2pJaXLbgc3qRh2a; expires=Mon, 31 Aug 2026 13:29:33 GMT; Max-Age=31536000; path=/; httponly; samesite=lax', 1, 500, NULL, 'null', NULL, NULL, NULL, NULL, NULL, NULL, NULL, '2025-08-31 10:29:33', '2025-08-31 10:29:33'),
(118, 'App\\Models\\CharityProject', 2, 'unit 1', 'سقيا المساجد', 'cart=d5O225byW3scsCb0pThX8PjX2V8KIwHf; expires=Mon, 31 Aug 2026 13:30:13 GMT; Max-Age=31536000; path=/; httponly; samesite=lax', 1, 500, NULL, 'null', NULL, NULL, NULL, NULL, NULL, NULL, NULL, '2025-08-31 10:30:13', '2025-08-31 10:30:13'),
(119, 'App\\Models\\CharityProject', 2, 'unit 1', 'سقيا المساجد', 'cart=CBhoMlcWc03Ix3qFwuGZnrsUF3kvSrVe; expires=Mon, 31 Aug 2026 13:34:07 GMT; Max-Age=31536000; path=/; httponly; samesite=lax', 1, 500, NULL, 'null', NULL, NULL, NULL, NULL, NULL, NULL, NULL, '2025-08-31 10:34:07', '2025-08-31 10:34:07'),
(120, 'App\\Models\\CharityProject', 2, 'unit 1', 'سقيا المساجد', 'cart=huwvjxZyFNNzoYNS7p05yo4uw6sWygLM; expires=Mon, 31 Aug 2026 13:36:18 GMT; Max-Age=31536000; path=/; httponly; samesite=lax', 1, 2000, NULL, 'null', NULL, NULL, NULL, NULL, NULL, NULL, NULL, '2025-08-31 10:36:18', '2025-08-31 10:36:18'),
(121, 'App\\Models\\CharityProject', 2, 'unit 1', 'سقيا المساجد', 'DMubhEqtM5NE8NPT94LSNFjqM04Lyc4F', 2, 2000, NULL, NULL, NULL, NULL, NULL, NULL, NULL, NULL, '2025-08-31 10:41:03', '2025-08-31 10:39:28', '2025-08-31 10:41:03'),
(122, 'App\\Models\\CharityProject', 2, 'unit 1', 'سقيا المساجد', 'DMubhEqtM5NE8NPT94LSNFjqM04Lyc4F', 1, 500, NULL, 'null', NULL, NULL, NULL, NULL, NULL, NULL, '2025-08-31 10:41:03', '2025-08-31 10:40:12', '2025-08-31 10:41:03'),
(123, 'App\\Models\\CharityProject', 2, 'unit 1', 'سقيا المساجد', 'DMubhEqtM5NE8NPT94LSNFjqM04Lyc4F', 1, 2000, NULL, 'null', NULL, NULL, NULL, NULL, 13, NULL, '2025-08-31 10:52:51', '2025-08-31 10:41:39', '2025-08-31 10:52:51'),
(124, 'App\\Models\\CharityProject', 2, 'unit 1', 'سقيا المساجد', 'DMubhEqtM5NE8NPT94LSNFjqM04Lyc4F', 2, 500, NULL, NULL, NULL, NULL, NULL, NULL, 13, NULL, '2025-08-31 10:52:51', '2025-08-31 10:42:10', '2025-08-31 10:52:51'),
(125, 'App\\Models\\CharityProject', 2, 'unit 1', 'سقيا المساجد', 'DMubhEqtM5NE8NPT94LSNFjqM04Lyc4F', 1, 500, NULL, 'null', NULL, NULL, NULL, NULL, 13, NULL, '2025-08-31 11:00:38', '2025-08-31 10:59:54', '2025-08-31 11:00:38'),
(126, 'App\\Models\\CharityProject', 2, 'unit 1', 'سقيا المساجد', 'DMubhEqtM5NE8NPT94LSNFjqM04Lyc4F', 1, 2000, NULL, 'null', NULL, NULL, NULL, NULL, 13, NULL, '2025-09-01 03:58:21', '2025-08-31 11:15:09', '2025-09-01 03:58:21'),
(127, 'App\\Models\\CharityProject', 2, 'unit 1', 'سقيا المساجد', 'DMubhEqtM5NE8NPT94LSNFjqM04Lyc4F', 1, 10, NULL, 'null', NULL, NULL, NULL, NULL, 13, NULL, '2025-09-01 03:58:21', '2025-09-01 03:53:02', '2025-09-01 03:58:21'),
(128, 'App\\Models\\CharityProject', 2, 'unit 1', 'سقيا المساجد', 'DMubhEqtM5NE8NPT94LSNFjqM04Lyc4F', 1, 500, NULL, 'null', NULL, NULL, NULL, NULL, 13, NULL, '2025-09-01 03:58:21', '2025-09-01 03:54:53', '2025-09-01 03:58:21'),
(129, 'App\\Models\\CharityProject', 2, 'unit 1', 'سقيا المساجد', 'DMubhEqtM5NE8NPT94LSNFjqM04Lyc4F', 2, 500, NULL, NULL, NULL, NULL, NULL, NULL, NULL, NULL, NULL, '2025-09-01 04:03:16', '2025-09-01 08:46:50'),
(130, 'App\\Models\\CharityProject', 2, 'unit 1', 'سقيا المساجد', 'DMubhEqtM5NE8NPT94LSNFjqM04Lyc4F', 2, 2000, NULL, NULL, NULL, NULL, NULL, NULL, NULL, NULL, NULL, '2025-09-01 05:46:07', '2025-09-01 08:34:39'),
(131, 'App\\Models\\CharityProject', 2, 'unit 1', 'سقيا المساجد', 'HBZzWsv32RJoAAWqQkvkhT7xRxSMG5YS', 1, 2000, NULL, 'null', NULL, NULL, NULL, NULL, NULL, NULL, NULL, '2025-09-01 08:49:09', '2025-09-01 08:49:09'),
(132, 'App\\Models\\CharityProject', 2, 'unit 1', 'سقيا المساجد', 'cart=uGZgfsYOOun4Q7or2wbK4OQhC18E0kZT; expires=Tue, 01 Sep 2026 12:03:38 GMT; Max-Age=31536000; path=/; httponly; samesite=lax', 1, 2000, NULL, 'null', NULL, NULL, NULL, NULL, NULL, NULL, NULL, '2025-09-01 09:03:38', '2025-09-01 09:03:38'),
(133, 'App\\Models\\CharityProject', 2, 'unit 1', 'سقيا المساجد', 'cart=lzZCHTJuRdJ3OTmu1NjtC0c91FUjH3Wf; expires=Tue, 01 Sep 2026 12:04:06 GMT; Max-Age=31536000; path=/; httponly; samesite=lax', 1, 2000, NULL, 'null', NULL, NULL, NULL, NULL, NULL, NULL, NULL, '2025-09-01 09:04:06', '2025-09-01 09:04:06'),
(134, 'App\\Models\\CharityProject', 2, 'unit 1', 'سقيا المساجد', 'cart=XRm8B8x1m5iaseWzFvPSte2yqwyOoIhG; expires=Tue, 01 Sep 2026 12:13:33 GMT; Max-Age=31536000; path=/; httponly; samesite=lax', 1, 2000, NULL, 'null', NULL, NULL, NULL, NULL, NULL, NULL, NULL, '2025-09-01 09:13:33', '2025-09-01 09:13:33'),
(135, 'App\\Models\\CharityProject', 2, 'unit 1', 'سقيا المساجد', 'A0UZX0YCgwe7fJIlqocp8mgqyodkkpyG', 7, 500, NULL, NULL, NULL, NULL, NULL, NULL, NULL, NULL, '2025-09-01 09:16:50', '2025-09-01 09:16:32', '2025-09-01 09:16:50'),
(136, 'App\\Models\\CharityProject', 2, 'unit 1', 'سقيا المساجد', 'A0UZX0YCgwe7fJIlqocp8mgqyodkkpyG', 1, 2000, NULL, 'null', NULL, NULL, NULL, NULL, NULL, NULL, '2025-09-01 09:26:49', '2025-09-01 09:17:05', '2025-09-01 09:26:49'),
(137, 'App\\Models\\CharityProject', 2, 'unit 1', 'سقيا المساجد', 'A0UZX0YCgwe7fJIlqocp8mgqyodkkpyG', 1, 2000, NULL, 'null', NULL, NULL, NULL, NULL, NULL, NULL, '2025-09-01 09:47:41', '2025-09-01 09:27:14', '2025-09-01 09:47:41'),
(138, 'App\\Models\\CharityProject', 2, 'unit 1', 'سقيا المساجد', 'A0UZX0YCgwe7fJIlqocp8mgqyodkkpyG', 1, 2000, NULL, 'null', NULL, NULL, NULL, NULL, NULL, NULL, '2025-09-02 08:58:13', '2025-09-01 09:48:04', '2025-09-02 08:58:13'),
(139, 'App\\Models\\CharityProject', 2, 'unit 1', 'سقيا المساجد', 'A0UZX0YCgwe7fJIlqocp8mgqyodkkpyG', 1, 500, NULL, 'null', NULL, NULL, NULL, NULL, NULL, NULL, '2025-09-02 08:58:13', '2025-09-02 08:31:03', '2025-09-02 08:58:13'),
(140, 'App\\Models\\CharityProject', 2, 'unit 1', 'سقيا المساجد', 'A0UZX0YCgwe7fJIlqocp8mgqyodkkpyG', 3, 500, NULL, NULL, NULL, NULL, NULL, NULL, NULL, NULL, '2025-09-03 07:46:05', '2025-09-02 08:58:30', '2025-09-03 07:46:05'),
(141, 'App\\Models\\CharityProject', 3, 'share 1', 'كرســـــي لكبار السن', 'A0UZX0YCgwe7fJIlqocp8mgqyodkkpyG', 1, 30, NULL, 'null', NULL, NULL, NULL, NULL, NULL, NULL, '2025-09-03 07:52:31', '2025-09-02 09:28:26', '2025-09-03 07:52:31'),
(142, 'App\\Models\\CharityProject', 2, 'unit 1', 'سقيا المساجد', 'A0UZX0YCgwe7fJIlqocp8mgqyodkkpyG', 2, 10, NULL, NULL, NULL, NULL, NULL, NULL, NULL, NULL, '2025-09-03 07:52:36', '2025-09-02 09:28:37', '2025-09-03 07:52:36'),
(143, 'App\\Models\\CharityProject', 2, 'unit 1', 'سقيا المساجد', 'A0UZX0YCgwe7fJIlqocp8mgqyodkkpyG', 3, 2000, NULL, NULL, NULL, NULL, NULL, NULL, 4, NULL, '2025-09-03 08:00:49', '2025-09-02 10:21:43', '2025-09-03 08:00:49'),
(144, 'App\\Models\\CharityProject', 2, NULL, 'سقيا المساجد', 'A0UZX0YCgwe7fJIlqocp8mgqyodkkpyG', 1, 2000, NULL, 'null', NULL, NULL, NULL, NULL, 4, NULL, '2025-09-03 08:00:49', '2025-09-02 10:28:10', '2025-09-03 08:00:49'),
(145, 'App\\Models\\CharityProject', 2, 'unit 1', 'سقيا المساجد', 'A0UZX0YCgwe7fJIlqocp8mgqyodkkpyG', 1, 2000, NULL, 'null', NULL, NULL, NULL, NULL, NULL, NULL, '2025-09-03 08:11:54', '2025-09-03 08:10:01', '2025-09-03 08:11:54'),
(146, 'App\\Models\\CharityProject', 2, 'unit 1', 'سقيا المساجد', 'A0UZX0YCgwe7fJIlqocp8mgqyodkkpyG', 1, 2000, NULL, 'null', NULL, NULL, NULL, NULL, NULL, NULL, NULL, '2025-09-03 08:12:19', '2025-09-03 08:12:19'),
(147, 'App\\Models\\CharityProject', 2, 'unit 1', 'سقيا المساجد', 'A0UZX0YCgwe7fJIlqocp8mgqyodkkpyG', 1, 500, NULL, 'null', NULL, NULL, NULL, NULL, NULL, NULL, NULL, '2025-09-03 08:12:37', '2025-09-03 08:12:37'),
(148, 'App\\Models\\CharityProject', 2, 'unit 1', 'سقيا المساجد', 'cart=QlntdsdL68Sv5jRy9NDJ9u59T2nh8ac2; expires=Thu, 03 Sep 2026 12:15:14 GMT; Max-Age=31536000; path=/; httponly; samesite=lax', 1, 500, NULL, 'null', NULL, NULL, NULL, NULL, NULL, NULL, NULL, '2025-09-03 09:15:14', '2025-09-03 09:15:14'),
(149, 'App\\Models\\CharityProject', 3, 'share 1', 'كرســـــي لكبار السن', 'cart=wwqkYNePSru3QXgzSP5Zwk1M0VUDUwYX; expires=Thu, 03 Sep 2026 12:15:20 GMT; Max-Age=31536000; path=/; httponly; samesite=lax', 1, 30, NULL, 'null', NULL, NULL, NULL, NULL, NULL, NULL, NULL, '2025-09-03 09:15:20', '2025-09-03 09:15:20'),
(150, 'App\\Models\\CharityProject', 2, 'unit 1', 'سقيا المساجد', 'cart=WYgXA3PGgzTpCWq4PD222x82M7xprHmm; expires=Thu, 03 Sep 2026 12:15:39 GMT; Max-Age=31536000; path=/; httponly; samesite=lax', 1, 500, NULL, 'null', NULL, NULL, NULL, NULL, NULL, NULL, NULL, '2025-09-03 09:15:39', '2025-09-03 09:15:39'),
(151, 'App\\Models\\CharityProject', 2, 'unit 1', 'سقيا المساجد', 'cart=MulBsiUMXPI1Fec5TrfWyx8nNx1bJiMW; expires=Thu, 03 Sep 2026 12:16:04 GMT; Max-Age=31536000; path=/; httponly; samesite=lax', 1, 2000, NULL, 'null', NULL, NULL, NULL, NULL, NULL, NULL, NULL, '2025-09-03 09:16:04', '2025-09-03 09:16:04'),
(152, 'App\\Models\\CharityProject', 2, 'unit 1', 'سقيا المساجد', 'cart=E8JGf82hn8QRw3mtfroIc3Qp92bKX6Ew; expires=Thu, 03 Sep 2026 12:16:15 GMT; Max-Age=31536000; path=/; httponly; samesite=lax', 1, 500, NULL, 'null', NULL, NULL, NULL, NULL, NULL, NULL, NULL, '2025-09-03 09:16:15', '2025-09-03 09:16:15'),
(153, 'App\\Models\\CharityProject', 2, 'unit 1', 'سقيا المساجد', 'LHe3QJsAgHHCghcNFJis0y6U4y9av6R1', 1, 500, NULL, 'null', NULL, NULL, NULL, NULL, NULL, NULL, NULL, '2025-09-03 09:17:24', '2025-09-03 09:17:24'),
(154, 'App\\Models\\CharityProject', 1, 'سقيا الحرم', 'سقيا الحرم', 'LHe3QJsAgHHCghcNFJis0y6U4y9av6R1', 1, 20, NULL, 'null', NULL, NULL, NULL, NULL, NULL, NULL, NULL, '2025-09-03 09:18:19', '2025-09-03 09:18:19'),
(155, 'App\\Models\\CharityProject', 2, 'unit 1', 'سقيا المساجد', 'CnS9lIqi1GsNSEfo96uCInk0EdnF82bN', 1, 2000, NULL, 'null', NULL, NULL, NULL, NULL, NULL, NULL, NULL, '2025-09-07 05:18:57', '2025-09-07 05:18:57');

-- --------------------------------------------------------

--
-- Table structure for table `cashiers`
--

CREATE TABLE `cashiers` (
  `id` bigint UNSIGNED NOT NULL,
  `account_id` bigint UNSIGNED DEFAULT NULL,
  `name` varchar(255) COLLATE utf8mb4_unicode_ci NOT NULL,
  `email` varchar(255) COLLATE utf8mb4_unicode_ci NOT NULL,
  `mobile` varchar(255) COLLATE utf8mb4_unicode_ci DEFAULT NULL,
  `password` varchar(255) COLLATE utf8mb4_unicode_ci NOT NULL,
  `status` tinyint(1) NOT NULL DEFAULT '1',
  `created_at` timestamp NULL DEFAULT NULL,
  `updated_at` timestamp NULL DEFAULT NULL,
  `deleted_at` timestamp NULL DEFAULT NULL
) ENGINE=InnoDB DEFAULT CHARSET=utf8mb4 COLLATE=utf8mb4_unicode_ci;

--
-- Dumping data for table `cashiers`
--

INSERT INTO `cashiers` (`id`, `account_id`, `name`, `email`, `mobile`, `password`, `status`, `created_at`, `updated_at`, `deleted_at`) VALUES
(1, 5, 'islam', 'iissllamm@gmail.com', NULL, '123456789', 1, NULL, NULL, NULL),
(2, 225, 'llll', 'lllll@gmail.com', NULL, '123456789', 1, NULL, NULL, NULL);

-- --------------------------------------------------------

--
-- Table structure for table `cashier_category_project`
--

CREATE TABLE `cashier_category_project` (
  `id` bigint UNSIGNED NOT NULL,
  `cashier_id` bigint UNSIGNED NOT NULL,
  `category_project_id` bigint UNSIGNED NOT NULL,
  `created_at` timestamp NULL DEFAULT NULL,
  `updated_at` timestamp NULL DEFAULT NULL
) ENGINE=InnoDB DEFAULT CHARSET=utf8mb4 COLLATE=utf8mb4_unicode_ci;

-- --------------------------------------------------------

--
-- Table structure for table `cashier_charity_project`
--

CREATE TABLE `cashier_charity_project` (
  `id` bigint UNSIGNED NOT NULL,
  `cashier_id` bigint UNSIGNED NOT NULL,
  `charity_project_id` bigint UNSIGNED NOT NULL,
  `created_at` timestamp NULL DEFAULT NULL,
  `updated_at` timestamp NULL DEFAULT NULL
) ENGINE=InnoDB DEFAULT CHARSET=utf8mb4 COLLATE=utf8mb4_unicode_ci;

-- --------------------------------------------------------

--
-- Table structure for table `categories`
--

CREATE TABLE `categories` (
  `id` bigint UNSIGNED NOT NULL,
  `parent_id` bigint UNSIGNED DEFAULT NULL,
  `level` int DEFAULT '1',
  `sort` int DEFAULT '0',
  `feature` tinyint DEFAULT '1',
  `status` tinyint DEFAULT '1',
  `image` varchar(255) CHARACTER SET utf8mb4 COLLATE utf8mb4_unicode_ci DEFAULT NULL,
  `created_by` bigint UNSIGNED DEFAULT NULL,
  `updated_by` bigint UNSIGNED DEFAULT NULL,
  `deleted_at` timestamp NULL DEFAULT NULL,
  `created_at` timestamp NULL DEFAULT NULL,
  `updated_at` timestamp NULL DEFAULT NULL
) ENGINE=InnoDB DEFAULT CHARSET=utf8mb4 COLLATE=utf8mb4_unicode_ci;

--
-- Dumping data for table `categories`
--

INSERT INTO `categories` (`id`, `parent_id`, `level`, `sort`, `feature`, `status`, `image`, `created_by`, `updated_by`, `deleted_at`, `created_at`, `updated_at`) VALUES
(616, NULL, 1, 0, 1, 0, NULL, NULL, NULL, NULL, '2025-02-16 07:19:29', '2025-02-16 07:19:29'),
(617, NULL, 1, 0, 1, 0, NULL, NULL, NULL, NULL, '2025-02-16 07:19:29', '2025-02-16 07:19:29'),
(618, NULL, 1, 0, 1, 1, NULL, NULL, NULL, NULL, '2025-02-16 07:19:29', '2025-02-16 07:19:29'),
(619, NULL, 1, 0, 1, 1, NULL, NULL, NULL, NULL, '2025-02-16 07:19:29', '2025-02-16 07:19:29'),
(620, NULL, 1, 0, 1, 1, NULL, NULL, NULL, NULL, '2025-02-16 07:19:29', '2025-02-16 07:19:29'),
(621, 620, 2, 0, 1, 0, NULL, NULL, NULL, NULL, '2025-02-16 07:19:29', '2025-02-16 07:19:29'),
(622, 618, 2, 0, 1, 1, NULL, NULL, NULL, NULL, '2025-02-16 07:19:29', '2025-02-16 07:19:29'),
(623, 620, 2, 0, 1, 1, NULL, NULL, NULL, NULL, '2025-02-16 07:19:29', '2025-02-16 07:19:29'),
(624, 618, 2, 0, 1, 0, NULL, NULL, NULL, NULL, '2025-02-16 07:19:29', '2025-02-16 07:19:29'),
(625, 619, 2, 0, 1, 1, NULL, NULL, NULL, NULL, '2025-02-16 07:19:29', '2025-02-16 07:19:29'),
(626, 617, 2, 0, 1, 0, NULL, NULL, NULL, NULL, '2025-02-16 07:19:29', '2025-02-16 07:19:29'),
(627, 620, 2, 0, 1, 1, NULL, NULL, NULL, NULL, '2025-02-16 07:19:29', '2025-02-16 07:19:29'),
(628, 616, 2, 0, 1, 0, NULL, NULL, NULL, NULL, '2025-02-16 07:19:29', '2025-02-16 07:19:29'),
(629, 617, 2, 0, 1, 0, NULL, NULL, NULL, NULL, '2025-02-16 07:19:29', '2025-02-16 07:19:29'),
(630, 619, 2, 0, 1, 1, NULL, NULL, NULL, NULL, '2025-02-16 07:19:29', '2025-02-16 07:19:29'),
(631, 619, 2, 0, 1, 0, NULL, NULL, NULL, NULL, '2025-02-16 07:19:29', '2025-02-16 07:19:29'),
(632, 620, 2, 0, 1, 1, NULL, NULL, NULL, NULL, '2025-02-16 07:19:29', '2025-02-16 07:19:29'),
(633, 620, 2, 0, 1, 0, NULL, NULL, NULL, NULL, '2025-02-16 07:19:29', '2025-02-16 07:19:29'),
(634, 618, 2, 0, 1, 1, NULL, NULL, NULL, NULL, '2025-02-16 07:19:29', '2025-02-16 07:19:29'),
(635, 616, 2, 0, 1, 0, NULL, NULL, NULL, NULL, '2025-02-16 07:19:29', '2025-02-16 07:19:29'),
(636, 616, 2, 0, 1, 0, NULL, NULL, NULL, NULL, '2025-02-16 07:19:29', '2025-02-16 07:19:29'),
(637, 617, 2, 0, 1, 1, NULL, NULL, NULL, NULL, '2025-02-16 07:19:29', '2025-02-16 07:19:29'),
(638, 618, 2, 0, 1, 0, NULL, NULL, NULL, NULL, '2025-02-16 07:19:30', '2025-02-16 07:19:30'),
(639, 617, 2, 0, 1, 0, NULL, NULL, NULL, NULL, '2025-02-16 07:19:30', '2025-02-16 07:19:30'),
(640, 620, 2, 0, 1, 1, NULL, NULL, NULL, NULL, '2025-02-16 07:19:30', '2025-02-16 07:19:30'),
(641, 619, 2, 0, 1, 0, NULL, NULL, NULL, NULL, '2025-02-16 07:19:30', '2025-02-16 07:19:30'),
(642, 616, 2, 0, 1, 1, NULL, NULL, NULL, NULL, '2025-02-16 07:19:30', '2025-02-16 07:19:30'),
(643, 617, 2, 0, 1, 1, NULL, NULL, NULL, NULL, '2025-02-16 07:19:30', '2025-02-16 07:19:30'),
(644, 618, 2, 0, 1, 1, NULL, NULL, NULL, NULL, '2025-02-16 07:19:30', '2025-02-16 07:19:30'),
(645, 619, 2, 0, 1, 1, NULL, NULL, NULL, NULL, '2025-02-16 07:19:30', '2025-02-16 07:19:30'),
(646, 616, 2, 0, 1, 1, NULL, NULL, NULL, NULL, '2025-02-16 07:19:30', '2025-02-16 07:19:30'),
(647, 616, 2, 0, 1, 1, NULL, NULL, NULL, NULL, '2025-02-16 07:19:30', '2025-02-16 07:19:30'),
(648, 618, 2, 0, 1, 0, NULL, NULL, NULL, NULL, '2025-02-16 07:19:30', '2025-02-16 07:19:30'),
(649, 617, 2, 0, 1, 0, NULL, NULL, NULL, NULL, '2025-02-16 07:19:30', '2025-02-16 07:19:30'),
(650, 619, 2, 0, 1, 0, NULL, NULL, NULL, NULL, '2025-02-16 07:19:30', '2025-02-16 07:19:30'),
(651, 620, 2, 0, 1, 1, NULL, NULL, NULL, NULL, '2025-02-16 07:19:30', '2025-02-16 07:19:30'),
(652, 618, 2, 0, 1, 0, NULL, NULL, NULL, NULL, '2025-02-16 07:19:30', '2025-02-16 07:19:30'),
(653, 616, 2, 0, 1, 0, NULL, NULL, NULL, NULL, '2025-02-16 07:19:30', '2025-02-16 07:19:30'),
(654, 619, 2, 0, 1, 1, NULL, NULL, NULL, NULL, '2025-02-16 07:19:30', '2025-02-16 07:19:30'),
(655, 616, 2, 0, 1, 1, NULL, NULL, NULL, NULL, '2025-02-16 07:19:30', '2025-02-16 07:19:30'),
(656, 617, 2, 0, 1, 1, NULL, NULL, NULL, NULL, '2025-02-16 07:19:30', '2025-02-16 07:19:30'),
(657, 620, 2, 0, 1, 0, NULL, NULL, NULL, NULL, '2025-02-16 07:19:30', '2025-02-16 07:19:30'),
(658, 618, 2, 0, 1, 1, NULL, NULL, NULL, NULL, '2025-02-16 07:19:30', '2025-02-16 07:19:30'),
(659, 617, 2, 0, 1, 1, NULL, NULL, NULL, NULL, '2025-02-16 07:19:30', '2025-02-16 07:19:30'),
(660, 619, 2, 0, 1, 1, NULL, NULL, NULL, NULL, '2025-02-16 07:19:30', '2025-02-16 07:19:30'),
(661, 616, 2, 0, 1, 1, NULL, NULL, NULL, NULL, '2025-02-16 07:19:30', '2025-02-16 07:19:30'),
(662, 616, 2, 0, 1, 1, NULL, NULL, NULL, NULL, '2025-02-16 07:19:30', '2025-02-16 07:19:30'),
(663, 618, 2, 0, 1, 1, NULL, NULL, NULL, NULL, '2025-02-16 07:19:30', '2025-02-16 07:19:30'),
(664, 619, 2, 0, 1, 0, NULL, NULL, NULL, NULL, '2025-02-16 07:19:30', '2025-02-16 07:19:30'),
(665, 619, 2, 0, 1, 0, NULL, NULL, NULL, NULL, '2025-02-16 07:19:30', '2025-02-16 07:19:30'),
(666, 619, 2, 0, 1, 1, NULL, NULL, NULL, NULL, '2025-02-16 07:19:30', '2025-02-16 07:19:30'),
(667, 618, 2, 0, 1, 1, NULL, NULL, NULL, NULL, '2025-02-16 07:19:30', '2025-02-16 07:19:30'),
(668, 619, 2, 0, 1, 0, NULL, NULL, NULL, NULL, '2025-02-16 07:19:30', '2025-02-16 07:19:30'),
(669, 619, 2, 0, 1, 0, NULL, NULL, NULL, NULL, '2025-02-16 07:19:30', '2025-02-16 07:19:30'),
(670, 618, 2, 0, 1, 0, NULL, NULL, NULL, NULL, '2025-02-16 07:19:30', '2025-02-16 07:19:30'),
(671, 620, 2, 0, 1, 1, NULL, NULL, NULL, NULL, '2025-02-16 07:19:30', '2025-02-16 07:19:30'),
(672, 618, 2, 0, 1, 1, NULL, NULL, NULL, NULL, '2025-02-16 07:19:30', '2025-02-16 07:19:30'),
(673, 616, 2, 0, 1, 0, NULL, NULL, NULL, NULL, '2025-02-16 07:19:30', '2025-02-16 07:19:30'),
(674, 616, 2, 0, 1, 1, NULL, NULL, NULL, NULL, '2025-02-16 07:19:30', '2025-02-16 07:19:30'),
(675, 620, 2, 0, 1, 1, NULL, NULL, NULL, NULL, '2025-02-16 07:19:30', '2025-02-16 07:19:30'),
(676, 619, 2, 0, 1, 1, NULL, NULL, NULL, NULL, '2025-02-16 07:19:30', '2025-02-16 07:19:30'),
(677, 619, 2, 0, 1, 0, NULL, NULL, NULL, NULL, '2025-02-16 07:19:30', '2025-02-16 07:19:30'),
(678, 620, 2, 0, 1, 0, NULL, NULL, NULL, NULL, '2025-02-16 07:19:30', '2025-02-16 07:19:30'),
(679, 617, 2, 0, 1, 0, NULL, NULL, NULL, NULL, '2025-02-16 07:19:30', '2025-02-16 07:19:30'),
(680, 620, 2, 0, 1, 1, NULL, NULL, NULL, NULL, '2025-02-16 07:19:30', '2025-02-16 07:19:30'),
(681, 618, 2, 0, 1, 0, NULL, NULL, NULL, NULL, '2025-02-16 07:19:30', '2025-02-16 07:19:30'),
(682, 620, 2, 0, 1, 0, NULL, NULL, NULL, NULL, '2025-02-16 07:19:30', '2025-02-16 07:19:30'),
(683, 618, 2, 0, 1, 1, NULL, NULL, NULL, NULL, '2025-02-16 07:19:30', '2025-02-16 07:19:30'),
(684, 618, 2, 0, 1, 0, NULL, NULL, NULL, NULL, '2025-02-16 07:19:30', '2025-02-16 07:19:30'),
(685, 619, 2, 0, 1, 1, NULL, NULL, NULL, NULL, '2025-02-16 07:19:30', '2025-02-16 07:19:30'),
(686, 619, 2, 0, 1, 0, NULL, NULL, NULL, NULL, '2025-02-16 07:19:30', '2025-02-16 07:19:30'),
(687, 618, 2, 0, 1, 0, NULL, NULL, NULL, NULL, '2025-02-16 07:19:30', '2025-02-16 07:19:30'),
(688, 620, 2, 0, 1, 1, NULL, NULL, NULL, NULL, '2025-02-16 07:19:30', '2025-02-16 07:19:30'),
(689, 616, 2, 0, 1, 1, NULL, NULL, NULL, NULL, '2025-02-16 07:19:30', '2025-02-16 07:19:30'),
(690, 616, 2, 0, 1, 0, NULL, NULL, NULL, NULL, '2025-02-16 07:19:30', '2025-02-16 07:19:30'),
(691, 619, 2, 0, 1, 1, NULL, NULL, NULL, NULL, '2025-02-16 07:19:30', '2025-02-16 07:19:30'),
(692, 618, 2, 0, 1, 0, NULL, NULL, NULL, NULL, '2025-02-16 07:19:30', '2025-02-16 07:19:30'),
(693, 619, 2, 0, 1, 0, NULL, NULL, NULL, NULL, '2025-02-16 07:19:30', '2025-02-16 07:19:30'),
(694, 619, 2, 0, 1, 0, NULL, NULL, NULL, NULL, '2025-02-16 07:19:30', '2025-02-16 07:19:30'),
(695, 618, 2, 0, 1, 0, NULL, NULL, NULL, NULL, '2025-02-16 07:19:30', '2025-02-16 07:19:30'),
(696, 616, 2, 0, 1, 0, NULL, NULL, NULL, NULL, '2025-02-16 07:19:30', '2025-02-16 07:19:30'),
(697, 619, 2, 0, 1, 1, NULL, NULL, NULL, NULL, '2025-02-16 07:19:30', '2025-02-16 07:19:30'),
(698, 618, 2, 0, 1, 0, NULL, NULL, NULL, NULL, '2025-02-16 07:19:30', '2025-02-16 07:19:30'),
(699, 617, 2, 0, 1, 0, NULL, NULL, NULL, NULL, '2025-02-16 07:19:30', '2025-02-16 07:19:30'),
(700, 620, 2, 0, 1, 0, NULL, NULL, NULL, NULL, '2025-02-16 07:19:30', '2025-02-16 07:19:30'),
(701, 620, 2, 0, 1, 0, NULL, NULL, NULL, NULL, '2025-02-16 07:19:30', '2025-02-16 07:19:30'),
(702, 620, 2, 0, 1, 1, NULL, NULL, NULL, NULL, '2025-02-16 07:19:30', '2025-02-16 07:19:30'),
(703, 616, 2, 0, 1, 1, NULL, NULL, NULL, NULL, '2025-02-16 07:19:30', '2025-02-16 07:19:30'),
(704, 619, 2, 0, 1, 0, NULL, NULL, NULL, NULL, '2025-02-16 07:19:30', '2025-02-16 07:19:30'),
(705, 619, 2, 0, 1, 1, NULL, NULL, NULL, NULL, '2025-02-16 07:19:30', '2025-02-16 07:19:30'),
(706, 616, 2, 0, 1, 1, NULL, NULL, NULL, NULL, '2025-02-16 07:19:30', '2025-02-16 07:19:30'),
(707, 619, 2, 0, 1, 1, NULL, NULL, NULL, NULL, '2025-02-16 07:19:30', '2025-02-16 07:19:30'),
(708, 617, 2, 0, 1, 1, NULL, NULL, NULL, NULL, '2025-02-16 07:19:30', '2025-02-16 07:19:30'),
(709, 617, 2, 0, 1, 1, NULL, NULL, NULL, NULL, '2025-02-16 07:19:30', '2025-02-16 07:19:30'),
(710, 618, 2, 0, 1, 0, NULL, NULL, NULL, NULL, '2025-02-16 07:19:30', '2025-02-16 07:19:30'),
(711, 618, 2, 0, 1, 1, NULL, NULL, NULL, NULL, '2025-02-16 07:19:30', '2025-02-16 07:19:30'),
(712, 618, 2, 0, 1, 1, NULL, NULL, NULL, NULL, '2025-02-16 07:19:30', '2025-02-16 07:19:30'),
(713, 617, 2, 0, 1, 1, NULL, NULL, NULL, NULL, '2025-02-16 07:19:30', '2025-02-16 07:19:30'),
(714, 618, 2, 0, 1, 1, NULL, NULL, NULL, NULL, '2025-02-16 07:19:30', '2025-02-16 07:19:30'),
(715, 620, 2, 0, 1, 1, NULL, NULL, NULL, NULL, '2025-02-16 07:19:30', '2025-02-16 07:19:30'),
(716, 617, 2, 0, 1, 1, NULL, NULL, NULL, NULL, '2025-02-16 07:19:30', '2025-02-16 07:19:30'),
(717, 618, 2, 0, 1, 1, NULL, NULL, NULL, NULL, '2025-02-16 07:19:30', '2025-02-16 07:19:30'),
(718, 616, 2, 0, 1, 1, NULL, NULL, NULL, NULL, '2025-02-16 07:19:30', '2025-02-16 07:19:30'),
(719, 619, 2, 0, 1, 1, NULL, NULL, NULL, NULL, '2025-02-16 07:19:30', '2025-02-16 07:19:30'),
(720, 617, 2, 0, 1, 0, NULL, NULL, NULL, NULL, '2025-02-16 07:19:30', '2025-02-16 07:19:30'),
(721, 693, 3, 0, 1, 0, NULL, NULL, NULL, NULL, '2025-02-16 07:19:30', '2025-02-16 07:19:30'),
(722, 635, 3, 0, 1, 1, NULL, NULL, NULL, NULL, '2025-02-16 07:19:30', '2025-02-16 07:19:30'),
(723, 648, 3, 0, 1, 1, NULL, NULL, NULL, NULL, '2025-02-16 07:19:30', '2025-02-16 07:19:30'),
(724, 668, 3, 0, 1, 0, NULL, NULL, NULL, NULL, '2025-02-16 07:19:30', '2025-02-16 07:19:30'),
(725, 664, 3, 0, 1, 0, NULL, NULL, NULL, NULL, '2025-02-16 07:19:30', '2025-02-16 07:19:30'),
(726, 705, 3, 0, 1, 1, NULL, NULL, NULL, NULL, '2025-02-16 07:19:30', '2025-02-16 07:19:30'),
(727, 639, 3, 0, 1, 0, NULL, NULL, NULL, NULL, '2025-02-16 07:19:30', '2025-02-16 07:19:30'),
(728, 619, 2, 0, 1, 1, NULL, NULL, NULL, NULL, '2025-02-16 07:19:30', '2025-02-16 07:19:30'),
(729, 649, 3, 0, 1, 1, NULL, NULL, NULL, NULL, '2025-02-16 07:19:30', '2025-02-16 07:19:30'),
(730, 651, 3, 0, 1, 1, NULL, NULL, NULL, NULL, '2025-02-16 07:19:30', '2025-02-16 07:19:30'),
(731, 658, 3, 0, 1, 0, NULL, NULL, NULL, NULL, '2025-02-16 07:19:30', '2025-02-16 07:19:30'),
(732, 659, 3, 0, 1, 1, NULL, NULL, NULL, NULL, '2025-02-16 07:19:30', '2025-02-16 07:19:30'),
(733, 618, 2, 0, 1, 1, NULL, NULL, NULL, NULL, '2025-02-16 07:19:30', '2025-02-16 07:19:30'),
(734, 694, 3, 0, 1, 0, NULL, NULL, NULL, NULL, '2025-02-16 07:19:30', '2025-02-16 07:19:30'),
(735, 677, 3, 0, 1, 0, NULL, NULL, NULL, NULL, '2025-02-16 07:19:30', '2025-02-16 07:19:30'),
(736, 657, 3, 0, 1, 1, NULL, NULL, NULL, NULL, '2025-02-16 07:19:30', '2025-02-16 07:19:30'),
(737, 663, 3, 0, 1, 0, NULL, NULL, NULL, NULL, '2025-02-16 07:19:30', '2025-02-16 07:19:30'),
(738, 692, 3, 0, 1, 1, NULL, NULL, NULL, NULL, '2025-02-16 07:19:30', '2025-02-16 07:19:30'),
(739, 685, 3, 0, 1, 1, NULL, NULL, NULL, NULL, '2025-02-16 07:19:30', '2025-02-16 07:19:30'),
(740, 696, 3, 0, 1, 1, NULL, NULL, NULL, NULL, '2025-02-16 07:19:30', '2025-02-16 07:19:30'),
(741, 717, 3, 0, 1, 0, NULL, NULL, NULL, NULL, '2025-02-16 07:19:30', '2025-02-16 07:19:30'),
(742, 630, 3, 0, 1, 1, NULL, NULL, NULL, NULL, '2025-02-16 07:19:30', '2025-02-16 07:19:30'),
(743, 651, 3, 0, 1, 0, NULL, NULL, NULL, NULL, '2025-02-16 07:19:30', '2025-02-16 07:19:30'),
(744, 631, 3, 0, 1, 1, NULL, NULL, NULL, NULL, '2025-02-16 07:19:30', '2025-02-16 07:19:30'),
(745, 674, 3, 0, 1, 0, NULL, NULL, NULL, NULL, '2025-02-16 07:19:30', '2025-02-16 07:19:30'),
(746, 699, 3, 0, 1, 1, NULL, NULL, NULL, NULL, '2025-02-16 07:19:30', '2025-02-16 07:19:30'),
(747, 655, 3, 0, 1, 0, NULL, NULL, NULL, NULL, '2025-02-16 07:19:30', '2025-02-16 07:19:30'),
(748, 644, 3, 0, 1, 0, NULL, NULL, NULL, NULL, '2025-02-16 07:19:30', '2025-02-16 07:19:30'),
(749, 686, 3, 0, 1, 1, NULL, NULL, NULL, NULL, '2025-02-16 07:19:30', '2025-02-16 07:19:30'),
(750, 640, 3, 0, 1, 1, NULL, NULL, NULL, NULL, '2025-02-16 07:19:30', '2025-02-16 07:19:30'),
(751, 659, 3, 0, 1, 0, NULL, NULL, NULL, NULL, '2025-02-16 07:19:30', '2025-02-16 07:19:30'),
(752, 704, 3, 0, 1, 1, NULL, NULL, NULL, NULL, '2025-02-16 07:19:30', '2025-02-16 07:19:30'),
(753, 664, 3, 0, 1, 0, NULL, NULL, NULL, NULL, '2025-02-16 07:19:30', '2025-02-16 07:19:30'),
(754, 698, 3, 0, 1, 1, NULL, NULL, NULL, NULL, '2025-02-16 07:19:30', '2025-02-16 07:19:30'),
(755, 641, 3, 0, 1, 0, NULL, NULL, NULL, NULL, '2025-02-16 07:19:30', '2025-02-16 07:19:30'),
(756, 633, 3, 0, 1, 1, NULL, NULL, NULL, NULL, '2025-02-16 07:19:30', '2025-02-16 07:19:30'),
(757, 617, 2, 0, 1, 1, NULL, NULL, NULL, NULL, '2025-02-16 07:19:30', '2025-02-16 07:19:30'),
(758, 617, 2, 0, 1, 0, NULL, NULL, NULL, NULL, '2025-02-16 07:19:30', '2025-02-16 07:19:30'),
(759, 662, 3, 0, 1, 1, NULL, NULL, NULL, NULL, '2025-02-16 07:19:30', '2025-02-16 07:19:30'),
(760, 667, 3, 0, 1, 0, NULL, NULL, NULL, NULL, '2025-02-16 07:19:30', '2025-02-16 07:19:30'),
(761, 675, 3, 0, 1, 1, NULL, NULL, NULL, NULL, '2025-02-16 07:19:30', '2025-02-16 07:19:30'),
(762, 680, 3, 0, 1, 1, NULL, NULL, NULL, NULL, '2025-02-16 07:19:30', '2025-02-16 07:19:30'),
(763, 646, 3, 0, 1, 1, NULL, NULL, NULL, NULL, '2025-02-16 07:19:30', '2025-02-16 07:19:30'),
(764, 667, 3, 0, 1, 1, NULL, NULL, NULL, NULL, '2025-02-16 07:19:30', '2025-02-16 07:19:30'),
(765, 649, 3, 0, 1, 1, NULL, NULL, NULL, NULL, '2025-02-16 07:19:30', '2025-02-16 07:19:30'),
(766, 630, 3, 0, 1, 0, NULL, NULL, NULL, NULL, '2025-02-16 07:19:30', '2025-02-16 07:19:30'),
(767, 699, 3, 0, 1, 0, NULL, NULL, NULL, NULL, '2025-02-16 07:19:30', '2025-02-16 07:19:30'),
(768, 625, 3, 0, 1, 1, NULL, NULL, NULL, NULL, '2025-02-16 07:19:30', '2025-02-16 07:19:30'),
(769, 675, 3, 0, 1, 0, NULL, NULL, NULL, NULL, '2025-02-16 07:19:30', '2025-02-16 07:19:30'),
(770, 673, 3, 0, 1, 1, NULL, NULL, NULL, NULL, '2025-02-16 07:19:30', '2025-02-16 07:19:30'),
(771, 656, 3, 0, 1, 0, NULL, NULL, NULL, NULL, '2025-02-16 07:19:30', '2025-02-16 07:19:30'),
(772, 629, 3, 0, 1, 0, NULL, NULL, NULL, NULL, '2025-02-16 07:19:30', '2025-02-16 07:19:30'),
(773, 646, 3, 0, 1, 0, NULL, NULL, NULL, NULL, '2025-02-16 07:19:30', '2025-02-16 07:19:30'),
(774, 710, 3, 0, 1, 0, NULL, NULL, NULL, NULL, '2025-02-16 07:19:31', '2025-02-16 07:19:31'),
(775, 680, 3, 0, 1, 0, NULL, NULL, NULL, NULL, '2025-02-16 07:19:31', '2025-02-16 07:19:31'),
(776, 641, 3, 0, 1, 1, NULL, NULL, NULL, NULL, '2025-02-16 07:19:31', '2025-02-16 07:19:31'),
(777, 689, 3, 0, 1, 0, NULL, NULL, NULL, NULL, '2025-02-16 07:19:31', '2025-02-16 07:19:31'),
(778, 630, 3, 0, 1, 1, NULL, NULL, NULL, NULL, '2025-02-16 07:19:31', '2025-02-16 07:19:31'),
(779, 683, 3, 0, 1, 0, NULL, NULL, NULL, NULL, '2025-02-16 07:19:31', '2025-02-16 07:19:31'),
(780, 633, 3, 0, 1, 0, NULL, NULL, NULL, NULL, '2025-02-16 07:19:31', '2025-02-16 07:19:31'),
(781, 664, 3, 0, 1, 0, NULL, NULL, NULL, NULL, '2025-02-16 07:19:31', '2025-02-16 07:19:31'),
(782, 682, 3, 0, 1, 1, NULL, NULL, NULL, NULL, '2025-02-16 07:19:31', '2025-02-16 07:19:31'),
(783, 640, 3, 0, 1, 1, NULL, NULL, NULL, NULL, '2025-02-16 07:19:31', '2025-02-16 07:19:31'),
(784, 619, 2, 0, 1, 1, NULL, NULL, NULL, NULL, '2025-02-16 07:19:31', '2025-02-16 07:19:31'),
(785, 711, 3, 0, 1, 0, NULL, NULL, NULL, NULL, '2025-02-16 07:19:31', '2025-02-16 07:19:31'),
(786, 619, 2, 0, 1, 1, NULL, NULL, NULL, NULL, '2025-02-16 07:19:31', '2025-02-16 07:19:31'),
(787, 634, 3, 0, 1, 1, NULL, NULL, NULL, NULL, '2025-02-16 07:19:31', '2025-02-16 07:19:31'),
(788, 627, 3, 0, 1, 0, NULL, NULL, NULL, NULL, '2025-02-16 07:19:31', '2025-02-16 07:19:31'),
(789, 655, 3, 0, 1, 0, NULL, NULL, NULL, NULL, '2025-02-16 07:19:31', '2025-02-16 07:19:31'),
(790, 618, 2, 0, 1, 0, NULL, NULL, NULL, NULL, '2025-02-16 07:19:31', '2025-02-16 07:19:31'),
(791, 701, 3, 0, 1, 1, NULL, NULL, NULL, NULL, '2025-02-16 07:19:31', '2025-02-16 07:19:31'),
(792, 639, 3, 0, 1, 1, NULL, NULL, NULL, NULL, '2025-02-16 07:19:31', '2025-02-16 07:19:31'),
(793, 681, 3, 0, 1, 1, NULL, NULL, NULL, NULL, '2025-02-16 07:19:31', '2025-02-16 07:19:31'),
(794, 659, 3, 0, 1, 0, NULL, NULL, NULL, NULL, '2025-02-16 07:19:31', '2025-02-16 07:19:31'),
(795, 619, 2, 0, 1, 0, NULL, NULL, NULL, NULL, '2025-02-16 07:19:31', '2025-02-16 07:19:31'),
(796, 676, 3, 0, 1, 0, NULL, NULL, NULL, NULL, '2025-02-16 07:19:31', '2025-02-16 07:19:31'),
(797, 669, 3, 0, 1, 1, NULL, NULL, NULL, NULL, '2025-02-16 07:19:31', '2025-02-16 07:19:31'),
(798, 672, 3, 0, 1, 1, NULL, NULL, NULL, NULL, '2025-02-16 07:19:31', '2025-02-16 07:19:31'),
(799, 688, 3, 0, 1, 1, NULL, NULL, NULL, NULL, '2025-02-16 07:19:31', '2025-02-16 07:19:31'),
(800, 682, 3, 0, 1, 1, NULL, NULL, NULL, NULL, '2025-02-16 07:19:31', '2025-02-16 07:19:31'),
(801, 644, 3, 0, 1, 0, NULL, NULL, NULL, NULL, '2025-02-16 07:19:31', '2025-02-16 07:19:31'),
(802, 713, 3, 0, 1, 0, NULL, NULL, NULL, NULL, '2025-02-16 07:19:31', '2025-02-16 07:19:31'),
(803, 631, 3, 0, 1, 0, NULL, NULL, NULL, NULL, '2025-02-16 07:19:31', '2025-02-16 07:19:31'),
(804, 675, 3, 0, 1, 0, NULL, NULL, NULL, NULL, '2025-02-16 07:19:31', '2025-02-16 07:19:31'),
(805, 704, 3, 0, 1, 1, NULL, NULL, NULL, NULL, '2025-02-16 07:19:31', '2025-02-16 07:19:31'),
(806, 667, 3, 0, 1, 1, NULL, NULL, NULL, NULL, '2025-02-16 07:19:31', '2025-02-16 07:19:31'),
(807, 701, 3, 0, 1, 0, NULL, NULL, NULL, NULL, '2025-02-16 07:19:31', '2025-02-16 07:19:31'),
(808, 665, 3, 0, 1, 1, NULL, NULL, NULL, NULL, '2025-02-16 07:19:31', '2025-02-16 07:19:31'),
(809, 654, 3, 0, 1, 1, NULL, NULL, NULL, NULL, '2025-02-16 07:19:31', '2025-02-16 07:19:31'),
(810, 652, 3, 0, 1, 0, NULL, NULL, NULL, NULL, '2025-02-16 07:19:31', '2025-02-16 07:19:31'),
(811, 693, 3, 0, 1, 1, NULL, NULL, NULL, NULL, '2025-02-16 07:19:31', '2025-02-16 07:19:31'),
(812, 630, 3, 0, 1, 0, NULL, NULL, NULL, NULL, '2025-02-16 07:19:31', '2025-02-16 07:19:31'),
(813, 674, 3, 0, 1, 1, NULL, NULL, NULL, NULL, '2025-02-16 07:19:31', '2025-02-16 07:19:31'),
(814, 671, 3, 0, 1, 0, NULL, NULL, NULL, NULL, '2025-02-16 07:19:31', '2025-02-16 07:19:31'),
(815, 667, 3, 0, 1, 0, NULL, NULL, NULL, NULL, '2025-02-16 07:19:31', '2025-02-16 07:19:31'),
(816, 692, 3, 0, 1, 0, NULL, NULL, NULL, NULL, '2025-02-16 07:19:31', '2025-02-16 07:19:31'),
(817, 624, 3, 0, 1, 1, NULL, NULL, NULL, NULL, '2025-02-16 07:19:31', '2025-02-16 07:19:31'),
(818, 660, 3, 0, 1, 0, NULL, NULL, NULL, NULL, '2025-02-16 07:19:31', '2025-02-16 07:19:31'),
(819, 620, 2, 0, 1, 1, NULL, NULL, NULL, NULL, '2025-02-16 07:19:31', '2025-02-16 07:19:31'),
(820, 656, 3, 0, 1, 1, NULL, NULL, NULL, NULL, '2025-02-16 07:19:31', '2025-02-16 07:19:31');

-- --------------------------------------------------------

--
-- Table structure for table `categories_translations`
--

CREATE TABLE `categories_translations` (
  `id` bigint UNSIGNED NOT NULL,
  `category_id` bigint UNSIGNED NOT NULL,
  `locale` varchar(255) CHARACTER SET utf8mb4 COLLATE utf8mb4_unicode_ci NOT NULL,
  `title` varchar(255) CHARACTER SET utf8mb4 COLLATE utf8mb4_unicode_ci NOT NULL,
  `slug` varchar(255) CHARACTER SET utf8mb4 COLLATE utf8mb4_unicode_ci DEFAULT NULL,
  `description` longtext CHARACTER SET utf8mb4 COLLATE utf8mb4_unicode_ci,
  `meta_title` varchar(255) CHARACTER SET utf8mb4 COLLATE utf8mb4_unicode_ci DEFAULT NULL,
  `meta_description` varchar(255) CHARACTER SET utf8mb4 COLLATE utf8mb4_unicode_ci DEFAULT NULL,
  `meta_key` varchar(255) CHARACTER SET utf8mb4 COLLATE utf8mb4_unicode_ci DEFAULT NULL,
  `created_at` timestamp NULL DEFAULT NULL,
  `updated_at` timestamp NULL DEFAULT NULL
) ENGINE=InnoDB DEFAULT CHARSET=utf8mb4 COLLATE=utf8mb4_unicode_ci;

--
-- Dumping data for table `categories_translations`
--

INSERT INTO `categories_translations` (`id`, `category_id`, `locale`, `title`, `slug`, `description`, `meta_title`, `meta_description`, `meta_key`, `created_at`, `updated_at`) VALUES
(616, 616, 'ar', 'Sandra Gusikowski', 'sandra-gusikowski', 'Sit quis et assumenda inventore aut. Cumque ut et mollitia. Eum architecto quia dolores repellendus eveniet recusandae molestiae numquam. Voluptas animi tempore provident nemo et cumque qui.', NULL, NULL, NULL, '2025-02-16 07:19:29', '2025-02-16 07:19:29'),
(617, 617, 'ar', 'Maurine Welch', 'maurine-welch', 'Eos voluptatem accusamus aliquam rerum unde aut nulla repellendus. Quae dolor unde cupiditate magni. Molestiae incidunt ducimus sit esse est. Ducimus quos dolores officiis ipsum doloremque.', NULL, NULL, NULL, '2025-02-16 07:19:29', '2025-02-16 07:19:29'),
(618, 618, 'ar', 'Aric Carroll', 'aric-carroll', 'Molestias totam dolore voluptas eos doloribus et error. Vero ipsam modi sint sit. Voluptatem qui voluptatem maiores esse ipsam ea.', NULL, NULL, NULL, '2025-02-16 07:19:29', '2025-02-16 07:19:29'),
(619, 619, 'ar', 'Caesar Roberts Jr.', 'caesar-roberts-jr.', 'Iusto quod eos autem unde fugit. Qui perspiciatis odio aspernatur eum. Eum fugit et voluptas quia beatae quia aut.', NULL, NULL, NULL, '2025-02-16 07:19:29', '2025-02-16 07:19:29'),
(620, 620, 'ar', 'Amira Predovic', 'amira-predovic', 'Cupiditate laboriosam vitae fuga quasi porro explicabo at. Commodi quisquam consequatur quis dicta placeat facere repellat. Dolore aut inventore voluptas facilis delectus.', NULL, NULL, NULL, '2025-02-16 07:19:29', '2025-02-16 07:19:29'),
(621, 621, 'ar', 'Susan Hoppe', 'susan-hoppe', 'Sed molestias soluta sed autem recusandae voluptates fugit. Iste adipisci eos unde corporis. Rerum atque assumenda et cumque id consequuntur omnis.', NULL, NULL, NULL, '2025-02-16 07:19:29', '2025-02-16 07:19:29'),
(622, 622, 'ar', 'Mr. Jonas Crooks', 'mr.-jonas-crooks', 'Quae fuga sed mollitia excepturi. Veniam quos nesciunt et sit asperiores. Minima qui enim vero ut placeat dignissimos. Deleniti enim amet debitis. Culpa impedit blanditiis quis molestiae.', NULL, NULL, NULL, '2025-02-16 07:19:29', '2025-02-16 07:19:29'),
(623, 623, 'ar', 'Green Parisian', 'green-parisian', 'Voluptatem temporibus harum et esse quia cum quo quisquam. Laudantium labore sint perspiciatis et. Praesentium sunt qui iure dolorem voluptas similique. Possimus magnam ab repudiandae.', NULL, NULL, NULL, '2025-02-16 07:19:29', '2025-02-16 07:19:29'),
(624, 624, 'ar', 'Ms. Eula Johnston', 'ms.-eula-johnston', 'Ea qui impedit qui voluptate distinctio. Et sequi vero ullam incidunt aut sit deserunt. Quaerat debitis eos nisi in rerum minima saepe. Iure sed dolore sapiente vitae autem aspernatur.', NULL, NULL, NULL, '2025-02-16 07:19:29', '2025-02-16 07:19:29'),
(625, 625, 'ar', 'Dexter Runte DVM', 'dexter-runte-dvm', 'Ratione architecto numquam dolores debitis. Quia eos nihil beatae accusantium quo. Atque assumenda ut assumenda qui et sunt.', NULL, NULL, NULL, '2025-02-16 07:19:29', '2025-02-16 07:19:29'),
(626, 626, 'ar', 'Berry Rosenbaum', 'berry-rosenbaum', 'At quia aperiam itaque et nulla. Aliquid vitae alias velit non ratione. Rerum et quia facilis explicabo a. Placeat non facilis minima ut et rem.', NULL, NULL, NULL, '2025-02-16 07:19:29', '2025-02-16 07:19:29'),
(627, 627, 'ar', 'Otho Watsica', 'otho-watsica', 'Consequatur fugit a nesciunt modi. Est aut eaque iusto corporis et voluptatem.', NULL, NULL, NULL, '2025-02-16 07:19:29', '2025-02-16 07:19:29'),
(628, 628, 'ar', 'Dr. Delilah Welch', 'dr.-delilah-welch', 'Voluptatibus non amet ut doloremque fugiat numquam. Nihil ipsam dolorem ratione in et in. Cumque nihil delectus voluptas et eveniet nobis. Officiis maiores consequatur commodi et dicta.', NULL, NULL, NULL, '2025-02-16 07:19:29', '2025-02-16 07:19:29'),
(629, 629, 'ar', 'Miss Adella Schroeder DVM', 'miss-adella-schroeder-dvm', 'Quaerat dolorum laudantium deserunt. Reiciendis libero qui debitis possimus ipsam. Molestiae pariatur repellendus eos nemo cupiditate ducimus.', NULL, NULL, NULL, '2025-02-16 07:19:29', '2025-02-16 07:19:29'),
(630, 630, 'ar', 'Davin Kuhlman V', 'davin-kuhlman-v', 'Nihil est maxime rerum illo rerum corrupti sequi. Harum explicabo id autem id eum et quam.', NULL, NULL, NULL, '2025-02-16 07:19:29', '2025-02-16 07:19:29'),
(631, 631, 'ar', 'Carli Grady', 'carli-grady', 'Blanditiis dolore deserunt molestiae dolore. Alias recusandae labore nihil doloribus vel nihil. Adipisci incidunt error aperiam magnam deleniti cumque. Voluptatem fuga unde eos tempore et.', NULL, NULL, NULL, '2025-02-16 07:19:29', '2025-02-16 07:19:29'),
(632, 632, 'ar', 'Tristian Harber', 'tristian-harber', 'Maiores reprehenderit adipisci et fuga. Dolore beatae suscipit nostrum et sint. Ut est distinctio molestias et temporibus.', NULL, NULL, NULL, '2025-02-16 07:19:29', '2025-02-16 07:19:29'),
(633, 633, 'ar', 'Prof. Franz Kohler IV', 'prof.-franz-kohler-iv', 'Quis aut repudiandae officiis. Officiis veniam sed iste est harum iusto modi possimus. Natus sint velit modi iste est.', NULL, NULL, NULL, '2025-02-16 07:19:29', '2025-02-16 07:19:29'),
(634, 634, 'ar', 'Mr. Josiah Lang I', 'mr.-josiah-lang-i', 'Natus omnis placeat modi quo. Architecto ea tempora non doloribus rerum voluptate. Nostrum et ipsa voluptate.', NULL, NULL, NULL, '2025-02-16 07:19:29', '2025-02-16 07:19:29'),
(635, 635, 'ar', 'Cordelia Sipes', 'cordelia-sipes', 'Minus iste nisi ut omnis. Quasi reprehenderit aspernatur necessitatibus hic voluptatem.', NULL, NULL, NULL, '2025-02-16 07:19:29', '2025-02-16 07:19:29'),
(636, 636, 'ar', 'Mina Kreiger Jr.', 'mina-kreiger-jr.', 'Consectetur mollitia omnis eum sint molestiae. Rem id molestias quia laboriosam nisi vitae. Eos assumenda eaque est ducimus. Aperiam cum possimus laudantium at voluptatem deleniti voluptas.', NULL, NULL, NULL, '2025-02-16 07:19:29', '2025-02-16 07:19:29'),
(637, 637, 'ar', 'Lolita Jones', 'lolita-jones', 'Aut nesciunt explicabo quaerat dicta consectetur et. Debitis hic earum qui excepturi modi. Dolorum ducimus soluta qui deserunt et minus vitae sed.', NULL, NULL, NULL, '2025-02-16 07:19:29', '2025-02-16 07:19:29'),
(638, 638, 'ar', 'Holly Doyle DVM', 'holly-doyle-dvm', 'Inventore illum sunt facere consectetur est molestiae qui et. Dolorem autem quia aut ut. Omnis quia sint tempora. Suscipit beatae sit a quas ut.', NULL, NULL, NULL, '2025-02-16 07:19:30', '2025-02-16 07:19:30'),
(639, 639, 'ar', 'Sunny Gusikowski MD', 'sunny-gusikowski-md', 'Fugit qui accusantium iusto voluptatibus et error nihil. In quidem enim voluptas earum dolor. Animi qui sunt aut hic odio accusamus.', NULL, NULL, NULL, '2025-02-16 07:19:30', '2025-02-16 07:19:30'),
(640, 640, 'ar', 'Lela Schultz', 'lela-schultz', 'Consequuntur nihil necessitatibus sint earum officiis. Enim minus ullam officiis libero molestiae.', NULL, NULL, NULL, '2025-02-16 07:19:30', '2025-02-16 07:19:30'),
(641, 641, 'ar', 'Mr. Vinnie Jones', 'mr.-vinnie-jones', 'Illo laboriosam qui repellat laboriosam voluptatum culpa. Dolores eum voluptatum beatae dolores. Sit fugiat neque possimus aut rem. Nisi repudiandae inventore exercitationem ut est dolorem.', NULL, NULL, NULL, '2025-02-16 07:19:30', '2025-02-16 07:19:30'),
(642, 642, 'ar', 'Donald Raynor', 'donald-raynor', 'Impedit aspernatur nesciunt molestiae et. Soluta id enim qui incidunt saepe dolores consequatur. Optio qui suscipit ea odit minus beatae tempore. Dignissimos laboriosam ipsum totam deserunt minus natus numquam. Magnam est ut sunt facere animi alias aspernatur.', NULL, NULL, NULL, '2025-02-16 07:19:30', '2025-02-16 07:19:30'),
(643, 643, 'ar', 'Vilma Kuhic', 'vilma-kuhic', 'Minus aut harum vel rem autem in. Veritatis nam ad ut natus quo.', NULL, NULL, NULL, '2025-02-16 07:19:30', '2025-02-16 07:19:30'),
(644, 644, 'ar', 'Cyril Dietrich', 'cyril-dietrich', 'Distinctio eaque distinctio dolorum rerum quos et. Quia omnis quo facere et assumenda odio. Odit harum sint nihil voluptatem eum.', NULL, NULL, NULL, '2025-02-16 07:19:30', '2025-02-16 07:19:30'),
(645, 645, 'ar', 'Dr. Aylin Gleason PhD', 'dr.-aylin-gleason-phd', 'Magni quae et aliquid ea minus corrupti. Rerum non quidem libero deleniti fugit iusto ad quia. Suscipit ab architecto aut minus.', NULL, NULL, NULL, '2025-02-16 07:19:30', '2025-02-16 07:19:30'),
(646, 646, 'ar', 'Miss Cheyanne Nitzsche I', 'miss-cheyanne-nitzsche-i', 'Cupiditate in est magni cupiditate dicta quia. Impedit pariatur quia quis sed labore. Ab voluptatem voluptatem hic ea.', NULL, NULL, NULL, '2025-02-16 07:19:30', '2025-02-16 07:19:30'),
(647, 647, 'ar', 'Mr. Marco Hagenes MD', 'mr.-marco-hagenes-md', 'Eum aut aut magni cupiditate. Quas et sit at ea aut rerum. Iure sed ratione delectus tenetur maiores aut aliquam. Veritatis voluptatem labore delectus eius et. Et enim consequatur est eaque odio.', NULL, NULL, NULL, '2025-02-16 07:19:30', '2025-02-16 07:19:30'),
(648, 648, 'ar', 'Arthur Feeney', 'arthur-feeney', 'Autem ea iure quia. Officiis tempore rerum magnam. Consequatur molestias eius error enim nesciunt.', NULL, NULL, NULL, '2025-02-16 07:19:30', '2025-02-16 07:19:30'),
(649, 649, 'ar', 'Dr. Jaylon Flatley DVM', 'dr.-jaylon-flatley-dvm', 'Non laborum et unde a qui consequatur aut. Qui qui voluptas voluptas qui quibusdam. Sed deleniti est in doloribus. Veritatis cupiditate nisi ut rerum.', NULL, NULL, NULL, '2025-02-16 07:19:30', '2025-02-16 07:19:30'),
(650, 650, 'ar', 'Royal Berge', 'royal-berge', 'Consequatur nisi consequatur voluptatem voluptate voluptatem. At magnam eligendi eos dolorum voluptatem. Quo eos tempore laboriosam aut.', NULL, NULL, NULL, '2025-02-16 07:19:30', '2025-02-16 07:19:30'),
(651, 651, 'ar', 'Nicole Bradtke', 'nicole-bradtke', 'Iusto et nisi officiis fugit nihil sed officiis. Odio explicabo qui eum corporis quia perspiciatis. Quia qui deserunt voluptate qui tempora dolores dolorum.', NULL, NULL, NULL, '2025-02-16 07:19:30', '2025-02-16 07:19:30'),
(652, 652, 'ar', 'Flavie Oberbrunner', 'flavie-oberbrunner', 'Impedit voluptate eveniet ut ut. Rerum rerum sed ut laborum non repellat dolores.', NULL, NULL, NULL, '2025-02-16 07:19:30', '2025-02-16 07:19:30'),
(653, 653, 'ar', 'Manuel Will', 'manuel-will', 'Fuga ratione doloribus numquam harum ipsam. Et a molestias ipsam esse quaerat magni consequatur. Ut et dolor repellat neque. Fuga ad autem quod suscipit labore sint animi.', NULL, NULL, NULL, '2025-02-16 07:19:30', '2025-02-16 07:19:30'),
(654, 654, 'ar', 'Mrs. Kattie Strosin', 'mrs.-kattie-strosin', 'Illo nemo aperiam cupiditate velit magni laudantium assumenda animi. Natus debitis ea libero molestiae excepturi occaecati. Rerum et esse illum vitae ut deleniti consequatur.', NULL, NULL, NULL, '2025-02-16 07:19:30', '2025-02-16 07:19:30'),
(655, 655, 'ar', 'Prof. Joshua Runolfsdottir I', 'prof.-joshua-runolfsdottir-i', 'Adipisci esse eos ut impedit eos. Harum officiis architecto fugiat tempora. Tempora autem voluptatem alias autem quis nemo.', NULL, NULL, NULL, '2025-02-16 07:19:30', '2025-02-16 07:19:30'),
(656, 656, 'ar', 'Mrs. Dolly Kris', 'mrs.-dolly-kris', 'Qui delectus nihil velit praesentium reiciendis aut. Et quia officiis praesentium quia. Iste voluptatibus in assumenda. Cupiditate ad laborum ut quam et doloremque.', NULL, NULL, NULL, '2025-02-16 07:19:30', '2025-02-16 07:19:30'),
(657, 657, 'ar', 'Johann Reichert', 'johann-reichert', 'Consequuntur dolorem velit optio suscipit. Doloribus eum dolorem et error eos quaerat. Itaque in necessitatibus necessitatibus repellendus iste.', NULL, NULL, NULL, '2025-02-16 07:19:30', '2025-02-16 07:19:30'),
(658, 658, 'ar', 'Abby Boyer V', 'abby-boyer-v', 'Deleniti necessitatibus ut ipsam eum odit id. Itaque ut sed aut animi eos. Qui dicta quas et fugit nesciunt cumque.', NULL, NULL, NULL, '2025-02-16 07:19:30', '2025-02-16 07:19:30'),
(659, 659, 'ar', 'Pink Denesik', 'pink-denesik', 'Delectus cupiditate dolor reiciendis rerum harum est rem. Quam magnam quos ducimus excepturi iusto non aut. Molestiae cupiditate quibusdam aliquam similique.', NULL, NULL, NULL, '2025-02-16 07:19:30', '2025-02-16 07:19:30'),
(660, 660, 'ar', 'Pablo Rohan', 'pablo-rohan', 'Accusamus voluptates quasi explicabo rerum veniam sed esse. Nam perspiciatis debitis quibusdam. Accusamus inventore tempora necessitatibus odit rem odio.', NULL, NULL, NULL, '2025-02-16 07:19:30', '2025-02-16 07:19:30'),
(661, 661, 'ar', 'Theron Larson V', 'theron-larson-v', 'Et consequuntur in qui ea. Qui culpa a eos voluptatem. Aut sint voluptatibus quod quas quidem.', NULL, NULL, NULL, '2025-02-16 07:19:30', '2025-02-16 07:19:30'),
(662, 662, 'ar', 'Ms. Luz Ankunding IV', 'ms.-luz-ankunding-iv', 'Eos quis commodi molestiae. Suscipit consectetur sequi corporis quia quam nihil eos. Qui ex quo facilis autem.', NULL, NULL, NULL, '2025-02-16 07:19:30', '2025-02-16 07:19:30'),
(663, 663, 'ar', 'Gwendolyn Upton', 'gwendolyn-upton', 'Ad et fugiat repellat. Recusandae molestias ipsa mollitia vel eveniet. Recusandae quidem voluptatem autem occaecati molestiae. Facere et illum porro at quam.', NULL, NULL, NULL, '2025-02-16 07:19:30', '2025-02-16 07:19:30'),
(664, 664, 'ar', 'Deon Kihn', 'deon-kihn', 'Qui voluptatibus tenetur odio sunt error neque error. Et quo sapiente minima necessitatibus. Id nisi voluptatibus quam aperiam tempore. Sit in sunt vero sed nobis voluptas.', NULL, NULL, NULL, '2025-02-16 07:19:30', '2025-02-16 07:19:30'),
(665, 665, 'ar', 'Ms. Mireya Wilderman III', 'ms.-mireya-wilderman-iii', 'Cupiditate mollitia explicabo omnis est rerum excepturi maiores. Dignissimos autem itaque vero fuga et voluptas a saepe. Necessitatibus alias hic aut consectetur. Voluptatem laudantium perferendis ex veritatis sint.', NULL, NULL, NULL, '2025-02-16 07:19:30', '2025-02-16 07:19:30'),
(666, 666, 'ar', 'Prof. Beth Kovacek V', 'prof.-beth-kovacek-v', 'Cumque saepe minima quis vel dicta nihil. Delectus mollitia iste adipisci aut dolore. Earum dolorem sed voluptatem itaque qui placeat tenetur.', NULL, NULL, NULL, '2025-02-16 07:19:30', '2025-02-16 07:19:30'),
(667, 667, 'ar', 'Godfrey Dare', 'godfrey-dare', 'Consequatur dolores dolorum labore iusto. Ut ex aut voluptatem excepturi ea necessitatibus. Ut dolorem libero minima iste sequi quia vel similique. Totam consequatur velit aliquid doloribus atque.', NULL, NULL, NULL, '2025-02-16 07:19:30', '2025-02-16 07:19:30'),
(668, 668, 'ar', 'Bart Berge', 'bart-berge', 'Cumque est rem a sit accusamus. Modi doloribus et dolorum pariatur voluptatem. Repudiandae quas doloremque quo sed voluptatem vero nesciunt consequatur.', NULL, NULL, NULL, '2025-02-16 07:19:30', '2025-02-16 07:19:30'),
(669, 669, 'ar', 'Delores Halvorson', 'delores-halvorson', 'Voluptas illum minima quo neque. Maxime impedit odio blanditiis. Voluptas et magnam aspernatur molestiae a. Sunt unde sunt impedit quia nulla molestiae. Ut id porro architecto suscipit.', NULL, NULL, NULL, '2025-02-16 07:19:30', '2025-02-16 07:19:30'),
(670, 670, 'ar', 'Jamir Ratke', 'jamir-ratke', 'Quia exercitationem aliquam quisquam. Quam qui voluptas voluptate molestiae nulla.', NULL, NULL, NULL, '2025-02-16 07:19:30', '2025-02-16 07:19:30'),
(671, 671, 'ar', 'Gerson Herman', 'gerson-herman', 'Fugit vel aliquid aliquid consequatur ut maxime porro. Voluptatem aut at provident voluptatem esse est sint qui. Eos sunt eaque alias consequuntur qui facere. Sequi quia rem laborum sed quo. Error id eos id et quia expedita suscipit.', NULL, NULL, NULL, '2025-02-16 07:19:30', '2025-02-16 07:19:30'),
(672, 672, 'ar', 'Sheldon Baumbach', 'sheldon-baumbach', 'Vel corrupti culpa distinctio et numquam sequi. Qui molestiae dolorum aut et voluptatum dignissimos. Repellat temporibus vitae sequi ratione. Aspernatur voluptatem est cupiditate quidem magnam quam vel.', NULL, NULL, NULL, '2025-02-16 07:19:30', '2025-02-16 07:19:30'),
(673, 673, 'ar', 'Carmine Simonis', 'carmine-simonis', 'Magni non omnis eaque voluptates et voluptatem modi. Quam accusantium incidunt et aperiam et. Vitae dolorem libero architecto occaecati cumque est. Saepe sunt aut dolores exercitationem iure dolore quisquam culpa.', NULL, NULL, NULL, '2025-02-16 07:19:30', '2025-02-16 07:19:30'),
(674, 674, 'ar', 'Oleta Waelchi', 'oleta-waelchi', 'Quia quidem sint voluptas est quo dolore nobis. Culpa necessitatibus ut atque dolorem. Labore provident dolor et eligendi optio qui voluptatem.', NULL, NULL, NULL, '2025-02-16 07:19:30', '2025-02-16 07:19:30'),
(675, 675, 'ar', 'Kayli Von IV', 'kayli-von-iv', 'Maxime commodi velit recusandae accusantium ut. Autem atque ratione eos in. Animi odit hic qui neque odio numquam. Nobis officia commodi officia.', NULL, NULL, NULL, '2025-02-16 07:19:30', '2025-02-16 07:19:30'),
(676, 676, 'ar', 'Toni Hammes', 'toni-hammes', 'Neque id at dolores ratione est tenetur accusantium. Officiis blanditiis ut qui hic. Aperiam et excepturi eos quia assumenda enim. Enim et at nulla.', NULL, NULL, NULL, '2025-02-16 07:19:30', '2025-02-16 07:19:30'),
(677, 677, 'ar', 'Vicky Gorczany', 'vicky-gorczany', 'Minima at nulla ducimus et quisquam sed. Et dolor nostrum ipsam quaerat asperiores distinctio earum. Perspiciatis vero totam sunt iste.', NULL, NULL, NULL, '2025-02-16 07:19:30', '2025-02-16 07:19:30'),
(678, 678, 'ar', 'Jamaal Bergstrom', 'jamaal-bergstrom', 'Iusto tempore quaerat laboriosam velit suscipit qui. Non blanditiis consequatur laboriosam voluptates. Ut excepturi ipsa esse doloremque quia est tempore.', NULL, NULL, NULL, '2025-02-16 07:19:30', '2025-02-16 07:19:30'),
(679, 679, 'ar', 'Meagan Lind', 'meagan-lind', 'Aut esse atque ratione numquam facere. Non ea distinctio qui dolorem sunt. Dolores ut eos veritatis rerum.', NULL, NULL, NULL, '2025-02-16 07:19:30', '2025-02-16 07:19:30'),
(680, 680, 'ar', 'Johnpaul Toy', 'johnpaul-toy', 'Cum voluptatem qui qui quaerat rerum cumque. Corrupti fugiat repudiandae sed ratione amet itaque. Corrupti unde dolorum autem ducimus non reiciendis. Modi iure quis est et eius aut.', NULL, NULL, NULL, '2025-02-16 07:19:30', '2025-02-16 07:19:30'),
(681, 681, 'ar', 'Prof. Coleman Hudson DDS', 'prof.-coleman-hudson-dds', 'Voluptatem sunt perspiciatis velit. Suscipit tenetur sunt aut. Sint amet eum necessitatibus aspernatur. Nesciunt autem dolorum est rem ut corporis omnis aut.', NULL, NULL, NULL, '2025-02-16 07:19:30', '2025-02-16 07:19:30'),
(682, 682, 'ar', 'Lera Dicki', 'lera-dicki', 'Voluptatem cupiditate vero ut cumque rerum at sed. Sunt sunt molestiae in autem. In quidem doloremque dolores eligendi et.', NULL, NULL, NULL, '2025-02-16 07:19:30', '2025-02-16 07:19:30'),
(683, 683, 'ar', 'Prof. Enola O\'Reilly Sr.', 'prof.-enola-o\'reilly-sr.', 'Ex laboriosam perferendis unde earum perferendis. Iusto sapiente asperiores voluptatibus facilis. Ab velit in omnis dolorem.', NULL, NULL, NULL, '2025-02-16 07:19:30', '2025-02-16 07:19:30'),
(684, 684, 'ar', 'Dr. Yoshiko Schoen II', 'dr.-yoshiko-schoen-ii', 'Qui quia laudantium eos deserunt itaque expedita. Molestiae voluptas voluptatem eum harum in deserunt. Est cum iste nesciunt ipsam qui enim animi.', NULL, NULL, NULL, '2025-02-16 07:19:30', '2025-02-16 07:19:30'),
(685, 685, 'ar', 'Liana Lowe', 'liana-lowe', 'Amet aperiam rerum dolores voluptas ut sunt. In est hic quibusdam quasi. Earum autem aut facere incidunt tenetur alias voluptas explicabo. Voluptatum libero amet eos dolorum.', NULL, NULL, NULL, '2025-02-16 07:19:30', '2025-02-16 07:19:30'),
(686, 686, 'ar', 'Mr. Federico Shanahan', 'mr.-federico-shanahan', 'A explicabo ea quo aut exercitationem. Dolorem rem suscipit est quam rem. Voluptate aut et est itaque aut suscipit qui. Consequuntur aut ullam quo eos molestias nisi eius.', NULL, NULL, NULL, '2025-02-16 07:19:30', '2025-02-16 07:19:30'),
(687, 687, 'ar', 'Savion Cummings', 'savion-cummings', 'Consequatur aut enim nemo corporis quasi facere inventore. Nihil quia nam voluptatibus id omnis est. Enim eos molestias inventore necessitatibus.', NULL, NULL, NULL, '2025-02-16 07:19:30', '2025-02-16 07:19:30'),
(688, 688, 'ar', 'Lydia Larkin PhD', 'lydia-larkin-phd', 'Dolorum fuga neque doloremque et est doloremque. Architecto dolor debitis architecto aspernatur. Dolor soluta voluptas quam voluptates minima sit repellat. Non ipsa recusandae ea cumque dolores est vel.', NULL, NULL, NULL, '2025-02-16 07:19:30', '2025-02-16 07:19:30'),
(689, 689, 'ar', 'Lenore Denesik', 'lenore-denesik', 'Eveniet repellat ab qui eum suscipit vitae quia consequuntur. Est voluptas voluptas qui occaecati debitis quam. Dolore molestiae sed officiis laudantium voluptate sint.', NULL, NULL, NULL, '2025-02-16 07:19:30', '2025-02-16 07:19:30'),
(690, 690, 'ar', 'Prof. Gloria Bashirian', 'prof.-gloria-bashirian', 'Omnis quam dignissimos quas at aperiam hic. Ut quaerat quasi vitae quia minima illo illum. Quisquam ipsa qui omnis ipsa quia. Numquam qui eos eum est occaecati distinctio quia.', NULL, NULL, NULL, '2025-02-16 07:19:30', '2025-02-16 07:19:30'),
(691, 691, 'ar', 'Dr. Trisha Emard DVM', 'dr.-trisha-emard-dvm', 'Facere exercitationem consequuntur pariatur ea in. Cupiditate possimus quo voluptate accusamus et voluptatibus. Architecto ut accusantium vel ut eveniet voluptates est aut. Tempore eveniet exercitationem nihil numquam. A ab iste assumenda voluptatum reprehenderit magnam.', NULL, NULL, NULL, '2025-02-16 07:19:30', '2025-02-16 07:19:30'),
(692, 692, 'ar', 'Prof. Ernie Osinski MD', 'prof.-ernie-osinski-md', 'Quia tempora est id provident. Sint inventore odio quis maxime rerum. Et qui sunt iusto. Quisquam vero possimus incidunt molestias.', NULL, NULL, NULL, '2025-02-16 07:19:30', '2025-02-16 07:19:30'),
(693, 693, 'ar', 'Ashtyn Kreiger', 'ashtyn-kreiger', 'Quia perspiciatis suscipit et quia voluptates iste fugiat. Minus aut laborum sapiente repellat quasi repudiandae ut. Ducimus omnis reprehenderit quia voluptas facere tenetur. Exercitationem optio qui numquam omnis non velit.', NULL, NULL, NULL, '2025-02-16 07:19:30', '2025-02-16 07:19:30'),
(694, 694, 'ar', 'Marilou Pagac', 'marilou-pagac', 'Dolores temporibus in praesentium iusto quia animi. Atque eaque recusandae qui blanditiis. Reiciendis tenetur tenetur dicta labore iusto. Esse nostrum neque aliquam dolorem illo eum quisquam.', NULL, NULL, NULL, '2025-02-16 07:19:30', '2025-02-16 07:19:30'),
(695, 695, 'ar', 'Conner Stark', 'conner-stark', 'Ut enim porro occaecati odit debitis eveniet. Laborum deserunt autem est dolor voluptas qui distinctio nobis. Molestiae quisquam totam ut aut.', NULL, NULL, NULL, '2025-02-16 07:19:30', '2025-02-16 07:19:30'),
(696, 696, 'ar', 'Vella Macejkovic I', 'vella-macejkovic-i', 'Sed aut provident suscipit quod tempore. Culpa quam ut officia minima unde consequatur. Fuga distinctio non porro adipisci nisi voluptas.', NULL, NULL, NULL, '2025-02-16 07:19:30', '2025-02-16 07:19:30'),
(697, 697, 'ar', 'Jalon Pagac', 'jalon-pagac', 'Soluta qui magni nisi architecto. Asperiores sit non sed ad facilis quasi nostrum. Amet cum fugiat est.', NULL, NULL, NULL, '2025-02-16 07:19:30', '2025-02-16 07:19:30'),
(698, 698, 'ar', 'Giovanna Kautzer', 'giovanna-kautzer', 'Perferendis nesciunt delectus eum et natus nesciunt. Id eos qui sapiente vel accusantium delectus. Est sapiente impedit neque et assumenda. Quam aut sit vero et.', NULL, NULL, NULL, '2025-02-16 07:19:30', '2025-02-16 07:19:30'),
(699, 699, 'ar', 'Kennedi Grant', 'kennedi-grant', 'Doloremque quibusdam fuga dolorem et id. Qui blanditiis voluptatum atque vitae. Nam aspernatur totam qui suscipit pariatur qui.', NULL, NULL, NULL, '2025-02-16 07:19:30', '2025-02-16 07:19:30'),
(700, 700, 'ar', 'Dee Blanda', 'dee-blanda', 'Tenetur a aut et similique quas est. Rerum voluptas laborum et ea dolorem incidunt explicabo. Non ut debitis aut facere. Maiores blanditiis adipisci minima qui ratione vel.', NULL, NULL, NULL, '2025-02-16 07:19:30', '2025-02-16 07:19:30'),
(701, 701, 'ar', 'Mr. Caden Bechtelar', 'mr.-caden-bechtelar', 'Facilis voluptates molestias qui ut atque error. Alias sapiente reiciendis occaecati harum sint optio.', NULL, NULL, NULL, '2025-02-16 07:19:30', '2025-02-16 07:19:30'),
(702, 702, 'ar', 'Dino Mann', 'dino-mann', 'Ab dignissimos voluptas fugiat ipsa iusto. Exercitationem quam sed commodi possimus sit. Et quia sit odit. Occaecati voluptas tempore laborum qui et ratione.', NULL, NULL, NULL, '2025-02-16 07:19:30', '2025-02-16 07:19:30'),
(703, 703, 'ar', 'Jesus Rutherford', 'jesus-rutherford', 'Tempore veritatis iste est porro iure necessitatibus. Quia porro molestiae maiores odio.', NULL, NULL, NULL, '2025-02-16 07:19:30', '2025-02-16 07:19:30'),
(704, 704, 'ar', 'Dr. Nash Ferry III', 'dr.-nash-ferry-iii', 'Autem qui expedita sit fugiat itaque. Perspiciatis quaerat voluptatem et sint. Quibusdam corporis fugiat consequatur rerum eaque maiores. Nam mollitia quam est fugit omnis.', NULL, NULL, NULL, '2025-02-16 07:19:30', '2025-02-16 07:19:30'),
(705, 705, 'ar', 'Sammie Block', 'sammie-block', 'Quia ut et illo ut. Dolores voluptate asperiores fugit iure. Sit adipisci qui iure animi dolor voluptate unde. Nihil non eveniet illo facilis. Laboriosam placeat ipsum soluta hic.', NULL, NULL, NULL, '2025-02-16 07:19:30', '2025-02-16 07:19:30'),
(706, 706, 'ar', 'Bettie Beahan V', 'bettie-beahan-v', 'Accusamus sed hic sed. Maiores et ab ipsam quae consectetur. Autem ipsa odit tempore omnis et. Occaecati aut voluptatem quibusdam iusto. Quo mollitia nihil porro ea sunt.', NULL, NULL, NULL, '2025-02-16 07:19:30', '2025-02-16 07:19:30'),
(707, 707, 'ar', 'Maida Daugherty', 'maida-daugherty', 'Accusantium aut omnis quae sed est adipisci quia dignissimos. Cumque sint et magni magnam laboriosam saepe assumenda. Neque qui cupiditate ab totam molestiae aut. Ut a eos ut accusantium amet tempore sunt.', NULL, NULL, NULL, '2025-02-16 07:19:30', '2025-02-16 07:19:30'),
(708, 708, 'ar', 'Mrs. Birdie Kuhic Sr.', 'mrs.-birdie-kuhic-sr.', 'Ut pariatur qui minus vel ratione perferendis consequatur. Qui maiores odit occaecati consequatur numquam vero quos ut. Et sint error quidem maiores dolorem. Nemo id aperiam veritatis sint exercitationem a voluptas. Sed mollitia aliquid et.', NULL, NULL, NULL, '2025-02-16 07:19:30', '2025-02-16 07:19:30'),
(709, 709, 'ar', 'Arne Turner', 'arne-turner', 'Aut veritatis qui laudantium. Et id deserunt magnam rerum illo. Deserunt alias nemo aut quis.', NULL, NULL, NULL, '2025-02-16 07:19:30', '2025-02-16 07:19:30'),
(710, 710, 'ar', 'Josue Bernhard', 'josue-bernhard', 'Deleniti sit ut quis exercitationem unde est accusamus impedit. Distinctio repellendus facilis dolor dolores. Sequi eveniet est ea commodi adipisci ut.', NULL, NULL, NULL, '2025-02-16 07:19:30', '2025-02-16 07:19:30'),
(711, 711, 'ar', 'Alfonso Mann', 'alfonso-mann', 'Non quibusdam earum nostrum odio. Doloribus non in aut dolor voluptatum totam. Omnis sed voluptatem molestias occaecati corrupti quaerat necessitatibus.', NULL, NULL, NULL, '2025-02-16 07:19:30', '2025-02-16 07:19:30'),
(712, 712, 'ar', 'Brain Baumbach MD', 'brain-baumbach-md', 'Ipsam sunt eligendi quas fugit. Molestiae et voluptatum velit inventore molestiae autem blanditiis. Commodi incidunt et ipsa et. Velit sint exercitationem expedita ducimus atque in.', NULL, NULL, NULL, '2025-02-16 07:19:30', '2025-02-16 07:19:30'),
(713, 713, 'ar', 'Melvina Considine', 'melvina-considine', 'Sit dignissimos corrupti delectus est. Quasi eaque hic nesciunt sit. Possimus et sequi omnis quia dolor sed. Autem quae voluptatum ad distinctio molestias.', NULL, NULL, NULL, '2025-02-16 07:19:30', '2025-02-16 07:19:30'),
(714, 714, 'ar', 'Mr. Haley Beahan DVM', 'mr.-haley-beahan-dvm', 'Sit omnis modi et inventore autem. Repellendus nemo consequatur quam minima. Incidunt incidunt accusamus aut nisi quo id minus. Non laboriosam qui accusantium vitae minima nisi enim. Ea natus voluptatum voluptatibus ut est cumque.', NULL, NULL, NULL, '2025-02-16 07:19:30', '2025-02-16 07:19:30'),
(715, 715, 'ar', 'Bert Dickinson', 'bert-dickinson', 'Molestias debitis et ullam veniam veritatis cumque. Aperiam mollitia quis explicabo. Cupiditate occaecati odit eligendi aut.', NULL, NULL, NULL, '2025-02-16 07:19:30', '2025-02-16 07:19:30'),
(716, 716, 'ar', 'Alec Hill', 'alec-hill', 'Voluptatem rerum id dolor nobis. Doloribus nemo magni aliquam aperiam accusantium et. Illo repellat enim est rerum nesciunt magni eligendi et. Assumenda quisquam nihil eos eaque aut.', NULL, NULL, NULL, '2025-02-16 07:19:30', '2025-02-16 07:19:30'),
(717, 717, 'ar', 'Mr. Jessie Dickinson IV', 'mr.-jessie-dickinson-iv', 'Quod architecto omnis asperiores delectus similique et aspernatur. Consequatur officia minus illo. Atque autem maxime eveniet. Possimus ex eum ipsum fugit provident ducimus.', NULL, NULL, NULL, '2025-02-16 07:19:30', '2025-02-16 07:19:30'),
(718, 718, 'ar', 'Kelli Lind', 'kelli-lind', 'Non et corrupti aut aut. Dolore eveniet quo quo praesentium architecto voluptatum. Omnis ea velit soluta nesciunt qui adipisci.', NULL, NULL, NULL, '2025-02-16 07:19:30', '2025-02-16 07:19:30'),
(719, 719, 'ar', 'Saige Kessler III', 'saige-kessler-iii', 'Iure illum molestiae velit veritatis eius architecto saepe. Aliquid eos aut aspernatur dolorum eaque omnis. Maxime libero qui odit.', NULL, NULL, NULL, '2025-02-16 07:19:30', '2025-02-16 07:19:30'),
(720, 720, 'ar', 'Lia Hessel', 'lia-hessel', 'Ut delectus vel officiis aut ut sit dolorem. Corporis ipsa voluptas fuga animi sequi quis modi sequi. Maiores magnam consequatur enim distinctio dignissimos quia hic.', NULL, NULL, NULL, '2025-02-16 07:19:30', '2025-02-16 07:19:30'),
(721, 721, 'ar', 'Rowan Homenick', 'rowan-homenick', 'Quam deserunt qui dolor voluptate. Eos delectus nostrum et porro aut doloremque. Aut quidem id voluptate animi iusto.', NULL, NULL, NULL, '2025-02-16 07:19:30', '2025-02-16 07:19:30'),
(722, 722, 'ar', 'Jerome Cole V', 'jerome-cole-v', 'Magni assumenda sed in neque est aut dolore iure. Sed aliquid aspernatur voluptas totam in et. Quae harum mollitia in accusamus consequatur. Aut blanditiis repellat suscipit minima explicabo aperiam.', NULL, NULL, NULL, '2025-02-16 07:19:30', '2025-02-16 07:19:30'),
(723, 723, 'ar', 'Jocelyn Mueller', 'jocelyn-mueller', 'Et distinctio laborum molestias sit voluptate aut. Non laborum fugit ipsum enim non. Qui quis vel vitae voluptatum recusandae sit.', NULL, NULL, NULL, '2025-02-16 07:19:30', '2025-02-16 07:19:30'),
(724, 724, 'ar', 'Mrs. Mya Zemlak', 'mrs.-mya-zemlak', 'Quibusdam atque omnis repudiandae error itaque ad neque. Alias illo velit modi qui officia enim a animi. Occaecati exercitationem error laboriosam. Aut eaque non et tenetur.', NULL, NULL, NULL, '2025-02-16 07:19:30', '2025-02-16 07:19:30'),
(725, 725, 'ar', 'Devante Pollich', 'devante-pollich', 'Dignissimos repellat sunt dolorum. Ducimus sapiente inventore natus accusamus. Adipisci doloremque sed dicta. Et qui iusto magnam ducimus dicta velit.', NULL, NULL, NULL, '2025-02-16 07:19:30', '2025-02-16 07:19:30'),
(726, 726, 'ar', 'Marlee Parker V', 'marlee-parker-v', 'Vitae error recusandae error odit. Unde architecto molestiae deserunt consequatur nesciunt quia temporibus vel. Exercitationem ab recusandae at et veniam doloribus quasi. Nesciunt laudantium minus nisi aliquid est placeat tempore assumenda.', NULL, NULL, NULL, '2025-02-16 07:19:30', '2025-02-16 07:19:30'),
(727, 727, 'ar', 'Bernadine Lebsack I', 'bernadine-lebsack-i', 'Quos tenetur et voluptate qui. Sit aperiam eos consequatur dolores. Ut rem nobis distinctio error nobis necessitatibus sapiente.', NULL, NULL, NULL, '2025-02-16 07:19:30', '2025-02-16 07:19:30'),
(728, 728, 'ar', 'Rosa Gibson', 'rosa-gibson', 'Necessitatibus quos expedita veritatis aut assumenda. Ea non voluptatem est doloremque accusantium id voluptatem. Perspiciatis assumenda ducimus aut asperiores occaecati deleniti sequi.', NULL, NULL, NULL, '2025-02-16 07:19:30', '2025-02-16 07:19:30'),
(729, 729, 'ar', 'Warren Schoen', 'warren-schoen', 'At omnis ratione et provident. Vel dignissimos eum reprehenderit nam et est porro. Nihil et blanditiis voluptatem repellat recusandae.', NULL, NULL, NULL, '2025-02-16 07:19:30', '2025-02-16 07:19:30'),
(730, 730, 'ar', 'Dangelo Nienow', 'dangelo-nienow', 'Sunt neque explicabo beatae. Adipisci fuga odit cupiditate enim sit illo. Sit autem reprehenderit occaecati autem. Tempore dolor et odio quo natus et.', NULL, NULL, NULL, '2025-02-16 07:19:30', '2025-02-16 07:19:30'),
(731, 731, 'ar', 'Lacey Kirlin', 'lacey-kirlin', 'Est non odio ut. Rerum hic quisquam doloribus magnam. Voluptate a aperiam quia. Voluptate aut quia deserunt minima ipsa magni eligendi sit.', NULL, NULL, NULL, '2025-02-16 07:19:30', '2025-02-16 07:19:30'),
(732, 732, 'ar', 'Holly Crona', 'holly-crona', 'Quae ullam enim provident perspiciatis minima. Praesentium totam doloremque ea non voluptatibus reprehenderit. Aut ut accusantium magnam cum beatae et nihil.', NULL, NULL, NULL, '2025-02-16 07:19:30', '2025-02-16 07:19:30'),
(733, 733, 'ar', 'Sincere Streich', 'sincere-streich', 'Sit aperiam totam et praesentium eos hic autem. Et consequatur iste hic accusamus impedit. Laudantium unde et ut sunt sit in id impedit.', NULL, NULL, NULL, '2025-02-16 07:19:30', '2025-02-16 07:19:30'),
(734, 734, 'ar', 'Prof. Gordon Murphy', 'prof.-gordon-murphy', 'Minus voluptatem est debitis cupiditate placeat temporibus molestiae. Aliquid amet doloremque deserunt fuga. Iusto nobis quis qui molestiae corporis voluptate dolorem. Itaque reiciendis consectetur praesentium totam est. Consequatur in cupiditate est et unde aliquam.', NULL, NULL, NULL, '2025-02-16 07:19:30', '2025-02-16 07:19:30'),
(735, 735, 'ar', 'Laurianne Ebert', 'laurianne-ebert', 'Quae occaecati non voluptatibus neque numquam dolor omnis. Et eius et aliquam deleniti. Placeat sapiente et quia ea necessitatibus. Repudiandae facilis voluptatem illum architecto voluptas laborum delectus aut.', NULL, NULL, NULL, '2025-02-16 07:19:30', '2025-02-16 07:19:30'),
(736, 736, 'ar', 'Aliya Koepp', 'aliya-koepp', 'Et veritatis minus dolore fugiat est quo soluta. Et voluptatem nobis corrupti est et dolorum. Quam at ab asperiores voluptates. Voluptate dignissimos iste modi laborum qui.', NULL, NULL, NULL, '2025-02-16 07:19:30', '2025-02-16 07:19:30'),
(737, 737, 'ar', 'Dr. Avery Ledner', 'dr.-avery-ledner', 'Consectetur aut qui illo est voluptates impedit quia. Neque doloribus sit et autem nisi ut nulla dolores. Exercitationem delectus sequi vel dolorum necessitatibus aperiam voluptas.', NULL, NULL, NULL, '2025-02-16 07:19:30', '2025-02-16 07:19:30'),
(738, 738, 'ar', 'Oscar Howell DVM', 'oscar-howell-dvm', 'Sed consequuntur quidem et dignissimos. Ut voluptatibus eaque velit quae ducimus vel voluptas recusandae. Totam suscipit beatae modi dolores ipsa.', NULL, NULL, NULL, '2025-02-16 07:19:30', '2025-02-16 07:19:30'),
(739, 739, 'ar', 'Russel Flatley', 'russel-flatley', 'Omnis sapiente temporibus eos ea illo quia. Veritatis omnis iusto ut voluptas vel delectus aspernatur voluptas. Harum expedita aut sequi.', NULL, NULL, NULL, '2025-02-16 07:19:30', '2025-02-16 07:19:30'),
(740, 740, 'ar', 'Keon Dicki', 'keon-dicki', 'Excepturi doloremque quos sit saepe. Qui quia et et ea officiis. Culpa veritatis illum hic et omnis et.', NULL, NULL, NULL, '2025-02-16 07:19:30', '2025-02-16 07:19:30'),
(741, 741, 'ar', 'Clement White', 'clement-white', 'Inventore a quam dolor vel ex. Et doloremque eum quia occaecati quae sed ipsam ex. Amet illum vero autem maiores eveniet aut deleniti itaque.', NULL, NULL, NULL, '2025-02-16 07:19:30', '2025-02-16 07:19:30'),
(742, 742, 'ar', 'Keven Effertz', 'keven-effertz', 'Est est dolorum voluptatem reprehenderit aliquid doloremque. Sint similique sit rerum vero. Quasi non voluptatem rem saepe distinctio consequatur. Sunt optio repellendus odio non.', NULL, NULL, NULL, '2025-02-16 07:19:30', '2025-02-16 07:19:30'),
(743, 743, 'ar', 'Alfred Reinger', 'alfred-reinger', 'Ducimus ullam ullam magnam molestiae dolorem id. Esse saepe in qui commodi sint molestias. Magnam fugit et impedit magni odio. Amet at deserunt vel aliquid rem.', NULL, NULL, NULL, '2025-02-16 07:19:30', '2025-02-16 07:19:30'),
(744, 744, 'ar', 'Demario Grady', 'demario-grady', 'Eligendi consequuntur qui nihil officia quisquam. Delectus in magnam veritatis fugit exercitationem nam veniam. Atque aperiam suscipit repellendus dolorem quia iusto illo quae.', NULL, NULL, NULL, '2025-02-16 07:19:30', '2025-02-16 07:19:30'),
(745, 745, 'ar', 'Randy Kshlerin II', 'randy-kshlerin-ii', 'Laborum asperiores deleniti pariatur sit. Et laboriosam eum qui eos veritatis illo non.', NULL, NULL, NULL, '2025-02-16 07:19:30', '2025-02-16 07:19:30'),
(746, 746, 'ar', 'Assunta Bode DVM', 'assunta-bode-dvm', 'Quis recusandae numquam numquam repellendus autem fuga quia. A ut error molestias eligendi sint. Temporibus est velit id non est ex maiores velit.', NULL, NULL, NULL, '2025-02-16 07:19:30', '2025-02-16 07:19:30'),
(747, 747, 'ar', 'Ms. Anais Schneider Sr.', 'ms.-anais-schneider-sr.', 'Nemo sunt et est rerum quia. Sunt et excepturi quibusdam velit sunt. Vel corrupti expedita et eaque. Numquam debitis unde id alias ut perspiciatis eum.', NULL, NULL, NULL, '2025-02-16 07:19:30', '2025-02-16 07:19:30'),
(748, 748, 'ar', 'Jaqueline Considine', 'jaqueline-considine', 'Ad eos magni error fugit. Est dolorum debitis ea et consequatur sed. Corporis dolor hic et. Ut et occaecati ut veniam officiis ut.', NULL, NULL, NULL, '2025-02-16 07:19:30', '2025-02-16 07:19:30'),
(749, 749, 'ar', 'Emery Robel V', 'emery-robel-v', 'Cupiditate aut qui voluptas qui. Cum adipisci earum sit vero nemo error. Non et laborum minus dolorem quibusdam sit asperiores. Rerum similique officiis et.', NULL, NULL, NULL, '2025-02-16 07:19:30', '2025-02-16 07:19:30'),
(750, 750, 'ar', 'Lolita Ritchie', 'lolita-ritchie', 'Et architecto maxime aliquid sit blanditiis libero adipisci. Excepturi aspernatur adipisci aut reprehenderit corporis quidem. Unde aliquid est maxime est occaecati nam laboriosam asperiores. Saepe similique qui facilis dolores doloribus. Neque molestias ut consequatur enim quibusdam in sunt rerum.', NULL, NULL, NULL, '2025-02-16 07:19:30', '2025-02-16 07:19:30'),
(751, 751, 'ar', 'Jerod DuBuque', 'jerod-dubuque', 'Aut veritatis et rerum vero sapiente quos illum. Deleniti atque aut quidem mollitia incidunt ipsum aliquid. Facere aspernatur dolore ut saepe eos.', NULL, NULL, NULL, '2025-02-16 07:19:30', '2025-02-16 07:19:30'),
(752, 752, 'ar', 'Nasir Homenick', 'nasir-homenick', 'Quas non perferendis recusandae nisi doloremque sit. Eius reiciendis officia fugiat possimus. Id eveniet consectetur vero aut voluptatibus nam possimus.', NULL, NULL, NULL, '2025-02-16 07:19:30', '2025-02-16 07:19:30'),
(753, 753, 'ar', 'Ms. Andreane Jakubowski III', 'ms.-andreane-jakubowski-iii', 'Consectetur debitis et architecto quod harum nesciunt minima. Dolor asperiores odio aut eaque vero velit quo. Rem et cum veniam distinctio dolor.', NULL, NULL, NULL, '2025-02-16 07:19:30', '2025-02-16 07:19:30'),
(754, 754, 'ar', 'Imelda Heathcote', 'imelda-heathcote', 'Animi impedit aliquid dolores nemo adipisci officia. Libero doloribus ea assumenda velit beatae. Veniam asperiores aperiam iure rem. Saepe aperiam impedit dolor qui error autem. Reiciendis perspiciatis corporis eligendi dicta ea.', NULL, NULL, NULL, '2025-02-16 07:19:30', '2025-02-16 07:19:30'),
(755, 755, 'ar', 'Douglas Morar', 'douglas-morar', 'Atque rerum rem in consectetur provident. Repellat et beatae totam. Iusto dolorum facilis omnis quos quia eos. Ad deleniti minima in eius.', NULL, NULL, NULL, '2025-02-16 07:19:30', '2025-02-16 07:19:30'),
(756, 756, 'ar', 'Etha Kutch', 'etha-kutch', 'Tenetur est autem architecto voluptatem. Et dolores maxime laboriosam id sed quos. Labore asperiores voluptate qui architecto dolorum. Dolorem et sequi autem consequatur quisquam.', NULL, NULL, NULL, '2025-02-16 07:19:30', '2025-02-16 07:19:30'),
(757, 757, 'ar', 'Myrna Romaguera', 'myrna-romaguera', 'Repellat pariatur officia est error autem earum occaecati. Tenetur possimus fugit dolorem. Hic ut necessitatibus vel qui soluta illo. Repellat autem exercitationem ut consectetur sint dolores consectetur.', NULL, NULL, NULL, '2025-02-16 07:19:30', '2025-02-16 07:19:30'),
(758, 758, 'ar', 'Alycia Nikolaus V', 'alycia-nikolaus-v', 'Aliquid sed ducimus vero. Quo cum vel veniam aut et nesciunt molestias quidem. Aliquid earum molestiae et autem dolorum. Necessitatibus aut iste non quis quod odit ex.', NULL, NULL, NULL, '2025-02-16 07:19:30', '2025-02-16 07:19:30'),
(759, 759, 'ar', 'Mr. Modesto Fisher', 'mr.-modesto-fisher', 'Magnam consequatur qui quo veniam voluptas sunt doloremque. Possimus debitis et cumque et nostrum. Possimus delectus soluta adipisci et et. Numquam modi consectetur qui.', NULL, NULL, NULL, '2025-02-16 07:19:30', '2025-02-16 07:19:30'),
(760, 760, 'ar', 'Kamryn Trantow', 'kamryn-trantow', 'Aspernatur nulla et deleniti eius fugit. Dolore officia eos reprehenderit sint. Nulla omnis sit atque eveniet.', NULL, NULL, NULL, '2025-02-16 07:19:30', '2025-02-16 07:19:30'),
(761, 761, 'ar', 'Maryjane Marvin', 'maryjane-marvin', 'Est omnis enim amet facilis et aut eos eum. Possimus id ipsam impedit.', NULL, NULL, NULL, '2025-02-16 07:19:30', '2025-02-16 07:19:30'),
(762, 762, 'ar', 'Clifford Daniel', 'clifford-daniel', 'Animi voluptatibus magnam incidunt est alias. Sed non fugit ut nesciunt. Molestias voluptas quia sit quam impedit nihil.', NULL, NULL, NULL, '2025-02-16 07:19:30', '2025-02-16 07:19:30'),
(763, 763, 'ar', 'Mr. Alex Kiehn', 'mr.-alex-kiehn', 'Sint consectetur ut qui nulla ea animi. Quia at saepe molestiae sapiente. Qui sed ut veritatis et recusandae quis odio. Cum et inventore possimus ut necessitatibus.', NULL, NULL, NULL, '2025-02-16 07:19:30', '2025-02-16 07:19:30'),
(764, 764, 'ar', 'Antoinette Casper', 'antoinette-casper', 'Beatae voluptas dolores saepe libero voluptatum. Omnis illo et rerum earum repellendus nesciunt. Aut porro omnis porro ex. Inventore autem dolorem cum.', NULL, NULL, NULL, '2025-02-16 07:19:30', '2025-02-16 07:19:30'),
(765, 765, 'ar', 'Melyna Marks V', 'melyna-marks-v', 'Aspernatur eos est quos ducimus cum. Praesentium officiis qui blanditiis ut pariatur beatae rerum beatae. Officiis dolores tempore et quo suscipit molestias aspernatur fugiat.', NULL, NULL, NULL, '2025-02-16 07:19:30', '2025-02-16 07:19:30'),
(766, 766, 'ar', 'Dr. Mireille Stiedemann V', 'dr.-mireille-stiedemann-v', 'Sequi hic sequi temporibus et voluptatem aut. Culpa illo corporis sapiente. Expedita voluptatem eaque sed facilis.', NULL, NULL, NULL, '2025-02-16 07:19:30', '2025-02-16 07:19:30'),
(767, 767, 'ar', 'Andreanne Adams', 'andreanne-adams', 'Ut placeat inventore beatae recusandae enim quia. Totam amet quibusdam enim ex non totam quaerat eum. Rerum dignissimos aut aspernatur dolorem distinctio.', NULL, NULL, NULL, '2025-02-16 07:19:30', '2025-02-16 07:19:30'),
(768, 768, 'ar', 'Carolyn Reichel', 'carolyn-reichel', 'Nobis dolores placeat facere maiores omnis dolore. Id laborum voluptas ut. Eius ea consequatur voluptates iusto aut quo quia. Repudiandae laboriosam quod ducimus porro ut provident iste eveniet.', NULL, NULL, NULL, '2025-02-16 07:19:30', '2025-02-16 07:19:30'),
(769, 769, 'ar', 'Miss Aiyana Hintz', 'miss-aiyana-hintz', 'Exercitationem repudiandae nemo tempore consequatur. A sit est eligendi deserunt dolores et vel non. Non quia consequuntur cum ut. Omnis quia ab perspiciatis ea.', NULL, NULL, NULL, '2025-02-16 07:19:30', '2025-02-16 07:19:30'),
(770, 770, 'ar', 'Arnaldo Beahan PhD', 'arnaldo-beahan-phd', 'Sed perferendis error id modi ipsum enim consequuntur. Fuga et rerum impedit ratione commodi repellat et. Molestiae voluptatem ab omnis magni qui molestiae.', NULL, NULL, NULL, '2025-02-16 07:19:30', '2025-02-16 07:19:30'),
(771, 771, 'ar', 'Abdullah Yundt', 'abdullah-yundt', 'Et tenetur unde non sunt quisquam nisi. Voluptates veniam provident occaecati. Odit harum quas quam laborum et culpa nemo. Quam facere mollitia repellat ratione.', NULL, NULL, NULL, '2025-02-16 07:19:30', '2025-02-16 07:19:30'),
(772, 772, 'ar', 'Alta Mitchell', 'alta-mitchell', 'Fuga dolorum quis quo hic nisi quis. Exercitationem quidem libero ea ipsam a et. Quia at voluptas atque facilis commodi quia.', NULL, NULL, NULL, '2025-02-16 07:19:30', '2025-02-16 07:19:30'),
(773, 773, 'ar', 'Maida Koelpin II', 'maida-koelpin-ii', 'Quia aut neque perspiciatis optio perspiciatis. Ut eum velit praesentium sunt. Consequatur quia error et id quis iusto.', NULL, NULL, NULL, '2025-02-16 07:19:31', '2025-02-16 07:19:31'),
(774, 774, 'ar', 'Saul Gutmann', 'saul-gutmann', 'Debitis magnam explicabo necessitatibus dolor nihil ad nam itaque. Amet est sint ea id id. Rerum illum est aut nesciunt dolorem.', NULL, NULL, NULL, '2025-02-16 07:19:31', '2025-02-16 07:19:31'),
(775, 775, 'ar', 'Lew Quitzon DVM', 'lew-quitzon-dvm', 'Perspiciatis dolorem doloremque aliquam est qui dolores. Autem nostrum officia aliquid voluptas corporis perspiciatis delectus corporis.', NULL, NULL, NULL, '2025-02-16 07:19:31', '2025-02-16 07:19:31'),
(776, 776, 'ar', 'Electa Yundt IV', 'electa-yundt-iv', 'Excepturi voluptatem laborum enim ut reprehenderit. Aperiam et possimus laboriosam deleniti voluptate non maiores. Voluptatem qui rerum porro sed qui.', NULL, NULL, NULL, '2025-02-16 07:19:31', '2025-02-16 07:19:31'),
(777, 777, 'ar', 'Ivah Bosco', 'ivah-bosco', 'Neque voluptas illo et et harum in. Dolore neque itaque necessitatibus molestiae quam. Voluptas nemo ad omnis beatae. Odit laudantium iure officiis incidunt inventore.', NULL, NULL, NULL, '2025-02-16 07:19:31', '2025-02-16 07:19:31'),
(778, 778, 'ar', 'Sigmund Zboncak Jr.', 'sigmund-zboncak-jr.', 'Perferendis ullam aliquam natus aliquam in. Et quia molestias id ea id. Dolorum rerum ex et sit sit laudantium repellat quidem.', NULL, NULL, NULL, '2025-02-16 07:19:31', '2025-02-16 07:19:31'),
(779, 779, 'ar', 'Mrs. Chloe Bailey', 'mrs.-chloe-bailey', 'Facilis qui deserunt illum sit provident illum. Dolor cum at aut ad velit quam iure distinctio. Quo dolores ipsum repellendus nostrum ad. Dolor commodi fuga nisi dignissimos est modi numquam quo.', NULL, NULL, NULL, '2025-02-16 07:19:31', '2025-02-16 07:19:31'),
(780, 780, 'ar', 'Prof. Lonny Tillman', 'prof.-lonny-tillman', 'Ipsam delectus nulla nobis architecto vitae labore ex. Ut aspernatur perferendis nihil. Ullam id possimus occaecati quidem quos nemo quasi sequi. At quod voluptatem ea rerum quia necessitatibus sit.', NULL, NULL, NULL, '2025-02-16 07:19:31', '2025-02-16 07:19:31'),
(781, 781, 'ar', 'Tianna Hill', 'tianna-hill', 'Id id et molestiae et iusto molestias molestias. Consequuntur minus quo officiis fugiat. Exercitationem at nisi est reiciendis et ut sed necessitatibus.', NULL, NULL, NULL, '2025-02-16 07:19:31', '2025-02-16 07:19:31'),
(782, 782, 'ar', 'Emelie Heaney', 'emelie-heaney', 'Laudantium velit odio voluptas itaque. Ut veritatis nihil error totam. Animi ratione aut magni autem eum voluptates quod. Delectus asperiores molestiae quis cum dolorem error maxime ea.', NULL, NULL, NULL, '2025-02-16 07:19:31', '2025-02-16 07:19:31'),
(783, 783, 'ar', 'Zion Carter', 'zion-carter', 'Sapiente deleniti dolorem earum perspiciatis. A maxime nisi nihil cupiditate consequatur perspiciatis in nostrum. Inventore tenetur consequatur voluptas unde et maiores in. Id asperiores fuga voluptatem quia ut tempora.', NULL, NULL, NULL, '2025-02-16 07:19:31', '2025-02-16 07:19:31'),
(784, 784, 'ar', 'Olin Tromp', 'olin-tromp', 'Est ut tempore eaque excepturi nam deleniti. Eum necessitatibus porro voluptatum. Cupiditate distinctio ex doloremque enim facilis voluptatem.', NULL, NULL, NULL, '2025-02-16 07:19:31', '2025-02-16 07:19:31'),
(785, 785, 'ar', 'Damion Hermiston', 'damion-hermiston', 'Aut laborum sed ipsa esse eos. Dolore repudiandae inventore nostrum recusandae est aspernatur ut harum. Et non sit dicta saepe labore consequuntur sed. Voluptatem est quibusdam illum cumque incidunt.', NULL, NULL, NULL, '2025-02-16 07:19:31', '2025-02-16 07:19:31'),
(786, 786, 'ar', 'Bria Senger MD', 'bria-senger-md', 'Veritatis minima culpa ipsum voluptas. Et nihil nihil quia quia. Corporis corrupti ut ducimus nam a cum.', NULL, NULL, NULL, '2025-02-16 07:19:31', '2025-02-16 07:19:31'),
(787, 787, 'ar', 'Garfield Prohaska', 'garfield-prohaska', 'Quod est corrupti odio libero. Assumenda aspernatur sapiente alias ut quasi. Omnis expedita sunt est ratione quaerat saepe. Aperiam accusamus ut quisquam facilis autem perspiciatis qui ut.', NULL, NULL, NULL, '2025-02-16 07:19:31', '2025-02-16 07:19:31'),
(788, 788, 'ar', 'Elsie D\'Amore PhD', 'elsie-d\'amore-phd', 'Unde eaque itaque iste voluptatem. Quo rem voluptatem veritatis ab deserunt alias a. Nobis autem natus fuga labore repellat impedit quas.', NULL, NULL, NULL, '2025-02-16 07:19:31', '2025-02-16 07:19:31'),
(789, 789, 'ar', 'Prof. Alicia Reichel I', 'prof.-alicia-reichel-i', 'Quis qui quia optio maiores totam voluptatem eos. Mollitia maxime sed adipisci omnis. Est nihil voluptatum sint. Accusamus ipsum animi nesciunt totam quam.', NULL, NULL, NULL, '2025-02-16 07:19:31', '2025-02-16 07:19:31'),
(790, 790, 'ar', 'Kayli Roberts', 'kayli-roberts', 'Consequatur aperiam cumque distinctio est aliquid. Eveniet facilis nobis incidunt et consequatur quos. Qui consectetur non voluptatem numquam cumque corrupti non. Et et quia omnis magni distinctio eveniet.', NULL, NULL, NULL, '2025-02-16 07:19:31', '2025-02-16 07:19:31'),
(791, 791, 'ar', 'Hailee Spencer', 'hailee-spencer', 'Id et quia quis iure voluptas. Architecto non nesciunt aliquam rem cupiditate. Ratione maxime porro ea.', NULL, NULL, NULL, '2025-02-16 07:19:31', '2025-02-16 07:19:31'),
(792, 792, 'ar', 'Prof. Bridie O\'Keefe', 'prof.-bridie-o\'keefe', 'Omnis voluptas nobis ut eos illo aut. Reprehenderit eveniet sit et voluptatem. Beatae architecto mollitia et non excepturi praesentium.', NULL, NULL, NULL, '2025-02-16 07:19:31', '2025-02-16 07:19:31'),
(793, 793, 'ar', 'Mr. Lafayette Russel I', 'mr.-lafayette-russel-i', 'Mollitia architecto aliquam iste ea ratione nisi ut. Ut voluptatibus facere tempora tenetur qui nihil iure. Repudiandae explicabo cumque ut corporis id aut. Dolor eos natus nihil.', NULL, NULL, NULL, '2025-02-16 07:19:31', '2025-02-16 07:19:31');
INSERT INTO `categories_translations` (`id`, `category_id`, `locale`, `title`, `slug`, `description`, `meta_title`, `meta_description`, `meta_key`, `created_at`, `updated_at`) VALUES
(794, 794, 'ar', 'Brant Schuster DVM', 'brant-schuster-dvm', 'Eos vitae sapiente nulla velit et rerum laudantium eum. Fugiat nulla voluptatem enim eum. Voluptas voluptatem eos quisquam ullam officiis nam. Aliquid earum deserunt dolorum sit. Doloribus aut ut eligendi aut corrupti voluptas.', NULL, NULL, NULL, '2025-02-16 07:19:31', '2025-02-16 07:19:31'),
(795, 795, 'ar', 'Prof. Doyle Kohler', 'prof.-doyle-kohler', 'Mollitia eaque fugiat exercitationem dolor ut. Animi consectetur aut aspernatur. Placeat accusantium sed repudiandae incidunt ut.', NULL, NULL, NULL, '2025-02-16 07:19:31', '2025-02-16 07:19:31'),
(796, 796, 'ar', 'Lemuel Hill', 'lemuel-hill', 'Beatae et dignissimos vero minus harum. Autem harum maiores quas officiis doloribus corporis. Animi aspernatur commodi ratione blanditiis exercitationem ut aspernatur.', NULL, NULL, NULL, '2025-02-16 07:19:31', '2025-02-16 07:19:31'),
(797, 797, 'ar', 'Lavern Beier IV', 'lavern-beier-iv', 'Perspiciatis aliquam ducimus quae id fuga. Delectus culpa adipisci voluptas est. Amet aut ut eaque.', NULL, NULL, NULL, '2025-02-16 07:19:31', '2025-02-16 07:19:31'),
(798, 798, 'ar', 'Guy Sanford', 'guy-sanford', 'Autem ea perspiciatis autem et. Quisquam consequuntur voluptate qui dolore sed velit velit velit. Nobis molestias unde non vel mollitia fugiat sed.', NULL, NULL, NULL, '2025-02-16 07:19:31', '2025-02-16 07:19:31'),
(799, 799, 'ar', 'Sebastian Predovic', 'sebastian-predovic', 'Debitis eum ut voluptatem ratione. Repellendus repudiandae nulla est voluptatem nemo in. Tempore sequi hic eaque saepe quis.', NULL, NULL, NULL, '2025-02-16 07:19:31', '2025-02-16 07:19:31'),
(800, 800, 'ar', 'Miss Missouri Abbott Jr.', 'miss-missouri-abbott-jr.', 'Quis tempora sapiente sint eius ipsum. Qui est aut et maxime quos quia officiis cum.', NULL, NULL, NULL, '2025-02-16 07:19:31', '2025-02-16 07:19:31'),
(801, 801, 'ar', 'Emmanuelle Quitzon', 'emmanuelle-quitzon', 'Quae nulla hic ducimus doloribus sit totam deleniti ea. Nemo qui quia doloribus autem temporibus doloribus. Qui similique labore aut qui et quisquam.', NULL, NULL, NULL, '2025-02-16 07:19:31', '2025-02-16 07:19:31'),
(802, 802, 'ar', 'Vallie Jacobson', 'vallie-jacobson', 'Nostrum quasi eos dignissimos pariatur dolores ut voluptate sint. Dolorem voluptas aliquid reiciendis suscipit id aut debitis saepe. Molestias distinctio sint sit ut.', NULL, NULL, NULL, '2025-02-16 07:19:31', '2025-02-16 07:19:31'),
(803, 803, 'ar', 'Saul Aufderhar IV', 'saul-aufderhar-iv', 'Numquam enim repellendus dolor est voluptate. Tempora quam illo saepe sit saepe quia.', NULL, NULL, NULL, '2025-02-16 07:19:31', '2025-02-16 07:19:31'),
(804, 804, 'ar', 'Lenna Willms PhD', 'lenna-willms-phd', 'Eos ipsa totam nemo delectus maxime rerum. Optio est voluptatibus tempora est aperiam ipsam voluptate dignissimos. Tempore qui qui doloremque non.', NULL, NULL, NULL, '2025-02-16 07:19:31', '2025-02-16 07:19:31'),
(805, 805, 'ar', 'Dr. Nico Grady', 'dr.-nico-grady', 'Modi nisi quia sit rerum excepturi quos. Sapiente veniam libero sed fugit cumque ducimus deserunt ea.', NULL, NULL, NULL, '2025-02-16 07:19:31', '2025-02-16 07:19:31'),
(806, 806, 'ar', 'Ian Wilderman', 'ian-wilderman', 'Nobis maxime nulla ex dolorem et. Inventore ex rerum et id molestiae dolor ipsum qui. Dolorem quo maiores explicabo a possimus.', NULL, NULL, NULL, '2025-02-16 07:19:31', '2025-02-16 07:19:31'),
(807, 807, 'ar', 'Ms. Christine Cole Sr.', 'ms.-christine-cole-sr.', 'Voluptatibus voluptatum distinctio quia error rerum sit. Incidunt voluptatem ad eaque quasi. Autem id aliquam at eveniet alias. Eius et vel et sequi accusamus.', NULL, NULL, NULL, '2025-02-16 07:19:31', '2025-02-16 07:19:31'),
(808, 808, 'ar', 'Sierra Lubowitz', 'sierra-lubowitz', 'Voluptatibus temporibus velit qui dolorum eum et neque dolores. Eligendi numquam quam sit sunt. Non assumenda accusantium hic possimus occaecati debitis. Corporis officia similique debitis aut optio voluptatibus et recusandae.', NULL, NULL, NULL, '2025-02-16 07:19:31', '2025-02-16 07:19:31'),
(809, 809, 'ar', 'Prof. Alda Funk', 'prof.-alda-funk', 'Fugit veritatis animi vel consequatur. Aut exercitationem nam ipsam et. Sint quo culpa debitis dolorem sed aut sed voluptatibus. Molestias qui et voluptatibus.', NULL, NULL, NULL, '2025-02-16 07:19:31', '2025-02-16 07:19:31'),
(810, 810, 'ar', 'Jena Koepp MD', 'jena-koepp-md', 'Libero sunt quod ab et. Nihil debitis ducimus totam laboriosam aut corrupti. Fugit deleniti sit porro fugit omnis. Et eum sed consectetur officia impedit earum.', NULL, NULL, NULL, '2025-02-16 07:19:31', '2025-02-16 07:19:31'),
(811, 811, 'ar', 'Bruce Bogan', 'bruce-bogan', 'Et atque quam illum velit. Perferendis modi perspiciatis dolores quod nihil sequi ut. Dolorum voluptas est pariatur porro repellendus non. Mollitia voluptates delectus officiis at tempora enim qui exercitationem.', NULL, NULL, NULL, '2025-02-16 07:19:31', '2025-02-16 07:19:31'),
(812, 812, 'ar', 'Jade Wiza', 'jade-wiza', 'Possimus a corporis ea iusto molestiae architecto quisquam. Cumque quia quis necessitatibus id exercitationem culpa ut nihil. Adipisci possimus nihil qui ut eius sunt aliquid. Omnis quasi eligendi quia voluptatem adipisci modi dolor.', NULL, NULL, NULL, '2025-02-16 07:19:31', '2025-02-16 07:19:31'),
(813, 813, 'ar', 'Dr. Elissa Goodwin DVM', 'dr.-elissa-goodwin-dvm', 'Maxime et et deleniti optio fuga qui recusandae. Temporibus voluptatem unde ipsam ex et sit. Veritatis quos deleniti id in voluptatem eos eaque. Perspiciatis atque omnis animi molestias optio sit.', NULL, NULL, NULL, '2025-02-16 07:19:31', '2025-02-16 07:19:31'),
(814, 814, 'ar', 'Michale Gleichner', 'michale-gleichner', 'Ut nam ipsam quis a voluptas. Quos et maiores est id dolorum odit voluptas autem. Voluptas qui reiciendis quia recusandae adipisci a. Asperiores quia possimus ipsum modi.', NULL, NULL, NULL, '2025-02-16 07:19:31', '2025-02-16 07:19:31'),
(815, 815, 'ar', 'Mervin Langosh II', 'mervin-langosh-ii', 'Veniam quo est repellendus impedit in. Sint velit rerum iure qui dolores. Sit est animi illo odio.', NULL, NULL, NULL, '2025-02-16 07:19:31', '2025-02-16 07:19:31'),
(816, 816, 'ar', 'Prof. Ana Schulist II', 'prof.-ana-schulist-ii', 'Alias alias ullam reiciendis aut deserunt ducimus. Delectus nemo doloremque voluptatem facilis deserunt magni. In delectus aut sunt blanditiis nihil blanditiis ipsam voluptatem.', NULL, NULL, NULL, '2025-02-16 07:19:31', '2025-02-16 07:19:31'),
(817, 817, 'ar', 'Mr. Jamil O\'Conner', 'mr.-jamil-o\'conner', 'Exercitationem consequatur repellat voluptates aut. Magnam facere enim dolores quia in culpa ut. Non eos accusamus velit itaque in sed dolor facere.', NULL, NULL, NULL, '2025-02-16 07:19:31', '2025-02-16 07:19:31'),
(818, 818, 'ar', 'Noemie Gusikowski', 'noemie-gusikowski', 'Est sed velit in consequatur eveniet. Nisi at cupiditate autem accusantium fugiat. Eum perferendis non maxime ut laudantium expedita sed inventore. Voluptatem voluptates tempore soluta ut molestiae eaque magnam.', NULL, NULL, NULL, '2025-02-16 07:19:31', '2025-02-16 07:19:31'),
(819, 819, 'ar', 'Mr. Edison Hand', 'mr.-edison-hand', 'Quidem quae occaecati rerum iste. Fuga illo voluptatem optio.', NULL, NULL, NULL, '2025-02-16 07:19:31', '2025-02-16 07:19:31'),
(820, 820, 'ar', 'Allene Lang', 'allene-lang', 'Delectus id id sit et voluptatem et et et. Et et quis quibusdam pariatur repellendus quibusdam explicabo. Repellat suscipit cumque magnam qui.', NULL, NULL, NULL, '2025-02-16 07:19:31', '2025-02-16 07:19:31');

-- --------------------------------------------------------

--
-- Table structure for table `category_projects`
--

CREATE TABLE `category_projects` (
  `id` bigint UNSIGNED NOT NULL,
  `parent_id` bigint UNSIGNED DEFAULT NULL,
  `level` int DEFAULT '1',
  `project_types` enum('normal project','single page project','deceased','badal') CHARACTER SET utf8mb4 COLLATE utf8mb4_unicode_ci NOT NULL DEFAULT 'normal project',
  `sort` int DEFAULT '0',
  `back_home` tinyint DEFAULT '1',
  `feature` tinyint DEFAULT '1',
  `status` tinyint DEFAULT '1',
  `fast_donation` tinyint NOT NULL DEFAULT '0',
  `cashier_system` tinyint(1) NOT NULL DEFAULT '0' COMMENT '0=disabled, 1=enabled',
  `image` varchar(255) CHARACTER SET utf8mb4 COLLATE utf8mb4_unicode_ci DEFAULT NULL,
  `background_image` varchar(255) CHARACTER SET utf8mb4 COLLATE utf8mb4_unicode_ci DEFAULT NULL,
  `background_color` varchar(255) CHARACTER SET utf8mb4 COLLATE utf8mb4_unicode_ci DEFAULT NULL,
  `section_bg` varchar(255) CHARACTER SET utf8mb4 COLLATE utf8mb4_unicode_ci DEFAULT NULL,
  `created_by` bigint UNSIGNED DEFAULT NULL,
  `updated_by` bigint UNSIGNED DEFAULT NULL,
  `deleted_at` timestamp NULL DEFAULT NULL,
  `created_at` timestamp NULL DEFAULT NULL,
  `updated_at` timestamp NULL DEFAULT NULL,
  `main_home` tinyint DEFAULT '1',
  `statistics` varchar(255) COLLATE utf8mb4_unicode_ci DEFAULT NULL
) ENGINE=InnoDB DEFAULT CHARSET=utf8mb4 COLLATE=utf8mb4_unicode_ci;

--
-- Dumping data for table `category_projects`
--

INSERT INTO `category_projects` (`id`, `parent_id`, `level`, `project_types`, `sort`, `back_home`, `feature`, `status`, `fast_donation`, `cashier_system`, `image`, `background_image`, `background_color`, `section_bg`, `created_by`, `updated_by`, `deleted_at`, `created_at`, `updated_at`, `main_home`, `statistics`) VALUES
(1, NULL, 1, 'normal project', NULL, 1, 1, 1, 1, 1, 'attachments/charity_category/17553635391.png', 'attachments/charity_category/17553631782.png', NULL, NULL, 1, 1, NULL, '2025-02-16 14:38:55', '2025-08-20 13:45:27', 1, NULL),
(2, NULL, 1, 'normal project', NULL, 1, 1, 1, 1, 0, 'attachments/charity_category/17553636511.png', 'attachments/charity_category/17553638632.png', NULL, NULL, 1, 1, NULL, '2025-02-16 14:39:56', '2025-08-16 14:04:23', 1, NULL),
(3, NULL, 1, 'normal project', NULL, 1, 1, 1, 0, 0, 'attachments/charity_category/17397246471.png', 'attachments/charity_category/17554140772.png', NULL, NULL, 1, 1, NULL, '2025-02-16 14:40:47', '2025-08-17 04:01:18', 1, NULL),
(4, NULL, 1, 'normal project', NULL, 1, 1, 1, 1, 0, 'attachments/charity_category/17397775391.png', 'attachments/charity_category/17554141442.png', NULL, NULL, 1, 1, NULL, '2025-02-17 05:32:20', '2025-08-17 04:02:24', 1, NULL),
(5, NULL, 1, 'normal project', NULL, 1, 1, 1, 0, 0, NULL, 'attachments/charity_category/17554141612.png', NULL, NULL, 1, 1, NULL, '2025-02-17 05:32:41', '2025-08-17 04:02:41', 1, NULL),
(6, NULL, 1, 'normal project', NULL, 1, 1, 1, 0, 0, 'attachments/charity_category/17397775761.png', 'attachments/charity_category/17554143902.png', NULL, NULL, 1, 1, NULL, '2025-02-17 05:32:56', '2025-08-17 04:06:30', 1, NULL),
(7, NULL, 1, 'normal project', NULL, 1, 1, 1, 0, 1, 'attachments/charity_category/17397775981.png', 'attachments/charity_category/17554141702.png', NULL, NULL, 1, 1, NULL, '2025-02-17 05:33:18', '2025-08-21 11:55:25', 1, NULL),
(8, NULL, 1, 'normal project', NULL, 1, 1, 1, 0, 0, 'attachments/charity_category/17397776311.png', 'attachments/charity_category/17554142342.png', NULL, NULL, 1, 1, NULL, '2025-02-17 05:33:51', '2025-08-17 04:03:54', 1, NULL),
(9, NULL, 1, 'normal project', NULL, 1, 0, 1, 0, 0, 'attachments/charity_category/17398092321.png', 'attachments/charity_category/17554141932.png', NULL, NULL, 1, 1, '2025-08-18 11:38:30', '2025-02-17 14:20:34', '2025-08-18 11:38:30', 1, NULL),
(10, NULL, 1, 'normal project', NULL, 1, 1, 1, 0, 0, 'attachments/charity_category/17398729701.png', 'attachments/charity_category/17554142152.png', NULL, NULL, 1, 1, '2025-08-18 11:38:35', '2025-02-18 08:02:50', '2025-08-18 11:38:35', 0, NULL);

-- --------------------------------------------------------

--
-- Table structure for table `category_projects_translations`
--

CREATE TABLE `category_projects_translations` (
  `id` bigint UNSIGNED NOT NULL,
  `category_id` bigint UNSIGNED NOT NULL,
  `locale` varchar(255) CHARACTER SET utf8mb4 COLLATE utf8mb4_unicode_ci NOT NULL,
  `title` varchar(255) CHARACTER SET utf8mb4 COLLATE utf8mb4_unicode_ci NOT NULL,
  `slug` varchar(255) CHARACTER SET utf8mb4 COLLATE utf8mb4_unicode_ci DEFAULT NULL,
  `description` longtext CHARACTER SET utf8mb4 COLLATE utf8mb4_unicode_ci,
  `meta_title` varchar(255) CHARACTER SET utf8mb4 COLLATE utf8mb4_unicode_ci DEFAULT NULL,
  `meta_description` varchar(255) CHARACTER SET utf8mb4 COLLATE utf8mb4_unicode_ci DEFAULT NULL,
  `meta_key` varchar(255) CHARACTER SET utf8mb4 COLLATE utf8mb4_unicode_ci DEFAULT NULL,
  `created_at` timestamp NULL DEFAULT NULL,
  `updated_at` timestamp NULL DEFAULT NULL
) ENGINE=InnoDB DEFAULT CHARSET=utf8mb4 COLLATE=utf8mb4_unicode_ci;

--
-- Dumping data for table `category_projects_translations`
--

INSERT INTO `category_projects_translations` (`id`, `category_id`, `locale`, `title`, `slug`, `description`, `meta_title`, `meta_description`, `meta_key`, `created_at`, `updated_at`) VALUES
(1, 1, 'ar', 'سقيا الحرررم', 'سقيا-الحرررم', '<p>إعداد و توزيع وجبات افطار في الحررررم</p>', NULL, NULL, NULL, '2025-02-16 14:38:57', '2025-08-18 11:35:55'),
(2, 2, 'ar', 'الزكاة', 'الزكاة', '<p>إعداد و توزيع وجبات افطار في الحرم</p>', NULL, NULL, NULL, '2025-02-16 14:39:57', '2025-02-16 14:52:20'),
(3, 3, 'ar', 'إفطار مكة', 'إفطار-مكة', '<p>إعداد و توزيع وجبات افطار في الحرم</p>', NULL, NULL, NULL, '2025-02-16 14:40:47', '2025-02-16 14:52:07'),
(4, 4, 'ar', 'الأطعام', 'الأطعام', '<p>إعداد و توزيع وجبات افطار في الحرم</p>', NULL, NULL, NULL, '2025-02-17 05:32:20', '2025-02-17 05:32:20'),
(5, 5, 'ar', 'حالات طارئة', 'حالات-طارئة', '<p>إعداد و توزيع وجبات افطار في الحرم</p>', NULL, NULL, NULL, '2025-02-17 05:32:41', '2025-02-17 05:32:41'),
(6, 6, 'ar', 'الكسوة', 'الكسوة', '<p>إعداد و توزيع وجبات افطار في الحرم</p>', NULL, NULL, NULL, '2025-02-17 05:32:56', '2025-02-17 05:32:56'),
(7, 7, 'ar', 'كفالات', 'كفالات', '<p>إعداد و توزيع وجبات افطار في الحرم</p>', NULL, NULL, NULL, '2025-02-17 05:33:18', '2025-02-17 05:33:18'),
(8, 8, 'ar', 'السكن', 'السكن', '<p>إعداد و توزيع وجبات افطار في الحرم</p>', NULL, NULL, NULL, '2025-02-17 05:33:51', '2025-02-17 05:33:51'),
(9, 9, 'ar', 'test', 'test', NULL, NULL, NULL, NULL, '2025-02-17 14:20:34', '2025-02-17 14:20:34'),
(10, 10, 'ar', 'tesst', 'tesst', NULL, NULL, NULL, NULL, '2025-02-18 08:02:50', '2025-02-18 08:02:50');

-- --------------------------------------------------------

--
-- Table structure for table `charity_badal_projects`
--

CREATE TABLE `charity_badal_projects` (
  `id` bigint UNSIGNED NOT NULL,
  `project_id` bigint UNSIGNED NOT NULL,
  `badal_type` enum('hajj','umrah') CHARACTER SET utf8mb4 COLLATE utf8mb4_unicode_ci NOT NULL,
  `min_price` double(8,2) NOT NULL DEFAULT '0.00',
  `created_at` timestamp NULL DEFAULT NULL,
  `updated_at` timestamp NULL DEFAULT NULL
) ENGINE=InnoDB DEFAULT CHARSET=utf8mb4 COLLATE=utf8mb4_unicode_ci;

-- --------------------------------------------------------

--
-- Table structure for table `charity_category_projects`
--

CREATE TABLE `charity_category_projects` (
  `id` bigint UNSIGNED NOT NULL,
  `category_id` bigint UNSIGNED NOT NULL,
  `project_id` bigint UNSIGNED NOT NULL,
  `created_at` timestamp NULL DEFAULT NULL,
  `updated_at` timestamp NULL DEFAULT NULL
) ENGINE=InnoDB DEFAULT CHARSET=utf8mb4 COLLATE=utf8mb4_unicode_ci;

--
-- Dumping data for table `charity_category_projects`
--

INSERT INTO `charity_category_projects` (`id`, `category_id`, `project_id`, `created_at`, `updated_at`) VALUES
(1, 1, 1, NULL, NULL),
(2, 4, 1, NULL, NULL),
(3, 1, 2, NULL, NULL),
(4, 2, 2, NULL, NULL),
(5, 4, 2, NULL, NULL),
(6, 1, 3, NULL, NULL),
(7, 3, 3, NULL, NULL),
(8, 4, 3, NULL, NULL),
(9, 1, 4, NULL, NULL),
(10, 2, 4, NULL, NULL),
(11, 4, 4, NULL, NULL),
(15, 6, 5, NULL, NULL),
(16, 1, 5, NULL, NULL),
(17, 7, 6, NULL, NULL);

-- --------------------------------------------------------

--
-- Table structure for table `charity_category_sections`
--

CREATE TABLE `charity_category_sections` (
  `id` bigint UNSIGNED NOT NULL,
  `category_id` bigint UNSIGNED NOT NULL,
  `section_id` bigint UNSIGNED NOT NULL,
  `created_at` timestamp NULL DEFAULT NULL,
  `updated_at` timestamp NULL DEFAULT NULL
) ENGINE=InnoDB DEFAULT CHARSET=utf8mb4 COLLATE=utf8mb4_unicode_ci;

-- --------------------------------------------------------

--
-- Table structure for table `charity_deceased_projects`
--

CREATE TABLE `charity_deceased_projects` (
  `id` bigint UNSIGNED NOT NULL,
  `project_id` bigint UNSIGNED NOT NULL,
  `deceased_id` bigint UNSIGNED NOT NULL,
  `is_approved` tinyint NOT NULL DEFAULT '0',
  `created_at` timestamp NULL DEFAULT NULL,
  `updated_at` timestamp NULL DEFAULT NULL
) ENGINE=InnoDB DEFAULT CHARSET=utf8mb4 COLLATE=utf8mb4_unicode_ci;

-- --------------------------------------------------------

--
-- Table structure for table `charity_payment_projects`
--

CREATE TABLE `charity_payment_projects` (
  `id` bigint UNSIGNED NOT NULL,
  `project_id` bigint UNSIGNED NOT NULL,
  `payment_id` bigint UNSIGNED NOT NULL,
  `created_at` timestamp NULL DEFAULT NULL,
  `updated_at` timestamp NULL DEFAULT NULL
) ENGINE=InnoDB DEFAULT CHARSET=utf8mb4 COLLATE=utf8mb4_unicode_ci;

-- --------------------------------------------------------

--
-- Table structure for table `charity_projects`
--

CREATE TABLE `charity_projects` (
  `id` bigint UNSIGNED NOT NULL,
  `category_id` bigint UNSIGNED DEFAULT NULL,
  `project_types` enum('normal project','single page project','deceased','badal') CHARACTER SET utf8mb4 COLLATE utf8mb4_unicode_ci NOT NULL DEFAULT 'normal project',
  `location_type` enum('web','app','both') CHARACTER SET utf8mb4 COLLATE utf8mb4_unicode_ci NOT NULL DEFAULT 'web',
  `number` varchar(255) CHARACTER SET utf8mb4 COLLATE utf8mb4_unicode_ci DEFAULT NULL,
  `beneficiary` varchar(255) CHARACTER SET utf8mb4 COLLATE utf8mb4_unicode_ci DEFAULT NULL,
  `status` tinyint DEFAULT NULL,
  `featuer` tinyint(1) NOT NULL DEFAULT '0',
  `finished` tinyint(1) NOT NULL DEFAULT '0',
  `recurring` tinyint(1) NOT NULL DEFAULT '0',
  `sort` int DEFAULT NULL,
  `fast_donation` tinyint NOT NULL DEFAULT '0',
  `cashier_system` tinyint(1) NOT NULL DEFAULT '0',
  `is_gift` tinyint NOT NULL DEFAULT '0',
  `donation_type` longtext CHARACTER SET utf8mb4 COLLATE utf8mb4_unicode_ci,
  `target_price` int DEFAULT NULL,
  `target_unit` varchar(255) CHARACTER SET utf8mb4 COLLATE utf8mb4_unicode_ci DEFAULT NULL,
  `fake_target` int DEFAULT NULL,
  `collected_target` int DEFAULT NULL,
  `start_date` date DEFAULT NULL,
  `end_date` date DEFAULT NULL,
  `images` longtext CHARACTER SET utf8mb4 COLLATE utf8mb4_unicode_ci,
  `cover_image` varchar(255) CHARACTER SET utf8mb4 COLLATE utf8mb4_unicode_ci DEFAULT NULL,
  `background_image` varchar(255) CHARACTER SET utf8mb4 COLLATE utf8mb4_unicode_ci DEFAULT NULL,
  `background_color` varchar(255) CHARACTER SET utf8mb4 COLLATE utf8mb4_unicode_ci DEFAULT NULL,
  `created_by` bigint UNSIGNED DEFAULT NULL,
  `updated_by` bigint UNSIGNED DEFAULT NULL,
  `deleted_at` timestamp NULL DEFAULT NULL,
  `created_at` timestamp NULL DEFAULT NULL,
  `updated_at` timestamp NULL DEFAULT NULL,
  `statistics` varchar(255) COLLATE utf8mb4_unicode_ci DEFAULT NULL,
  `most_sell` tinyint(1) NOT NULL DEFAULT '0',
  `donations_count` varchar(255) COLLATE utf8mb4_unicode_ci DEFAULT NULL,
  `visits_count` varchar(255) COLLATE utf8mb4_unicode_ci DEFAULT NULL,
  `last_donation_at` timestamp NULL DEFAULT NULL,
  `statistic_status` tinyint(1) DEFAULT '0'
) ENGINE=InnoDB DEFAULT CHARSET=utf8mb4 COLLATE=utf8mb4_unicode_ci;

--
-- Dumping data for table `charity_projects`
--

INSERT INTO `charity_projects` (`id`, `category_id`, `project_types`, `location_type`, `number`, `beneficiary`, `status`, `featuer`, `finished`, `recurring`, `sort`, `fast_donation`, `cashier_system`, `is_gift`, `donation_type`, `target_price`, `target_unit`, `fake_target`, `collected_target`, `start_date`, `end_date`, `images`, `cover_image`, `background_image`, `background_color`, `created_by`, `updated_by`, `deleted_at`, `created_at`, `updated_at`, `statistics`, `most_sell`, `donations_count`, `visits_count`, `last_donation_at`, `statistic_status`) VALUES
(1, NULL, 'normal project', 'web', NULL, NULL, 1, 1, 0, 0, 0, 0, 0, 0, '{\"type\":\"open\"}', 50000, '500000', 1000, NULL, '2025-02-18', '2040-02-18', NULL, 'attachments/Charity_Project/17481615921.png', 'attachments/Charity_Project/17481612742.png', NULL, 1, 1, NULL, '2025-02-18 10:04:39', '2025-08-20 11:02:57', NULL, 0, NULL, NULL, NULL, 0),
(2, NULL, 'normal project', 'web', NULL, NULL, 1, 1, 0, 0, 0, 0, 0, 0, '{\"type\":\"unit\",\"data\":[{\"name\":\"unit 1\",\"value\":\"10\"},{\"name\":\"unit 1\",\"value\":\"2000\"},{\"name\":\"unit 1\",\"value\":\"500\"}]}', 200000, '50000', 500, NULL, '2025-02-18', '2040-02-18', NULL, 'attachments/Charity_Project/17481581391.png', 'attachments/Charity_Project/17481545272.png', NULL, 1, 1, NULL, '2025-02-18 10:52:54', '2025-08-20 11:02:56', NULL, 0, NULL, NULL, NULL, 0),
(3, NULL, 'normal project', 'web', NULL, NULL, 1, 1, 0, 0, 0, 1, 0, 0, '{\"type\":\"share\",\"data\":[{\"name\":\"share 1\",\"value\":\"20\"},{\"name\":\"share 1\",\"value\":\"30\"},{\"name\":\"share 1\",\"value\":\"40\"}]}', 0, NULL, 0, NULL, '2025-02-20', '2040-02-20', NULL, 'attachments/Charity_Project/17481616581.png', 'attachments/Charity_Project/17481616912.png', NULL, 1, 1, NULL, '2025-02-20 07:55:59', '2025-08-20 11:02:56', NULL, 0, NULL, NULL, NULL, 0),
(4, NULL, 'normal project', 'web', NULL, NULL, 1, 1, 0, 0, 0, 1, 0, 0, '{\"type\":\"fixed\",\"data\":\"100\"}', 0, NULL, 0, NULL, '2025-02-20', '2040-02-20', NULL, 'attachments/Charity_Project/17556986221.jpg', 'attachments/Charity_Project/17481626292.png', NULL, 1, 1, NULL, '2025-02-20 08:03:30', '2025-08-20 11:03:42', NULL, 0, NULL, NULL, NULL, 0),
(5, NULL, 'normal project', 'web', '44', NULL, 1, 1, 0, 0, 8, 1, 0, 0, '{\"type\":\"open\"}', 5000, NULL, 50000, NULL, '2025-08-18', '2040-08-18', NULL, 'attachments/Charity_Project/17555348521.jpg', NULL, NULL, 1, 1, NULL, '2025-08-18 13:34:12', '2025-08-20 11:02:54', NULL, 0, '400', '50000', NULL, 1),
(6, NULL, 'normal project', 'web', '1', NULL, 1, 1, 0, 0, 2, 1, 0, 0, '{\"type\":\"share\",\"data\":[{\"name\":\"\\u0633\\u0647\\u0645 \\u0627\\u0644\\u0641\\u0631\\u062f\",\"value\":\"100\"},{\"name\":\"\\u0643\\u0641\\u0627\\u0644\\u0629 \\u0634\\u0647\\u0631\",\"value\":\"300\"},{\"name\":\"\\u0643\\u0641\\u0627\\u0644\\u0629 3 \\u0627\\u0634\\u0647\\u0631\",\"value\":\"900\"},{\"name\":\"\\u0643\\u0641\\u0627\\u0644\\u0629 \\u0633\\u0646\\u0629\",\"value\":\"3600\"}]}', 4000, NULL, 329, NULL, '2025-08-20', '2040-08-20', NULL, 'attachments/Charity_Project/17556959871.jpg', NULL, NULL, 1, NULL, NULL, '2025-08-20 10:19:48', '2025-08-20 10:19:48', NULL, 0, '0', '500', NULL, 1);

-- --------------------------------------------------------

--
-- Table structure for table `charity_project_tags`
--

CREATE TABLE `charity_project_tags` (
  `id` bigint UNSIGNED NOT NULL,
  `project_id` bigint UNSIGNED NOT NULL,
  `tag_id` bigint UNSIGNED NOT NULL,
  `created_at` timestamp NULL DEFAULT NULL,
  `updated_at` timestamp NULL DEFAULT NULL
) ENGINE=InnoDB DEFAULT CHARSET=utf8mb4 COLLATE=utf8mb4_unicode_ci;

-- --------------------------------------------------------

--
-- Table structure for table `charity_project_translations`
--

CREATE TABLE `charity_project_translations` (
  `id` bigint UNSIGNED NOT NULL,
  `project_id` bigint UNSIGNED NOT NULL,
  `locale` varchar(255) CHARACTER SET utf8mb4 COLLATE utf8mb4_unicode_ci NOT NULL,
  `title` varchar(255) CHARACTER SET utf8mb4 COLLATE utf8mb4_unicode_ci NOT NULL,
  `slug` varchar(255) CHARACTER SET utf8mb4 COLLATE utf8mb4_unicode_ci DEFAULT NULL,
  `description` longtext CHARACTER SET utf8mb4 COLLATE utf8mb4_unicode_ci,
  `meta_title` varchar(255) CHARACTER SET utf8mb4 COLLATE utf8mb4_unicode_ci DEFAULT NULL,
  `meta_description` longtext CHARACTER SET utf8mb4 COLLATE utf8mb4_unicode_ci,
  `meta_key` varchar(255) CHARACTER SET utf8mb4 COLLATE utf8mb4_unicode_ci DEFAULT NULL,
  `unit_price` varchar(255) CHARACTER SET utf8mb4 COLLATE utf8mb4_unicode_ci DEFAULT NULL,
  `created_at` timestamp NULL DEFAULT NULL,
  `updated_at` timestamp NULL DEFAULT NULL
) ENGINE=InnoDB DEFAULT CHARSET=utf8mb4 COLLATE=utf8mb4_unicode_ci;

--
-- Dumping data for table `charity_project_translations`
--

INSERT INTO `charity_project_translations` (`id`, `project_id`, `locale`, `title`, `slug`, `description`, `meta_title`, `meta_description`, `meta_key`, `unit_price`, `created_at`, `updated_at`) VALUES
(1, 1, 'ar', 'سقيا الحرم', 'سقيا-الحرم', '<p>تقديم خدمة سقيا الماء لضيوف بيت الله الحرام و زوار الحرم</p>', NULL, NULL, NULL, NULL, '2025-02-18 10:04:39', '2025-02-18 11:45:47'),
(2, 2, 'ar', 'سقيا المساجد', 'سقيا-المساجد', '<p>تقديم خدمة سقيا الماء لضيوف بيت الله الحرام و زوار الحرم</p>', NULL, NULL, NULL, NULL, '2025-02-18 10:52:54', '2025-02-20 07:55:19'),
(3, 3, 'ar', 'كرســـــي لكبار السن', 'كرســـــي-لكبار-السن', '<p>تقديم خدمة سقيا الماء لضيوف بيت الله الحرام و زوار الحرم</p>', NULL, NULL, NULL, NULL, '2025-02-20 07:55:59', '2025-02-20 07:55:59'),
(4, 4, 'ar', 'سبحه', 'سبحه', '<p>تقديم خدمة سقيا الماء لضيوف بيت الله الحرام و زوار الحرم</p>', NULL, NULL, NULL, NULL, '2025-02-20 08:03:30', '2025-02-20 08:03:30'),
(5, 5, 'ar', 'اسلام', 'اسلام', '<p>اسلام&nbsp;اسلام</p>', NULL, NULL, NULL, NULL, '2025-08-18 13:34:12', '2025-08-18 13:34:12'),
(6, 6, 'ar', 'كفالة اليتيمة نورة', 'كفالة-اليتيمة-نورة', '<p dir=\"rtl\"><strong>نسعى للمساهمة في رعاية الأيتام وتوفير احتياجاتهم الأساسية وتلبية متطلباتهم&nbsp;</strong></p>\r\n\r\n<p dir=\"rtl\"><strong>( انا وكافل اليتيم كهاتين في الجنة)&nbsp;</strong></p>\r\n\r\n<p dir=\"rtl\"><strong>وكفالة يتيم مكة الذي هو يتيم الحرم تأتي في المرتبة الأولى حيث الحرم المكي ومضاعفة الأجر -</strong></p>\r\n\r\n<p><strong>تقدم هذه الكفالة مساعدة مالية شهرية لأيتام مكة المكرمة تسدّ شيئاً من احتياجهم.<br />\r\n<br />\r\nكفالة يتيم كل شهر 300&nbsp; ريال </strong></p>\r\n\r\n<p>&nbsp;</p>\r\n\r\n<p><strong>الحساب البنكي&nbsp;</strong></p>\r\n\r\n<p><strong>مصرف الراجحي&nbsp;</strong></p>\r\n\r\n<p><strong>SA8280000324608010436144</strong></p>', NULL, NULL, NULL, NULL, '2025-08-20 10:19:48', '2025-08-20 10:19:48');

-- --------------------------------------------------------

--
-- Table structure for table `charity_sections`
--

CREATE TABLE `charity_sections` (
  `id` bigint UNSIGNED NOT NULL,
  `sort` int DEFAULT '0',
  `feature` tinyint DEFAULT '1',
  `status` tinyint DEFAULT '1',
  `image` varchar(255) CHARACTER SET utf8mb4 COLLATE utf8mb4_unicode_ci DEFAULT NULL,
  `background_image` varchar(255) CHARACTER SET utf8mb4 COLLATE utf8mb4_unicode_ci DEFAULT NULL,
  `created_by` bigint UNSIGNED DEFAULT NULL,
  `updated_by` bigint UNSIGNED DEFAULT NULL,
  `deleted_at` timestamp NULL DEFAULT NULL,
  `created_at` timestamp NULL DEFAULT NULL,
  `updated_at` timestamp NULL DEFAULT NULL
) ENGINE=InnoDB DEFAULT CHARSET=utf8mb4 COLLATE=utf8mb4_unicode_ci;

-- --------------------------------------------------------

--
-- Table structure for table `charity_section_translations`
--

CREATE TABLE `charity_section_translations` (
  `id` bigint UNSIGNED NOT NULL,
  `section_id` bigint UNSIGNED NOT NULL,
  `locale` varchar(255) CHARACTER SET utf8mb4 COLLATE utf8mb4_unicode_ci NOT NULL,
  `title` varchar(255) CHARACTER SET utf8mb4 COLLATE utf8mb4_unicode_ci NOT NULL,
  `slug` varchar(255) CHARACTER SET utf8mb4 COLLATE utf8mb4_unicode_ci DEFAULT NULL,
  `description` longtext CHARACTER SET utf8mb4 COLLATE utf8mb4_unicode_ci,
  `created_at` timestamp NULL DEFAULT NULL,
  `updated_at` timestamp NULL DEFAULT NULL
) ENGINE=InnoDB DEFAULT CHARSET=utf8mb4 COLLATE=utf8mb4_unicode_ci;

-- --------------------------------------------------------

--
-- Table structure for table `charity_single_projects`
--

CREATE TABLE `charity_single_projects` (
  `id` bigint UNSIGNED NOT NULL,
  `project_id` bigint UNSIGNED NOT NULL,
  `hidden` tinyint(1) NOT NULL DEFAULT '0',
  `gift` tinyint(1) NOT NULL DEFAULT '0',
  `mobile_confirmation` tinyint(1) NOT NULL DEFAULT '0',
  `deleted_at` timestamp NULL DEFAULT NULL,
  `created_at` timestamp NULL DEFAULT NULL,
  `updated_at` timestamp NULL DEFAULT NULL
) ENGINE=InnoDB DEFAULT CHARSET=utf8mb4 COLLATE=utf8mb4_unicode_ci;

-- --------------------------------------------------------

--
-- Table structure for table `charity_single_translations`
--

CREATE TABLE `charity_single_translations` (
  `id` bigint UNSIGNED NOT NULL,
  `single_id` bigint UNSIGNED NOT NULL,
  `locale` varchar(255) CHARACTER SET utf8mb4 COLLATE utf8mb4_unicode_ci NOT NULL,
  `gift_title` varchar(255) CHARACTER SET utf8mb4 COLLATE utf8mb4_unicode_ci DEFAULT NULL,
  `created_at` timestamp NULL DEFAULT NULL,
  `updated_at` timestamp NULL DEFAULT NULL
) ENGINE=InnoDB DEFAULT CHARSET=utf8mb4 COLLATE=utf8mb4_unicode_ci;

-- --------------------------------------------------------

--
-- Table structure for table `charity_tags`
--

CREATE TABLE `charity_tags` (
  `id` bigint UNSIGNED NOT NULL,
  `sort` int DEFAULT NULL,
  `back_home` tinyint DEFAULT NULL,
  `image` varchar(255) CHARACTER SET utf8mb4 COLLATE utf8mb4_unicode_ci DEFAULT NULL,
  `background_color` varchar(255) CHARACTER SET utf8mb4 COLLATE utf8mb4_unicode_ci DEFAULT NULL,
  `background_image` varchar(255) CHARACTER SET utf8mb4 COLLATE utf8mb4_unicode_ci DEFAULT NULL,
  `feature` tinyint DEFAULT NULL,
  `status` tinyint DEFAULT NULL,
  `created_by` bigint UNSIGNED DEFAULT NULL,
  `updated_by` bigint UNSIGNED DEFAULT NULL,
  `deleted_at` timestamp NULL DEFAULT NULL,
  `created_at` timestamp NULL DEFAULT NULL,
  `updated_at` timestamp NULL DEFAULT NULL
) ENGINE=InnoDB DEFAULT CHARSET=utf8mb4 COLLATE=utf8mb4_unicode_ci;

--
-- Dumping data for table `charity_tags`
--

INSERT INTO `charity_tags` (`id`, `sort`, `back_home`, `image`, `background_color`, `background_image`, `feature`, `status`, `created_by`, `updated_by`, `deleted_at`, `created_at`, `updated_at`) VALUES
(101, 34, NULL, NULL, NULL, NULL, 2, 2, NULL, NULL, NULL, '2025-02-16 07:19:35', '2025-02-16 07:19:35'),
(102, 6, NULL, NULL, NULL, NULL, 1, 1, NULL, NULL, NULL, '2025-02-16 07:19:35', '2025-02-16 07:19:35'),
(103, 30, NULL, NULL, NULL, NULL, 2, 1, NULL, NULL, NULL, '2025-02-16 07:19:35', '2025-02-16 07:19:35'),
(104, 24, NULL, NULL, NULL, NULL, 1, 1, NULL, NULL, NULL, '2025-02-16 07:19:35', '2025-02-16 07:19:35'),
(105, 62, NULL, NULL, NULL, NULL, 2, 2, NULL, NULL, NULL, '2025-02-16 07:19:35', '2025-02-16 07:19:35'),
(106, 11, NULL, NULL, NULL, NULL, 1, 1, NULL, NULL, NULL, '2025-02-16 07:19:35', '2025-02-16 07:19:35'),
(107, 14, NULL, NULL, NULL, NULL, 1, 1, NULL, NULL, NULL, '2025-02-16 07:19:35', '2025-02-16 07:19:35'),
(108, 61, NULL, NULL, NULL, NULL, 1, 2, NULL, NULL, NULL, '2025-02-16 07:19:35', '2025-02-16 07:19:35'),
(109, 37, NULL, NULL, NULL, NULL, 2, 1, NULL, NULL, NULL, '2025-02-16 07:19:35', '2025-02-16 07:19:35'),
(110, 4, NULL, NULL, NULL, NULL, 2, 1, NULL, NULL, NULL, '2025-02-16 07:19:35', '2025-02-16 07:19:35'),
(111, 0, NULL, NULL, NULL, NULL, 2, 2, NULL, NULL, NULL, '2025-02-16 07:19:35', '2025-02-16 07:19:35'),
(112, 60, NULL, NULL, NULL, NULL, 1, 2, NULL, NULL, NULL, '2025-02-16 07:19:35', '2025-02-16 07:19:35'),
(113, 18, NULL, NULL, NULL, NULL, 2, 1, NULL, NULL, NULL, '2025-02-16 07:19:35', '2025-02-16 07:19:35'),
(114, 56, NULL, NULL, NULL, NULL, 1, 2, NULL, NULL, NULL, '2025-02-16 07:19:35', '2025-02-16 07:19:35'),
(115, 90, NULL, NULL, NULL, NULL, 2, 1, NULL, NULL, NULL, '2025-02-16 07:19:35', '2025-02-16 07:19:35'),
(116, 73, NULL, NULL, NULL, NULL, 1, 1, NULL, NULL, NULL, '2025-02-16 07:19:35', '2025-02-16 07:19:35'),
(117, 68, NULL, NULL, NULL, NULL, 1, 2, NULL, NULL, NULL, '2025-02-16 07:19:35', '2025-02-16 07:19:35'),
(118, 41, NULL, NULL, NULL, NULL, 2, 2, NULL, NULL, NULL, '2025-02-16 07:19:35', '2025-02-16 07:19:35'),
(119, 31, NULL, NULL, NULL, NULL, 2, 1, NULL, NULL, NULL, '2025-02-16 07:19:35', '2025-02-16 07:19:35'),
(120, 38, NULL, NULL, NULL, NULL, 1, 2, NULL, NULL, NULL, '2025-02-16 07:19:35', '2025-02-16 07:19:35'),
(121, 15, NULL, NULL, NULL, NULL, 1, 2, NULL, NULL, NULL, '2025-02-16 07:19:35', '2025-02-16 07:19:35'),
(122, 66, NULL, NULL, NULL, NULL, 2, 2, NULL, NULL, NULL, '2025-02-16 07:19:35', '2025-02-16 07:19:35'),
(123, 42, NULL, NULL, NULL, NULL, 1, 1, NULL, NULL, NULL, '2025-02-16 07:19:35', '2025-02-16 07:19:35'),
(124, 94, NULL, NULL, NULL, NULL, 2, 1, NULL, NULL, NULL, '2025-02-16 07:19:35', '2025-02-16 07:19:35'),
(125, 48, NULL, NULL, NULL, NULL, 1, 1, NULL, NULL, NULL, '2025-02-16 07:19:35', '2025-02-16 07:19:35'),
(126, 58, NULL, NULL, NULL, NULL, 1, 1, NULL, NULL, NULL, '2025-02-16 07:19:35', '2025-02-16 07:19:35'),
(127, 3, NULL, NULL, NULL, NULL, 1, 1, NULL, NULL, NULL, '2025-02-16 07:19:35', '2025-02-16 07:19:35'),
(128, 35, NULL, NULL, NULL, NULL, 1, 1, NULL, NULL, NULL, '2025-02-16 07:19:35', '2025-02-16 07:19:35'),
(129, 56, NULL, NULL, NULL, NULL, 2, 1, NULL, NULL, NULL, '2025-02-16 07:19:35', '2025-02-16 07:19:35'),
(130, 29, NULL, NULL, NULL, NULL, 2, 1, NULL, NULL, NULL, '2025-02-16 07:19:35', '2025-02-16 07:19:35'),
(131, 86, NULL, NULL, NULL, NULL, 2, 1, NULL, NULL, NULL, '2025-02-16 07:19:35', '2025-02-16 07:19:35'),
(132, 88, NULL, NULL, NULL, NULL, 1, 2, NULL, NULL, NULL, '2025-02-16 07:19:35', '2025-02-16 07:19:35'),
(133, 27, NULL, NULL, NULL, NULL, 2, 1, NULL, NULL, NULL, '2025-02-16 07:19:35', '2025-02-16 07:19:35'),
(134, 46, NULL, NULL, NULL, NULL, 2, 1, NULL, NULL, NULL, '2025-02-16 07:19:35', '2025-02-16 07:19:35'),
(135, 12, NULL, NULL, NULL, NULL, 1, 2, NULL, NULL, NULL, '2025-02-16 07:19:35', '2025-02-16 07:19:35'),
(136, 80, NULL, NULL, NULL, NULL, 2, 1, NULL, NULL, NULL, '2025-02-16 07:19:35', '2025-02-16 07:19:35'),
(137, 16, NULL, NULL, NULL, NULL, 2, 1, NULL, NULL, NULL, '2025-02-16 07:19:35', '2025-02-16 07:19:35'),
(138, 29, NULL, NULL, NULL, NULL, 1, 2, NULL, NULL, NULL, '2025-02-16 07:19:35', '2025-02-16 07:19:35'),
(139, 29, NULL, NULL, NULL, NULL, 2, 2, NULL, NULL, NULL, '2025-02-16 07:19:35', '2025-02-16 07:19:35'),
(140, 17, NULL, NULL, NULL, NULL, 2, 1, NULL, NULL, NULL, '2025-02-16 07:19:35', '2025-02-16 07:19:35'),
(141, 44, NULL, NULL, NULL, NULL, 1, 2, NULL, NULL, NULL, '2025-02-16 07:19:35', '2025-02-16 07:19:35'),
(142, 90, NULL, NULL, NULL, NULL, 2, 1, NULL, NULL, NULL, '2025-02-16 07:19:35', '2025-02-16 07:19:35'),
(143, 27, NULL, NULL, NULL, NULL, 1, 1, NULL, NULL, NULL, '2025-02-16 07:19:35', '2025-02-16 07:19:35'),
(144, 3, NULL, NULL, NULL, NULL, 1, 2, NULL, NULL, NULL, '2025-02-16 07:19:35', '2025-02-16 07:19:35'),
(145, 54, NULL, NULL, NULL, NULL, 1, 1, NULL, NULL, NULL, '2025-02-16 07:19:35', '2025-02-16 07:19:35'),
(146, 52, NULL, NULL, NULL, NULL, 1, 1, NULL, NULL, NULL, '2025-02-16 07:19:35', '2025-02-16 07:19:35'),
(147, 26, NULL, NULL, NULL, NULL, 2, 2, NULL, NULL, NULL, '2025-02-16 07:19:35', '2025-02-16 07:19:35'),
(148, 10, NULL, NULL, NULL, NULL, 2, 1, NULL, NULL, NULL, '2025-02-16 07:19:35', '2025-02-16 07:19:35'),
(149, 55, NULL, NULL, NULL, NULL, 2, 1, NULL, NULL, NULL, '2025-02-16 07:19:35', '2025-02-16 07:19:35'),
(150, 78, NULL, NULL, NULL, NULL, 1, 2, NULL, NULL, NULL, '2025-02-16 07:19:35', '2025-02-16 07:19:35'),
(151, 62, NULL, NULL, NULL, NULL, 1, 2, NULL, NULL, NULL, '2025-02-16 07:19:35', '2025-02-16 07:19:35'),
(152, 4, NULL, NULL, NULL, NULL, 1, 2, NULL, NULL, NULL, '2025-02-16 07:19:35', '2025-02-16 07:19:35'),
(153, 88, NULL, NULL, NULL, NULL, 1, 2, NULL, NULL, NULL, '2025-02-16 07:19:35', '2025-02-16 07:19:35'),
(154, 6, NULL, NULL, NULL, NULL, 1, 1, NULL, NULL, NULL, '2025-02-16 07:19:35', '2025-02-16 07:19:35'),
(155, 0, NULL, NULL, NULL, NULL, 2, 1, NULL, NULL, NULL, '2025-02-16 07:19:35', '2025-02-16 07:19:35'),
(156, 15, NULL, NULL, NULL, NULL, 1, 1, NULL, NULL, NULL, '2025-02-16 07:19:35', '2025-02-16 07:19:35'),
(157, 1, NULL, NULL, NULL, NULL, 2, 1, NULL, NULL, NULL, '2025-02-16 07:19:35', '2025-02-16 07:19:35'),
(158, 92, NULL, NULL, NULL, NULL, 2, 2, NULL, NULL, NULL, '2025-02-16 07:19:35', '2025-02-16 07:19:35'),
(159, 12, NULL, NULL, NULL, NULL, 2, 2, NULL, NULL, NULL, '2025-02-16 07:19:35', '2025-02-16 07:19:35'),
(160, 70, NULL, NULL, NULL, NULL, 2, 1, NULL, NULL, NULL, '2025-02-16 07:19:35', '2025-02-16 07:19:35'),
(161, 90, NULL, NULL, NULL, NULL, 2, 2, NULL, NULL, NULL, '2025-02-16 07:19:35', '2025-02-16 07:19:35'),
(162, 1, NULL, NULL, NULL, NULL, 1, 2, NULL, NULL, NULL, '2025-02-16 07:19:35', '2025-02-16 07:19:35'),
(163, 92, NULL, NULL, NULL, NULL, 2, 1, NULL, NULL, NULL, '2025-02-16 07:19:35', '2025-02-16 07:19:35'),
(164, 92, NULL, NULL, NULL, NULL, 2, 1, NULL, NULL, NULL, '2025-02-16 07:19:35', '2025-02-16 07:19:35'),
(165, 23, NULL, NULL, NULL, NULL, 1, 1, NULL, NULL, NULL, '2025-02-16 07:19:35', '2025-02-16 07:19:35'),
(166, 95, NULL, NULL, NULL, NULL, 1, 2, NULL, NULL, NULL, '2025-02-16 07:19:35', '2025-02-16 07:19:35'),
(167, 46, NULL, NULL, NULL, NULL, 2, 2, NULL, NULL, NULL, '2025-02-16 07:19:35', '2025-02-16 07:19:35'),
(168, 2, NULL, NULL, NULL, NULL, 1, 2, NULL, NULL, NULL, '2025-02-16 07:19:35', '2025-02-16 07:19:35'),
(169, 21, NULL, NULL, NULL, NULL, 2, 2, NULL, NULL, NULL, '2025-02-16 07:19:35', '2025-02-16 07:19:35'),
(170, 98, NULL, NULL, NULL, NULL, 2, 2, NULL, NULL, NULL, '2025-02-16 07:19:35', '2025-02-16 07:19:35'),
(171, 73, NULL, NULL, NULL, NULL, 2, 1, NULL, NULL, NULL, '2025-02-16 07:19:35', '2025-02-16 07:19:35'),
(172, 81, NULL, NULL, NULL, NULL, 2, 1, NULL, NULL, NULL, '2025-02-16 07:19:35', '2025-02-16 07:19:35'),
(173, 74, NULL, NULL, NULL, NULL, 2, 1, NULL, NULL, NULL, '2025-02-16 07:19:35', '2025-02-16 07:19:35'),
(174, 90, NULL, NULL, NULL, NULL, 2, 2, NULL, NULL, NULL, '2025-02-16 07:19:35', '2025-02-16 07:19:35'),
(175, 7, NULL, NULL, NULL, NULL, 2, 2, NULL, NULL, NULL, '2025-02-16 07:19:35', '2025-02-16 07:19:35'),
(176, 40, NULL, NULL, NULL, NULL, 2, 1, NULL, NULL, NULL, '2025-02-16 07:19:35', '2025-02-16 07:19:35'),
(177, 100, NULL, NULL, NULL, NULL, 2, 1, NULL, NULL, NULL, '2025-02-16 07:19:35', '2025-02-16 07:19:35'),
(178, 80, NULL, NULL, NULL, NULL, 2, 1, NULL, NULL, NULL, '2025-02-16 07:19:35', '2025-02-16 07:19:35'),
(179, 9, NULL, NULL, NULL, NULL, 1, 1, NULL, NULL, NULL, '2025-02-16 07:19:35', '2025-02-16 07:19:35'),
(180, 32, NULL, NULL, NULL, NULL, 1, 1, NULL, NULL, NULL, '2025-02-16 07:19:35', '2025-02-16 07:19:35'),
(181, 28, NULL, NULL, NULL, NULL, 1, 2, NULL, NULL, NULL, '2025-02-16 07:19:35', '2025-02-16 07:19:35'),
(182, 30, NULL, NULL, NULL, NULL, 1, 2, NULL, NULL, NULL, '2025-02-16 07:19:35', '2025-02-16 07:19:35'),
(183, 31, NULL, NULL, NULL, NULL, 1, 1, NULL, NULL, NULL, '2025-02-16 07:19:35', '2025-02-16 07:19:35'),
(184, 97, NULL, NULL, NULL, NULL, 2, 2, NULL, NULL, NULL, '2025-02-16 07:19:35', '2025-02-16 07:19:35'),
(185, 96, NULL, NULL, NULL, NULL, 1, 2, NULL, NULL, NULL, '2025-02-16 07:19:35', '2025-02-16 07:19:35'),
(186, 66, NULL, NULL, NULL, NULL, 2, 2, NULL, NULL, NULL, '2025-02-16 07:19:35', '2025-02-16 07:19:35'),
(187, 13, NULL, NULL, NULL, NULL, 2, 2, NULL, NULL, NULL, '2025-02-16 07:19:35', '2025-02-16 07:19:35'),
(188, 69, NULL, NULL, NULL, NULL, 1, 1, NULL, NULL, NULL, '2025-02-16 07:19:35', '2025-02-16 07:19:35'),
(189, 23, NULL, NULL, NULL, NULL, 2, 1, NULL, NULL, NULL, '2025-02-16 07:19:35', '2025-02-16 07:19:35'),
(190, 39, NULL, NULL, NULL, NULL, 1, 1, NULL, NULL, NULL, '2025-02-16 07:19:35', '2025-02-16 07:19:35'),
(191, 88, NULL, NULL, NULL, NULL, 1, 2, NULL, NULL, NULL, '2025-02-16 07:19:35', '2025-02-16 07:19:35'),
(192, 53, NULL, NULL, NULL, NULL, 1, 1, NULL, NULL, NULL, '2025-02-16 07:19:35', '2025-02-16 07:19:35'),
(193, 56, NULL, NULL, NULL, NULL, 2, 2, NULL, NULL, NULL, '2025-02-16 07:19:35', '2025-02-16 07:19:35'),
(194, 37, NULL, NULL, NULL, NULL, 2, 1, NULL, NULL, NULL, '2025-02-16 07:19:35', '2025-02-16 07:19:35'),
(195, 41, NULL, NULL, NULL, NULL, 2, 1, NULL, NULL, NULL, '2025-02-16 07:19:35', '2025-02-16 07:19:35'),
(196, 32, NULL, NULL, NULL, NULL, 2, 1, NULL, NULL, NULL, '2025-02-16 07:19:35', '2025-02-16 07:19:35'),
(197, 98, NULL, NULL, NULL, NULL, 2, 1, NULL, NULL, NULL, '2025-02-16 07:19:35', '2025-02-16 07:19:35'),
(198, 64, NULL, NULL, NULL, NULL, 2, 1, NULL, NULL, NULL, '2025-02-16 07:19:35', '2025-02-16 07:19:35'),
(199, 18, NULL, NULL, NULL, NULL, 2, 1, NULL, NULL, NULL, '2025-02-16 07:19:35', '2025-02-16 07:19:35'),
(200, 28, NULL, NULL, NULL, NULL, 1, 1, NULL, NULL, NULL, '2025-02-16 07:19:35', '2025-02-16 07:19:35');

-- --------------------------------------------------------

--
-- Table structure for table `charity_tag_translations`
--

CREATE TABLE `charity_tag_translations` (
  `id` bigint UNSIGNED NOT NULL,
  `tag_id` bigint UNSIGNED NOT NULL,
  `locale` varchar(255) CHARACTER SET utf8mb4 COLLATE utf8mb4_unicode_ci NOT NULL,
  `title` varchar(255) CHARACTER SET utf8mb4 COLLATE utf8mb4_unicode_ci NOT NULL,
  `slug` varchar(255) CHARACTER SET utf8mb4 COLLATE utf8mb4_unicode_ci DEFAULT NULL,
  `description` longtext CHARACTER SET utf8mb4 COLLATE utf8mb4_unicode_ci,
  `meta_title` varchar(255) CHARACTER SET utf8mb4 COLLATE utf8mb4_unicode_ci DEFAULT NULL,
  `meta_description` longtext CHARACTER SET utf8mb4 COLLATE utf8mb4_unicode_ci,
  `meta_key` varchar(255) CHARACTER SET utf8mb4 COLLATE utf8mb4_unicode_ci DEFAULT NULL,
  `created_at` timestamp NULL DEFAULT NULL,
  `updated_at` timestamp NULL DEFAULT NULL
) ENGINE=InnoDB DEFAULT CHARSET=utf8mb4 COLLATE=utf8mb4_unicode_ci;

--
-- Dumping data for table `charity_tag_translations`
--

INSERT INTO `charity_tag_translations` (`id`, `tag_id`, `locale`, `title`, `slug`, `description`, `meta_title`, `meta_description`, `meta_key`, `created_at`, `updated_at`) VALUES
(101, 101, 'ar', 'Mr. Ashton Prosacco', 'mr.-ashton-prosacco', 'Omnis et praesentium dignissimos dignissimos quasi. Dolorum consequuntur modi quae alias quasi at. Rerum corporis excepturi unde iusto corrupti corrupti.', NULL, NULL, NULL, '2025-02-16 07:19:35', '2025-02-16 07:19:35'),
(102, 102, 'ar', 'Dr. Maxine Daniel Sr.', 'dr.-maxine-daniel-sr.', 'Atque debitis maiores voluptas a aliquam libero et. Officia possimus ut ad autem quas. Rerum non quisquam eum dolor asperiores quis.', NULL, NULL, NULL, '2025-02-16 07:19:35', '2025-02-16 07:19:35'),
(103, 103, 'ar', 'Magdalena Rolfson', 'magdalena-rolfson', 'Ut hic quod inventore aut sequi sunt. Voluptatem qui non molestiae non eius. Quia deleniti illum deleniti voluptas reprehenderit. Rerum aut eos modi itaque iure.', NULL, NULL, NULL, '2025-02-16 07:19:35', '2025-02-16 07:19:35'),
(104, 104, 'ar', 'Mr. Gunnar Vandervort', 'mr.-gunnar-vandervort', 'Ea omnis unde facere et quidem. Dolorem odit quam sed nemo. Hic quibusdam magni delectus. Sit tempore similique provident et expedita voluptates sunt.', NULL, NULL, NULL, '2025-02-16 07:19:35', '2025-02-16 07:19:35'),
(105, 105, 'ar', 'Hallie Bernier', 'hallie-bernier', 'Ut doloremque debitis dolorem odio iure ut. In sit asperiores ut quia quo est. Sed id numquam id illum.', NULL, NULL, NULL, '2025-02-16 07:19:35', '2025-02-16 07:19:35'),
(106, 106, 'ar', 'Ms. Alyson Buckridge I', 'ms.-alyson-buckridge-i', 'Placeat neque et excepturi ipsa provident sint assumenda iure. Ea est quae nobis iusto modi quidem. Voluptas aut tempore similique nisi aut. Possimus in ab maxime dolorum explicabo. Sit impedit ut ipsam molestiae rerum.', NULL, NULL, NULL, '2025-02-16 07:19:35', '2025-02-16 07:19:35'),
(107, 107, 'ar', 'Shania Fahey', 'shania-fahey', 'Exercitationem enim magnam necessitatibus numquam. Eius aut consequatur aperiam eos. Incidunt ipsum aliquid debitis voluptatem repudiandae corporis repellat.', NULL, NULL, NULL, '2025-02-16 07:19:35', '2025-02-16 07:19:35'),
(108, 108, 'ar', 'Prof. Velda Weissnat Sr.', 'prof.-velda-weissnat-sr.', 'Voluptatum cum repudiandae dolor harum facere culpa cumque. Optio ut eius placeat voluptatem. Rerum nulla esse fugit itaque natus repudiandae. Nisi inventore nesciunt excepturi magni veritatis.', NULL, NULL, NULL, '2025-02-16 07:19:35', '2025-02-16 07:19:35'),
(109, 109, 'ar', 'Regan Spinka', 'regan-spinka', 'Eum placeat laboriosam eius qui vero. Impedit velit est excepturi labore. Molestiae nobis atque id necessitatibus et nesciunt.', NULL, NULL, NULL, '2025-02-16 07:19:35', '2025-02-16 07:19:35'),
(110, 110, 'ar', 'Alvis Rempel', 'alvis-rempel', 'Cumque sequi occaecati quia. Facere consequatur officia provident voluptatem.', NULL, NULL, NULL, '2025-02-16 07:19:35', '2025-02-16 07:19:35'),
(111, 111, 'ar', 'Freddie Herzog', 'freddie-herzog', 'Similique consequatur omnis dolorum minima. Quo error ipsam qui quis. Sit assumenda magnam sint quibusdam ut voluptate. Asperiores nemo eos et sit perferendis. Velit dolore debitis odit.', NULL, NULL, NULL, '2025-02-16 07:19:35', '2025-02-16 07:19:35'),
(112, 112, 'ar', 'Aric Hettinger', 'aric-hettinger', 'Voluptas id ea corrupti tempore quia vero. Est sit aut et dolorem aut. Blanditiis et inventore sapiente aperiam modi. Est magnam non sit et voluptatem neque.', NULL, NULL, NULL, '2025-02-16 07:19:35', '2025-02-16 07:19:35'),
(113, 113, 'ar', 'Jakob Anderson', 'jakob-anderson', 'Accusamus nostrum eum hic amet consequatur autem. Qui ut ea animi nulla aut dolor ducimus earum. Dolores minima quaerat expedita nulla corrupti expedita qui. Maxime rerum porro iusto ut quidem libero.', NULL, NULL, NULL, '2025-02-16 07:19:35', '2025-02-16 07:19:35'),
(114, 114, 'ar', 'Shania Dicki', 'shania-dicki', 'Ea libero explicabo quas itaque et aut. Dolorum sed modi inventore ducimus. Eveniet mollitia placeat atque vero omnis et.', NULL, NULL, NULL, '2025-02-16 07:19:35', '2025-02-16 07:19:35'),
(115, 115, 'ar', 'Prof. Rodrigo Bogan', 'prof.-rodrigo-bogan', 'Quam optio laborum earum explicabo. Voluptatibus voluptas ut adipisci fugiat blanditiis. Labore sint corporis blanditiis dolorem quam et. Aperiam ut corporis repudiandae ut cum.', NULL, NULL, NULL, '2025-02-16 07:19:35', '2025-02-16 07:19:35'),
(116, 116, 'ar', 'Elizabeth Johnson', 'elizabeth-johnson', 'Consequatur cumque asperiores in quo voluptas minus et ipsa. Perferendis maxime laboriosam natus non. Aspernatur est non voluptatem et unde. Asperiores ut ab dolorem modi repellendus quibusdam. Ut sint ipsum minima.', NULL, NULL, NULL, '2025-02-16 07:19:35', '2025-02-16 07:19:35'),
(117, 117, 'ar', 'Jaleel Kerluke IV', 'jaleel-kerluke-iv', 'Voluptatem culpa eveniet repudiandae ullam repudiandae non. Necessitatibus quasi ab enim sit et maiores quod. Sequi harum unde et quam est ut sed. Veritatis suscipit saepe dicta et numquam quibusdam consectetur.', NULL, NULL, NULL, '2025-02-16 07:19:35', '2025-02-16 07:19:35'),
(118, 118, 'ar', 'Ora Bailey', 'ora-bailey', 'Quo id quas aut nisi sed earum sint. Voluptate exercitationem omnis sunt voluptas quo veniam. Explicabo est voluptas totam assumenda nihil veniam.', NULL, NULL, NULL, '2025-02-16 07:19:35', '2025-02-16 07:19:35'),
(119, 119, 'ar', 'Javonte Pagac', 'javonte-pagac', 'Voluptatem temporibus possimus rem ut. Voluptate enim perferendis qui autem praesentium molestias. Rerum voluptatem sapiente numquam beatae aut aspernatur et.', NULL, NULL, NULL, '2025-02-16 07:19:35', '2025-02-16 07:19:35'),
(120, 120, 'ar', 'Prof. Roscoe Crona', 'prof.-roscoe-crona', 'Sit natus quam est aliquid recusandae eveniet. Reiciendis eos tempora reiciendis vel natus. Voluptatum nemo ut quo ut et sit.', NULL, NULL, NULL, '2025-02-16 07:19:35', '2025-02-16 07:19:35'),
(121, 121, 'ar', 'Dr. Kraig Tillman', 'dr.-kraig-tillman', 'Illo et exercitationem libero esse nostrum. Et qui vitae blanditiis autem laudantium officia. Autem sunt dolores est laborum ducimus doloremque harum possimus. Non provident consectetur eum.', NULL, NULL, NULL, '2025-02-16 07:19:35', '2025-02-16 07:19:35'),
(122, 122, 'ar', 'Dr. Horacio Glover I', 'dr.-horacio-glover-i', 'Quos qui voluptate hic laudantium fugiat nostrum et. Sit laborum autem dolorum veniam sed itaque aperiam ducimus. Maxime ratione dolorem tempora alias.', NULL, NULL, NULL, '2025-02-16 07:19:35', '2025-02-16 07:19:35'),
(123, 123, 'ar', 'Dr. Benjamin Frami IV', 'dr.-benjamin-frami-iv', 'Qui eum repudiandae vero quas mollitia mollitia. Ipsa aliquam et eum porro ratione. Saepe voluptas et accusantium vitae adipisci autem.', NULL, NULL, NULL, '2025-02-16 07:19:35', '2025-02-16 07:19:35'),
(124, 124, 'ar', 'Dariana Kohler', 'dariana-kohler', 'Molestiae aut dolorum itaque ab totam at. Ipsa mollitia necessitatibus dolorem dolores rem amet.', NULL, NULL, NULL, '2025-02-16 07:19:35', '2025-02-16 07:19:35'),
(125, 125, 'ar', 'Dominique Smitham', 'dominique-smitham', 'Ea qui et aut aut neque. Explicabo dolores id reprehenderit ad.', NULL, NULL, NULL, '2025-02-16 07:19:35', '2025-02-16 07:19:35'),
(126, 126, 'ar', 'Mr. Marlon Pagac', 'mr.-marlon-pagac', 'Ipsam provident iusto et velit fugit. Repellat perspiciatis voluptatem quam et ut aliquid. Nobis dolorem ratione vero minima explicabo ratione in.', NULL, NULL, NULL, '2025-02-16 07:19:35', '2025-02-16 07:19:35'),
(127, 127, 'ar', 'Lavada Will MD', 'lavada-will-md', 'Quod consequuntur voluptatem voluptatem delectus iure iste voluptatem ea. Quis ea vero ea deserunt facere. Reprehenderit officia quisquam molestias ut itaque. Delectus perspiciatis provident id aspernatur error inventore.', NULL, NULL, NULL, '2025-02-16 07:19:35', '2025-02-16 07:19:35'),
(128, 128, 'ar', 'Eldred Cummings DVM', 'eldred-cummings-dvm', 'Amet architecto non exercitationem quia voluptatum omnis corporis. Et id eligendi quod rerum. Qui enim tempore accusamus. Ea quo in iusto sit ratione earum. Et corrupti voluptatem nobis.', NULL, NULL, NULL, '2025-02-16 07:19:35', '2025-02-16 07:19:35'),
(129, 129, 'ar', 'Dr. Tyra Hamill', 'dr.-tyra-hamill', 'Corrupti officia molestias possimus quam. Praesentium distinctio similique et eum voluptatem debitis. Velit quia nam unde repudiandae labore quas. Non eum quia quia omnis corporis. Corrupti minus non amet est eos voluptatem.', NULL, NULL, NULL, '2025-02-16 07:19:35', '2025-02-16 07:19:35'),
(130, 130, 'ar', 'Dr. Elmore Wyman MD', 'dr.-elmore-wyman-md', 'Vitae minima et qui aut ullam occaecati. Neque totam vero nisi sequi laboriosam tempora fugit. Et consequuntur et aut qui voluptas voluptates aut. Non quia quas enim qui.', NULL, NULL, NULL, '2025-02-16 07:19:35', '2025-02-16 07:19:35'),
(131, 131, 'ar', 'Pablo Cole', 'pablo-cole', 'Cum veritatis voluptatibus aut aliquid. Eum ea magnam sed libero omnis in modi. Veritatis porro ratione et quia omnis vero.', NULL, NULL, NULL, '2025-02-16 07:19:35', '2025-02-16 07:19:35'),
(132, 132, 'ar', 'Vergie Feest II', 'vergie-feest-ii', 'Perspiciatis aspernatur dignissimos sunt in veritatis officiis quis. Natus itaque voluptas sunt at distinctio animi fuga. Officiis ea ut repellendus quae beatae consequatur aspernatur ut. Recusandae veritatis sit eum rem minus molestiae sint. Voluptatem vel aut beatae aut expedita vel sequi.', NULL, NULL, NULL, '2025-02-16 07:19:35', '2025-02-16 07:19:35'),
(133, 133, 'ar', 'Meghan Bode', 'meghan-bode', 'Alias autem fugiat ut harum ab. Architecto qui qui sit eveniet. Iste quam aut occaecati est voluptatem.', NULL, NULL, NULL, '2025-02-16 07:19:35', '2025-02-16 07:19:35'),
(134, 134, 'ar', 'Holden Nikolaus', 'holden-nikolaus', 'Illo ducimus voluptate ad. Magni ut deleniti vel qui eligendi. Non deserunt sequi rerum eos repellat qui ut.', NULL, NULL, NULL, '2025-02-16 07:19:35', '2025-02-16 07:19:35'),
(135, 135, 'ar', 'Quinten Cummerata V', 'quinten-cummerata-v', 'Veniam pariatur quidem excepturi id. Doloremque quidem commodi cumque non. Impedit ipsa magni dolorum aspernatur.', NULL, NULL, NULL, '2025-02-16 07:19:35', '2025-02-16 07:19:35'),
(136, 136, 'ar', 'Mellie Kshlerin', 'mellie-kshlerin', 'Soluta quisquam eos ut ut. Dicta quisquam quis illo quisquam dolores totam sed. Dicta rerum rerum corrupti et molestiae. Eos quidem nulla odio nostrum quaerat.', NULL, NULL, NULL, '2025-02-16 07:19:35', '2025-02-16 07:19:35'),
(137, 137, 'ar', 'Alexandria Stokes', 'alexandria-stokes', 'Dolor nostrum exercitationem at. Molestiae autem commodi officia eaque veniam fugiat commodi. Corrupti quis deleniti quibusdam distinctio. Distinctio ad pariatur vel qui voluptatem dolorum.', NULL, NULL, NULL, '2025-02-16 07:19:35', '2025-02-16 07:19:35'),
(138, 138, 'ar', 'Gregory Schmeler', 'gregory-schmeler', 'Beatae culpa eos aut quia earum laborum corrupti in. A perspiciatis molestias vel iste suscipit dignissimos. Recusandae iure cumque officia possimus est eos delectus laudantium. Quidem veritatis unde et vitae aut.', NULL, NULL, NULL, '2025-02-16 07:19:35', '2025-02-16 07:19:35'),
(139, 139, 'ar', 'Edwin Block', 'edwin-block', 'At quia amet temporibus aut. Maiores eum quaerat dolorum nam officia. Animi qui in architecto eos labore.', NULL, NULL, NULL, '2025-02-16 07:19:35', '2025-02-16 07:19:35'),
(140, 140, 'ar', 'Dr. Esperanza Heathcote III', 'dr.-esperanza-heathcote-iii', 'Qui sapiente est quae sed sequi consequuntur saepe. Qui facilis ad qui ipsam atque nihil. Sed ut eligendi et rem expedita et. Dolores vel porro qui vel.', NULL, NULL, NULL, '2025-02-16 07:19:35', '2025-02-16 07:19:35'),
(141, 141, 'ar', 'Margot Feil IV', 'margot-feil-iv', 'Unde dolores quos nesciunt autem aut ducimus harum. Inventore ipsam minus rerum dicta illo natus expedita. Reprehenderit sit consequatur incidunt consequatur distinctio numquam. Placeat illo dolores similique debitis.', NULL, NULL, NULL, '2025-02-16 07:19:35', '2025-02-16 07:19:35'),
(142, 142, 'ar', 'Justen Smith III', 'justen-smith-iii', 'Aut accusantium asperiores ut aut atque sunt. Ducimus ea nisi asperiores culpa nostrum vitae error. Nesciunt minima tempora ut autem accusamus. Hic quam quod officiis ad.', NULL, NULL, NULL, '2025-02-16 07:19:35', '2025-02-16 07:19:35'),
(143, 143, 'ar', 'Laverna Mosciski', 'laverna-mosciski', 'Modi odit non qui maiores esse. Est quia perspiciatis reiciendis et officiis. Numquam aliquid quis officia.', NULL, NULL, NULL, '2025-02-16 07:19:35', '2025-02-16 07:19:35'),
(144, 144, 'ar', 'Dr. Shanelle Haag Sr.', 'dr.-shanelle-haag-sr.', 'Unde asperiores est sapiente vel eius sunt. Aliquid atque iusto quia repudiandae. Aut id sunt at excepturi amet.', NULL, NULL, NULL, '2025-02-16 07:19:35', '2025-02-16 07:19:35'),
(145, 145, 'ar', 'Earl West', 'earl-west', 'Officiis dolor voluptatem aut eligendi. Voluptas eius a praesentium. Dolor et numquam quia vero dolores asperiores omnis. Sed aut sequi molestiae enim nihil laboriosam nostrum. Quis blanditiis nemo tempora dolore.', NULL, NULL, NULL, '2025-02-16 07:19:35', '2025-02-16 07:19:35'),
(146, 146, 'ar', 'Kris Dooley', 'kris-dooley', 'Natus error asperiores et non optio qui nesciunt. Velit ut eligendi est maxime. Autem mollitia laborum nisi vero a placeat occaecati neque.', NULL, NULL, NULL, '2025-02-16 07:19:35', '2025-02-16 07:19:35'),
(147, 147, 'ar', 'Justen McLaughlin PhD', 'justen-mclaughlin-phd', 'Optio in perferendis necessitatibus omnis. Nam eum commodi rem aut nisi dolores. Eaque quia quae nostrum.', NULL, NULL, NULL, '2025-02-16 07:19:35', '2025-02-16 07:19:35'),
(148, 148, 'ar', 'Mrs. Amy Gibson V', 'mrs.-amy-gibson-v', 'Provident asperiores sequi quaerat eveniet dolorum. Et est corrupti voluptas magnam adipisci id. Cum quo in et asperiores expedita. Ut quo tempore omnis.', NULL, NULL, NULL, '2025-02-16 07:19:35', '2025-02-16 07:19:35'),
(149, 149, 'ar', 'Prof. Shea Mertz II', 'prof.-shea-mertz-ii', 'Ut consequatur tempore quas enim quae adipisci culpa. Doloribus fugiat fuga velit aut. Ex aut alias non nemo et.', NULL, NULL, NULL, '2025-02-16 07:19:35', '2025-02-16 07:19:35'),
(150, 150, 'ar', 'Mrs. Josie Jakubowski', 'mrs.-josie-jakubowski', 'Et quis saepe id odio ut et quia. Voluptatem fugit sit veniam necessitatibus et omnis. Dolore eligendi ut voluptas numquam tempora. Provident voluptatem explicabo quis consequatur.', NULL, NULL, NULL, '2025-02-16 07:19:35', '2025-02-16 07:19:35'),
(151, 151, 'ar', 'Kaylie Pacocha DVM', 'kaylie-pacocha-dvm', 'Ut modi sunt rerum necessitatibus veniam nulla. Est dolorum voluptatum saepe aperiam quasi. Voluptatem blanditiis ipsum veritatis porro quaerat voluptatem eum.', NULL, NULL, NULL, '2025-02-16 07:19:35', '2025-02-16 07:19:35'),
(152, 152, 'ar', 'Bennett Nicolas PhD', 'bennett-nicolas-phd', 'Eum sit possimus earum unde. Laudantium quis ratione sit consectetur ut numquam nulla sed. Autem eius odio et quo ratione molestiae magni ipsum.', NULL, NULL, NULL, '2025-02-16 07:19:35', '2025-02-16 07:19:35'),
(153, 153, 'ar', 'Elyse Schmeler DVM', 'elyse-schmeler-dvm', 'In error quam ut dolor iste. Repudiandae voluptatem doloremque quo ipsum praesentium adipisci saepe. Quis quasi id quia officiis.', NULL, NULL, NULL, '2025-02-16 07:19:35', '2025-02-16 07:19:35'),
(154, 154, 'ar', 'Mr. Ewald Haley Sr.', 'mr.-ewald-haley-sr.', 'Quis quo eius officiis odio est praesentium. Quaerat modi quisquam optio qui et. Eum et quo totam magni consequatur. Consequatur iusto vero consequatur rerum et.', NULL, NULL, NULL, '2025-02-16 07:19:35', '2025-02-16 07:19:35'),
(155, 155, 'ar', 'Xavier Wuckert', 'xavier-wuckert', 'Dolorem consequatur et minus eos earum dolorem ut. Voluptatibus aut aut illum harum et molestiae. Quisquam ut exercitationem ipsum sequi sed. Aut voluptatem autem rerum beatae est distinctio cum.', NULL, NULL, NULL, '2025-02-16 07:19:35', '2025-02-16 07:19:35'),
(156, 156, 'ar', 'Remington Fritsch', 'remington-fritsch', 'Eos eos et facere totam veniam. Aut sed corrupti itaque perspiciatis.', NULL, NULL, NULL, '2025-02-16 07:19:35', '2025-02-16 07:19:35'),
(157, 157, 'ar', 'Maynard McClure', 'maynard-mcclure', 'Sit nihil enim nostrum consequatur. Harum tenetur maiores quis fugiat illo nihil quidem aut. Maxime et enim nesciunt corrupti pariatur architecto.', NULL, NULL, NULL, '2025-02-16 07:19:35', '2025-02-16 07:19:35'),
(158, 158, 'ar', 'Marjory Denesik', 'marjory-denesik', 'Culpa provident omnis ipsa eum iure quidem. Odio suscipit blanditiis voluptates eligendi ullam sunt dicta. Aspernatur numquam qui ut ut est corrupti.', NULL, NULL, NULL, '2025-02-16 07:19:35', '2025-02-16 07:19:35'),
(159, 159, 'ar', 'Dale Lakin', 'dale-lakin', 'Debitis nostrum id aut. Rerum labore atque impedit consectetur qui velit. Eos sed porro et dolorum itaque quia. Aut dolore quos temporibus laudantium sed repellendus maiores.', NULL, NULL, NULL, '2025-02-16 07:19:35', '2025-02-16 07:19:35'),
(160, 160, 'ar', 'Alysa Beier', 'alysa-beier', 'Ut voluptas est qui minima dolores eius. Dicta placeat nostrum sint adipisci. Molestiae aut velit totam. Magnam aut nihil quibusdam error nihil tempore quia.', NULL, NULL, NULL, '2025-02-16 07:19:35', '2025-02-16 07:19:35'),
(161, 161, 'ar', 'Ardella Muller', 'ardella-muller', 'Consectetur vel reprehenderit aut esse ratione assumenda natus nemo. Nobis minus nam dignissimos commodi qui. Cum et expedita in eos.', NULL, NULL, NULL, '2025-02-16 07:19:35', '2025-02-16 07:19:35'),
(162, 162, 'ar', 'Mr. Malachi Feil', 'mr.-malachi-feil', 'Vero vitae alias dicta at qui laborum. Et quas vitae illum illo magni magnam. Odit magni distinctio enim qui mollitia voluptas ab. Maiores delectus consectetur sunt unde deserunt.', NULL, NULL, NULL, '2025-02-16 07:19:35', '2025-02-16 07:19:35'),
(163, 163, 'ar', 'Odell Cremin', 'odell-cremin', 'Recusandae nihil nam similique occaecati. Maxime et est mollitia aut rerum similique. Et inventore itaque numquam et. In aliquid ea modi numquam ad qui rerum.', NULL, NULL, NULL, '2025-02-16 07:19:35', '2025-02-16 07:19:35'),
(164, 164, 'ar', 'Dr. Stuart Stamm', 'dr.-stuart-stamm', 'Itaque molestias est et qui consequuntur. Voluptas harum sit cumque autem velit eligendi. Voluptatem aut nisi fugiat. Velit qui ullam quasi eos ipsum dolores.', NULL, NULL, NULL, '2025-02-16 07:19:35', '2025-02-16 07:19:35'),
(165, 165, 'ar', 'Elinore Harris', 'elinore-harris', 'Exercitationem hic fugit id aperiam molestias dolore enim ut. Voluptas itaque modi eveniet qui magni laborum. Qui aspernatur a magni aliquam nam. Voluptas non hic occaecati aperiam blanditiis.', NULL, NULL, NULL, '2025-02-16 07:19:35', '2025-02-16 07:19:35'),
(166, 166, 'ar', 'Rosella O\'Connell', 'rosella-o\'connell', 'Velit sint nihil dolorem deleniti ipsum dicta nesciunt. Eos corporis magni dolorem accusantium quibusdam aspernatur. Vel porro rerum maxime.', NULL, NULL, NULL, '2025-02-16 07:19:35', '2025-02-16 07:19:35'),
(167, 167, 'ar', 'Prof. Misael Fay II', 'prof.-misael-fay-ii', 'Ipsa sunt quis illo voluptate. Expedita accusamus neque inventore corrupti. Consectetur ipsum sunt voluptas alias. Veritatis nulla perferendis quam fuga.', NULL, NULL, NULL, '2025-02-16 07:19:35', '2025-02-16 07:19:35'),
(168, 168, 'ar', 'Fletcher Douglas', 'fletcher-douglas', 'Iste doloremque voluptatem illo et. Porro aut doloribus dolorem eos blanditiis unde. Voluptate sit quisquam nostrum nisi fugiat.', NULL, NULL, NULL, '2025-02-16 07:19:35', '2025-02-16 07:19:35'),
(169, 169, 'ar', 'Prof. Ed Bechtelar', 'prof.-ed-bechtelar', 'Enim tempora iusto consequatur voluptas. Eaque tempore labore sunt inventore facilis neque dolorem. Sed doloribus minus ut.', NULL, NULL, NULL, '2025-02-16 07:19:35', '2025-02-16 07:19:35'),
(170, 170, 'ar', 'Ezequiel Gutkowski', 'ezequiel-gutkowski', 'Aspernatur rerum omnis iste commodi. Consectetur consectetur doloremque aut molestiae unde qui. Voluptatem sunt ut blanditiis commodi non nobis quia.', NULL, NULL, NULL, '2025-02-16 07:19:35', '2025-02-16 07:19:35'),
(171, 171, 'ar', 'Junius Hammes', 'junius-hammes', 'Laboriosam voluptas suscipit animi voluptatem voluptas necessitatibus. Qui qui autem molestiae culpa similique et. Qui maxime explicabo suscipit in.', NULL, NULL, NULL, '2025-02-16 07:19:35', '2025-02-16 07:19:35'),
(172, 172, 'ar', 'Cristal Hartmann PhD', 'cristal-hartmann-phd', 'Incidunt consequatur ut minus autem in exercitationem a exercitationem. Deleniti sint cumque consequuntur eum nam sed. Iusto doloremque et velit in.', NULL, NULL, NULL, '2025-02-16 07:19:35', '2025-02-16 07:19:35'),
(173, 173, 'ar', 'Selina Mosciski III', 'selina-mosciski-iii', 'Dolorum ea tempora sit nam et numquam. Qui ad id autem facere. Aut sed ut vitae aperiam et sed quo. Eos natus voluptate sint dicta dignissimos.', NULL, NULL, NULL, '2025-02-16 07:19:35', '2025-02-16 07:19:35'),
(174, 174, 'ar', 'Manuela Krajcik', 'manuela-krajcik', 'Ipsum sint nulla maiores voluptatum aut. Eos explicabo at vero modi aut. Praesentium quae sit pariatur a. Fugiat numquam iusto labore consequuntur.', NULL, NULL, NULL, '2025-02-16 07:19:35', '2025-02-16 07:19:35'),
(175, 175, 'ar', 'Prof. Alfonso Kreiger', 'prof.-alfonso-kreiger', 'Eligendi autem et quia ducimus reprehenderit ea veniam. Est nihil dolorem qui repellat. Vero aut id sint asperiores dolores. Suscipit quis pariatur deleniti facilis provident. Quis est dolor provident temporibus accusantium et.', NULL, NULL, NULL, '2025-02-16 07:19:35', '2025-02-16 07:19:35'),
(176, 176, 'ar', 'Ms. Breana Kirlin', 'ms.-breana-kirlin', 'Atque aut non itaque cum autem dolorem. Aut nam voluptatem quo natus neque sapiente. Modi doloribus voluptatem sed.', NULL, NULL, NULL, '2025-02-16 07:19:35', '2025-02-16 07:19:35'),
(177, 177, 'ar', 'Modesto Moen', 'modesto-moen', 'Aut voluptatem omnis natus libero in beatae. Perspiciatis iste repudiandae sunt praesentium. Non id ratione aspernatur rerum.', NULL, NULL, NULL, '2025-02-16 07:19:35', '2025-02-16 07:19:35'),
(178, 178, 'ar', 'Alek Turner', 'alek-turner', 'Aspernatur saepe a enim delectus. Cum similique dolor atque nam aut eaque. Quisquam ducimus quaerat laborum quia. Et neque et et sint.', NULL, NULL, NULL, '2025-02-16 07:19:35', '2025-02-16 07:19:35'),
(179, 179, 'ar', 'Aryanna Shields', 'aryanna-shields', 'Autem dicta cumque ipsum nulla accusantium. Qui ut dolorem et suscipit. Quae recusandae voluptas id natus dolor. Enim reiciendis dolore velit quo. Ducimus esse perferendis sint ea officia qui quisquam.', NULL, NULL, NULL, '2025-02-16 07:19:35', '2025-02-16 07:19:35'),
(180, 180, 'ar', 'Donavon Medhurst', 'donavon-medhurst', 'Dicta eaque delectus omnis in est autem. Sapiente vitae molestiae quia. Ullam praesentium qui dolorum labore.', NULL, NULL, NULL, '2025-02-16 07:19:35', '2025-02-16 07:19:35'),
(181, 181, 'ar', 'Erich Shields PhD', 'erich-shields-phd', 'Quas voluptatibus molestiae eum autem. Error ea sit distinctio. Repellat sit dicta dignissimos deserunt vero dolore est velit.', NULL, NULL, NULL, '2025-02-16 07:19:35', '2025-02-16 07:19:35'),
(182, 182, 'ar', 'Wilhelmine Block', 'wilhelmine-block', 'Totam ratione enim in enim quidem. Sit numquam aliquam aliquid aut cumque alias. Voluptate nihil deleniti quia dolores sint temporibus tempora voluptates.', NULL, NULL, NULL, '2025-02-16 07:19:35', '2025-02-16 07:19:35'),
(183, 183, 'ar', 'Joy West', 'joy-west', 'Voluptatem excepturi voluptas aut qui aut. Quisquam ipsa voluptatem laborum omnis eum blanditiis et. Facere dolorem qui corporis ipsa odio.', NULL, NULL, NULL, '2025-02-16 07:19:35', '2025-02-16 07:19:35'),
(184, 184, 'ar', 'Adeline Block', 'adeline-block', 'Facere nisi corrupti autem doloremque qui voluptas. Sed repudiandae distinctio aliquid laudantium consequatur nam sint. Facilis nobis a magnam tenetur maiores et.', NULL, NULL, NULL, '2025-02-16 07:19:35', '2025-02-16 07:19:35'),
(185, 185, 'ar', 'Sydnie Murray', 'sydnie-murray', 'Ea pariatur minima ducimus reiciendis. Quod quas vero sed ullam temporibus consequuntur. Ullam dolor sed in perspiciatis aut officiis ipsum. In quae alias laboriosam sit illum corrupti.', NULL, NULL, NULL, '2025-02-16 07:19:35', '2025-02-16 07:19:35'),
(186, 186, 'ar', 'Dr. Tremaine Sawayn DVM', 'dr.-tremaine-sawayn-dvm', 'Sed est et eum quaerat reprehenderit itaque. Autem qui et nam illo occaecati nesciunt quod.', NULL, NULL, NULL, '2025-02-16 07:19:35', '2025-02-16 07:19:35'),
(187, 187, 'ar', 'Enrique Brakus', 'enrique-brakus', 'Exercitationem qui sit fugit corrupti veniam ad. Officiis architecto voluptas et vero quis maiores est. Sed molestiae dolores nam aut earum occaecati ex iure.', NULL, NULL, NULL, '2025-02-16 07:19:35', '2025-02-16 07:19:35'),
(188, 188, 'ar', 'Marisol Feil', 'marisol-feil', 'Reprehenderit modi quo ducimus voluptates rerum. Sint modi corrupti quod et mollitia. Voluptas nemo esse esse eius doloremque. Enim voluptatum delectus aperiam tenetur eos maxime et.', NULL, NULL, NULL, '2025-02-16 07:19:35', '2025-02-16 07:19:35'),
(189, 189, 'ar', 'Dr. Guido Goyette I', 'dr.-guido-goyette-i', 'Magnam voluptas cumque facere rerum. Alias et sint eaque recusandae maxime ut perspiciatis. Eos dolor tenetur pariatur reiciendis eum vel provident. Ut enim ad at porro inventore eos aperiam et. Dolorem debitis quae iusto dolores.', NULL, NULL, NULL, '2025-02-16 07:19:35', '2025-02-16 07:19:35'),
(190, 190, 'ar', 'Ms. Melisa Morar DVM', 'ms.-melisa-morar-dvm', 'Fugit vero maxime dolor quia sit et voluptate. Atque illo sit aspernatur. Consequatur et cum expedita et occaecati in.', NULL, NULL, NULL, '2025-02-16 07:19:35', '2025-02-16 07:19:35'),
(191, 191, 'ar', 'John McDermott V', 'john-mcdermott-v', 'Exercitationem accusamus sapiente sunt et optio. Aspernatur tenetur numquam ad. Temporibus aut maiores ipsum. Voluptatem quia tenetur repellendus illum perspiciatis labore.', NULL, NULL, NULL, '2025-02-16 07:19:35', '2025-02-16 07:19:35'),
(192, 192, 'ar', 'Cedrick Russel IV', 'cedrick-russel-iv', 'Ipsam qui maiores porro reprehenderit aliquam ut et. Voluptates sit officia inventore voluptas. Architecto distinctio voluptas eveniet iusto perspiciatis vitae.', NULL, NULL, NULL, '2025-02-16 07:19:35', '2025-02-16 07:19:35'),
(193, 193, 'ar', 'Gustave Roob', 'gustave-roob', 'Dolorem dolor repellat vel ut. Numquam in molestiae et quis sit. Aut saepe nobis sed sit recusandae nostrum impedit.', NULL, NULL, NULL, '2025-02-16 07:19:35', '2025-02-16 07:19:35'),
(194, 194, 'ar', 'Ms. Karlee O\'Connell', 'ms.-karlee-o\'connell', 'Quia sapiente nisi molestiae soluta voluptatem porro quibusdam et. Qui omnis mollitia tempore sit placeat. Voluptatibus perspiciatis rerum reiciendis et rerum laudantium praesentium aliquid. Impedit nesciunt aspernatur quod autem. Expedita voluptatum consequatur assumenda deleniti iure facere praesentium.', NULL, NULL, NULL, '2025-02-16 07:19:35', '2025-02-16 07:19:35'),
(195, 195, 'ar', 'Erik Gottlieb III', 'erik-gottlieb-iii', 'Enim eum reprehenderit vel asperiores ut tenetur. Voluptatem nobis consequatur quaerat id iste rerum. Ea dolorum repudiandae qui quas. Laudantium eum neque sit aut. Voluptas est enim fugiat reiciendis ratione.', NULL, NULL, NULL, '2025-02-16 07:19:35', '2025-02-16 07:19:35'),
(196, 196, 'ar', 'Prof. Hailee Price Sr.', 'prof.-hailee-price-sr.', 'Velit rem et culpa nostrum non ducimus. Eligendi veritatis eum distinctio exercitationem ipsum rerum facilis.', NULL, NULL, NULL, '2025-02-16 07:19:35', '2025-02-16 07:19:35'),
(197, 197, 'ar', 'Quentin Franecki', 'quentin-franecki', 'Ut ratione aut rerum veritatis vitae. Non debitis temporibus aut modi distinctio doloremque et. Autem dolorem commodi doloribus quae autem incidunt non. Aut eius dicta assumenda aliquid eveniet. Voluptatem quo et aut voluptas eos fugit esse nisi.', NULL, NULL, NULL, '2025-02-16 07:19:35', '2025-02-16 07:19:35'),
(198, 198, 'ar', 'Dr. Gideon Rohan', 'dr.-gideon-rohan', 'Suscipit perspiciatis aut neque accusamus expedita adipisci quam. Accusantium impedit nemo autem maiores libero aut neque. Magni natus qui totam sequi quod eum.', NULL, NULL, NULL, '2025-02-16 07:19:35', '2025-02-16 07:19:35'),
(199, 199, 'ar', 'Conor Bode', 'conor-bode', 'Et officiis cumque optio laudantium. Voluptas autem ut enim est. Delectus voluptatibus ut error sit aut. Veniam illum et non hic iste.', NULL, NULL, NULL, '2025-02-16 07:19:35', '2025-02-16 07:19:35'),
(200, 200, 'ar', 'Anibal Rutherford', 'anibal-rutherford', 'Ut et optio sint sed. Vitae et rerum non qui laboriosam. Pariatur veniam quibusdam eum.', NULL, NULL, NULL, '2025-02-16 07:19:35', '2025-02-16 07:19:35');

-- --------------------------------------------------------

--
-- Table structure for table `clients_carts`
--

CREATE TABLE `clients_carts` (
  `id` bigint UNSIGNED NOT NULL,
  `cart_id` bigint UNSIGNED NOT NULL,
  `donor_id` bigint UNSIGNED NOT NULL,
  `item_type` varchar(255) COLLATE utf8mb4_unicode_ci NOT NULL,
  `item_name` varchar(255) COLLATE utf8mb4_unicode_ci NOT NULL,
  `item_id` bigint UNSIGNED NOT NULL,
  `item_sub_type` varchar(255) COLLATE utf8mb4_unicode_ci DEFAULT NULL,
  `quantity` int NOT NULL,
  `price` decimal(10,2) NOT NULL,
  `total_price` decimal(10,2) NOT NULL,
  `status` varchar(255) COLLATE utf8mb4_unicode_ci NOT NULL DEFAULT 'pending',
  `created_at` timestamp NULL DEFAULT NULL,
  `updated_at` timestamp NULL DEFAULT NULL
) ENGINE=InnoDB DEFAULT CHARSET=utf8mb4 COLLATE=utf8mb4_unicode_ci;

-- --------------------------------------------------------

--
-- Table structure for table `contact_us`
--

CREATE TABLE `contact_us` (
  `id` bigint UNSIGNED NOT NULL,
  `title` varchar(255) CHARACTER SET utf8mb4 COLLATE utf8mb4_unicode_ci DEFAULT NULL,
  `full_name` varchar(255) CHARACTER SET utf8mb4 COLLATE utf8mb4_unicode_ci DEFAULT NULL,
  `email` varchar(255) CHARACTER SET utf8mb4 COLLATE utf8mb4_unicode_ci DEFAULT NULL,
  `phone` varchar(255) CHARACTER SET utf8mb4 COLLATE utf8mb4_unicode_ci DEFAULT NULL,
  `city` varchar(255) CHARACTER SET utf8mb4 COLLATE utf8mb4_unicode_ci DEFAULT NULL,
  `type` varchar(255) CHARACTER SET utf8mb4 COLLATE utf8mb4_unicode_ci DEFAULT NULL,
  `message` text CHARACTER SET utf8mb4 COLLATE utf8mb4_unicode_ci,
  `status` tinyint NOT NULL DEFAULT '0',
  `updated_by` bigint UNSIGNED DEFAULT NULL,
  `deleted_at` timestamp NULL DEFAULT NULL,
  `created_at` timestamp NULL DEFAULT NULL,
  `updated_at` timestamp NULL DEFAULT NULL
) ENGINE=InnoDB DEFAULT CHARSET=utf8mb4 COLLATE=utf8mb4_unicode_ci;

--
-- Dumping data for table `contact_us`
--

INSERT INTO `contact_us` (`id`, `title`, `full_name`, `email`, `phone`, `city`, `type`, `message`, `status`, `updated_by`, `deleted_at`, `created_at`, `updated_at`) VALUES
(601, 'Mr. Tom Hammes MD', 'Hipolito Olson', 'lind.braden@example.org', '551-867-8206', 'animi', '0', 'Sit velit rerum in eos sunt. Architecto perferendis et voluptatem omnis commodi incidunt quia. Laboriosam sapiente similique voluptatem quis eum voluptas ea. Exercitationem molestiae et quia impedit sed qui dolorem. Officia consequatur provident laborum aut.', 1, NULL, NULL, '2025-02-16 07:19:29', '2025-02-16 07:19:29'),
(602, 'Dr. Kevon Donnelly IV', 'Brenden Crooks PhD', 'jordane88@example.org', '678.845.8444', 'quo', '0', 'Sint non quo sed quo. Sit in aliquid quibusdam tempora officiis ut quis quae. Harum non eum quaerat quia necessitatibus rem.', 1, NULL, NULL, '2025-02-16 07:19:29', '2025-02-16 07:19:29'),
(603, 'Dr. Cleo O\'Reilly', 'Miss Maye Beahan PhD', 'horace.boyle@example.net', '+17437374706', 'ut', '1', 'Omnis nihil et magni adipisci molestiae reiciendis. Voluptatum sint et in quaerat occaecati et excepturi. Consequatur quidem odio unde voluptatibus.', 1, NULL, NULL, '2025-02-16 07:19:29', '2025-02-16 07:19:29'),
(604, 'Dariana Konopelski', 'Dr. Eliza Johnson', 'bennett.ortiz@example.com', '+1-678-482-7793', 'ut', '0', 'Quos quo aliquid dignissimos rem voluptas. Ad pariatur dolorem repellendus facilis autem expedita. Voluptatum numquam nihil corrupti velit incidunt labore molestiae.', 0, NULL, NULL, '2025-02-16 07:19:29', '2025-02-16 07:19:29'),
(605, 'Kaelyn Gislason', 'Lennie Homenick V', 'metz.yvette@example.com', '754-331-2981', 'non', '1', 'Atque rerum est et in iste. Porro deleniti a voluptates. Aut iure asperiores quia quia distinctio aspernatur. Et velit nobis voluptatibus voluptas amet enim odit.', 1, NULL, NULL, '2025-02-16 07:19:29', '2025-02-16 07:19:29'),
(606, 'Prof. Gail Spinka', 'Kennedy Hilpert', 'xmarquardt@example.org', '(972) 375-1414', 'esse', '0', 'Error veniam aut non ut et dolores. A veritatis accusantium velit odio architecto perferendis voluptas. Quia debitis facere sunt et eveniet et voluptatibus mollitia. Repudiandae doloremque est minima qui delectus est.', 0, NULL, NULL, '2025-02-16 07:19:29', '2025-02-16 07:19:29'),
(607, 'Bradley Maggio DDS', 'Dr. Elias Brown', 'fbarrows@example.org', '872.631.6575', 'aspernatur', '0', 'Voluptatibus quia est minus dignissimos neque molestiae enim. Et reiciendis saepe quisquam ullam. Eveniet rerum mollitia totam. Ea consequatur quam inventore rerum quis hic.', 0, NULL, NULL, '2025-02-16 07:19:29', '2025-02-16 07:19:29'),
(608, 'Mrs. Twila Nikolaus', 'Hortense Huel', 'rcrooks@example.net', '+1-646-421-9633', 'quis', '0', 'Rem laborum aliquam in dolorem dolore. Impedit nisi fugit quos recusandae aliquid. Modi dolor quasi et porro labore. Tempore dolorem fuga ea.', 1, NULL, NULL, '2025-02-16 07:19:29', '2025-02-16 07:19:29'),
(609, 'Miss Ethelyn Skiles', 'Darlene Daugherty', 'ken53@example.net', '+1.559.531.9870', 'impedit', '1', 'Totam eveniet accusantium debitis saepe. Laudantium quae voluptatem quia dignissimos. Ex et quasi nihil libero voluptatem incidunt et. At itaque natus placeat id sed repellat.', 0, NULL, NULL, '2025-02-16 07:19:29', '2025-02-16 07:19:29'),
(610, 'Kaelyn Zieme I', 'Vallie Ondricka', 'kling.stevie@example.com', '+1-940-644-1416', 'architecto', '0', 'Est iste cum quae consequatur quia provident deserunt. Dolorum id vitae et. Sed sed ullam aut velit aut dolores. Omnis laborum itaque ut minus cum.', 1, NULL, NULL, '2025-02-16 07:19:29', '2025-02-16 07:19:29'),
(611, 'Jasmin Pouros', 'Jaqueline Kreiger I', 'hagenes.roma@example.org', '+1-843-203-8345', 'voluptatum', '1', 'Aut consequuntur voluptate illum quae eum quo. Sequi nihil quod ullam sunt perferendis. Est occaecati ut laudantium totam sit sapiente blanditiis. Voluptates in minus qui velit non doloremque.', 0, NULL, NULL, '2025-02-16 07:19:29', '2025-02-16 07:19:29'),
(612, 'Harrison Vandervort', 'Toby Gerlach', 'roslyn59@example.com', '1-980-429-8547', 'odio', '1', 'Sed quis qui iste ex mollitia cumque recusandae. Impedit dolores adipisci laborum totam ex quia voluptates qui. Sed molestiae saepe provident quia rem illo.', 0, NULL, NULL, '2025-02-16 07:19:29', '2025-02-16 07:19:29'),
(613, 'Prof. Neva Altenwerth', 'Lenore Smith', 'eichmann.anabel@example.net', '+1 (781) 506-2663', 'repellendus', '1', 'Itaque nam ipsa maiores facilis autem architecto quis quos. Iste quia suscipit omnis id sed culpa. Qui impedit nihil eos.', 1, NULL, NULL, '2025-02-16 07:19:29', '2025-02-16 07:19:29'),
(614, 'D\'angelo Eichmann', 'Ms. Celine Nikolaus MD', 'zechariah.krajcik@example.org', '640.225.6056', 'laborum', '0', 'Repellendus consequatur ad deleniti rem. Sit architecto eligendi numquam et deserunt quidem quae. Aut laudantium iste sit quis delectus suscipit. Consequatur sequi aliquid id nam.', 0, NULL, NULL, '2025-02-16 07:19:29', '2025-02-16 07:19:29'),
(615, 'Dr. Wilhelm Sawayn', 'Trinity Beatty I', 'lebsack.charlie@example.org', '(520) 756-8453', 'consequatur', '0', 'Est vel ex consectetur commodi. Excepturi sed porro ut magni. Nam sequi ipsa optio nisi voluptatem.', 1, NULL, NULL, '2025-02-16 07:19:29', '2025-02-16 07:19:29'),
(616, 'Ron Barrows', 'Dr. Hiram Mosciski', 'clemmie41@example.com', '503.739.8808', 'vero', '0', 'Vel possimus voluptatem facilis ducimus provident expedita. Minima aut voluptatem et voluptas. Ab blanditiis ut commodi consectetur aspernatur quia. Rem natus est quod tenetur a.', 1, NULL, NULL, '2025-02-16 07:19:29', '2025-02-16 07:19:29'),
(617, 'Nannie Hill', 'Kaitlyn Stamm', 'rebeca11@example.org', '+13616343792', 'est', '0', 'Perferendis dicta repellat vel. Numquam distinctio error quas nulla laudantium. Quis voluptatibus ut ad fugiat nobis sapiente.', 0, NULL, NULL, '2025-02-16 07:19:29', '2025-02-16 07:19:29'),
(618, 'Mr. Brett Kuhn', 'Julia Okuneva', 'randy40@example.net', '1-240-901-0903', 'aut', '0', 'Nemo eos rerum vel totam reiciendis porro alias. Eum voluptatibus eligendi et aut. Aliquam illum cupiditate ipsa quo dolores consectetur.', 1, NULL, NULL, '2025-02-16 07:19:29', '2025-02-16 07:19:29'),
(619, 'Dallin Sauer PhD', 'Mr. Parker Sawayn', 'shawn.larkin@example.org', '+1.667.844.6295', 'voluptatem', '0', 'Et est impedit ex magnam culpa. Dolor totam modi et modi. Dolorem occaecati quae molestias ipsum eum iste est. Quasi magnam at aut.', 1, NULL, NULL, '2025-02-16 07:19:29', '2025-02-16 07:19:29'),
(620, 'Dr. Jude Connelly DDS', 'Mr. Ernie Howell DDS', 'karolann.kirlin@example.org', '(805) 722-5297', 'consequuntur', '0', 'Omnis et culpa qui est. Facilis dolorem sapiente ut. Et cumque qui possimus nostrum id quo. Repellat est dolorem nihil dolor quod sit. Nulla et fugiat eius sit perspiciatis.', 0, NULL, NULL, '2025-02-16 07:19:29', '2025-02-16 07:19:29'),
(621, 'Joshuah Haley', 'Shyann Gerlach', 'osmitham@example.com', '240-322-1628', 'enim', '0', 'Voluptatem illo repudiandae a officia. Vel consequuntur blanditiis dolorum consequuntur labore et.', 0, NULL, NULL, '2025-02-16 07:19:29', '2025-02-16 07:19:29'),
(622, 'Karine Gerhold', 'Adrienne Stracke', 'beier.bettie@example.com', '351.757.9706', 'laborum', '0', 'Aliquid sapiente et pariatur modi. Laudantium perferendis delectus officia eveniet doloremque deserunt est. Ut ad voluptas blanditiis autem saepe corporis. Exercitationem laboriosam praesentium quas sequi sit magni et est.', 1, NULL, NULL, '2025-02-16 07:19:29', '2025-02-16 07:19:29'),
(623, 'Flavio McLaughlin', 'Dr. Ignatius Windler III', 'brenda.reichert@example.net', '+1 (678) 471-9433', 'odit', '1', 'Enim quidem nam commodi est totam ipsam. Qui laboriosam sunt asperiores laudantium ex. Eveniet quis sunt esse harum id. Autem eos neque impedit accusantium expedita doloremque harum.', 0, NULL, NULL, '2025-02-16 07:19:29', '2025-02-16 07:19:29'),
(624, 'Dillan Barrows', 'Mr. Lazaro Hodkiewicz MD', 'cwalter@example.com', '619-849-8931', 'tenetur', '1', 'Error provident occaecati et officia labore quidem quia nostrum. Fugit veritatis tempore quae ex voluptatem accusantium minus et. Nostrum est nihil dignissimos eum dicta excepturi explicabo.', 0, NULL, NULL, '2025-02-16 07:19:29', '2025-02-16 07:19:29'),
(625, 'Prof. Myles Welch III', 'Salvatore O\'Conner', 'keshaun.ward@example.org', '458-696-1447', 'sapiente', '1', 'Nemo ab doloremque est deleniti tempore. Vero natus adipisci quis recusandae veniam nobis quo in. Sequi deleniti et possimus fuga sint. Numquam accusantium voluptas fuga quia et ullam.', 1, NULL, NULL, '2025-02-16 07:19:29', '2025-02-16 07:19:29'),
(626, 'Miss Alvera Gerlach I', 'Mr. Jamarcus Heathcote', 'margot.ohara@example.com', '469-947-6034', 'quos', '1', 'Quisquam qui est aperiam perferendis excepturi minima. Culpa autem vero quia debitis qui et commodi molestiae. Quia iusto quas et voluptas dolorem. Unde ratione quae ut vero.', 0, NULL, NULL, '2025-02-16 07:19:29', '2025-02-16 07:19:29'),
(627, 'Daniella Christiansen', 'Judah Lebsack', 'turner.mariane@example.com', '1-938-348-2048', 'sequi', '1', 'Autem commodi autem possimus iusto temporibus cum sit. Quibusdam repellendus ipsam debitis rerum. Quia dolor voluptas praesentium nisi quibusdam est fuga. Quo dolorum excepturi sunt doloribus.', 1, NULL, NULL, '2025-02-16 07:19:29', '2025-02-16 07:19:29'),
(628, 'Tracey Farrell', 'Mrs. Rita Lemke', 'jast.florencio@example.com', '1-323-640-1189', 'magnam', '1', 'Et dolor aliquam nulla error. Animi amet veniam molestias iure. Itaque sed velit ullam vero maiores distinctio. Tempora eaque voluptatibus sequi est nesciunt repudiandae.', 1, NULL, NULL, '2025-02-16 07:19:29', '2025-02-16 07:19:29'),
(629, 'Aglae Kessler', 'Prof. Prince Hermiston Jr.', 'gkozey@example.org', '+1-850-767-5121', 'voluptas', '1', 'Aut est perspiciatis vel assumenda. Quae explicabo consectetur est necessitatibus molestiae soluta. Qui voluptates expedita provident est. Mollitia ut fuga quos placeat provident id id. Est velit consequuntur ut debitis iure culpa ipsum.', 0, NULL, NULL, '2025-02-16 07:19:29', '2025-02-16 07:19:29'),
(630, 'Hope Batz', 'Nyah Jones IV', 'isom78@example.org', '(267) 905-8391', 'iste', '1', 'Animi quae molestiae qui beatae. Ad qui ducimus illum porro nisi et. Quam alias non et vel dolores facilis eveniet. Ab magni et praesentium velit possimus aut eos. Corporis doloribus architecto dignissimos ipsa temporibus beatae.', 0, NULL, NULL, '2025-02-16 07:19:29', '2025-02-16 07:19:29'),
(631, 'Prof. Odie Cormier', 'Reggie Kilback', 'alysson11@example.org', '+13256020651', 'modi', '1', 'Molestias quisquam natus accusamus dolore odio voluptas. Sequi hic dignissimos omnis impedit est nihil. Assumenda autem voluptas autem in.', 0, NULL, NULL, '2025-02-16 07:19:29', '2025-02-16 07:19:29'),
(632, 'Wellington Bauch III', 'Jamil Klein', 'lesly79@example.com', '1-727-668-8330', 'sit', '1', 'Deleniti laboriosam beatae quibusdam et voluptatem earum sit sunt. Saepe deleniti explicabo expedita.', 1, NULL, NULL, '2025-02-16 07:19:29', '2025-02-16 07:19:29'),
(633, 'Kassandra Heaney', 'Rosina Schowalter', 'jacobi.vicky@example.com', '1-704-767-9951', 'earum', '1', 'Harum odit sequi dolorum tenetur. Minus repellat aliquam quisquam provident porro sed culpa explicabo. Quo architecto vel rerum quae a ea. Hic ut rerum ipsum tempora velit nihil distinctio.', 0, NULL, NULL, '2025-02-16 07:19:29', '2025-02-16 07:19:29'),
(634, 'Kaylie Hegmann', 'Jarrell Goodwin', 'oking@example.com', '1-678-847-4411', 'incidunt', '0', 'Aut natus voluptate quae quia velit dolor. Repellendus pariatur maiores accusantium et fugiat ea. Consequatur vel quasi quia velit. Qui consectetur enim illo rem temporibus.', 1, NULL, NULL, '2025-02-16 07:19:29', '2025-02-16 07:19:29'),
(635, 'Emma Kuhn', 'Bethel Larson', 'qoconnell@example.net', '520-440-6097', 'itaque', '1', 'Est totam quis eaque molestias sed id atque blanditiis. Aliquid sunt tenetur facilis iste modi neque. Odio odit molestiae maiores omnis ullam. Consequatur amet dolor quo ipsam odio id aperiam dolor.', 0, NULL, NULL, '2025-02-16 07:19:29', '2025-02-16 07:19:29'),
(636, 'Casper Glover', 'Santina Bergnaum', 'davion.metz@example.net', '+1.901.218.9401', 'voluptates', '1', 'Harum ea vero placeat ut. Quia id maiores possimus consequatur enim reiciendis nihil. Reiciendis culpa atque cum. Eveniet facere eos beatae facere placeat.', 0, NULL, NULL, '2025-02-16 07:19:29', '2025-02-16 07:19:29'),
(637, 'Prof. Alysa Koss DVM', 'Vivian Feil', 'fruecker@example.com', '320.404.5117', 'enim', '0', 'Harum dolores esse quas provident aut. Vel dolorem rem sequi natus. Nesciunt dolores praesentium commodi in sequi natus. Laborum sunt sunt aspernatur rem occaecati occaecati.', 0, NULL, NULL, '2025-02-16 07:19:29', '2025-02-16 07:19:29'),
(638, 'Dr. Hudson Smith', 'Mrs. Jazmyn Haag', 'mckenzie.skyla@example.com', '(561) 577-6818', 'quod', '0', 'Provident molestias placeat velit eveniet nesciunt et expedita. Voluptatem omnis ut eveniet unde. Eius voluptas ea quibusdam quasi dolorem et officiis et. Quia similique voluptatem consequuntur rerum sit qui non.', 0, NULL, NULL, '2025-02-16 07:19:29', '2025-02-16 07:19:29'),
(639, 'Gregorio Kerluke', 'Dr. Euna Hill Sr.', 'wade.conroy@example.com', '(408) 764-1477', 'aut', '1', 'Hic maiores et in facere. Distinctio nemo expedita odit.', 1, NULL, NULL, '2025-02-16 07:19:29', '2025-02-16 07:19:29'),
(640, 'Skyla Cormier DDS', 'Earline Adams', 'upton.itzel@example.net', '301-813-5230', 'nam', '0', 'Nihil est consectetur repellat odio. Error laboriosam in quidem expedita. Eaque commodi sint rerum voluptate esse. Velit tenetur molestiae suscipit recusandae molestiae voluptatum.', 1, NULL, NULL, '2025-02-16 07:19:29', '2025-02-16 07:19:29'),
(641, 'Dr. Clair Jacobi', 'Caitlyn Konopelski V', 'hyatt.jodie@example.org', '+16024284477', 'voluptatum', '0', 'Temporibus neque et ratione adipisci vel. Impedit similique incidunt vero cupiditate. Recusandae ipsum sit non omnis saepe asperiores sunt. Praesentium qui reprehenderit maxime omnis et asperiores. Dolore est ut aut unde.', 1, NULL, NULL, '2025-02-16 07:19:29', '2025-02-16 07:19:29'),
(642, 'Rhea Rogahn', 'Queenie Lynch', 'nhodkiewicz@example.net', '(551) 593-2958', 'quia', '1', 'Consequuntur et possimus eveniet aliquid recusandae voluptate perferendis cumque. Et recusandae voluptas voluptates qui. Qui nobis aut consequatur assumenda est.', 1, NULL, NULL, '2025-02-16 07:19:29', '2025-02-16 07:19:29'),
(643, 'Peter Herman V', 'Prof. Janick Dach', 'rebekah.morissette@example.net', '380-899-5422', 'asperiores', '0', 'Enim occaecati libero dolorum voluptatem corporis tenetur officiis. Voluptatem dolores dolor optio ad nisi animi.', 1, NULL, NULL, '2025-02-16 07:19:29', '2025-02-16 07:19:29'),
(644, 'Assunta Adams I', 'Prof. Ezequiel Goodwin IV', 'jayne.hand@example.com', '864-562-2352', 'ut', '1', 'Iusto sunt eligendi illo libero. Autem in eum rerum asperiores asperiores aut quam. Est ad et rerum explicabo. Culpa recusandae laborum quia autem rerum quia ipsa.', 0, NULL, NULL, '2025-02-16 07:19:29', '2025-02-16 07:19:29'),
(645, 'Prof. Bert Champlin', 'Prof. Mae Ritchie II', 'harry98@example.com', '+1.689.246.8900', 'maiores', '1', 'Veritatis quae molestias quis quia. Cupiditate consequuntur rerum assumenda quia nihil. Inventore ut recusandae sit quasi magnam velit blanditiis.', 1, NULL, NULL, '2025-02-16 07:19:29', '2025-02-16 07:19:29'),
(646, 'Guadalupe Bruen', 'Rosalee Littel', 'greenholt.lenny@example.net', '+1-936-733-8346', 'doloribus', '1', 'Nostrum corrupti eveniet ut eaque tempore. Adipisci neque voluptas impedit assumenda nobis repellat est consequatur. Sit nostrum quaerat nam qui ipsa corporis nemo. Laborum quod voluptatem recusandae sit dolore minus.', 0, NULL, NULL, '2025-02-16 07:19:29', '2025-02-16 07:19:29'),
(647, 'Emiliano Johnston', 'Jessika Senger I', 'bailey.rosanna@example.net', '+1 (321) 560-1362', 'quis', '0', 'A similique recusandae quisquam et tempore possimus nihil. Et aut alias optio est et id occaecati. Dolorem est laudantium natus libero rerum nemo cumque et. Laboriosam earum ducimus pariatur et reprehenderit dolorem.', 1, NULL, NULL, '2025-02-16 07:19:29', '2025-02-16 07:19:29'),
(648, 'Carson Lehner', 'Jettie Cassin', 'gutkowski.odessa@example.net', '+1-678-557-2917', 'ut', '0', 'Id labore quia voluptas blanditiis. Earum omnis voluptatem sapiente saepe quia ullam sed pariatur.', 0, NULL, NULL, '2025-02-16 07:19:29', '2025-02-16 07:19:29'),
(649, 'Narciso Schumm', 'Karl McKenzie', 'maiya.robel@example.net', '+1 (223) 680-7893', 'quod', '1', 'Dolorem quia voluptatem molestiae molestias dolor. Ipsa repellendus qui facilis cupiditate eos laboriosam. Molestiae aut aut voluptatum id et fugiat. Iure occaecati quas officiis ut ipsa non est.', 0, NULL, NULL, '2025-02-16 07:19:29', '2025-02-16 07:19:29'),
(650, 'Ismael McGlynn', 'Alvena Okuneva', 'seamus66@example.com', '401.253.4672', 'aut', '1', 'Corporis nobis aperiam ut voluptas. Quo omnis sunt cum ipsum. Sit officiis natus illum dignissimos. Non labore laborum velit asperiores.', 1, NULL, NULL, '2025-02-16 07:19:29', '2025-02-16 07:19:29'),
(651, 'Syble Lemke', 'Diana West DVM', 'jaylan00@example.com', '878.756.8781', 'accusamus', '0', 'Alias est inventore ut quo amet. Occaecati voluptates aut inventore ut dolores at. Nam quia aliquid aperiam consequuntur est odio illo. Et sed sit necessitatibus corrupti dolor eius.', 0, NULL, NULL, '2025-02-16 07:19:29', '2025-02-16 07:19:29'),
(652, 'Lynn Pollich', 'Favian Brekke', 'maybelle03@example.com', '+1 (262) 624-3212', 'aperiam', '0', 'Exercitationem praesentium expedita id nemo. Dicta qui maiores alias nesciunt quibusdam maxime consequuntur. Neque commodi et perspiciatis illum rem consequatur. Aliquam esse est consectetur quos delectus eum.', 1, NULL, NULL, '2025-02-16 07:19:29', '2025-02-16 07:19:29'),
(653, 'Mrs. Aileen Hirthe Jr.', 'Carol Krajcik', 'astrosin@example.com', '+1 (732) 464-8348', 'rerum', '1', 'Sequi mollitia dolores perspiciatis rerum minima nesciunt aut. Corrupti error voluptatem corporis sunt placeat deserunt. Illo repellendus rerum quia et itaque sint. Quos aperiam sed qui asperiores numquam unde autem.', 0, NULL, NULL, '2025-02-16 07:19:29', '2025-02-16 07:19:29'),
(654, 'Rebeca Collins', 'Kristoffer Gerlach', 'jmccullough@example.net', '252-271-5053', 'voluptas', '0', 'Repudiandae et minima libero alias ut aperiam voluptas. Sint perspiciatis nostrum quam consectetur.', 0, NULL, NULL, '2025-02-16 07:19:29', '2025-02-16 07:19:29'),
(655, 'Barbara Kub', 'Zelma Lynch', 'mortimer.hettinger@example.net', '(870) 953-8937', 'ullam', '1', 'Ea inventore odio sit architecto libero. Magni modi molestiae tempore sed quia. Sint veniam possimus quam dolore. Aut nulla omnis ut et reiciendis omnis.', 0, NULL, NULL, '2025-02-16 07:19:29', '2025-02-16 07:19:29'),
(656, 'Vivian Ratke', 'Tyrel Barrows', 'bratke@example.org', '270.563.1022', 'voluptatem', '0', 'Magnam deleniti maiores ab nihil. Odio aut dolores voluptate dolores sequi dolorem voluptas. Est necessitatibus deserunt eligendi sint quisquam enim consequatur. Vel deserunt eum dolorem assumenda facilis id.', 1, NULL, NULL, '2025-02-16 07:19:29', '2025-02-16 07:19:29'),
(657, 'Corbin Deckow', 'Marcus Lehner', 'bbecker@example.com', '1-872-954-0168', 'sapiente', '1', 'Iusto cupiditate reprehenderit saepe. Nihil nam voluptatem esse. Fuga qui et id qui quia. Maxime expedita eius sit unde enim reprehenderit.', 0, NULL, NULL, '2025-02-16 07:19:29', '2025-02-16 07:19:29'),
(658, 'Ms. Renee Ortiz', 'Joanie Cronin I', 'eleazar05@example.net', '+1.561.355.2244', 'dolorem', '1', 'Earum velit et enim saepe earum voluptas. Sed iusto ad sed error. Quaerat iste incidunt voluptatem sit ab consequatur occaecati repudiandae. Placeat blanditiis non qui aut assumenda esse. Iusto eveniet est quo optio voluptas autem aut.', 1, NULL, NULL, '2025-02-16 07:19:29', '2025-02-16 07:19:29'),
(659, 'Maida Heaney', 'William Altenwerth', 'balistreri.felicita@example.net', '1-857-304-7776', 'qui', '1', 'Aut nobis rerum occaecati totam minima. Alias magnam atque eaque quos culpa voluptatibus. Sed explicabo omnis soluta dolorem provident autem pariatur.', 1, NULL, NULL, '2025-02-16 07:19:29', '2025-02-16 07:19:29'),
(660, 'Will Senger', 'Vidal Tremblay', 'predovic.london@example.org', '+1-559-541-3780', 'facilis', '0', 'Illum minima sunt et. Consequuntur fugit eum doloribus nihil. Id laboriosam eum vero recusandae omnis vel. Non eaque et similique quas.', 0, NULL, NULL, '2025-02-16 07:19:29', '2025-02-16 07:19:29'),
(661, 'Prof. Ethan Dooley', 'Hayley Eichmann', 'tressie78@example.org', '+16367236226', 'pariatur', '1', 'Et ut vero voluptatem natus omnis. Ea porro aliquid quia. Quidem possimus eius reiciendis sequi libero sed voluptas. Consequatur nisi velit ad commodi qui. Explicabo accusamus qui blanditiis magni minima et.', 1, NULL, NULL, '2025-02-16 07:19:29', '2025-02-16 07:19:29'),
(662, 'Elwyn Trantow', 'Ludie Ankunding', 'emmerich.virgie@example.org', '+1.747.481.6408', 'beatae', '0', 'Quo voluptatem maiores nihil minima dolores vel accusantium. Temporibus a sunt voluptatibus est pariatur molestias rem. Est iure fugit consequatur quae. Et iusto earum voluptatem ut est incidunt consequatur dolorem. Deleniti et nisi sit et saepe neque dolor sit.', 0, NULL, NULL, '2025-02-16 07:19:29', '2025-02-16 07:19:29'),
(663, 'Kaitlin Howell DVM', 'Dr. Oral Ernser V', 'carey.mraz@example.org', '272.530.5585', 'minus', '1', 'Dolorem sit ipsa a assumenda adipisci qui. Fugiat nostrum sit voluptatem ab dolorem quisquam. Voluptate occaecati tempora et nam ipsum consectetur velit laborum.', 1, NULL, NULL, '2025-02-16 07:19:29', '2025-02-16 07:19:29'),
(664, 'Michele Gibson', 'Leslie Hilpert', 'djohnson@example.org', '+1.989.898.5028', 'provident', '1', 'Nam omnis voluptatem voluptatem facere optio similique hic. Aspernatur repellendus sapiente repellendus minus excepturi a soluta. Ut quam inventore mollitia sit quo.', 1, NULL, NULL, '2025-02-16 07:19:29', '2025-02-16 07:19:29'),
(665, 'Marcos Treutel', 'Eleazar Botsford', 'simeon.pagac@example.net', '351-394-8955', 'explicabo', '1', 'Fuga ab corporis explicabo ut soluta. Eos ipsum quas voluptatem commodi rerum ea.', 0, NULL, NULL, '2025-02-16 07:19:29', '2025-02-16 07:19:29'),
(666, 'Loy Dach Jr.', 'Annamarie Crona', 'shaley@example.net', '+18282738665', 'sapiente', '0', 'Et debitis dolorem tempora reprehenderit asperiores. Similique deleniti eum labore maiores occaecati.', 0, NULL, NULL, '2025-02-16 07:19:29', '2025-02-16 07:19:29'),
(667, 'Delphia Hills', 'Georgiana Kiehn', 'aniyah81@example.net', '(918) 589-0467', 'cum', '1', 'Blanditiis et eveniet labore consectetur. Assumenda ad dolorem fuga voluptatem placeat. Necessitatibus amet enim ut iusto.', 0, NULL, NULL, '2025-02-16 07:19:29', '2025-02-16 07:19:29'),
(668, 'Dr. Jovani Gerhold', 'Elisabeth Morar', 'hwyman@example.net', '+1-774-236-5954', 'et', '1', 'Aut veritatis est tempore nostrum neque neque. Repudiandae ut mollitia nesciunt temporibus velit dicta suscipit. Nostrum voluptatum ut sed impedit saepe qui quidem. Impedit maiores natus deserunt accusamus.', 0, NULL, NULL, '2025-02-16 07:19:29', '2025-02-16 07:19:29'),
(669, 'Ms. Rachelle Howell', 'Mrs. Brielle Braun', 'terry.emmanuel@example.net', '+1-865-303-2486', 'temporibus', '0', 'Et illum a dolorem quisquam reprehenderit exercitationem sint. Labore consequuntur adipisci ut asperiores. Illum dolor harum nesciunt laborum qui inventore. Enim quia impedit ipsa veniam laudantium.', 1, NULL, NULL, '2025-02-16 07:19:29', '2025-02-16 07:19:29'),
(670, 'Wilfrid Moore PhD', 'Rico Crist IV', 'gryan@example.com', '+1 (704) 403-5910', 'est', '1', 'Illo qui maiores ratione illo voluptatem iusto quaerat. Fugiat quae omnis dolore inventore. Vel fugiat hic et et vero provident natus.', 0, NULL, NULL, '2025-02-16 07:19:29', '2025-02-16 07:19:29'),
(671, 'Amie Erdman I', 'Isaac Considine', 'nick.leffler@example.org', '+1.480.234.9790', 'quod', '1', 'Optio expedita corporis aut reiciendis debitis id. Dolore et id laudantium temporibus. Deleniti culpa sed ea qui. Rerum reiciendis cupiditate delectus officiis ipsum aspernatur.', 0, NULL, NULL, '2025-02-16 07:19:29', '2025-02-16 07:19:29'),
(672, 'Miss Norene Schuppe Sr.', 'Prof. Raul Larkin PhD', 'jdickinson@example.net', '432-523-1310', 'natus', '1', 'Veniam eos aut sed. Quia asperiores saepe ipsa nam qui molestiae. Adipisci adipisci maxime perspiciatis debitis ducimus suscipit reiciendis. Voluptatem consequatur assumenda atque quos.', 1, NULL, NULL, '2025-02-16 07:19:29', '2025-02-16 07:19:29'),
(673, 'Garett Swift III', 'Jacey Vandervort DDS', 'alanna.oconner@example.com', '+1.747.361.8696', 'eum', '0', 'Impedit fuga omnis eius enim quas sequi. Facilis dolor nihil est nam voluptatem. Sapiente sit maxime voluptas ut placeat. Similique commodi repellendus quod explicabo aliquam aliquid.', 1, NULL, NULL, '2025-02-16 07:19:29', '2025-02-16 07:19:29'),
(674, 'Mr. Austen Berge', 'Dr. Rhiannon Rempel', 'adamore@example.org', '+1-719-917-4418', 'beatae', '0', 'In quo ut numquam aliquam molestiae voluptate. Cupiditate veritatis eum nostrum labore. Consequatur incidunt molestias tempore voluptas dicta rem voluptas repellendus.', 0, NULL, NULL, '2025-02-16 07:19:29', '2025-02-16 07:19:29'),
(675, 'Ms. Destany Gutmann III', 'Miss Kallie Hills DVM', 'austin.huel@example.org', '+1.763.598.9405', 'voluptas', '1', 'Velit alias quaerat quis est vel et facere. Vero omnis recusandae repudiandae libero molestias maiores consequatur. Nam ut voluptatem non distinctio. Nesciunt facilis quia voluptas illo sit odio magni non.', 0, NULL, NULL, '2025-02-16 07:19:29', '2025-02-16 07:19:29'),
(676, 'Molly Bashirian', 'Ashton Swaniawski', 'sigurd.willms@example.net', '+1 (718) 444-6391', 'et', '0', 'At non eum provident et accusamus. Et velit ut sed earum velit rerum beatae. Accusamus voluptas ea similique perferendis quibusdam. Qui expedita beatae qui culpa mollitia ad voluptas.', 0, NULL, NULL, '2025-02-16 07:19:29', '2025-02-16 07:19:29'),
(677, 'Ms. Ariane Schultz V', 'Ken Becker', 'ortiz.dejuan@example.net', '+1.469.726.3941', 'aut', '1', 'Magnam ex magni occaecati expedita. Deleniti ut et repellat consequuntur est quo necessitatibus. Velit voluptatum nostrum quibusdam.', 0, NULL, NULL, '2025-02-16 07:19:29', '2025-02-16 07:19:29'),
(678, 'Mr. Cooper Morissette DDS', 'Hailey Orn', 'carmen19@example.com', '657.621.5690', 'ipsam', '0', 'Consequatur voluptatem delectus dolore. Maxime quasi a impedit provident voluptatibus a. Quisquam aliquid autem est. Iste natus delectus omnis ut.', 0, NULL, NULL, '2025-02-16 07:19:29', '2025-02-16 07:19:29'),
(679, 'Prof. Melvin Boehm', 'Cloyd Haag Sr.', 'nbauch@example.com', '949-908-8583', 'fugit', '1', 'Laboriosam tempora voluptatibus quidem. Reprehenderit repellendus aut quis culpa sed. Incidunt dolor sapiente cum consequatur.', 1, NULL, NULL, '2025-02-16 07:19:29', '2025-02-16 07:19:29'),
(680, 'Prof. Clint Willms V', 'Rudy Schamberger', 'xcorwin@example.net', '1-469-648-6555', 'est', '0', 'Optio occaecati eveniet fugit. Laboriosam id modi omnis odio nostrum alias dolor. Qui magnam quasi iure corporis ipsam.', 1, NULL, NULL, '2025-02-16 07:19:29', '2025-02-16 07:19:29'),
(681, 'Mrs. Dolores Runolfsdottir', 'Miss Mariane Schimmel', 'iconroy@example.com', '+1.951.276.1148', 'non', '1', 'Sit nulla magni blanditiis dolorum nisi ipsa. Magni ab consequuntur facere repellat quibusdam. Iste voluptate eligendi ex qui ex. Qui esse odio aut non.', 0, NULL, NULL, '2025-02-16 07:19:29', '2025-02-16 07:19:29'),
(682, 'Mr. Domenick Hilpert', 'Maryam Witting MD', 'cummings.albert@example.net', '248.539.0848', 'nemo', '0', 'Placeat est placeat autem laudantium. Facilis ut ut dignissimos fuga laboriosam. Consequuntur reiciendis qui quisquam expedita.', 1, NULL, NULL, '2025-02-16 07:19:29', '2025-02-16 07:19:29'),
(683, 'Astrid Pfeffer', 'Mr. Selmer Jacobi', 'ramon33@example.org', '+1 (623) 958-5468', 'odio', '1', 'Blanditiis repudiandae dolorum impedit delectus. Maiores vitae perferendis reprehenderit voluptatibus repudiandae maiores nemo animi. Qui quia voluptatem perspiciatis consequuntur voluptas praesentium.', 0, NULL, NULL, '2025-02-16 07:19:29', '2025-02-16 07:19:29'),
(684, 'Keenan Koch II', 'Ozella Runte', 'rcremin@example.net', '+1.765.288.5978', 'architecto', '1', 'Quae voluptatem quas tenetur corrupti. Sed quidem sunt numquam cumque consequatur possimus aut ut. Exercitationem beatae corrupti hic et.', 1, NULL, NULL, '2025-02-16 07:19:29', '2025-02-16 07:19:29'),
(685, 'Althea Ullrich', 'Rylee Kiehn', 'travis.mayer@example.com', '+1-732-527-9762', 'illum', '1', 'Recusandae dolorum voluptatum corporis aliquid. Esse ullam dolorum recusandae voluptatibus reprehenderit inventore velit.', 1, NULL, NULL, '2025-02-16 07:19:29', '2025-02-16 07:19:29'),
(686, 'Juwan Hirthe', 'Jamie Kassulke Sr.', 'trinity13@example.net', '1-478-921-1518', 'voluptas', '0', 'Aliquam aut tenetur odio enim illum voluptatem assumenda hic. Culpa et nihil quisquam porro esse pariatur et. Vel alias nulla eos quia et dolorum. Praesentium nesciunt tempora doloribus veritatis rem autem labore.', 1, NULL, NULL, '2025-02-16 07:19:29', '2025-02-16 07:19:29'),
(687, 'Al Williamson', 'Dina Davis IV', 'turner.audra@example.org', '432.549.0218', 'ut', '0', 'Nihil recusandae eos vero doloribus harum qui voluptate. Eaque quidem voluptate rerum qui. A impedit dolor a suscipit enim distinctio.', 1, NULL, NULL, '2025-02-16 07:19:29', '2025-02-16 07:19:29'),
(688, 'Karli O\'Keefe', 'Mr. Davon Wilderman', 'aeffertz@example.org', '+1-620-617-8920', 'excepturi', '0', 'Doloremque sit accusamus repellat necessitatibus necessitatibus aut. Hic et alias sint fugiat dolorem qui. Quia magnam laboriosam consequatur ab.', 0, NULL, NULL, '2025-02-16 07:19:29', '2025-02-16 07:19:29'),
(689, 'Ms. Jade Rath V', 'Elissa Herzog Sr.', 'bartell.queen@example.org', '564.648.2290', 'fugiat', '0', 'Dolor aspernatur perspiciatis velit sed. Et quis eum modi ratione inventore enim necessitatibus. Accusamus quis quia optio rerum dolor enim expedita.', 0, NULL, NULL, '2025-02-16 07:19:29', '2025-02-16 07:19:29'),
(690, 'Miss Zita Gusikowski', 'Alec Lueilwitz', 'julie.stehr@example.net', '347.666.7594', 'impedit', '1', 'Aut nam unde facere explicabo accusantium qui. Enim commodi rerum facilis sed delectus modi et. Labore saepe facilis quia modi sunt eius dolorum.', 0, NULL, NULL, '2025-02-16 07:19:29', '2025-02-16 07:19:29'),
(691, 'Prof. Quentin Thiel', 'Ari Bins', 'fdouglas@example.net', '+1-305-882-6438', 'neque', '1', 'Similique natus non similique laborum laborum debitis omnis. Consequuntur molestiae tenetur optio magnam aliquam. Quo est qui dicta expedita necessitatibus. Enim repellendus illum laboriosam repudiandae.', 1, NULL, NULL, '2025-02-16 07:19:29', '2025-02-16 07:19:29'),
(692, 'Skyla Dietrich', 'Brain Lesch PhD', 'manley.abernathy@example.org', '+1-207-597-7617', 'nulla', '0', 'Rerum consequatur ipsum sunt quo et explicabo ipsam. Quae nobis dicta odio dolor. Nostrum aliquid optio nam.', 1, NULL, NULL, '2025-02-16 07:19:29', '2025-02-16 07:19:29'),
(693, 'Zita Pfannerstill', 'Emery Luettgen MD', 'hamill.diana@example.org', '820-277-3640', 'optio', '0', 'Facere quod quis eaque qui voluptatem aut quam quia. Deleniti qui quo quod sit.', 1, NULL, NULL, '2025-02-16 07:19:29', '2025-02-16 07:19:29'),
(694, 'Deborah Russel', 'Raquel Hamill', 'cmoore@example.net', '1-725-587-9065', 'dolorum', '1', 'Tempora illo soluta rem. Quae culpa odio dignissimos quis nihil aut. Vero doloremque voluptatem dolorem. Ut quaerat voluptatum ut sunt.', 1, NULL, NULL, '2025-02-16 07:19:29', '2025-02-16 07:19:29'),
(695, 'Jerrold McGlynn', 'Donna Murray IV', 'ansley57@example.org', '323-387-0867', 'qui', '1', 'Cumque praesentium sed et ut sequi. Aut voluptas adipisci veniam et. Consequatur laboriosam nulla non. Qui rerum tempora et necessitatibus modi.', 0, NULL, NULL, '2025-02-16 07:19:29', '2025-02-16 07:19:29'),
(696, 'Noemie Prosacco V', 'Miss Meaghan Prosacco', 'solon.mccullough@example.org', '+14247766162', 'labore', '1', 'Provident excepturi ipsa natus est. Eius eligendi nam aperiam. Quam ipsam et odio in qui. Culpa ut tempore cumque.', 1, NULL, NULL, '2025-02-16 07:19:29', '2025-02-16 07:19:29'),
(697, 'Athena Kub', 'Mario West', 'juliana.schaefer@example.com', '(458) 893-6444', 'doloribus', '1', 'Explicabo veniam dicta ut ut rerum atque. Et ad qui ratione eligendi natus et. Saepe error ipsa sit illo velit. Doloremque rem et et et.', 1, NULL, NULL, '2025-02-16 07:19:29', '2025-02-16 07:19:29'),
(698, 'Gussie Goyette', 'Paxton Dibbert Jr.', 'etorphy@example.org', '+1.409.420.5047', 'accusantium', '1', 'Id facilis veritatis ut alias pariatur. Et neque est et sed iure quos ullam tempora. Numquam facere optio doloremque dolor et. Ullam esse ut ducimus incidunt autem culpa porro repudiandae. Cum aliquid inventore est illum quidem.', 1, NULL, NULL, '2025-02-16 07:19:29', '2025-02-16 07:19:29'),
(699, 'Juana Langworth', 'Dr. Conner Parker', 'brendan.hettinger@example.com', '+1-351-838-7324', 'eos', '0', 'Explicabo omnis libero iusto. Consequatur sit in ut ut ut porro. Excepturi totam sed sint facere non. Beatae neque a qui suscipit veniam.', 1, NULL, NULL, '2025-02-16 07:19:29', '2025-02-16 07:19:29'),
(700, 'Mia Haag', 'Mr. Pierce Crooks DVM', 'jamarcus70@example.com', '+1 (864) 377-7746', 'vel', '0', 'Ea ad qui hic tempore doloribus magni sed. Adipisci ut odit debitis beatae dolores quasi ea. Dolorem non eos omnis doloremque necessitatibus perferendis a voluptatibus.', 1, NULL, NULL, '2025-02-16 07:19:29', '2025-02-16 07:19:29'),
(701, 'Ms. Fiona Feeney', 'Herta Stanton', 'gwendolyn.beier@example.net', '+17748788214', 'eum', '0', 'Optio quasi iste aliquid et ut nihil sit qui. Quibusdam laborum officia harum. Sapiente eaque voluptate expedita consequuntur velit. Sunt et aspernatur aperiam in dolorem odit ad.', 0, NULL, NULL, '2025-02-16 07:19:29', '2025-02-16 07:19:29'),
(702, 'Prof. Carmen Macejkovic MD', 'Vidal Macejkovic', 'jstreich@example.net', '+1-820-628-9659', 'non', '1', 'Unde qui excepturi dolorem aut sit aut. Quas commodi quasi omnis nihil error consequatur occaecati. Eveniet dolorum dolorem cum rerum exercitationem ducimus voluptatibus. Iure dolorum ut rerum dolores.', 1, NULL, NULL, '2025-02-16 07:19:29', '2025-02-16 07:19:29'),
(703, 'Declan Stoltenberg', 'Kayli Upton', 'thessel@example.org', '+1-334-606-2985', 'veritatis', '1', 'Dolores voluptatum fugit beatae eos. Architecto sint expedita eligendi neque in aspernatur corporis. Adipisci aut ab et id aspernatur occaecati. Voluptates expedita aut sit iure et.', 1, NULL, NULL, '2025-02-16 07:19:29', '2025-02-16 07:19:29'),
(704, 'Sister Howell DVM', 'Jameson Batz', 'wlangworth@example.com', '1-442-682-7292', 'eum', '0', 'Ipsum et a quae velit ipsa. Odio est sit sunt dicta voluptas quia quasi. Expedita in enim occaecati molestiae mollitia.', 1, NULL, NULL, '2025-02-16 07:19:29', '2025-02-16 07:19:29'),
(705, 'Madisyn Wyman', 'Prof. Kianna Leuschke', 'nlynch@example.net', '+12235021605', 'velit', '1', 'Non officiis voluptatem quidem doloremque. Eos blanditiis fuga unde illo sed vel soluta ducimus. Qui ratione ut dicta omnis nihil voluptate itaque.', 0, NULL, NULL, '2025-02-16 07:19:29', '2025-02-16 07:19:29'),
(706, 'Prof. Sean Schneider DVM', 'Dr. Dock Greenfelder IV', 'reynold.willms@example.com', '+1-951-602-3599', 'eum', '0', 'Eaque maxime quia nihil aliquid. Sit tenetur qui corporis quo. Delectus tempore officiis nisi iste.', 0, NULL, NULL, '2025-02-16 07:19:29', '2025-02-16 07:19:29'),
(707, 'Dr. Joanny Daugherty', 'Wilber Jones', 'zita40@example.net', '(678) 379-5354', 'nihil', '1', 'Aut illum nihil animi alias aut. Quia corporis est omnis voluptatem vero iste. Et et reprehenderit aut aut atque ut amet.', 0, NULL, NULL, '2025-02-16 07:19:29', '2025-02-16 07:19:29'),
(708, 'Carole Heathcote IV', 'Yasmine Lemke', 'mortimer70@example.net', '+14589047080', 'dolores', '0', 'Est minus ab ad non qui. Neque aliquid dolorem voluptate vel odio aut. Libero dolorem aut fugiat.', 1, NULL, NULL, '2025-02-16 07:19:29', '2025-02-16 07:19:29'),
(709, 'Antonetta Nicolas', 'Dr. Marques Nitzsche', 'damore.angela@example.org', '+1 (802) 256-1709', 'ad', '1', 'Illum est est fugit doloremque suscipit quas laudantium. Molestiae non rerum ipsam sed voluptatem ipsa. Earum soluta in asperiores dolor rerum sed. Qui est id autem et inventore harum nam.', 1, NULL, NULL, '2025-02-16 07:19:29', '2025-02-16 07:19:29'),
(710, 'Morris Zemlak PhD', 'Emmanuelle Kirlin', 'clifton51@example.net', '+1 (541) 901-1093', 'aut', '1', 'Est et maxime inventore quaerat aliquam tempora exercitationem esse. In ut repellendus esse et quos facilis. Eum ut incidunt qui.', 0, NULL, NULL, '2025-02-16 07:19:29', '2025-02-16 07:19:29'),
(711, 'Edward Considine', 'Thea Cremin II', 'muller.braeden@example.org', '862-499-4378', 'eius', '1', 'Harum sunt saepe qui dicta consequatur quo. Quis deleniti qui et itaque quasi sed. Fugiat qui ea non.', 1, NULL, NULL, '2025-02-16 07:19:29', '2025-02-16 07:19:29'),
(712, 'Korbin Larkin', 'Mr. August DuBuque PhD', 'isobel.keeling@example.org', '425-957-6704', 'minus', '1', 'Fugiat omnis voluptas aperiam tenetur minima qui. Et enim voluptatem perferendis laborum molestiae deserunt est fuga. Quam impedit animi accusantium aut dolor incidunt aut.', 1, NULL, NULL, '2025-02-16 07:19:29', '2025-02-16 07:19:29'),
(713, 'Sarai Lang', 'Dr. D\'angelo Bergstrom', 'madonna.zieme@example.org', '1-216-762-0148', 'sit', '0', 'Consequatur ut nisi nemo libero illo. Officia rerum ea nihil laborum. Voluptas esse quas placeat optio.', 0, NULL, NULL, '2025-02-16 07:19:29', '2025-02-16 07:19:29'),
(714, 'Kiana Bechtelar', 'Pearl Ortiz', 'aletha36@example.net', '+1.769.722.3542', 'est', '1', 'Vel itaque id dolorum voluptas saepe repudiandae delectus. Aut et modi repudiandae pariatur. Harum consequatur vel recusandae corrupti necessitatibus ullam.', 1, NULL, NULL, '2025-02-16 07:19:29', '2025-02-16 07:19:29'),
(715, 'Walter Muller', 'Bethany Barton DVM', 'viva41@example.net', '(240) 571-1987', 'iure', '1', 'Non voluptas veniam amet aut. Neque sequi enim est fugiat veritatis minima mollitia voluptatibus. Ut consequatur deleniti dolor est.', 1, NULL, NULL, '2025-02-16 07:19:29', '2025-02-16 07:19:29'),
(716, 'Delfina Collins', 'Miss Catharine Heaney DVM', 'franco.keeling@example.org', '854-393-3028', 'quis', '0', 'Et illum et ab ea. Ratione voluptas aspernatur quia consequatur dolores nulla in. Voluptatibus id velit deleniti reiciendis cum. Nostrum nihil doloribus a fuga dolorem sint quas sunt.', 0, NULL, NULL, '2025-02-16 07:19:29', '2025-02-16 07:19:29'),
(717, 'Jayce Sawayn', 'Mrs. Michaela Windler I', 'letitia60@example.com', '1-309-338-5814', 'labore', '0', 'Fugit consectetur minus qui in porro consequatur sed. Tempore rerum molestias voluptatem possimus qui assumenda qui voluptatem. Consectetur voluptas ullam doloremque omnis mollitia quas. Sunt ea quia tempora.', 1, NULL, NULL, '2025-02-16 07:19:29', '2025-02-16 07:19:29'),
(718, 'Jaime Mante III', 'Dusty Tromp', 'dflatley@example.com', '626.438.5977', 'dolores', '0', 'Autem impedit voluptates nemo. Molestias et quas quis. Facilis unde eius magnam tempora est. In sunt officiis ut cum harum neque.', 1, NULL, NULL, '2025-02-16 07:19:29', '2025-02-16 07:19:29'),
(719, 'Eleanora Ullrich', 'Ms. Karen White IV', 'lyda35@example.net', '+1.484.333.9009', 'molestiae', '1', 'Doloremque natus autem dolor quasi dignissimos. Eveniet qui et sequi labore vel enim. Excepturi ut quia officia sed. Voluptatem quod maiores est.', 0, NULL, NULL, '2025-02-16 07:19:29', '2025-02-16 07:19:29'),
(720, 'Whitney DuBuque DDS', 'Melvin Kautzer', 'keyshawn.mosciski@example.org', '321.735.5938', 'reprehenderit', '0', 'Eos perspiciatis non cumque nisi est. Fuga maxime quae voluptatem totam optio sed. Ab qui esse voluptates eaque consectetur.', 1, NULL, NULL, '2025-02-16 07:19:29', '2025-02-16 07:19:29'),
(721, 'Cathrine Kuvalis', 'Miss Kattie Doyle IV', 'rosalind81@example.org', '1-737-572-5692', 'quis', '0', 'Exercitationem omnis ipsam quas molestiae est est odio pariatur. Deleniti repudiandae possimus debitis quasi maiores accusantium consequatur molestias. Quis sit omnis necessitatibus alias deserunt explicabo. Voluptas dolor voluptas consequatur et facilis.', 0, NULL, NULL, '2025-02-16 07:19:29', '2025-02-16 07:19:29'),
(722, 'Prof. Kaley Pouros', 'Rolando Hermiston', 'grace39@example.com', '+1.838.892.1163', 'rerum', '1', 'Dolores mollitia vero laudantium qui nihil vel quas. Facilis aut voluptatem impedit dolores dolorem consectetur. Recusandae voluptatibus et blanditiis hic.', 0, NULL, NULL, '2025-02-16 07:19:29', '2025-02-16 07:19:29'),
(723, 'Mr. Ernesto Weissnat', 'Reba Block', 'schuppe.ethan@example.com', '1-332-837-8760', 'iusto', '1', 'Eligendi vero voluptates dignissimos dolor et. Id dolor quod non est hic explicabo. Quibusdam corporis quis enim iure adipisci molestiae. Non et occaecati dolore. Consequuntur consequatur enim suscipit.', 0, NULL, NULL, '2025-02-16 07:19:29', '2025-02-16 07:19:29'),
(724, 'Theresa Pfeffer V', 'Ms. Angeline Emard', 'daphnee.treutel@example.com', '234.941.7855', 'officiis', '1', 'Fugit sequi et tempore fuga mollitia et error. Ullam quisquam doloribus occaecati alias laboriosam. Sint itaque omnis perspiciatis qui. Enim iure iusto voluptas quam.', 1, NULL, NULL, '2025-02-16 07:19:29', '2025-02-16 07:19:29'),
(725, 'Claudie Gutkowski', 'Wayne Witting', 'hbatz@example.com', '1-484-325-8253', 'sed', '1', 'Dolorum beatae magnam iste incidunt iusto. Eum eum quia aperiam aspernatur accusamus rerum. Ipsam officia sint rerum ipsa pariatur. Quas repellat commodi quis odio accusamus minus doloremque.', 0, NULL, NULL, '2025-02-16 07:19:29', '2025-02-16 07:19:29'),
(726, 'Albin Armstrong', 'Demarco Farrell', 'santa.johnson@example.com', '+1.585.742.3764', 'maiores', '0', 'Et et explicabo quia corporis dolorum. Consequuntur ipsum inventore itaque voluptates est. Natus voluptatem et iusto voluptatem. Et laudantium qui aut voluptas cupiditate qui distinctio.', 1, NULL, NULL, '2025-02-16 07:19:29', '2025-02-16 07:19:29'),
(727, 'Miss Kasey Langworth Jr.', 'Flo Mante', 'cummerata.lilla@example.com', '442-704-6787', 'tempore', '1', 'Quos qui nobis vero est doloremque ut. Voluptas tenetur expedita est similique incidunt. Dolorem sint cum soluta aut. Sunt impedit et nihil ratione iure quibusdam.', 0, NULL, NULL, '2025-02-16 07:19:29', '2025-02-16 07:19:29'),
(728, 'Joaquin Ratke', 'Prof. Dana Conn I', 'sabrina.jacobson@example.org', '+1 (302) 624-4298', 'sit', '1', 'Nam vel vitae impedit architecto tempora cumque. Pariatur voluptatem repellat ducimus qui. Delectus occaecati sit quis itaque et facere qui. Architecto voluptas esse consequuntur aut exercitationem quis.', 1, NULL, NULL, '2025-02-16 07:19:29', '2025-02-16 07:19:29'),
(729, 'Jaylon Haley IV', 'Jewel Bailey', 'breitenberg.luisa@example.net', '229.648.0047', 'asperiores', '1', 'Id laboriosam est nisi. Beatae at ea id inventore. Commodi odit quia facilis.', 0, NULL, NULL, '2025-02-16 07:19:29', '2025-02-16 07:19:29'),
(730, 'Dr. Ethel Zieme V', 'Mr. Trever Morissette', 'brycen.lebsack@example.com', '240-770-7456', 'aut', '0', 'Eaque sed neque et sed quis quia. Repellat odit atque numquam aut est pariatur et.', 1, NULL, NULL, '2025-02-16 07:19:29', '2025-02-16 07:19:29'),
(731, 'Dr. Garrison Bernhard', 'Prof. Sadie Prosacco DDS', 'justyn27@example.org', '(260) 652-5717', 'blanditiis', '1', 'Provident ipsum quia nihil ea repellat. Nam numquam in sit laborum.', 1, NULL, NULL, '2025-02-16 07:19:29', '2025-02-16 07:19:29'),
(732, 'Marquise Graham Jr.', 'Dr. Mckenna Wehner', 'elmira33@example.com', '+13802687740', 'fugit', '1', 'Pariatur cum sapiente impedit et architecto voluptatem. Sequi ex beatae illum placeat amet molestiae.', 1, NULL, NULL, '2025-02-16 07:19:29', '2025-02-16 07:19:29'),
(733, 'Camron Upton', 'Corrine Gulgowski', 'cfeest@example.org', '+1.973.561.0705', 'vel', '1', 'Harum repellendus est ut consequatur quis ipsam similique. Harum eaque dignissimos exercitationem. Et eos omnis repellat.', 1, NULL, NULL, '2025-02-16 07:19:29', '2025-02-16 07:19:29'),
(734, 'Lelia Lynch', 'Christelle Smitham', 'dorris18@example.net', '(281) 497-7343', 'cupiditate', '1', 'Et nemo alias laboriosam est architecto vero velit est. Animi eveniet voluptate quia eligendi occaecati officiis veniam. Minus ut sapiente quia est. Quo sed officia et quia quidem et quam.', 0, NULL, NULL, '2025-02-16 07:19:29', '2025-02-16 07:19:29'),
(735, 'Mrs. Teresa Kemmer', 'Nya Wolff', 'crystel93@example.com', '870-322-5743', 'veritatis', '0', 'Dolorem nobis possimus incidunt et ut quos. Voluptatem velit ea iusto non. Eligendi voluptates similique eum laboriosam et dolorem molestiae.', 1, NULL, NULL, '2025-02-16 07:19:29', '2025-02-16 07:19:29'),
(736, 'Simone Legros', 'Prof. Jayde Hill III', 'jakubowski.gabriella@example.net', '+1 (540) 844-8183', 'voluptates', '1', 'Iste sint ex qui molestiae soluta voluptatum. Tenetur earum distinctio dicta ab enim nemo modi. Nesciunt sequi quam voluptatem sequi quibusdam in. Molestiae non at ut in adipisci sit.', 0, NULL, NULL, '2025-02-16 07:19:29', '2025-02-16 07:19:29'),
(737, 'Margarette Wunsch', 'Prof. Ashly Hermann Sr.', 'aturner@example.org', '1-463-568-0563', 'voluptas', '1', 'Enim architecto quisquam totam quia ipsum. Et dolores cupiditate veniam excepturi qui voluptatem incidunt ea. Facilis corrupti minima quisquam vero aperiam. Vel commodi qui voluptates aperiam similique aut sed.', 0, NULL, NULL, '2025-02-16 07:19:29', '2025-02-16 07:19:29'),
(738, 'Christian Paucek', 'Brooke Fadel', 'hillard24@example.com', '+1.660.783.1735', 'adipisci', '1', 'Molestiae libero debitis velit vel. Quo ratione aut quibusdam odio non. Aut quibusdam unde dolore repudiandae sed. Est inventore velit molestiae voluptatem voluptatem voluptatem.', 0, NULL, NULL, '2025-02-16 07:19:29', '2025-02-16 07:19:29'),
(739, 'Manuel Keebler', 'Dr. Amira Collier PhD', 'rodolfo37@example.org', '+1-850-850-1597', 'suscipit', '0', 'Voluptas eum dolorem necessitatibus quidem maiores. Tenetur consequatur repellat aut. Fugiat dolor neque fuga dolore quos aperiam. Consequatur corrupti veritatis delectus molestiae nihil inventore.', 1, NULL, NULL, '2025-02-16 07:19:29', '2025-02-16 07:19:29'),
(740, 'Carlotta Larson', 'Mr. Jamison Kuhn I', 'wellington.kirlin@example.com', '+19284696851', 'tempore', '1', 'Qui totam aut cumque error ut nostrum iusto. Vel aut et deleniti consequuntur quis laborum.', 0, NULL, NULL, '2025-02-16 07:19:29', '2025-02-16 07:19:29'),
(741, 'Dr. Felipa O\'Connell', 'Leta Wolf', 'helena.tillman@example.org', '+1 (539) 334-0224', 'temporibus', '1', 'Voluptates ut non perferendis velit et. Enim cupiditate et perferendis sed modi quis.', 0, NULL, NULL, '2025-02-16 07:19:29', '2025-02-16 07:19:29'),
(742, 'Romaine Schaden', 'Prof. Chadrick Brekke Jr.', 'micheal.hill@example.com', '(940) 873-7357', 'vel', '1', 'Et quod quia ut doloribus ipsam qui exercitationem. Quas illo optio soluta vero. Consequatur aspernatur reiciendis voluptatem vero. Praesentium accusamus autem odio temporibus.', 0, NULL, NULL, '2025-02-16 07:19:29', '2025-02-16 07:19:29'),
(743, 'Mr. Riley Hayes', 'Rae Ankunding', 'astoltenberg@example.org', '1-223-571-8637', 'facere', '0', 'Voluptatem possimus qui blanditiis laboriosam. Dolores error non facilis in delectus beatae vitae. Exercitationem illo voluptas eligendi necessitatibus qui inventore impedit rerum. Vero delectus ea aspernatur aspernatur eveniet corrupti.', 0, NULL, NULL, '2025-02-16 07:19:29', '2025-02-16 07:19:29'),
(744, 'Stefan Lehner', 'Dr. Tia Conroy IV', 'erobel@example.net', '(629) 874-7678', 'non', '0', 'Sed ut et similique enim consequatur eaque. Quos labore consequuntur et ut et vero placeat. Modi vero et commodi sed. Corporis nesciunt quasi et neque. Id enim velit eligendi nam harum.', 0, NULL, NULL, '2025-02-16 07:19:29', '2025-02-16 07:19:29'),
(745, 'Mrs. Jennifer Weber', 'Elda Frami', 'foster23@example.net', '1-762-246-3791', 'aut', '0', 'Et tempora voluptas quam. Numquam in itaque voluptatum autem similique laboriosam quo. Modi perferendis et rem consequuntur.', 1, NULL, NULL, '2025-02-16 07:19:29', '2025-02-16 07:19:29'),
(746, 'Mr. Wayne Conroy Jr.', 'Antwon Franecki', 'karelle34@example.org', '(469) 467-5334', 'perspiciatis', '1', 'Deserunt est veritatis et dolor. Voluptates accusantium cum voluptatibus quia. Repellat necessitatibus perspiciatis magnam non repellendus.', 0, NULL, NULL, '2025-02-16 07:19:29', '2025-02-16 07:19:29'),
(747, 'Courtney Ondricka', 'Alessia Hegmann', 'lillie93@example.org', '267-409-2313', 'sapiente', '0', 'Reprehenderit fuga non iure fugit alias recusandae. Non asperiores perferendis qui est accusamus. Et harum mollitia aut laborum commodi sed sed magni. Est id ea inventore voluptatem minima delectus unde.', 1, NULL, NULL, '2025-02-16 07:19:29', '2025-02-16 07:19:29'),
(748, 'Kara Parisian', 'Prof. Tessie Kautzer I', 'alexandrea22@example.net', '+1 (410) 379-7900', 'et', '1', 'Officiis illo dolor optio. Eius molestiae exercitationem corrupti quo cum est voluptatem. Aut aut aliquam et enim beatae totam assumenda.', 0, NULL, NULL, '2025-02-16 07:19:29', '2025-02-16 07:19:29'),
(749, 'Janiya Adams', 'Justine Thompson', 'ystracke@example.com', '775-620-6557', 'ad', '1', 'Vitae consequuntur et ipsum qui. Explicabo numquam repellat aut ut similique qui quibusdam. Id itaque adipisci neque qui aut assumenda libero.', 0, NULL, NULL, '2025-02-16 07:19:29', '2025-02-16 07:19:29'),
(750, 'Lea Lowe', 'Katrine Rempel', 'dare.samson@example.net', '308-203-1734', 'eum', '1', 'Minus soluta voluptatum numquam eum fugit quidem. Aut modi quia necessitatibus alias a placeat consectetur.', 1, NULL, NULL, '2025-02-16 07:19:29', '2025-02-16 07:19:29'),
(751, 'Laury Bauch', 'Martine Kshlerin', 'ibruen@example.com', '419-488-3983', 'et', '0', 'Quas est non quod quaerat aut in. Et aspernatur aperiam minus perspiciatis. Esse vitae impedit a veritatis doloremque aspernatur quaerat. Nam aut officia id repellat dolore. Voluptates nemo molestiae veniam laudantium porro.', 1, NULL, NULL, '2025-02-16 07:19:29', '2025-02-16 07:19:29');
INSERT INTO `contact_us` (`id`, `title`, `full_name`, `email`, `phone`, `city`, `type`, `message`, `status`, `updated_by`, `deleted_at`, `created_at`, `updated_at`) VALUES
(752, 'Mya Kiehn II', 'Lola Maggio III', 'rosina.hill@example.com', '+1 (724) 331-6165', 'exercitationem', '1', 'Ullam ratione debitis sit molestias. Beatae dolores praesentium sed et qui deleniti pariatur laboriosam. Laboriosam nulla hic quo quidem cum voluptas.', 1, NULL, NULL, '2025-02-16 07:19:29', '2025-02-16 07:19:29'),
(753, 'Diamond Skiles', 'Flossie Zulauf', 'hazle48@example.com', '774.479.7968', 'quo', '1', 'Deleniti dolorem rerum est illum iure quos. Aut ducimus in fugit voluptatibus esse. Possimus placeat sit ut fugiat explicabo recusandae porro.', 0, NULL, NULL, '2025-02-16 07:19:29', '2025-02-16 07:19:29'),
(754, 'Miss Dahlia Pagac I', 'Prof. Drake Weimann', 'thomas40@example.org', '1-571-245-1071', 'totam', '0', 'Dicta provident eaque aut dolor occaecati. Incidunt et ex et. Quo sit eos ea illum voluptate autem iure. Adipisci consequuntur molestiae est eius.', 0, NULL, NULL, '2025-02-16 07:19:29', '2025-02-16 07:19:29'),
(755, 'Tamia Leannon', 'Orville King', 'kaela.walsh@example.com', '(781) 468-9518', 'quis', '1', 'Inventore ducimus ipsum est commodi ea. Necessitatibus nulla voluptas iste nostrum. A aperiam ratione accusantium harum facilis sit dolorum.', 1, NULL, NULL, '2025-02-16 07:19:29', '2025-02-16 07:19:29'),
(756, 'Anika Walker', 'Benjamin Turner I', 'crippin@example.org', '210.655.1896', 'voluptate', '1', 'Accusantium iusto aspernatur nulla porro est voluptatem. Explicabo quia harum qui sint odio.', 1, NULL, NULL, '2025-02-16 07:19:29', '2025-02-16 07:19:29'),
(757, 'Wilhelm Breitenberg', 'Mr. Lloyd Kling', 'arvel.goldner@example.org', '1-850-844-9470', 'nemo', '1', 'Omnis fugiat unde voluptatem nobis sint repellat assumenda. Temporibus et ipsum ea ut qui quos architecto.', 1, NULL, NULL, '2025-02-16 07:19:29', '2025-02-16 07:19:29'),
(758, 'Luisa Johnston', 'Karli Renner', 'ohara.cecilia@example.org', '+13863097967', 'impedit', '0', 'Doloribus rem sunt enim. Sapiente est dolorum rerum quo fugiat. Itaque recusandae repudiandae voluptas.', 1, NULL, NULL, '2025-02-16 07:19:29', '2025-02-16 07:19:29'),
(759, 'Delbert Purdy', 'Verdie Jenkins DVM', 'kenyon.rosenbaum@example.org', '(832) 450-8018', 'temporibus', '0', 'Consectetur nihil est quos accusamus velit doloribus. Officiis qui est eaque aut. Tenetur amet facere ex cum nesciunt. Minus dolor animi sed aliquam aut.', 0, NULL, NULL, '2025-02-16 07:19:29', '2025-02-16 07:19:29'),
(760, 'Eleanora Goldner', 'Alyce Franecki', 'noemy18@example.net', '+1-520-945-4460', 'rerum', '1', 'Aut itaque sed qui expedita. Molestias sed dolore est ipsum eveniet maiores. Qui ipsam et ut corrupti ut deleniti et. Velit qui sit nihil atque.', 1, NULL, NULL, '2025-02-16 07:19:29', '2025-02-16 07:19:29'),
(761, 'Dr. Dane Lubowitz DVM', 'Mrs. Helen Runte DVM', 'rafael08@example.net', '934.345.0854', 'mollitia', '0', 'Commodi ea ab et distinctio saepe qui eaque ea. Dolorem provident id tempora ut ea. Sed sed tempore hic provident.', 0, NULL, NULL, '2025-02-16 07:19:29', '2025-02-16 07:19:29'),
(762, 'Helena Schumm', 'Drew Torphy', 'gibson.filiberto@example.com', '534-817-7458', 'voluptatum', '1', 'Quia modi delectus magni voluptate et et nobis officiis. Aut dolor praesentium ipsam quaerat quisquam.', 1, NULL, NULL, '2025-02-16 07:19:29', '2025-02-16 07:19:29'),
(763, 'Brant Jones', 'Stephania Hirthe', 'bonnie.schmidt@example.net', '+1-312-395-5904', 'omnis', '1', 'Commodi aut et quibusdam. Nostrum ducimus amet et. Repellat aut consequatur rerum corporis tempore corrupti. Accusantium eum et consequuntur voluptatem in.', 1, NULL, NULL, '2025-02-16 07:19:29', '2025-02-16 07:19:29'),
(764, 'Sabina O\'Connell PhD', 'Bennett Franecki', 'schinner.barton@example.com', '+1-269-720-0105', 'animi', '1', 'Modi accusamus consequuntur occaecati perspiciatis consequatur. Aliquid tempore consequatur rerum magni a consequatur maxime. Quo quasi eveniet natus fugit sapiente ut sunt facere.', 1, NULL, NULL, '2025-02-16 07:19:29', '2025-02-16 07:19:29'),
(765, 'Dr. Kenya Bartoletti', 'Ayla Paucek', 'fermin04@example.com', '479.504.5341', 'perspiciatis', '0', 'Enim animi aliquam maiores ducimus. Quia eum velit non accusamus in magni sed. Deleniti et adipisci quo qui sint.', 0, NULL, NULL, '2025-02-16 07:19:29', '2025-02-16 07:19:29'),
(766, 'Tre Bradtke', 'Seamus Kulas', 'glover.travis@example.com', '+1 (534) 999-0165', 'esse', '0', 'Qui id sunt et eius vitae ut. Labore explicabo voluptas ut ea ipsa ea. Ad natus quos eveniet ut quidem ipsum vitae.', 0, NULL, NULL, '2025-02-16 07:19:29', '2025-02-16 07:19:29'),
(767, 'Abdullah Russel', 'Myriam Doyle', 'kemmer.heaven@example.com', '+1.434.272.0992', 'enim', '0', 'Dolore asperiores vero odit odit eos. Est et minima molestias cupiditate ea dolores dignissimos voluptatibus. Id voluptas est quibusdam labore sed nihil quasi. Illum dolores reiciendis et et itaque. Est iusto consequatur maxime et vitae consequatur autem.', 1, NULL, NULL, '2025-02-16 07:19:29', '2025-02-16 07:19:29'),
(768, 'Elinor Heidenreich', 'Ramona Satterfield', 'abner98@example.org', '979-832-4720', 'est', '1', 'Voluptatum iste et maxime et. Id officia voluptatibus unde voluptates quia in architecto. Vero totam totam error ut eum.', 0, NULL, NULL, '2025-02-16 07:19:29', '2025-02-16 07:19:29'),
(769, 'Mr. Adolphus Lueilwitz MD', 'Oliver Bradtke', 'schamberger.lindsey@example.com', '+1-520-583-3316', 'nobis', '0', 'Molestias nihil voluptas velit ab. Dicta sunt sit est dolor error. Nobis omnis qui deleniti cupiditate et tempore.', 0, NULL, NULL, '2025-02-16 07:19:29', '2025-02-16 07:19:29'),
(770, 'Lesly King', 'Prof. Terrance Hackett', 'vleannon@example.net', '620.744.0625', 'aliquid', '0', 'Magnam alias doloribus aut assumenda quasi. Tempore et doloribus ipsam est quaerat est. Magni temporibus culpa molestias similique eum.', 0, NULL, NULL, '2025-02-16 07:19:29', '2025-02-16 07:19:29'),
(771, 'Prof. Ambrose Upton Jr.', 'Omari Ondricka', 'shanel01@example.com', '+1-480-557-7940', 'cum', '0', 'Vel rerum voluptate ipsum. Eius eveniet molestias atque eos dolorem. Autem fugit fugit qui praesentium labore totam perferendis. Accusantium reiciendis in est eligendi aspernatur.', 0, NULL, NULL, '2025-02-16 07:19:29', '2025-02-16 07:19:29'),
(772, 'Terrell Wiegand DVM', 'Winifred Runte', 'burnice48@example.net', '337.222.3188', 'voluptas', '1', 'Est repudiandae voluptas voluptatum sed ut sit deserunt. Itaque et sunt voluptas sit eaque. Temporibus nam laudantium perspiciatis numquam. Perferendis molestiae eos similique.', 1, NULL, NULL, '2025-02-16 07:19:29', '2025-02-16 07:19:29'),
(773, 'Trevor Wiza', 'Lia Wiegand', 'lschaden@example.net', '857-300-9334', 'at', '0', 'Aut non est reprehenderit numquam. Labore maxime cumque dolores necessitatibus. Dolor sit porro et praesentium qui. Voluptatem eos saepe dolorem et ut quasi maxime.', 1, NULL, NULL, '2025-02-16 07:19:29', '2025-02-16 07:19:29'),
(774, 'Cara Daugherty', 'Dr. Billy Jaskolski', 'emilia14@example.com', '930-382-2476', 'id', '1', 'Tenetur et omnis voluptatibus laboriosam. Quis corrupti tempore fugit eum. Asperiores totam libero eveniet aperiam qui in doloribus. Sed facilis neque eaque sint minus culpa voluptatibus.', 1, NULL, NULL, '2025-02-16 07:19:29', '2025-02-16 07:19:29'),
(775, 'Jazlyn Kirlin', 'Destini Hickle', 'erica.keebler@example.com', '+1-615-733-5496', 'repellendus', '0', 'Iste provident sit sed quasi. Hic enim delectus sit nisi error rem. Ipsum beatae possimus cupiditate. Quos suscipit amet minus et dolorem qui repellat officia.', 1, NULL, NULL, '2025-02-16 07:19:29', '2025-02-16 07:19:29'),
(776, 'Amelia Macejkovic', 'Dr. Edgardo Lowe', 'pschuppe@example.org', '+1.401.267.9892', 'ut', '1', 'Minus voluptatibus sed voluptate nisi est facere. Perspiciatis eum similique iusto a doloribus. Praesentium harum impedit fugit magni dolorem adipisci qui. Facere consequatur harum voluptatum aut et.', 1, NULL, NULL, '2025-02-16 07:19:29', '2025-02-16 07:19:29'),
(777, 'Lisa Gerhold', 'Dr. Reymundo Schmitt', 'citlalli.yundt@example.com', '(718) 764-8369', 'recusandae', '1', 'Voluptatem cupiditate facilis hic molestias expedita adipisci. Velit deleniti provident nobis sit voluptatum eius quis. Cupiditate quibusdam ut libero quidem voluptatem sed. A rerum vitae dolorum magnam ex aliquid.', 0, NULL, NULL, '2025-02-16 07:19:29', '2025-02-16 07:19:29'),
(778, 'Joelle Koch', 'Josefa Wiegand I', 'bessie.waters@example.net', '+1.832.623.7668', 'ex', '1', 'Et est consequatur tempore corrupti est ut. Consequuntur dolorem sit provident nihil ipsam. Minima distinctio necessitatibus atque nobis.', 0, NULL, NULL, '2025-02-16 07:19:29', '2025-02-16 07:19:29'),
(779, 'Mark Kshlerin', 'Baylee Koch', 'emerson.schaden@example.net', '+1.678.650.9569', 'odio', '1', 'Pariatur laborum ut quis pariatur. Et sed rerum quia in accusantium enim. Dicta vero perspiciatis sit mollitia distinctio ut. Quae tenetur minima dolorem esse ut expedita.', 1, NULL, NULL, '2025-02-16 07:19:29', '2025-02-16 07:19:29'),
(780, 'Rey Kuhlman', 'Freddy O\'Keefe V', 'ymitchell@example.org', '1-570-950-6608', 'nesciunt', '1', 'Ad fugiat eum aut. Possimus possimus voluptatem temporibus ipsam.', 0, NULL, NULL, '2025-02-16 07:19:29', '2025-02-16 07:19:29'),
(781, 'Christian Fay', 'Delores Conn', 'myrtie.gulgowski@example.net', '657-532-7944', 'deleniti', '1', 'Aut ut vero officia non laboriosam. Fugiat assumenda autem eveniet dignissimos blanditiis.', 1, NULL, NULL, '2025-02-16 07:19:29', '2025-02-16 07:19:29'),
(782, 'Mireya Carter', 'Ms. Henriette Vandervort', 'mstreich@example.net', '+1.463.853.3508', 'omnis', '0', 'Blanditiis est velit ut molestias. Voluptatibus hic illo veniam neque. Sed iste iure dolores labore omnis nihil atque. Et voluptas repellendus id eos nam.', 1, NULL, NULL, '2025-02-16 07:19:29', '2025-02-16 07:19:29'),
(783, 'Johnnie Johns', 'Mr. Tyler Witting V', 'gmann@example.com', '+17029902857', 'hic', '1', 'Molestiae quidem libero perferendis eos. Sunt aut corporis corporis ad dicta facilis tenetur. Vero eos et tenetur. Nemo officia reprehenderit pariatur qui aut esse eius voluptatibus.', 1, NULL, NULL, '2025-02-16 07:19:29', '2025-02-16 07:19:29'),
(784, 'Fidel Oberbrunner', 'Kane Gislason DVM', 'klocko.celine@example.net', '872.685.5829', 'tenetur', '1', 'Eum quis corrupti sunt nihil cumque. Error est numquam qui consequatur itaque dolorem et hic. Quia voluptates iusto quia necessitatibus. Accusantium a sed tempora occaecati laudantium voluptatibus.', 0, NULL, NULL, '2025-02-16 07:19:29', '2025-02-16 07:19:29'),
(785, 'Brenna Grimes', 'Andres Tremblay', 'jovani13@example.com', '+1-740-939-4455', 'et', '1', 'Sit ea exercitationem consequatur odio sunt. Voluptates fuga perferendis cum quibusdam delectus neque. Incidunt deleniti libero voluptas quia.', 1, NULL, NULL, '2025-02-16 07:19:29', '2025-02-16 07:19:29'),
(786, 'Don Watsica', 'Carolina Tromp', 'melany91@example.org', '630-983-7070', 'et', '0', 'Est perspiciatis reprehenderit velit quia doloribus consequuntur. Autem alias et alias perferendis qui. Et eum voluptatem officia. Sit quos et ducimus cum vitae voluptas est omnis.', 0, NULL, NULL, '2025-02-16 07:19:29', '2025-02-16 07:19:29'),
(787, 'Julian Donnelly', 'Nathen Donnelly', 'wbradtke@example.net', '478-897-9062', 'et', '0', 'Id aut modi est accusamus modi officia. Eaque architecto delectus reiciendis magni eaque animi. Qui harum sunt qui.', 1, NULL, NULL, '2025-02-16 07:19:29', '2025-02-16 07:19:29'),
(788, 'Tad Cole', 'Rosalinda Yundt', 'ffunk@example.org', '1-325-422-2968', 'recusandae', '0', 'Rerum consequatur voluptate repellat deserunt eligendi sed corporis. Cum adipisci aliquam et et et sed sapiente nulla. Debitis nobis nesciunt soluta magnam quia.', 0, NULL, NULL, '2025-02-16 07:19:29', '2025-02-16 07:19:29'),
(789, 'Erika Krajcik', 'Hailey Wyman', 'schiller.sandrine@example.net', '504.222.6434', 'eos', '1', 'Voluptatem velit debitis nam fugiat pariatur magnam. Placeat maiores magni quo provident labore voluptatem ad. Quis exercitationem consequatur quo tempore dicta iusto id. Nihil voluptatem at consectetur error molestiae necessitatibus hic.', 1, NULL, NULL, '2025-02-16 07:19:29', '2025-02-16 07:19:29'),
(790, 'Cyrus Weimann', 'Mr. Mustafa Crona IV', 'gonzalo14@example.org', '+15136241730', 'quia', '0', 'Tenetur eos amet quia ipsum similique. Qui inventore dicta soluta similique velit doloribus. Sint quisquam ut aliquid voluptatem minus rerum provident. Asperiores in et sequi perspiciatis totam. Eaque non est minus ea.', 0, NULL, NULL, '2025-02-16 07:19:29', '2025-02-16 07:19:29'),
(791, 'Mr. Martin Turcotte', 'Yvonne Beatty', 'joy.block@example.com', '(607) 600-9542', 'nam', '0', 'Eum nihil sit et. Enim eum distinctio est sit sequi. Voluptate sapiente qui impedit non pariatur et. Enim et id quia rem maiores. Accusantium sunt error vero fuga velit.', 1, NULL, NULL, '2025-02-16 07:19:29', '2025-02-16 07:19:29'),
(792, 'Elody Hudson', 'Torrance McGlynn DVM', 'cleveland65@example.com', '1-208-713-4384', 'qui', '1', 'Animi fugit error provident cum id recusandae sit porro. Commodi eveniet et voluptas ad excepturi inventore quia molestiae.', 0, NULL, NULL, '2025-02-16 07:19:29', '2025-02-16 07:19:29'),
(793, 'Dr. Maeve Okuneva DDS', 'Thomas Corwin', 'paucek.porter@example.com', '+1-901-879-2017', 'maxime', '1', 'Veritatis unde quas quod omnis necessitatibus maiores nemo. Molestiae iste aliquam sunt hic enim. Accusamus aut et voluptas recusandae sunt pariatur.', 1, NULL, NULL, '2025-02-16 07:19:29', '2025-02-16 07:19:29'),
(794, 'Laura Lang', 'Mr. Curtis Ziemann I', 'lexi.weimann@example.com', '1-323-428-4175', 'exercitationem', '1', 'Et non voluptates sit eaque. Facilis omnis aperiam repellat consequuntur officia molestiae provident. Voluptatem voluptatibus non est. Sunt eum reiciendis atque odit sed nihil exercitationem corporis.', 1, NULL, NULL, '2025-02-16 07:19:29', '2025-02-16 07:19:29'),
(795, 'Pearline Moore', 'Prof. Levi Schoen PhD', 'senger.travis@example.net', '+1-212-892-0122', 'velit', '0', 'Quis dolorum sunt minus fuga. Aliquid sapiente quis quo et magni soluta eum. Neque ad porro culpa aut minus itaque cupiditate. Impedit illo eum dolor omnis quas magni.', 1, NULL, NULL, '2025-02-16 07:19:29', '2025-02-16 07:19:29'),
(796, 'Ursula Walker', 'Dr. Kenneth Baumbach', 'kamille61@example.net', '(757) 867-8967', 'mollitia', '0', 'Et molestias sit sit aliquam nesciunt tempore non. Qui impedit nostrum nemo fugiat in. Amet sed eaque et cum sunt ipsa.', 0, NULL, NULL, '2025-02-16 07:19:29', '2025-02-16 07:19:29'),
(797, 'Ms. Beth Rutherford IV', 'Kelsi Schoen', 'tdietrich@example.net', '+16157717830', 'voluptatibus', '1', 'Quia quas recusandae consequatur. Adipisci non officiis nam est. Aliquam exercitationem quaerat iste odio non. Aut expedita est deserunt nihil vero excepturi maxime placeat.', 0, NULL, NULL, '2025-02-16 07:19:29', '2025-02-16 07:19:29'),
(798, 'Shaniya Brakus', 'Mrs. Marilyne Medhurst', 'emelie40@example.net', '432-714-6878', 'quia', '0', 'Odio enim sed asperiores facilis. Dolores est vero et et laboriosam odit id error. Quae esse temporibus voluptas perspiciatis modi qui sit.', 1, NULL, NULL, '2025-02-16 07:19:29', '2025-02-16 07:19:29'),
(799, 'Prof. Irwin Mayert DVM', 'Brett Koepp', 'muller.jasper@example.com', '+16314498041', 'tenetur', '0', 'Recusandae porro suscipit dolor et minus quidem. Dolores qui nostrum ducimus officiis aut quisquam voluptatem. Nam voluptatem quia ut.', 1, NULL, NULL, '2025-02-16 07:19:29', '2025-02-16 07:19:29'),
(800, 'Brent Greenholt', 'Jonas Oberbrunner', 'lonny67@example.com', '502-723-8090', 'fuga', '1', 'Nobis veniam aut est sequi ut omnis nesciunt. Autem nemo cum consequatur est et. Quas nostrum soluta corrupti doloribus est. Adipisci blanditiis hic nobis voluptates sed autem itaque.', 1, NULL, NULL, '2025-02-16 07:19:29', '2025-02-16 07:19:29'),
(801, NULL, 'Islam osman', 'islam3sman@yahoo.com', '01122071593', 'Cairo', NULL, 'cbvfcvbcv', 0, NULL, NULL, '2025-07-28 05:04:52', '2025-07-28 05:04:52'),
(802, NULL, 'Islam osman', 'admin@admin.com', '01122071593', 'Cairo', NULL, 'xcxcxc', 0, NULL, NULL, '2025-07-28 05:05:38', '2025-07-28 05:05:38'),
(803, NULL, 'Islam osman', 'info@elmanara.com', '01122071593', 'Cairo', NULL, 'dfdfxf', 0, NULL, NULL, '2025-07-28 05:10:33', '2025-07-28 05:10:33'),
(804, NULL, 'Islam osman', 'INFO@daliaelhaggar.com', '01122071593', 'Cairo', NULL, 'osmaaaaaaaaaaaan', 0, NULL, NULL, '2025-08-19 09:50:28', '2025-08-19 09:50:28'),
(805, 'iiiiiiiiiiiiiiii', 'Islam osman', 'islam3sman@yahoo.com', '01122071593', 'Cairo', NULL, 'hhhhhhhhhhhhhhh', 1, NULL, NULL, '2025-08-19 09:54:23', '2025-08-19 11:17:16');

-- --------------------------------------------------------

--
-- Table structure for table `credit_cards`
--

CREATE TABLE `credit_cards` (
  `id` bigint UNSIGNED NOT NULL,
  `donor_id` bigint UNSIGNED DEFAULT NULL,
  `name` varchar(255) CHARACTER SET utf8mb4 COLLATE utf8mb4_unicode_ci NOT NULL,
  `number` varchar(255) CHARACTER SET utf8mb4 COLLATE utf8mb4_unicode_ci NOT NULL,
  `expired_month` varchar(255) CHARACTER SET utf8mb4 COLLATE utf8mb4_unicode_ci NOT NULL,
  `expired_year` varchar(255) CHARACTER SET utf8mb4 COLLATE utf8mb4_unicode_ci NOT NULL,
  `merchant_reference` varchar(255) CHARACTER SET utf8mb4 COLLATE utf8mb4_unicode_ci DEFAULT NULL,
  `token_name` varchar(255) CHARACTER SET utf8mb4 COLLATE utf8mb4_unicode_ci DEFAULT NULL,
  `default` varchar(255) CHARACTER SET utf8mb4 COLLATE utf8mb4_unicode_ci NOT NULL DEFAULT '0',
  `status` tinyint NOT NULL DEFAULT '0',
  `deleted_at` timestamp NULL DEFAULT NULL,
  `created_at` timestamp NULL DEFAULT NULL,
  `updated_at` timestamp NULL DEFAULT NULL
) ENGINE=InnoDB DEFAULT CHARSET=utf8mb4 COLLATE=utf8mb4_unicode_ci;

--
-- Dumping data for table `credit_cards`
--

INSERT INTO `credit_cards` (`id`, `donor_id`, `name`, `number`, `expired_month`, `expired_year`, `merchant_reference`, `token_name`, `default`, `status`, `deleted_at`, `created_at`, `updated_at`) VALUES
(1, 3, 'aXNsYW0=', '5297410000000002', 'eyJpdiI6ImJhYmlHbHlldXBwZjVmemZVMHFwYkE9PSIsInZhbHVlIjoiZ1dYdjVPVmQ4cWpNa0UrdTdrOTVRUT09IiwibWFjIjoiMjYzMGExZjUzOGM4ODVkM2EyOGRhYTA4YTM2ZTdhZWQwMmM2MGFmODE4NGNhYjhjYTgxZTE2MDdmNDIyOGJkNSIsInRhZyI6IiJ9', 'eyJpdiI6InVDZEpPeTQzQzNqaElKQVA4WXg4TWc9PSIsInZhbHVlIjoiblBJQVF6eFYxdU5MVGRtYnJnSVYxZz09IiwibWFjIjoiNWQxMWIxYTJlZDdjMDE4ODBhYzA0NWYwZGI2NGE2NTFjYmNhYmMxYjc1YWUzZjU1ZjNjNjk3Nzc5OGI5MmUzNCIsInRhZyI6IiJ9', '786432', NULL, '1', 0, NULL, '2025-07-07 07:12:15', '2025-07-07 07:12:15'),
(2, 3, 'aXNsYW0=', '4005550000000001', 'eyJpdiI6IjJvWElpN0lTMi9DdzhGbzdPSmM2SVE9PSIsInZhbHVlIjoieHRwMW9OS09jNHJNd3FNUlh6T2IvQT09IiwibWFjIjoiYjZmOGI5MWI4ZWU2MDBlMjRmYzY5M2MwYzRjMGZlMWE4NmRjM2QyN2ZiYmYzODgwMjgwZmY2M2JjYjZiMTQzMCIsInRhZyI6IiJ9', 'eyJpdiI6Im5ZREtNTFhNOXFCcmcxaFpxVGFkUmc9PSIsInZhbHVlIjoiaStGTWkxcG50S3ZyL2NldjBuYStQZz09IiwibWFjIjoiMGQxYjRkZWRhOGIxMTk1MDllMWY1YTc4Y2JhNTQyYzA5NDRjNzk5ODdmNDFhZjA2OTY3YjY3MzAzYzY0ZjAxZSIsInRhZyI6IiJ9', '851968', NULL, '1', 1, NULL, '2025-07-07 07:16:04', '2025-07-07 07:17:01'),
(6, 13, 'aXNsYW0=', '5297410000000002', 'eyJpdiI6IkU3VER2bDNERk85WE1VMnZuemlmdXc9PSIsInZhbHVlIjoiOG84bU1oaEl4Tlh3TkxGYVJPcHArZz09IiwibWFjIjoiNGM2NzM1ZmI2ZTBjM2M3ZTBhNjE3YmM5YjFjMTY4YTRmYWMwMGEwMjY3MDk5YWNjNWY5MmUwNWI2M2YxNmRlMyIsInRhZyI6IiJ9', 'eyJpdiI6ImNobmw0MndHQkpuSisxVDNJczBYUnc9PSIsInZhbHVlIjoiMmN1eVkzK3QwRXU5djE0ZVd3M29KZz09IiwibWFjIjoiYzhkNjc1ZTYyZDFjNjEzZmQ1NjNjYWJiNTA4Y2E4ZGVmNDZlNTQ4NjMxYjBhM2QwNDZhZGQ5OGQ4N2QxNmZiOSIsInRhZyI6IiJ9', '1310720', NULL, '1', 1, NULL, '2025-07-19 07:07:18', '2025-07-19 07:07:35');

-- --------------------------------------------------------

--
-- Table structure for table `deceases`
--

CREATE TABLE `deceases` (
  `id` bigint UNSIGNED NOT NULL,
  `name` varchar(255) CHARACTER SET utf8mb4 COLLATE utf8mb4_unicode_ci NOT NULL,
  `email` varchar(255) CHARACTER SET utf8mb4 COLLATE utf8mb4_unicode_ci DEFAULT NULL,
  `mobile` varchar(255) CHARACTER SET utf8mb4 COLLATE utf8mb4_unicode_ci DEFAULT NULL,
  `image` varchar(255) CHARACTER SET utf8mb4 COLLATE utf8mb4_unicode_ci DEFAULT NULL,
  `target_price` double(8,2) DEFAULT NULL,
  `description` longtext CHARACTER SET utf8mb4 COLLATE utf8mb4_unicode_ci,
  `deceased_name` varchar(255) CHARACTER SET utf8mb4 COLLATE utf8mb4_unicode_ci DEFAULT NULL,
  `relative_relation` varchar(255) CHARACTER SET utf8mb4 COLLATE utf8mb4_unicode_ci DEFAULT NULL,
  `deceased_image` varchar(255) CHARACTER SET utf8mb4 COLLATE utf8mb4_unicode_ci DEFAULT NULL,
  `confirm_mobile` tinyint DEFAULT '1',
  `status` tinyint DEFAULT '1',
  `confirmed` tinyint DEFAULT '0',
  `project_id` bigint UNSIGNED NOT NULL,
  `created_by` bigint UNSIGNED DEFAULT NULL,
  `updated_by` bigint UNSIGNED DEFAULT NULL,
  `deleted_at` timestamp NULL DEFAULT NULL,
  `created_at` timestamp NULL DEFAULT NULL,
  `updated_at` timestamp NULL DEFAULT NULL
) ENGINE=InnoDB DEFAULT CHARSET=utf8mb4 COLLATE=utf8mb4_unicode_ci;

-- --------------------------------------------------------

--
-- Table structure for table `donation_settings`
--

CREATE TABLE `donation_settings` (
  `id` bigint UNSIGNED NOT NULL,
  `sender_x_percent` double(8,2) NOT NULL DEFAULT '10.00',
  `sender_y_percent` double(8,2) NOT NULL DEFAULT '20.00',
  `recipient_x_percent` double(8,2) NOT NULL DEFAULT '10.00',
  `recipient_y_percent` double(8,2) NOT NULL DEFAULT '80.00',
  `created_at` timestamp NULL DEFAULT NULL,
  `updated_at` timestamp NULL DEFAULT NULL
) ENGINE=InnoDB DEFAULT CHARSET=utf8mb4 COLLATE=utf8mb4_unicode_ci;

-- --------------------------------------------------------

--
-- Table structure for table `donors`
--

CREATE TABLE `donors` (
  `id` bigint UNSIGNED NOT NULL,
  `account_id` bigint UNSIGNED NOT NULL,
  `refer_id` bigint UNSIGNED DEFAULT NULL,
  `full_name` varchar(255) CHARACTER SET utf8mb4 COLLATE utf8mb4_unicode_ci NOT NULL,
  `identity` varchar(255) CHARACTER SET utf8mb4 COLLATE utf8mb4_unicode_ci DEFAULT NULL,
  `mobile` varchar(255) CHARACTER SET utf8mb4 COLLATE utf8mb4_unicode_ci DEFAULT NULL,
  `mobile_confirm` tinyint NOT NULL DEFAULT '1',
  `otp` int DEFAULT NULL,
  `token` varchar(255) CHARACTER SET utf8mb4 COLLATE utf8mb4_unicode_ci DEFAULT NULL,
  `image` varchar(255) CHARACTER SET utf8mb4 COLLATE utf8mb4_unicode_ci DEFAULT NULL,
  `expiration` int DEFAULT NULL,
  `status` tinyint DEFAULT '1',
  `created_by` bigint UNSIGNED DEFAULT NULL,
  `updated_by` bigint UNSIGNED DEFAULT NULL,
  `deleted_at` timestamp NULL DEFAULT NULL,
  `created_at` timestamp NULL DEFAULT NULL,
  `updated_at` timestamp NULL DEFAULT NULL
) ENGINE=InnoDB DEFAULT CHARSET=utf8mb4 COLLATE=utf8mb4_unicode_ci;

--
-- Dumping data for table `donors`
--

INSERT INTO `donors` (`id`, `account_id`, `refer_id`, `full_name`, `identity`, `mobile`, `mobile_confirm`, `otp`, `token`, `image`, `expiration`, `status`, `created_by`, `updated_by`, `deleted_at`, `created_at`, `updated_at`) VALUES
(2, 203, NULL, 'ougiugigiu', NULL, '0202050', 1, NULL, NULL, NULL, NULL, 1, NULL, NULL, NULL, '2025-03-15 11:31:53', '2025-03-15 11:31:53'),
(3, 204, 1, 'islamm', 'ksa', '597767751', 1, 1234, NULL, NULL, 1748246746, 1, NULL, NULL, NULL, '2025-05-25 10:43:06', '2025-05-26 04:55:52'),
(4, 214, 1, 'islam', NULL, '966561611117', 1, 1234, NULL, NULL, 1756897794, 1, NULL, NULL, NULL, '2025-07-07 08:16:47', '2025-09-03 07:59:54'),
(12, 222, 1, 'islam', NULL, '966567296308', 1, NULL, NULL, NULL, NULL, 1, NULL, NULL, NULL, '2025-07-13 04:09:06', '2025-07-13 04:09:06'),
(13, 223, 1, 'isllaamm', NULL, '966597767751', 1, 1234, NULL, NULL, 1756717128, 1, NULL, NULL, NULL, '2025-07-19 06:49:33', '2025-09-01 05:48:48'),
(39, 259, 1, '55555555555', NULL, '5', 1, NULL, NULL, NULL, NULL, 1, NULL, NULL, NULL, '2025-09-02 08:24:54', '2025-09-02 08:24:54'),
(40, 259, 1, 'islamii', NULL, '5', 1, NULL, NULL, NULL, NULL, 1, NULL, NULL, NULL, '2025-09-02 08:33:22', '2025-09-02 08:33:22'),
(41, 259, 1, 'islammm', NULL, '5', 1, NULL, NULL, NULL, NULL, 1, NULL, NULL, NULL, '2025-09-02 08:52:11', '2025-09-02 08:52:11'),
(53, 274, 1, 'lloommaa', NULL, '8', 1, NULL, NULL, NULL, NULL, 1, NULL, NULL, NULL, '2025-09-02 09:25:39', '2025-09-02 09:25:39'),
(54, 276, 1, 'hyfgfgfg', NULL, '4', 1, NULL, NULL, NULL, NULL, 1, NULL, NULL, NULL, '2025-09-02 09:29:59', '2025-09-02 09:29:59'),
(61, 259, 208, 'iiiiiiiiiiiiiiiiiiiii', NULL, '5', 1, NULL, NULL, NULL, NULL, 1, NULL, NULL, NULL, '2025-09-03 06:03:19', '2025-09-03 06:03:19'),
(62, 281, 208, 'islam', NULL, '+966561611110', 1, NULL, NULL, NULL, NULL, 1, NULL, NULL, NULL, '2025-09-03 07:08:49', '2025-09-03 07:08:49'),
(63, 282, 208, 'loma', NULL, '966561611110', 1, NULL, NULL, NULL, NULL, 1, NULL, NULL, NULL, '2025-09-03 07:27:23', '2025-09-03 07:27:23'),
(66, 284, NULL, 'islam', NULL, '966966561611117', 1, NULL, NULL, NULL, NULL, 1, NULL, NULL, NULL, '2025-09-03 08:09:15', '2025-09-03 08:09:15'),
(68, 214, 208, 'islam', NULL, '966561611117', 1, NULL, NULL, NULL, NULL, 1, NULL, NULL, NULL, '2025-09-03 08:11:07', '2025-09-03 08:11:07'),
(69, 214, 208, 'islam', NULL, '966561611117', 1, NULL, NULL, NULL, NULL, 1, NULL, NULL, NULL, '2025-09-03 08:13:09', '2025-09-03 08:13:09'),
(81, 214, 208, 'hhghhgh', NULL, '966561611117', 1, NULL, NULL, NULL, NULL, 1, NULL, NULL, NULL, '2025-09-03 08:23:30', '2025-09-03 08:23:30'),
(82, 214, 208, 'hfgf', NULL, '966561611117', 1, NULL, NULL, NULL, NULL, 1, NULL, NULL, NULL, '2025-09-03 09:10:34', '2025-09-03 09:10:34'),
(83, 214, 208, 'islam', NULL, '966561611117', 1, NULL, NULL, NULL, NULL, 1, NULL, NULL, NULL, '2025-09-03 09:19:27', '2025-09-03 09:19:27'),
(84, 214, 208, 'loma', NULL, '966561611117', 1, NULL, NULL, NULL, NULL, 1, NULL, NULL, NULL, '2025-09-03 09:20:41', '2025-09-03 09:20:41');

-- --------------------------------------------------------

--
-- Table structure for table `failed_jobs`
--

CREATE TABLE `failed_jobs` (
  `id` bigint UNSIGNED NOT NULL,
  `uuid` varchar(255) CHARACTER SET utf8mb4 COLLATE utf8mb4_unicode_ci NOT NULL,
  `connection` text CHARACTER SET utf8mb4 COLLATE utf8mb4_unicode_ci NOT NULL,
  `queue` text CHARACTER SET utf8mb4 COLLATE utf8mb4_unicode_ci NOT NULL,
  `payload` longtext CHARACTER SET utf8mb4 COLLATE utf8mb4_unicode_ci NOT NULL,
  `exception` longtext CHARACTER SET utf8mb4 COLLATE utf8mb4_unicode_ci NOT NULL,
  `failed_at` timestamp NOT NULL DEFAULT CURRENT_TIMESTAMP
) ENGINE=InnoDB DEFAULT CHARSET=utf8mb4 COLLATE=utf8mb4_unicode_ci;

-- --------------------------------------------------------

--
-- Table structure for table `fcm_tokens`
--

CREATE TABLE `fcm_tokens` (
  `id` bigint UNSIGNED NOT NULL,
  `donor_id` varchar(255) CHARACTER SET utf8mb4 COLLATE utf8mb4_unicode_ci DEFAULT NULL,
  `device_id` varchar(255) CHARACTER SET utf8mb4 COLLATE utf8mb4_unicode_ci DEFAULT NULL,
  `fcm_token` varchar(255) CHARACTER SET utf8mb4 COLLATE utf8mb4_unicode_ci DEFAULT NULL,
  `created_at` timestamp NULL DEFAULT NULL,
  `updated_at` timestamp NULL DEFAULT NULL
) ENGINE=InnoDB DEFAULT CHARSET=utf8mb4 COLLATE=utf8mb4_unicode_ci;

-- --------------------------------------------------------

--
-- Table structure for table `file_uploads`
--

CREATE TABLE `file_uploads` (
  `id` bigint UNSIGNED NOT NULL,
  `filename` varchar(255) CHARACTER SET utf8mb4 COLLATE utf8mb4_unicode_ci DEFAULT NULL,
  `path` varchar(255) CHARACTER SET utf8mb4 COLLATE utf8mb4_unicode_ci DEFAULT NULL,
  `mime_type` varchar(255) CHARACTER SET utf8mb4 COLLATE utf8mb4_unicode_ci DEFAULT NULL,
  `size` double(8,2) DEFAULT NULL,
  `description` varchar(255) CHARACTER SET utf8mb4 COLLATE utf8mb4_unicode_ci DEFAULT NULL,
  `linked_model` varchar(255) CHARACTER SET utf8mb4 COLLATE utf8mb4_unicode_ci DEFAULT NULL,
  `linked_model_id` varchar(255) CHARACTER SET utf8mb4 COLLATE utf8mb4_unicode_ci DEFAULT NULL,
  `created_at` timestamp NULL DEFAULT NULL,
  `updated_at` timestamp NULL DEFAULT NULL
) ENGINE=InnoDB DEFAULT CHARSET=utf8mb4 COLLATE=utf8mb4_unicode_ci;

--
-- Dumping data for table `file_uploads`
--

INSERT INTO `file_uploads` (`id`, `filename`, `path`, `mime_type`, `size`, `description`, `linked_model`, `linked_model_id`, `created_at`, `updated_at`) VALUES
(1, '_0', 'Fy4pDyvKvrXKhVKEdf1TgcHeS3FyJV5q4PPS15tn.jpg', 'jpg', 10717.00, NULL, 'charity_projects', NULL, '2025-08-18 13:27:35', '2025-08-18 13:27:35'),
(2, '_0', 'lJ6Fgc32CwCiPDls2we9ErGYYstiQaP2r4GefDT3.jpg', 'jpg', 10717.00, NULL, 'charity_projects', NULL, '2025-08-18 13:27:44', '2025-08-18 13:27:44');

-- --------------------------------------------------------

--
-- Table structure for table `gifts_card_occasions`
--

CREATE TABLE `gifts_card_occasions` (
  `id` bigint UNSIGNED NOT NULL,
  `card_id` bigint UNSIGNED NOT NULL,
  `occasioin_id` bigint UNSIGNED NOT NULL,
  `created_at` timestamp NULL DEFAULT NULL,
  `updated_at` timestamp NULL DEFAULT NULL
) ENGINE=InnoDB DEFAULT CHARSET=utf8mb4 COLLATE=utf8mb4_unicode_ci;

-- --------------------------------------------------------

--
-- Table structure for table `gift_cards`
--

CREATE TABLE `gift_cards` (
  `id` bigint UNSIGNED NOT NULL,
  `category_id` bigint UNSIGNED NOT NULL,
  `image` varchar(255) CHARACTER SET utf8mb4 COLLATE utf8mb4_unicode_ci DEFAULT NULL,
  `price` int DEFAULT '0',
  `sort` tinyint DEFAULT NULL,
  `status` tinyint DEFAULT '1',
  `created_by` bigint UNSIGNED DEFAULT NULL,
  `updated_by` bigint UNSIGNED DEFAULT NULL,
  `deleted_at` timestamp NULL DEFAULT NULL,
  `created_at` timestamp NULL DEFAULT NULL,
  `updated_at` timestamp NULL DEFAULT NULL
) ENGINE=InnoDB DEFAULT CHARSET=utf8mb4 COLLATE=utf8mb4_unicode_ci;

--
-- Dumping data for table `gift_cards`
--

INSERT INTO `gift_cards` (`id`, `category_id`, `image`, `price`, `sort`, `status`, `created_by`, `updated_by`, `deleted_at`, `created_at`, `updated_at`) VALUES
(1, 64, NULL, 0, 91, 2, NULL, NULL, NULL, '2025-02-16 07:19:51', '2025-02-16 07:19:51'),
(2, 96, NULL, 0, 0, 2, NULL, NULL, NULL, '2025-02-16 07:19:51', '2025-02-16 07:19:51'),
(3, 57, NULL, 0, 70, 1, NULL, NULL, NULL, '2025-02-16 07:19:51', '2025-02-16 07:19:51'),
(4, 17, NULL, 0, 11, 1, NULL, NULL, NULL, '2025-02-16 07:19:51', '2025-02-16 07:19:51'),
(5, 88, NULL, 0, 99, 2, NULL, NULL, NULL, '2025-02-16 07:19:51', '2025-02-16 07:19:51'),
(6, 20, NULL, 0, 24, 2, NULL, NULL, NULL, '2025-02-16 07:19:51', '2025-02-16 07:19:51'),
(7, 105, NULL, 0, 94, 1, NULL, NULL, NULL, '2025-02-16 07:19:51', '2025-02-16 07:19:51'),
(8, 54, NULL, 0, 31, 1, NULL, NULL, NULL, '2025-02-16 07:19:51', '2025-02-16 07:19:51'),
(9, 2, NULL, 0, 84, 1, NULL, NULL, NULL, '2025-02-16 07:19:51', '2025-02-16 07:19:51'),
(10, 32, NULL, 0, 25, 2, NULL, NULL, NULL, '2025-02-16 07:19:51', '2025-02-16 07:19:51'),
(11, 28, NULL, 0, 97, 1, NULL, NULL, NULL, '2025-02-16 07:19:51', '2025-02-16 07:19:51'),
(12, 104, NULL, 0, 18, 2, NULL, NULL, NULL, '2025-02-16 07:19:51', '2025-02-16 07:19:51'),
(13, 9, NULL, 0, 49, 1, NULL, NULL, NULL, '2025-02-16 07:19:51', '2025-02-16 07:19:51'),
(14, 77, NULL, 0, 52, 2, NULL, NULL, NULL, '2025-02-16 07:19:51', '2025-02-16 07:19:51'),
(15, 36, NULL, 0, 28, 1, NULL, NULL, NULL, '2025-02-16 07:19:51', '2025-02-16 07:19:51'),
(16, 51, NULL, 0, 100, 2, NULL, NULL, NULL, '2025-02-16 07:19:51', '2025-02-16 07:19:51'),
(17, 101, NULL, 0, 83, 1, NULL, NULL, NULL, '2025-02-16 07:19:51', '2025-02-16 07:19:51'),
(18, 62, NULL, 0, 81, 1, NULL, NULL, NULL, '2025-02-16 07:19:51', '2025-02-16 07:19:51'),
(19, 46, NULL, 0, 86, 2, NULL, NULL, NULL, '2025-02-16 07:19:51', '2025-02-16 07:19:51'),
(20, 91, NULL, 0, 80, 1, NULL, NULL, NULL, '2025-02-16 07:19:51', '2025-02-16 07:19:51'),
(21, 96, NULL, 0, 64, 1, NULL, NULL, NULL, '2025-02-16 07:19:51', '2025-02-16 07:19:51'),
(22, 83, NULL, 0, 93, 1, NULL, NULL, NULL, '2025-02-16 07:19:51', '2025-02-16 07:19:51'),
(23, 19, NULL, 0, 65, 2, NULL, NULL, NULL, '2025-02-16 07:19:51', '2025-02-16 07:19:51'),
(24, 3, NULL, 0, 45, 2, NULL, NULL, NULL, '2025-02-16 07:19:51', '2025-02-16 07:19:51'),
(25, 66, NULL, 0, 5, 2, NULL, NULL, NULL, '2025-02-16 07:19:51', '2025-02-16 07:19:51'),
(26, 42, NULL, 0, 31, 2, NULL, NULL, NULL, '2025-02-16 07:19:51', '2025-02-16 07:19:51'),
(27, 80, NULL, 0, 100, 2, NULL, NULL, NULL, '2025-02-16 07:19:51', '2025-02-16 07:19:51'),
(28, 53, NULL, 0, 82, 1, NULL, NULL, NULL, '2025-02-16 07:19:51', '2025-02-16 07:19:51'),
(29, 68, NULL, 0, 99, 1, NULL, NULL, NULL, '2025-02-16 07:19:51', '2025-02-16 07:19:51'),
(30, 33, NULL, 0, 32, 2, NULL, NULL, NULL, '2025-02-16 07:19:51', '2025-02-16 07:19:51'),
(31, 100, NULL, 0, 89, 2, NULL, NULL, NULL, '2025-02-16 07:19:51', '2025-02-16 07:19:51'),
(32, 23, NULL, 0, 52, 1, NULL, NULL, NULL, '2025-02-16 07:19:51', '2025-02-16 07:19:51'),
(33, 74, NULL, 0, 69, 2, NULL, NULL, NULL, '2025-02-16 07:19:51', '2025-02-16 07:19:51'),
(34, 79, NULL, 0, 10, 2, NULL, NULL, NULL, '2025-02-16 07:19:51', '2025-02-16 07:19:51'),
(35, 27, NULL, 0, 19, 1, NULL, NULL, NULL, '2025-02-16 07:19:51', '2025-02-16 07:19:51'),
(36, 68, NULL, 0, 31, 1, NULL, NULL, NULL, '2025-02-16 07:19:51', '2025-02-16 07:19:51'),
(37, 80, NULL, 0, 100, 1, NULL, NULL, NULL, '2025-02-16 07:19:51', '2025-02-16 07:19:51'),
(38, 10, NULL, 0, 91, 1, NULL, NULL, NULL, '2025-02-16 07:19:51', '2025-02-16 07:19:51'),
(39, 4, NULL, 0, 2, 1, NULL, NULL, NULL, '2025-02-16 07:19:51', '2025-02-16 07:19:51'),
(40, 4, NULL, 0, 65, 1, NULL, NULL, NULL, '2025-02-16 07:19:51', '2025-02-16 07:19:51'),
(41, 35, NULL, 0, 40, 2, NULL, NULL, NULL, '2025-02-16 07:19:51', '2025-02-16 07:19:51'),
(42, 95, NULL, 0, 33, 1, NULL, NULL, NULL, '2025-02-16 07:19:51', '2025-02-16 07:19:51'),
(43, 53, NULL, 0, 97, 2, NULL, NULL, NULL, '2025-02-16 07:19:51', '2025-02-16 07:19:51'),
(44, 28, NULL, 0, 47, 2, NULL, NULL, NULL, '2025-02-16 07:19:51', '2025-02-16 07:19:51'),
(45, 31, NULL, 0, 59, 1, NULL, NULL, NULL, '2025-02-16 07:19:51', '2025-02-16 07:19:51'),
(46, 39, NULL, 0, 20, 1, NULL, NULL, NULL, '2025-02-16 07:19:51', '2025-02-16 07:19:51'),
(47, 87, NULL, 0, 45, 1, NULL, NULL, NULL, '2025-02-16 07:19:51', '2025-02-16 07:19:51'),
(48, 73, NULL, 0, 99, 1, NULL, NULL, NULL, '2025-02-16 07:19:51', '2025-02-16 07:19:51'),
(49, 47, NULL, 0, 79, 2, NULL, NULL, NULL, '2025-02-16 07:19:51', '2025-02-16 07:19:51'),
(50, 26, NULL, 0, 89, 2, NULL, NULL, NULL, '2025-02-16 07:19:51', '2025-02-16 07:19:51'),
(51, 23, NULL, 0, 14, 2, NULL, NULL, NULL, '2025-02-16 07:19:51', '2025-02-16 07:19:51'),
(52, 33, NULL, 0, 86, 1, NULL, NULL, NULL, '2025-02-16 07:19:51', '2025-02-16 07:19:51'),
(53, 11, NULL, 0, 46, 2, NULL, NULL, NULL, '2025-02-16 07:19:51', '2025-02-16 07:19:51'),
(54, 50, NULL, 0, 80, 2, NULL, NULL, NULL, '2025-02-16 07:19:51', '2025-02-16 07:19:51'),
(55, 39, NULL, 0, 46, 2, NULL, NULL, NULL, '2025-02-16 07:19:51', '2025-02-16 07:19:51'),
(56, 19, NULL, 0, 70, 1, NULL, NULL, NULL, '2025-02-16 07:19:51', '2025-02-16 07:19:51'),
(57, 57, NULL, 0, 24, 2, NULL, NULL, NULL, '2025-02-16 07:19:51', '2025-02-16 07:19:51'),
(58, 77, NULL, 0, 69, 1, NULL, NULL, NULL, '2025-02-16 07:19:51', '2025-02-16 07:19:51'),
(59, 77, NULL, 0, 0, 2, NULL, NULL, NULL, '2025-02-16 07:19:51', '2025-02-16 07:19:51'),
(60, 57, NULL, 0, 6, 1, NULL, NULL, NULL, '2025-02-16 07:19:51', '2025-02-16 07:19:51'),
(61, 21, NULL, 0, 59, 2, NULL, NULL, NULL, '2025-02-16 07:19:51', '2025-02-16 07:19:51'),
(62, 36, NULL, 0, 83, 2, NULL, NULL, NULL, '2025-02-16 07:19:51', '2025-02-16 07:19:51'),
(63, 81, NULL, 0, 21, 1, NULL, NULL, NULL, '2025-02-16 07:19:51', '2025-02-16 07:19:51'),
(64, 20, NULL, 0, 81, 2, NULL, NULL, NULL, '2025-02-16 07:19:51', '2025-02-16 07:19:51'),
(65, 64, NULL, 0, 48, 1, NULL, NULL, NULL, '2025-02-16 07:19:51', '2025-02-16 07:19:51'),
(66, 43, NULL, 0, 19, 1, NULL, NULL, NULL, '2025-02-16 07:19:51', '2025-02-16 07:19:51'),
(67, 11, NULL, 0, 65, 2, NULL, NULL, NULL, '2025-02-16 07:19:51', '2025-02-16 07:19:51'),
(68, 3, NULL, 0, 84, 2, NULL, NULL, NULL, '2025-02-16 07:19:51', '2025-02-16 07:19:51'),
(69, 77, NULL, 0, 33, 1, NULL, NULL, NULL, '2025-02-16 07:19:51', '2025-02-16 07:19:51'),
(70, 90, NULL, 0, 43, 2, NULL, NULL, NULL, '2025-02-16 07:19:51', '2025-02-16 07:19:51'),
(71, 76, NULL, 0, 3, 2, NULL, NULL, NULL, '2025-02-16 07:19:51', '2025-02-16 07:19:51'),
(72, 41, NULL, 0, 64, 1, NULL, NULL, NULL, '2025-02-16 07:19:51', '2025-02-16 07:19:51'),
(73, 56, NULL, 0, 54, 1, NULL, NULL, NULL, '2025-02-16 07:19:51', '2025-02-16 07:19:51'),
(74, 13, NULL, 0, 74, 2, NULL, NULL, NULL, '2025-02-16 07:19:51', '2025-02-16 07:19:51'),
(75, 76, NULL, 0, 66, 2, NULL, NULL, NULL, '2025-02-16 07:19:51', '2025-02-16 07:19:51'),
(76, 57, NULL, 0, 96, 1, NULL, NULL, NULL, '2025-02-16 07:19:51', '2025-02-16 07:19:51'),
(77, 59, NULL, 0, 57, 2, NULL, NULL, NULL, '2025-02-16 07:19:51', '2025-02-16 07:19:51'),
(78, 76, NULL, 0, 37, 2, NULL, NULL, NULL, '2025-02-16 07:19:51', '2025-02-16 07:19:51'),
(79, 94, NULL, 0, 56, 1, NULL, NULL, NULL, '2025-02-16 07:19:51', '2025-02-16 07:19:51'),
(80, 89, NULL, 0, 93, 2, NULL, NULL, NULL, '2025-02-16 07:19:51', '2025-02-16 07:19:51'),
(81, 6, NULL, 0, 0, 2, NULL, NULL, NULL, '2025-02-16 07:19:51', '2025-02-16 07:19:51'),
(82, 85, NULL, 0, 71, 1, NULL, NULL, NULL, '2025-02-16 07:19:51', '2025-02-16 07:19:51'),
(83, 57, NULL, 0, 57, 2, NULL, NULL, NULL, '2025-02-16 07:19:51', '2025-02-16 07:19:51'),
(84, 24, NULL, 0, 94, 1, NULL, NULL, NULL, '2025-02-16 07:19:51', '2025-02-16 07:19:51'),
(85, 36, NULL, 0, 37, 1, NULL, NULL, NULL, '2025-02-16 07:19:51', '2025-02-16 07:19:51'),
(86, 54, NULL, 0, 74, 1, NULL, NULL, NULL, '2025-02-16 07:19:51', '2025-02-16 07:19:51'),
(87, 51, NULL, 0, 3, 2, NULL, NULL, NULL, '2025-02-16 07:19:51', '2025-02-16 07:19:51'),
(88, 16, NULL, 0, 90, 2, NULL, NULL, NULL, '2025-02-16 07:19:51', '2025-02-16 07:19:51'),
(89, 86, NULL, 0, 86, 2, NULL, NULL, NULL, '2025-02-16 07:19:51', '2025-02-16 07:19:51'),
(90, 3, NULL, 0, 92, 2, NULL, NULL, NULL, '2025-02-16 07:19:51', '2025-02-16 07:19:51'),
(91, 34, NULL, 0, 75, 2, NULL, NULL, NULL, '2025-02-16 07:19:51', '2025-02-16 07:19:51'),
(92, 16, NULL, 0, 31, 1, NULL, NULL, NULL, '2025-02-16 07:19:51', '2025-02-16 07:19:51'),
(93, 97, NULL, 0, 98, 1, NULL, NULL, NULL, '2025-02-16 07:19:51', '2025-02-16 07:19:51'),
(94, 62, NULL, 0, 77, 2, NULL, NULL, NULL, '2025-02-16 07:19:51', '2025-02-16 07:19:51'),
(95, 56, NULL, 0, 75, 1, NULL, NULL, NULL, '2025-02-16 07:19:51', '2025-02-16 07:19:51'),
(96, 18, NULL, 0, 62, 1, NULL, NULL, NULL, '2025-02-16 07:19:51', '2025-02-16 07:19:51'),
(97, 40, NULL, 0, 89, 2, NULL, NULL, NULL, '2025-02-16 07:19:51', '2025-02-16 07:19:51'),
(98, 45, NULL, 0, 23, 2, NULL, NULL, NULL, '2025-02-16 07:19:51', '2025-02-16 07:19:51'),
(99, 24, 'attachments/charity_category/17217435601.jpg', 0, 27, 1, NULL, NULL, NULL, '2025-02-16 07:19:51', '2025-02-16 07:19:51'),
(100, 33, 'attachments/charity_category/17217435601.jpg', 0, 17, 2, NULL, NULL, NULL, '2025-02-16 07:19:51', '2025-02-16 07:19:51');

-- --------------------------------------------------------

--
-- Table structure for table `gift_categories`
--

CREATE TABLE `gift_categories` (
  `id` bigint UNSIGNED NOT NULL,
  `parent_id` bigint UNSIGNED DEFAULT NULL,
  `level` int DEFAULT '1',
  `sort` int DEFAULT '0',
  `status` tinyint DEFAULT '1',
  `created_by` bigint UNSIGNED DEFAULT NULL,
  `updated_by` bigint UNSIGNED DEFAULT NULL,
  `deleted_at` timestamp NULL DEFAULT NULL,
  `created_at` timestamp NULL DEFAULT NULL,
  `updated_at` timestamp NULL DEFAULT NULL
) ENGINE=InnoDB DEFAULT CHARSET=utf8mb4 COLLATE=utf8mb4_unicode_ci;

--
-- Dumping data for table `gift_categories`
--

INSERT INTO `gift_categories` (`id`, `parent_id`, `level`, `sort`, `status`, `created_by`, `updated_by`, `deleted_at`, `created_at`, `updated_at`) VALUES
(1, NULL, 1, 0, 1, NULL, NULL, NULL, '2025-02-16 07:19:49', '2025-02-16 07:19:49'),
(2, NULL, 1, 0, 1, NULL, NULL, NULL, '2025-02-16 07:19:49', '2025-02-16 07:19:49'),
(3, NULL, 1, 0, 1, NULL, NULL, NULL, '2025-02-16 07:19:49', '2025-02-16 07:19:49'),
(4, NULL, 1, 0, 0, NULL, NULL, NULL, '2025-02-16 07:19:49', '2025-02-16 07:19:49'),
(5, NULL, 1, 0, 0, NULL, NULL, NULL, '2025-02-16 07:19:49', '2025-02-16 07:19:49'),
(6, 3, 2, 0, 0, NULL, NULL, NULL, '2025-02-16 07:19:49', '2025-02-16 07:19:49'),
(7, 2, 2, 0, 0, NULL, NULL, NULL, '2025-02-16 07:19:49', '2025-02-16 07:19:49'),
(8, 1, 2, 0, 1, NULL, NULL, NULL, '2025-02-16 07:19:49', '2025-02-16 07:19:49'),
(9, 5, 2, 0, 1, NULL, NULL, NULL, '2025-02-16 07:19:49', '2025-02-16 07:19:49'),
(10, 2, 2, 0, 1, NULL, NULL, NULL, '2025-02-16 07:19:49', '2025-02-16 07:19:49'),
(11, 3, 2, 0, 0, NULL, NULL, NULL, '2025-02-16 07:19:49', '2025-02-16 07:19:49'),
(12, 1, 2, 0, 0, NULL, NULL, NULL, '2025-02-16 07:19:49', '2025-02-16 07:19:49'),
(13, 2, 2, 0, 1, NULL, NULL, NULL, '2025-02-16 07:19:49', '2025-02-16 07:19:49'),
(14, 5, 2, 0, 0, NULL, NULL, NULL, '2025-02-16 07:19:49', '2025-02-16 07:19:49'),
(15, 4, 2, 0, 1, NULL, NULL, NULL, '2025-02-16 07:19:49', '2025-02-16 07:19:49'),
(16, 4, 2, 0, 0, NULL, NULL, NULL, '2025-02-16 07:19:49', '2025-02-16 07:19:49'),
(17, 5, 2, 0, 0, NULL, NULL, NULL, '2025-02-16 07:19:49', '2025-02-16 07:19:49'),
(18, 2, 2, 0, 1, NULL, NULL, NULL, '2025-02-16 07:19:49', '2025-02-16 07:19:49'),
(19, 4, 2, 0, 1, NULL, NULL, NULL, '2025-02-16 07:19:49', '2025-02-16 07:19:49'),
(20, 2, 2, 0, 0, NULL, NULL, NULL, '2025-02-16 07:19:49', '2025-02-16 07:19:49'),
(21, 2, 2, 0, 0, NULL, NULL, NULL, '2025-02-16 07:19:49', '2025-02-16 07:19:49'),
(22, 2, 2, 0, 0, NULL, NULL, NULL, '2025-02-16 07:19:49', '2025-02-16 07:19:49'),
(23, 3, 2, 0, 0, NULL, NULL, NULL, '2025-02-16 07:19:49', '2025-02-16 07:19:49'),
(24, 3, 2, 0, 0, NULL, NULL, NULL, '2025-02-16 07:19:49', '2025-02-16 07:19:49'),
(25, 1, 2, 0, 0, NULL, NULL, NULL, '2025-02-16 07:19:49', '2025-02-16 07:19:49'),
(26, 3, 2, 0, 0, NULL, NULL, NULL, '2025-02-16 07:19:49', '2025-02-16 07:19:49'),
(27, 1, 2, 0, 0, NULL, NULL, NULL, '2025-02-16 07:19:49', '2025-02-16 07:19:49'),
(28, 1, 2, 0, 1, NULL, NULL, NULL, '2025-02-16 07:19:49', '2025-02-16 07:19:49'),
(29, 5, 2, 0, 1, NULL, NULL, NULL, '2025-02-16 07:19:49', '2025-02-16 07:19:49'),
(30, 1, 2, 0, 1, NULL, NULL, NULL, '2025-02-16 07:19:49', '2025-02-16 07:19:49'),
(31, 5, 2, 0, 0, NULL, NULL, NULL, '2025-02-16 07:19:49', '2025-02-16 07:19:49'),
(32, 1, 2, 0, 0, NULL, NULL, NULL, '2025-02-16 07:19:49', '2025-02-16 07:19:49'),
(33, 4, 2, 0, 0, NULL, NULL, NULL, '2025-02-16 07:19:49', '2025-02-16 07:19:49'),
(34, 3, 2, 0, 1, NULL, NULL, NULL, '2025-02-16 07:19:49', '2025-02-16 07:19:49'),
(35, 1, 2, 0, 1, NULL, NULL, NULL, '2025-02-16 07:19:49', '2025-02-16 07:19:49'),
(36, 4, 2, 0, 1, NULL, NULL, NULL, '2025-02-16 07:19:49', '2025-02-16 07:19:49'),
(37, 3, 2, 0, 0, NULL, NULL, NULL, '2025-02-16 07:19:50', '2025-02-16 07:19:50'),
(38, 4, 2, 0, 1, NULL, NULL, NULL, '2025-02-16 07:19:50', '2025-02-16 07:19:50'),
(39, 5, 2, 0, 1, NULL, NULL, NULL, '2025-02-16 07:19:50', '2025-02-16 07:19:50'),
(40, 5, 2, 0, 0, NULL, NULL, NULL, '2025-02-16 07:19:50', '2025-02-16 07:19:50'),
(41, 3, 2, 0, 1, NULL, NULL, NULL, '2025-02-16 07:19:50', '2025-02-16 07:19:50'),
(42, 2, 2, 0, 1, NULL, NULL, NULL, '2025-02-16 07:19:50', '2025-02-16 07:19:50'),
(43, 5, 2, 0, 0, NULL, NULL, NULL, '2025-02-16 07:19:50', '2025-02-16 07:19:50'),
(44, 2, 2, 0, 0, NULL, NULL, NULL, '2025-02-16 07:19:50', '2025-02-16 07:19:50'),
(45, 2, 2, 0, 1, NULL, NULL, NULL, '2025-02-16 07:19:50', '2025-02-16 07:19:50'),
(46, 5, 2, 0, 0, NULL, NULL, NULL, '2025-02-16 07:19:50', '2025-02-16 07:19:50'),
(47, 3, 2, 0, 1, NULL, NULL, NULL, '2025-02-16 07:19:50', '2025-02-16 07:19:50'),
(48, 4, 2, 0, 0, NULL, NULL, NULL, '2025-02-16 07:19:50', '2025-02-16 07:19:50'),
(49, 4, 2, 0, 0, NULL, NULL, NULL, '2025-02-16 07:19:50', '2025-02-16 07:19:50'),
(50, 5, 2, 0, 1, NULL, NULL, NULL, '2025-02-16 07:19:50', '2025-02-16 07:19:50'),
(51, 2, 2, 0, 0, NULL, NULL, NULL, '2025-02-16 07:19:50', '2025-02-16 07:19:50'),
(52, 5, 2, 0, 1, NULL, NULL, NULL, '2025-02-16 07:19:50', '2025-02-16 07:19:50'),
(53, 2, 2, 0, 0, NULL, NULL, NULL, '2025-02-16 07:19:50', '2025-02-16 07:19:50'),
(54, 3, 2, 0, 1, NULL, NULL, NULL, '2025-02-16 07:19:50', '2025-02-16 07:19:50'),
(55, 5, 2, 0, 1, NULL, NULL, NULL, '2025-02-16 07:19:50', '2025-02-16 07:19:50'),
(56, 5, 2, 0, 0, NULL, NULL, NULL, '2025-02-16 07:19:50', '2025-02-16 07:19:50'),
(57, 3, 2, 0, 1, NULL, NULL, NULL, '2025-02-16 07:19:50', '2025-02-16 07:19:50'),
(58, 5, 2, 0, 0, NULL, NULL, NULL, '2025-02-16 07:19:50', '2025-02-16 07:19:50'),
(59, 2, 2, 0, 0, NULL, NULL, NULL, '2025-02-16 07:19:50', '2025-02-16 07:19:50'),
(60, 4, 2, 0, 1, NULL, NULL, NULL, '2025-02-16 07:19:50', '2025-02-16 07:19:50'),
(61, 2, 2, 0, 1, NULL, NULL, NULL, '2025-02-16 07:19:50', '2025-02-16 07:19:50'),
(62, 1, 2, 0, 1, NULL, NULL, NULL, '2025-02-16 07:19:50', '2025-02-16 07:19:50'),
(63, 5, 2, 0, 0, NULL, NULL, NULL, '2025-02-16 07:19:50', '2025-02-16 07:19:50'),
(64, 4, 2, 0, 0, NULL, NULL, NULL, '2025-02-16 07:19:50', '2025-02-16 07:19:50'),
(65, 5, 2, 0, 0, NULL, NULL, NULL, '2025-02-16 07:19:50', '2025-02-16 07:19:50'),
(66, 3, 2, 0, 1, NULL, NULL, NULL, '2025-02-16 07:19:50', '2025-02-16 07:19:50'),
(67, 2, 2, 0, 1, NULL, NULL, NULL, '2025-02-16 07:19:50', '2025-02-16 07:19:50'),
(68, 5, 2, 0, 1, NULL, NULL, NULL, '2025-02-16 07:19:50', '2025-02-16 07:19:50'),
(69, 2, 2, 0, 0, NULL, NULL, NULL, '2025-02-16 07:19:50', '2025-02-16 07:19:50'),
(70, 5, 2, 0, 1, NULL, NULL, NULL, '2025-02-16 07:19:50', '2025-02-16 07:19:50'),
(71, 5, 2, 0, 1, NULL, NULL, NULL, '2025-02-16 07:19:50', '2025-02-16 07:19:50'),
(72, 3, 2, 0, 1, NULL, NULL, NULL, '2025-02-16 07:19:50', '2025-02-16 07:19:50'),
(73, 5, 2, 0, 0, NULL, NULL, NULL, '2025-02-16 07:19:50', '2025-02-16 07:19:50'),
(74, 4, 2, 0, 1, NULL, NULL, NULL, '2025-02-16 07:19:50', '2025-02-16 07:19:50'),
(75, 5, 2, 0, 1, NULL, NULL, NULL, '2025-02-16 07:19:50', '2025-02-16 07:19:50'),
(76, 5, 2, 0, 1, NULL, NULL, NULL, '2025-02-16 07:19:50', '2025-02-16 07:19:50'),
(77, 1, 2, 0, 1, NULL, NULL, NULL, '2025-02-16 07:19:50', '2025-02-16 07:19:50'),
(78, 2, 2, 0, 0, NULL, NULL, NULL, '2025-02-16 07:19:50', '2025-02-16 07:19:50'),
(79, 2, 2, 0, 0, NULL, NULL, NULL, '2025-02-16 07:19:50', '2025-02-16 07:19:50'),
(80, 4, 2, 0, 1, NULL, NULL, NULL, '2025-02-16 07:19:50', '2025-02-16 07:19:50'),
(81, 1, 2, 0, 1, NULL, NULL, NULL, '2025-02-16 07:19:50', '2025-02-16 07:19:50'),
(82, 1, 2, 0, 0, NULL, NULL, NULL, '2025-02-16 07:19:50', '2025-02-16 07:19:50'),
(83, 5, 2, 0, 1, NULL, NULL, NULL, '2025-02-16 07:19:50', '2025-02-16 07:19:50'),
(84, 2, 2, 0, 1, NULL, NULL, NULL, '2025-02-16 07:19:50', '2025-02-16 07:19:50'),
(85, 3, 2, 0, 1, NULL, NULL, NULL, '2025-02-16 07:19:50', '2025-02-16 07:19:50'),
(86, 1, 2, 0, 1, NULL, NULL, NULL, '2025-02-16 07:19:50', '2025-02-16 07:19:50'),
(87, 1, 2, 0, 1, NULL, NULL, NULL, '2025-02-16 07:19:50', '2025-02-16 07:19:50'),
(88, 2, 2, 0, 1, NULL, NULL, NULL, '2025-02-16 07:19:50', '2025-02-16 07:19:50'),
(89, 2, 2, 0, 1, NULL, NULL, NULL, '2025-02-16 07:19:50', '2025-02-16 07:19:50'),
(90, 3, 2, 0, 1, NULL, NULL, NULL, '2025-02-16 07:19:50', '2025-02-16 07:19:50'),
(91, 2, 2, 0, 0, NULL, NULL, NULL, '2025-02-16 07:19:50', '2025-02-16 07:19:50'),
(92, 5, 2, 0, 1, NULL, NULL, NULL, '2025-02-16 07:19:50', '2025-02-16 07:19:50'),
(93, 4, 2, 0, 0, NULL, NULL, NULL, '2025-02-16 07:19:50', '2025-02-16 07:19:50'),
(94, 5, 2, 0, 1, NULL, NULL, NULL, '2025-02-16 07:19:50', '2025-02-16 07:19:50'),
(95, 2, 2, 0, 0, NULL, NULL, NULL, '2025-02-16 07:19:50', '2025-02-16 07:19:50'),
(96, 2, 2, 0, 0, NULL, NULL, NULL, '2025-02-16 07:19:50', '2025-02-16 07:19:50'),
(97, 5, 2, 0, 1, NULL, NULL, NULL, '2025-02-16 07:19:50', '2025-02-16 07:19:50'),
(98, 5, 2, 0, 1, NULL, NULL, NULL, '2025-02-16 07:19:50', '2025-02-16 07:19:50'),
(99, 4, 2, 0, 1, NULL, NULL, NULL, '2025-02-16 07:19:50', '2025-02-16 07:19:50'),
(100, 2, 2, 0, 1, NULL, NULL, NULL, '2025-02-16 07:19:50', '2025-02-16 07:19:50'),
(101, 3, 2, 0, 0, NULL, NULL, NULL, '2025-02-16 07:19:50', '2025-02-16 07:19:50'),
(102, 3, 2, 0, 1, NULL, NULL, NULL, '2025-02-16 07:19:50', '2025-02-16 07:19:50'),
(103, 2, 2, 0, 0, NULL, NULL, NULL, '2025-02-16 07:19:50', '2025-02-16 07:19:50'),
(104, 2, 2, 0, 1, NULL, NULL, NULL, '2025-02-16 07:19:50', '2025-02-16 07:19:50'),
(105, 2, 2, 0, 0, NULL, NULL, NULL, '2025-02-16 07:19:50', '2025-02-16 07:19:50');

-- --------------------------------------------------------

--
-- Table structure for table `gift_categories_translations`
--

CREATE TABLE `gift_categories_translations` (
  `id` bigint UNSIGNED NOT NULL,
  `category_id` bigint UNSIGNED NOT NULL,
  `locale` varchar(255) CHARACTER SET utf8mb4 COLLATE utf8mb4_unicode_ci NOT NULL,
  `title` varchar(255) CHARACTER SET utf8mb4 COLLATE utf8mb4_unicode_ci NOT NULL,
  `created_at` timestamp NULL DEFAULT NULL,
  `updated_at` timestamp NULL DEFAULT NULL
) ENGINE=InnoDB DEFAULT CHARSET=utf8mb4 COLLATE=utf8mb4_unicode_ci;

--
-- Dumping data for table `gift_categories_translations`
--

INSERT INTO `gift_categories_translations` (`id`, `category_id`, `locale`, `title`, `created_at`, `updated_at`) VALUES
(1, 1, 'ar', 'Dr. Dell Osinski III', '2025-02-16 07:19:49', '2025-02-16 07:19:49'),
(2, 2, 'ar', 'Dr. Juliet Gutmann I', '2025-02-16 07:19:49', '2025-02-16 07:19:49'),
(3, 3, 'ar', 'Lucie Watsica', '2025-02-16 07:19:49', '2025-02-16 07:19:49'),
(4, 4, 'ar', 'Ms. Aimee Little', '2025-02-16 07:19:49', '2025-02-16 07:19:49'),
(5, 5, 'ar', 'Herminio Brakus I', '2025-02-16 07:19:49', '2025-02-16 07:19:49'),
(6, 6, 'ar', 'Dr. Marilyne Quitzon', '2025-02-16 07:19:49', '2025-02-16 07:19:49'),
(7, 7, 'ar', 'Mr. Dayne Langworth IV', '2025-02-16 07:19:49', '2025-02-16 07:19:49'),
(8, 8, 'ar', 'Ernest Boehm', '2025-02-16 07:19:49', '2025-02-16 07:19:49'),
(9, 9, 'ar', 'Mrs. Helena Kautzer', '2025-02-16 07:19:49', '2025-02-16 07:19:49'),
(10, 10, 'ar', 'Eve Kessler', '2025-02-16 07:19:49', '2025-02-16 07:19:49'),
(11, 11, 'ar', 'Kameron Adams', '2025-02-16 07:19:49', '2025-02-16 07:19:49'),
(12, 12, 'ar', 'Paris Deckow', '2025-02-16 07:19:49', '2025-02-16 07:19:49'),
(13, 13, 'ar', 'Prof. Shawn Prohaska', '2025-02-16 07:19:49', '2025-02-16 07:19:49'),
(14, 14, 'ar', 'Breana Trantow II', '2025-02-16 07:19:49', '2025-02-16 07:19:49'),
(15, 15, 'ar', 'Lonzo Windler', '2025-02-16 07:19:49', '2025-02-16 07:19:49'),
(16, 16, 'ar', 'Mr. Jerod Schaefer', '2025-02-16 07:19:49', '2025-02-16 07:19:49'),
(17, 17, 'ar', 'Maeve Feest', '2025-02-16 07:19:49', '2025-02-16 07:19:49'),
(18, 18, 'ar', 'Andreane Barrows', '2025-02-16 07:19:49', '2025-02-16 07:19:49'),
(19, 19, 'ar', 'Jamar Olson', '2025-02-16 07:19:49', '2025-02-16 07:19:49'),
(20, 20, 'ar', 'Hilario Baumbach', '2025-02-16 07:19:49', '2025-02-16 07:19:49'),
(21, 21, 'ar', 'Dr. Joan Wuckert MD', '2025-02-16 07:19:49', '2025-02-16 07:19:49'),
(22, 22, 'ar', 'Kaela Lueilwitz', '2025-02-16 07:19:49', '2025-02-16 07:19:49'),
(23, 23, 'ar', 'Prof. Isobel Conn', '2025-02-16 07:19:49', '2025-02-16 07:19:49'),
(24, 24, 'ar', 'Jordyn Carter', '2025-02-16 07:19:49', '2025-02-16 07:19:49'),
(25, 25, 'ar', 'Prof. Mitchel Klein', '2025-02-16 07:19:49', '2025-02-16 07:19:49'),
(26, 26, 'ar', 'Serenity Jakubowski', '2025-02-16 07:19:49', '2025-02-16 07:19:49'),
(27, 27, 'ar', 'Prof. Ofelia Howe IV', '2025-02-16 07:19:49', '2025-02-16 07:19:49'),
(28, 28, 'ar', 'Mrs. Valerie Gusikowski', '2025-02-16 07:19:49', '2025-02-16 07:19:49'),
(29, 29, 'ar', 'Britney Becker DDS', '2025-02-16 07:19:49', '2025-02-16 07:19:49'),
(30, 30, 'ar', 'Devan Sawayn', '2025-02-16 07:19:49', '2025-02-16 07:19:49'),
(31, 31, 'ar', 'Kailey Hegmann', '2025-02-16 07:19:49', '2025-02-16 07:19:49'),
(32, 32, 'ar', 'Shaina Bednar DDS', '2025-02-16 07:19:49', '2025-02-16 07:19:49'),
(33, 33, 'ar', 'Mr. Royal Kreiger MD', '2025-02-16 07:19:49', '2025-02-16 07:19:49'),
(34, 34, 'ar', 'Edwina Walsh', '2025-02-16 07:19:49', '2025-02-16 07:19:49'),
(35, 35, 'ar', 'Veda Ferry', '2025-02-16 07:19:49', '2025-02-16 07:19:49'),
(36, 36, 'ar', 'Marlee Russel', '2025-02-16 07:19:49', '2025-02-16 07:19:49'),
(37, 37, 'ar', 'Morris Little', '2025-02-16 07:19:50', '2025-02-16 07:19:50'),
(38, 38, 'ar', 'Alvah Pollich III', '2025-02-16 07:19:50', '2025-02-16 07:19:50'),
(39, 39, 'ar', 'Katharina Ortiz PhD', '2025-02-16 07:19:50', '2025-02-16 07:19:50'),
(40, 40, 'ar', 'Prof. Eliseo Cormier', '2025-02-16 07:19:50', '2025-02-16 07:19:50'),
(41, 41, 'ar', 'Randy Leuschke', '2025-02-16 07:19:50', '2025-02-16 07:19:50'),
(42, 42, 'ar', 'Mr. Jarred Fadel', '2025-02-16 07:19:50', '2025-02-16 07:19:50'),
(43, 43, 'ar', 'Ova Schmeler', '2025-02-16 07:19:50', '2025-02-16 07:19:50'),
(44, 44, 'ar', 'Roma Ortiz', '2025-02-16 07:19:50', '2025-02-16 07:19:50'),
(45, 45, 'ar', 'Christ Shields DDS', '2025-02-16 07:19:50', '2025-02-16 07:19:50'),
(46, 46, 'ar', 'Baylee Block', '2025-02-16 07:19:50', '2025-02-16 07:19:50'),
(47, 47, 'ar', 'Toy Ruecker', '2025-02-16 07:19:50', '2025-02-16 07:19:50'),
(48, 48, 'ar', 'Greg Beatty', '2025-02-16 07:19:50', '2025-02-16 07:19:50'),
(49, 49, 'ar', 'Prof. Laurel Will', '2025-02-16 07:19:50', '2025-02-16 07:19:50'),
(50, 50, 'ar', 'Armando Treutel', '2025-02-16 07:19:50', '2025-02-16 07:19:50'),
(51, 51, 'ar', 'Dr. Wendy Hoppe', '2025-02-16 07:19:50', '2025-02-16 07:19:50'),
(52, 52, 'ar', 'Dr. Jamarcus Schmeler', '2025-02-16 07:19:50', '2025-02-16 07:19:50'),
(53, 53, 'ar', 'Mrs. Michelle Kessler DDS', '2025-02-16 07:19:50', '2025-02-16 07:19:50'),
(54, 54, 'ar', 'Jodie Wiza', '2025-02-16 07:19:50', '2025-02-16 07:19:50'),
(55, 55, 'ar', 'Cordell Witting', '2025-02-16 07:19:50', '2025-02-16 07:19:50'),
(56, 56, 'ar', 'Johanna Kshlerin', '2025-02-16 07:19:50', '2025-02-16 07:19:50'),
(57, 57, 'ar', 'Marley Schroeder', '2025-02-16 07:19:50', '2025-02-16 07:19:50'),
(58, 58, 'ar', 'Aiyana Reinger', '2025-02-16 07:19:50', '2025-02-16 07:19:50'),
(59, 59, 'ar', 'Demario Olson', '2025-02-16 07:19:50', '2025-02-16 07:19:50'),
(60, 60, 'ar', 'Miss Yesenia Lebsack Jr.', '2025-02-16 07:19:50', '2025-02-16 07:19:50'),
(61, 61, 'ar', 'Cleveland Howe', '2025-02-16 07:19:50', '2025-02-16 07:19:50'),
(62, 62, 'ar', 'Ken Smitham I', '2025-02-16 07:19:50', '2025-02-16 07:19:50'),
(63, 63, 'ar', 'Shayne Wintheiser III', '2025-02-16 07:19:50', '2025-02-16 07:19:50'),
(64, 64, 'ar', 'Moriah Greenholt', '2025-02-16 07:19:50', '2025-02-16 07:19:50'),
(65, 65, 'ar', 'Valentine Funk', '2025-02-16 07:19:50', '2025-02-16 07:19:50'),
(66, 66, 'ar', 'Vanessa Pollich', '2025-02-16 07:19:50', '2025-02-16 07:19:50'),
(67, 67, 'ar', 'Martina Rosenbaum', '2025-02-16 07:19:50', '2025-02-16 07:19:50'),
(68, 68, 'ar', 'Howell Gerlach', '2025-02-16 07:19:50', '2025-02-16 07:19:50'),
(69, 69, 'ar', 'Alvera Schumm', '2025-02-16 07:19:50', '2025-02-16 07:19:50'),
(70, 70, 'ar', 'Prof. Lewis Ledner DDS', '2025-02-16 07:19:50', '2025-02-16 07:19:50'),
(71, 71, 'ar', 'Prof. Destin Johnson PhD', '2025-02-16 07:19:50', '2025-02-16 07:19:50'),
(72, 72, 'ar', 'Lambert VonRueden', '2025-02-16 07:19:50', '2025-02-16 07:19:50'),
(73, 73, 'ar', 'Noelia Johnston', '2025-02-16 07:19:50', '2025-02-16 07:19:50'),
(74, 74, 'ar', 'Dr. Jeremy Gislason', '2025-02-16 07:19:50', '2025-02-16 07:19:50'),
(75, 75, 'ar', 'Sandrine Gislason PhD', '2025-02-16 07:19:50', '2025-02-16 07:19:50'),
(76, 76, 'ar', 'Mr. Jeromy Raynor I', '2025-02-16 07:19:50', '2025-02-16 07:19:50'),
(77, 77, 'ar', 'Carlotta Leannon', '2025-02-16 07:19:50', '2025-02-16 07:19:50'),
(78, 78, 'ar', 'Devin Toy PhD', '2025-02-16 07:19:50', '2025-02-16 07:19:50'),
(79, 79, 'ar', 'Nellie Gerlach', '2025-02-16 07:19:50', '2025-02-16 07:19:50'),
(80, 80, 'ar', 'Mr. Domenic Boyer V', '2025-02-16 07:19:50', '2025-02-16 07:19:50'),
(81, 81, 'ar', 'Aleen Kerluke', '2025-02-16 07:19:50', '2025-02-16 07:19:50'),
(82, 82, 'ar', 'Alessandra Klocko', '2025-02-16 07:19:50', '2025-02-16 07:19:50'),
(83, 83, 'ar', 'Carlo Hermann V', '2025-02-16 07:19:50', '2025-02-16 07:19:50'),
(84, 84, 'ar', 'Kaden Lebsack', '2025-02-16 07:19:50', '2025-02-16 07:19:50'),
(85, 85, 'ar', 'Prof. Jermey Deckow', '2025-02-16 07:19:50', '2025-02-16 07:19:50'),
(86, 86, 'ar', 'Karina Tremblay', '2025-02-16 07:19:50', '2025-02-16 07:19:50'),
(87, 87, 'ar', 'Jarrell Hudson', '2025-02-16 07:19:50', '2025-02-16 07:19:50'),
(88, 88, 'ar', 'Mattie Beahan', '2025-02-16 07:19:50', '2025-02-16 07:19:50'),
(89, 89, 'ar', 'Kayleigh Boyer', '2025-02-16 07:19:50', '2025-02-16 07:19:50'),
(90, 90, 'ar', 'Mathew Kuvalis Sr.', '2025-02-16 07:19:50', '2025-02-16 07:19:50'),
(91, 91, 'ar', 'Corine Morar', '2025-02-16 07:19:50', '2025-02-16 07:19:50'),
(92, 92, 'ar', 'Nicolette Bradtke', '2025-02-16 07:19:50', '2025-02-16 07:19:50'),
(93, 93, 'ar', 'Hertha Treutel', '2025-02-16 07:19:50', '2025-02-16 07:19:50'),
(94, 94, 'ar', 'Dr. Eula Corwin', '2025-02-16 07:19:50', '2025-02-16 07:19:50'),
(95, 95, 'ar', 'Hildegard Hudson', '2025-02-16 07:19:50', '2025-02-16 07:19:50'),
(96, 96, 'ar', 'Roma Ratke', '2025-02-16 07:19:50', '2025-02-16 07:19:50'),
(97, 97, 'ar', 'Giovanni Schmeler', '2025-02-16 07:19:50', '2025-02-16 07:19:50'),
(98, 98, 'ar', 'Jamir Keeling', '2025-02-16 07:19:50', '2025-02-16 07:19:50'),
(99, 99, 'ar', 'Francesco Roberts', '2025-02-16 07:19:50', '2025-02-16 07:19:50'),
(100, 100, 'ar', 'Mrs. Cindy Schmitt IV', '2025-02-16 07:19:50', '2025-02-16 07:19:50'),
(101, 101, 'ar', 'Dr. Emory Reinger I', '2025-02-16 07:19:50', '2025-02-16 07:19:50'),
(102, 102, 'ar', 'Morton Pfannerstill', '2025-02-16 07:19:50', '2025-02-16 07:19:50'),
(103, 103, 'ar', 'Minnie Larson', '2025-02-16 07:19:50', '2025-02-16 07:19:50'),
(104, 104, 'ar', 'Danielle Adams', '2025-02-16 07:19:50', '2025-02-16 07:19:50'),
(105, 105, 'ar', 'Dr. Mollie Koelpin', '2025-02-16 07:19:50', '2025-02-16 07:19:50');

-- --------------------------------------------------------

--
-- Table structure for table `gift_occasioins`
--

CREATE TABLE `gift_occasioins` (
  `id` bigint UNSIGNED NOT NULL,
  `sort` int DEFAULT '0',
  `status` tinyint DEFAULT '1',
  `created_by` bigint UNSIGNED DEFAULT NULL,
  `updated_by` bigint UNSIGNED DEFAULT NULL,
  `deleted_at` timestamp NULL DEFAULT NULL,
  `created_at` timestamp NULL DEFAULT NULL,
  `updated_at` timestamp NULL DEFAULT NULL
) ENGINE=InnoDB DEFAULT CHARSET=utf8mb4 COLLATE=utf8mb4_unicode_ci;

--
-- Dumping data for table `gift_occasioins`
--

INSERT INTO `gift_occasioins` (`id`, `sort`, `status`, `created_by`, `updated_by`, `deleted_at`, `created_at`, `updated_at`) VALUES
(1, 45, 2, NULL, NULL, NULL, '2025-02-16 07:19:50', '2025-02-16 07:19:50'),
(2, 31, 2, NULL, NULL, NULL, '2025-02-16 07:19:50', '2025-02-16 07:19:50'),
(3, 70, 2, NULL, NULL, NULL, '2025-02-16 07:19:50', '2025-02-16 07:19:50'),
(4, 0, 1, NULL, NULL, NULL, '2025-02-16 07:19:50', '2025-02-16 07:19:50'),
(5, 70, 2, NULL, NULL, NULL, '2025-02-16 07:19:50', '2025-02-16 07:19:50'),
(6, 91, 2, NULL, NULL, NULL, '2025-02-16 07:19:50', '2025-02-16 07:19:50'),
(7, 49, 2, NULL, NULL, NULL, '2025-02-16 07:19:50', '2025-02-16 07:19:50'),
(8, 12, 1, NULL, NULL, NULL, '2025-02-16 07:19:50', '2025-02-16 07:19:50'),
(9, 78, 1, NULL, NULL, NULL, '2025-02-16 07:19:50', '2025-02-16 07:19:50'),
(10, 0, 1, NULL, NULL, NULL, '2025-02-16 07:19:50', '2025-02-16 07:19:50'),
(11, 51, 2, NULL, NULL, NULL, '2025-02-16 07:19:50', '2025-02-16 07:19:50'),
(12, 23, 1, NULL, NULL, NULL, '2025-02-16 07:19:50', '2025-02-16 07:19:50'),
(13, 80, 1, NULL, NULL, NULL, '2025-02-16 07:19:50', '2025-02-16 07:19:50'),
(14, 79, 2, NULL, NULL, NULL, '2025-02-16 07:19:50', '2025-02-16 07:19:50'),
(15, 97, 1, NULL, NULL, NULL, '2025-02-16 07:19:50', '2025-02-16 07:19:50'),
(16, 81, 2, NULL, NULL, NULL, '2025-02-16 07:19:50', '2025-02-16 07:19:50'),
(17, 57, 2, NULL, NULL, NULL, '2025-02-16 07:19:50', '2025-02-16 07:19:50'),
(18, 27, 2, NULL, NULL, NULL, '2025-02-16 07:19:50', '2025-02-16 07:19:50'),
(19, 98, 2, NULL, NULL, NULL, '2025-02-16 07:19:50', '2025-02-16 07:19:50'),
(20, 33, 1, NULL, NULL, NULL, '2025-02-16 07:19:50', '2025-02-16 07:19:50'),
(21, 5, 2, NULL, NULL, NULL, '2025-02-16 07:19:50', '2025-02-16 07:19:50'),
(22, 29, 2, NULL, NULL, NULL, '2025-02-16 07:19:50', '2025-02-16 07:19:50'),
(23, 6, 2, NULL, NULL, NULL, '2025-02-16 07:19:50', '2025-02-16 07:19:50'),
(24, 62, 2, NULL, NULL, NULL, '2025-02-16 07:19:50', '2025-02-16 07:19:50'),
(25, 19, 1, NULL, NULL, NULL, '2025-02-16 07:19:50', '2025-02-16 07:19:50'),
(26, 67, 1, NULL, NULL, NULL, '2025-02-16 07:19:50', '2025-02-16 07:19:50'),
(27, 68, 2, NULL, NULL, NULL, '2025-02-16 07:19:50', '2025-02-16 07:19:50'),
(28, 13, 2, NULL, NULL, NULL, '2025-02-16 07:19:50', '2025-02-16 07:19:50'),
(29, 71, 1, NULL, NULL, NULL, '2025-02-16 07:19:50', '2025-02-16 07:19:50'),
(30, 71, 2, NULL, NULL, NULL, '2025-02-16 07:19:50', '2025-02-16 07:19:50'),
(31, 3, 1, NULL, NULL, NULL, '2025-02-16 07:19:50', '2025-02-16 07:19:50'),
(32, 67, 2, NULL, NULL, NULL, '2025-02-16 07:19:50', '2025-02-16 07:19:50'),
(33, 28, 1, NULL, NULL, NULL, '2025-02-16 07:19:50', '2025-02-16 07:19:50'),
(34, 24, 1, NULL, NULL, NULL, '2025-02-16 07:19:50', '2025-02-16 07:19:50'),
(35, 39, 2, NULL, NULL, NULL, '2025-02-16 07:19:50', '2025-02-16 07:19:50'),
(36, 76, 1, NULL, NULL, NULL, '2025-02-16 07:19:50', '2025-02-16 07:19:50'),
(37, 25, 1, NULL, NULL, NULL, '2025-02-16 07:19:50', '2025-02-16 07:19:50'),
(38, 36, 1, NULL, NULL, NULL, '2025-02-16 07:19:50', '2025-02-16 07:19:50'),
(39, 9, 2, NULL, NULL, NULL, '2025-02-16 07:19:50', '2025-02-16 07:19:50'),
(40, 19, 1, NULL, NULL, NULL, '2025-02-16 07:19:50', '2025-02-16 07:19:50'),
(41, 48, 1, NULL, NULL, NULL, '2025-02-16 07:19:50', '2025-02-16 07:19:50'),
(42, 50, 2, NULL, NULL, NULL, '2025-02-16 07:19:50', '2025-02-16 07:19:50'),
(43, 74, 1, NULL, NULL, NULL, '2025-02-16 07:19:50', '2025-02-16 07:19:50'),
(44, 1, 1, NULL, NULL, NULL, '2025-02-16 07:19:50', '2025-02-16 07:19:50'),
(45, 98, 1, NULL, NULL, NULL, '2025-02-16 07:19:50', '2025-02-16 07:19:50'),
(46, 94, 2, NULL, NULL, NULL, '2025-02-16 07:19:50', '2025-02-16 07:19:50'),
(47, 64, 1, NULL, NULL, NULL, '2025-02-16 07:19:50', '2025-02-16 07:19:50'),
(48, 59, 2, NULL, NULL, NULL, '2025-02-16 07:19:50', '2025-02-16 07:19:50'),
(49, 61, 1, NULL, NULL, NULL, '2025-02-16 07:19:50', '2025-02-16 07:19:50'),
(50, 11, 1, NULL, NULL, NULL, '2025-02-16 07:19:50', '2025-02-16 07:19:50'),
(51, 58, 1, NULL, NULL, NULL, '2025-02-16 07:19:50', '2025-02-16 07:19:50'),
(52, 80, 1, NULL, NULL, NULL, '2025-02-16 07:19:50', '2025-02-16 07:19:50'),
(53, 97, 2, NULL, NULL, NULL, '2025-02-16 07:19:50', '2025-02-16 07:19:50'),
(54, 74, 1, NULL, NULL, NULL, '2025-02-16 07:19:50', '2025-02-16 07:19:50'),
(55, 0, 1, NULL, NULL, NULL, '2025-02-16 07:19:50', '2025-02-16 07:19:50'),
(56, 13, 2, NULL, NULL, NULL, '2025-02-16 07:19:50', '2025-02-16 07:19:50'),
(57, 85, 1, NULL, NULL, NULL, '2025-02-16 07:19:50', '2025-02-16 07:19:50'),
(58, 26, 2, NULL, NULL, NULL, '2025-02-16 07:19:50', '2025-02-16 07:19:50'),
(59, 74, 2, NULL, NULL, NULL, '2025-02-16 07:19:50', '2025-02-16 07:19:50'),
(60, 13, 1, NULL, NULL, NULL, '2025-02-16 07:19:50', '2025-02-16 07:19:50'),
(61, 18, 2, NULL, NULL, NULL, '2025-02-16 07:19:50', '2025-02-16 07:19:50'),
(62, 16, 1, NULL, NULL, NULL, '2025-02-16 07:19:50', '2025-02-16 07:19:50'),
(63, 65, 2, NULL, NULL, NULL, '2025-02-16 07:19:50', '2025-02-16 07:19:50'),
(64, 63, 2, NULL, NULL, NULL, '2025-02-16 07:19:50', '2025-02-16 07:19:50'),
(65, 85, 2, NULL, NULL, NULL, '2025-02-16 07:19:50', '2025-02-16 07:19:50'),
(66, 1, 1, NULL, NULL, NULL, '2025-02-16 07:19:50', '2025-02-16 07:19:50'),
(67, 1, 1, NULL, NULL, NULL, '2025-02-16 07:19:50', '2025-02-16 07:19:50'),
(68, 83, 1, NULL, NULL, NULL, '2025-02-16 07:19:50', '2025-02-16 07:19:50'),
(69, 87, 2, NULL, NULL, NULL, '2025-02-16 07:19:50', '2025-02-16 07:19:50'),
(70, 4, 2, NULL, NULL, NULL, '2025-02-16 07:19:50', '2025-02-16 07:19:50'),
(71, 53, 1, NULL, NULL, NULL, '2025-02-16 07:19:50', '2025-02-16 07:19:50'),
(72, 51, 2, NULL, NULL, NULL, '2025-02-16 07:19:50', '2025-02-16 07:19:50'),
(73, 97, 1, NULL, NULL, NULL, '2025-02-16 07:19:50', '2025-02-16 07:19:50'),
(74, 79, 1, NULL, NULL, NULL, '2025-02-16 07:19:50', '2025-02-16 07:19:50'),
(75, 20, 1, NULL, NULL, NULL, '2025-02-16 07:19:50', '2025-02-16 07:19:50'),
(76, 19, 1, NULL, NULL, NULL, '2025-02-16 07:19:50', '2025-02-16 07:19:50'),
(77, 89, 2, NULL, NULL, NULL, '2025-02-16 07:19:50', '2025-02-16 07:19:50'),
(78, 57, 1, NULL, NULL, NULL, '2025-02-16 07:19:50', '2025-02-16 07:19:50'),
(79, 16, 1, NULL, NULL, NULL, '2025-02-16 07:19:50', '2025-02-16 07:19:50'),
(80, 81, 1, NULL, NULL, NULL, '2025-02-16 07:19:50', '2025-02-16 07:19:50'),
(81, 97, 1, NULL, NULL, NULL, '2025-02-16 07:19:50', '2025-02-16 07:19:50'),
(82, 69, 2, NULL, NULL, NULL, '2025-02-16 07:19:50', '2025-02-16 07:19:50'),
(83, 54, 1, NULL, NULL, NULL, '2025-02-16 07:19:50', '2025-02-16 07:19:50'),
(84, 69, 2, NULL, NULL, NULL, '2025-02-16 07:19:50', '2025-02-16 07:19:50'),
(85, 75, 1, NULL, NULL, NULL, '2025-02-16 07:19:50', '2025-02-16 07:19:50'),
(86, 0, 2, NULL, NULL, NULL, '2025-02-16 07:19:50', '2025-02-16 07:19:50'),
(87, 16, 2, NULL, NULL, NULL, '2025-02-16 07:19:50', '2025-02-16 07:19:50'),
(88, 74, 2, NULL, NULL, NULL, '2025-02-16 07:19:50', '2025-02-16 07:19:50'),
(89, 93, 1, NULL, NULL, NULL, '2025-02-16 07:19:50', '2025-02-16 07:19:50'),
(90, 60, 2, NULL, NULL, NULL, '2025-02-16 07:19:50', '2025-02-16 07:19:50'),
(91, 74, 1, NULL, NULL, NULL, '2025-02-16 07:19:50', '2025-02-16 07:19:50'),
(92, 41, 2, NULL, NULL, NULL, '2025-02-16 07:19:50', '2025-02-16 07:19:50'),
(93, 54, 2, NULL, NULL, NULL, '2025-02-16 07:19:50', '2025-02-16 07:19:50'),
(94, 74, 2, NULL, NULL, NULL, '2025-02-16 07:19:50', '2025-02-16 07:19:50'),
(95, 32, 2, NULL, NULL, NULL, '2025-02-16 07:19:50', '2025-02-16 07:19:50'),
(96, 53, 2, NULL, NULL, NULL, '2025-02-16 07:19:50', '2025-02-16 07:19:50'),
(97, 87, 1, NULL, NULL, NULL, '2025-02-16 07:19:50', '2025-02-16 07:19:50'),
(98, 30, 1, NULL, NULL, NULL, '2025-02-16 07:19:50', '2025-02-16 07:19:50'),
(99, 99, 1, NULL, NULL, NULL, '2025-02-16 07:19:50', '2025-02-16 07:19:50'),
(100, 11, 2, NULL, NULL, NULL, '2025-02-16 07:19:50', '2025-02-16 07:19:50');

-- --------------------------------------------------------

--
-- Table structure for table `gift_occasioins_translations`
--

CREATE TABLE `gift_occasioins_translations` (
  `id` bigint UNSIGNED NOT NULL,
  `occasioin_id` bigint UNSIGNED NOT NULL,
  `locale` varchar(255) CHARACTER SET utf8mb4 COLLATE utf8mb4_unicode_ci NOT NULL,
  `title` varchar(255) CHARACTER SET utf8mb4 COLLATE utf8mb4_unicode_ci NOT NULL,
  `created_at` timestamp NULL DEFAULT NULL,
  `updated_at` timestamp NULL DEFAULT NULL
) ENGINE=InnoDB DEFAULT CHARSET=utf8mb4 COLLATE=utf8mb4_unicode_ci;

--
-- Dumping data for table `gift_occasioins_translations`
--

INSERT INTO `gift_occasioins_translations` (`id`, `occasioin_id`, `locale`, `title`, `created_at`, `updated_at`) VALUES
(1, 1, 'ar', 'Leone Bogisich', '2025-02-16 07:19:50', '2025-02-16 07:19:50'),
(2, 2, 'ar', 'Dr. Marlin Bednar', '2025-02-16 07:19:50', '2025-02-16 07:19:50'),
(3, 3, 'ar', 'Daisha Kuhn', '2025-02-16 07:19:50', '2025-02-16 07:19:50'),
(4, 4, 'ar', 'Jasmin Bernier', '2025-02-16 07:19:50', '2025-02-16 07:19:50'),
(5, 5, 'ar', 'Hadley Donnelly', '2025-02-16 07:19:50', '2025-02-16 07:19:50'),
(6, 6, 'ar', 'Mrs. Jaquelin Block DVM', '2025-02-16 07:19:50', '2025-02-16 07:19:50'),
(7, 7, 'ar', 'Prof. Demond Renner', '2025-02-16 07:19:50', '2025-02-16 07:19:50'),
(8, 8, 'ar', 'Evan Jacobson', '2025-02-16 07:19:50', '2025-02-16 07:19:50'),
(9, 9, 'ar', 'Victor Beahan', '2025-02-16 07:19:50', '2025-02-16 07:19:50'),
(10, 10, 'ar', 'Dr. Mavis Daugherty', '2025-02-16 07:19:50', '2025-02-16 07:19:50'),
(11, 11, 'ar', 'Alexis Gislason', '2025-02-16 07:19:50', '2025-02-16 07:19:50'),
(12, 12, 'ar', 'Prof. Raphael Rowe', '2025-02-16 07:19:50', '2025-02-16 07:19:50'),
(13, 13, 'ar', 'Vivianne Bernhard IV', '2025-02-16 07:19:50', '2025-02-16 07:19:50'),
(14, 14, 'ar', 'George Sauer', '2025-02-16 07:19:50', '2025-02-16 07:19:50'),
(15, 15, 'ar', 'Kenna Kuhic Jr.', '2025-02-16 07:19:50', '2025-02-16 07:19:50'),
(16, 16, 'ar', 'Kacie Senger', '2025-02-16 07:19:50', '2025-02-16 07:19:50'),
(17, 17, 'ar', 'Mr. Zackary Lockman', '2025-02-16 07:19:50', '2025-02-16 07:19:50'),
(18, 18, 'ar', 'Trudie Von', '2025-02-16 07:19:50', '2025-02-16 07:19:50'),
(19, 19, 'ar', 'Fredrick Davis', '2025-02-16 07:19:50', '2025-02-16 07:19:50'),
(20, 20, 'ar', 'Mason Wilkinson', '2025-02-16 07:19:50', '2025-02-16 07:19:50'),
(21, 21, 'ar', 'Dr. Lance Greenholt DDS', '2025-02-16 07:19:50', '2025-02-16 07:19:50'),
(22, 22, 'ar', 'Anna DuBuque', '2025-02-16 07:19:50', '2025-02-16 07:19:50'),
(23, 23, 'ar', 'Prof. Darrell Bahringer', '2025-02-16 07:19:50', '2025-02-16 07:19:50'),
(24, 24, 'ar', 'Miss Evangeline Cole DDS', '2025-02-16 07:19:50', '2025-02-16 07:19:50'),
(25, 25, 'ar', 'Prof. Alejandra Roob Sr.', '2025-02-16 07:19:50', '2025-02-16 07:19:50'),
(26, 26, 'ar', 'Miss Crystal Goldner PhD', '2025-02-16 07:19:50', '2025-02-16 07:19:50'),
(27, 27, 'ar', 'Ada Crona', '2025-02-16 07:19:50', '2025-02-16 07:19:50'),
(28, 28, 'ar', 'Pete Block', '2025-02-16 07:19:50', '2025-02-16 07:19:50'),
(29, 29, 'ar', 'Rebecca Sauer', '2025-02-16 07:19:50', '2025-02-16 07:19:50'),
(30, 30, 'ar', 'Jaqueline Bechtelar', '2025-02-16 07:19:50', '2025-02-16 07:19:50'),
(31, 31, 'ar', 'Mollie Hettinger', '2025-02-16 07:19:50', '2025-02-16 07:19:50'),
(32, 32, 'ar', 'Ted Hahn', '2025-02-16 07:19:50', '2025-02-16 07:19:50'),
(33, 33, 'ar', 'Felton Gibson', '2025-02-16 07:19:50', '2025-02-16 07:19:50'),
(34, 34, 'ar', 'Kamren Renner', '2025-02-16 07:19:50', '2025-02-16 07:19:50'),
(35, 35, 'ar', 'Ona Torphy', '2025-02-16 07:19:50', '2025-02-16 07:19:50'),
(36, 36, 'ar', 'Miss Kathryn Roob IV', '2025-02-16 07:19:50', '2025-02-16 07:19:50'),
(37, 37, 'ar', 'Camren Jaskolski', '2025-02-16 07:19:50', '2025-02-16 07:19:50'),
(38, 38, 'ar', 'Bette Goodwin V', '2025-02-16 07:19:50', '2025-02-16 07:19:50'),
(39, 39, 'ar', 'Miss Aida Robel', '2025-02-16 07:19:50', '2025-02-16 07:19:50'),
(40, 40, 'ar', 'Clement Lakin', '2025-02-16 07:19:50', '2025-02-16 07:19:50'),
(41, 41, 'ar', 'Cecilia Ledner', '2025-02-16 07:19:50', '2025-02-16 07:19:50'),
(42, 42, 'ar', 'Mr. Marcellus Graham', '2025-02-16 07:19:50', '2025-02-16 07:19:50'),
(43, 43, 'ar', 'Kenna Macejkovic', '2025-02-16 07:19:50', '2025-02-16 07:19:50'),
(44, 44, 'ar', 'Dr. Jonathon Hayes PhD', '2025-02-16 07:19:50', '2025-02-16 07:19:50'),
(45, 45, 'ar', 'Rolando Schroeder', '2025-02-16 07:19:50', '2025-02-16 07:19:50'),
(46, 46, 'ar', 'Ethan Considine I', '2025-02-16 07:19:50', '2025-02-16 07:19:50'),
(47, 47, 'ar', 'Anastacio Brakus MD', '2025-02-16 07:19:50', '2025-02-16 07:19:50'),
(48, 48, 'ar', 'Ahmed Smith', '2025-02-16 07:19:50', '2025-02-16 07:19:50'),
(49, 49, 'ar', 'Jana Romaguera DVM', '2025-02-16 07:19:50', '2025-02-16 07:19:50'),
(50, 50, 'ar', 'Einar Veum', '2025-02-16 07:19:50', '2025-02-16 07:19:50'),
(51, 51, 'ar', 'Josh Reilly I', '2025-02-16 07:19:50', '2025-02-16 07:19:50'),
(52, 52, 'ar', 'Mr. Issac Douglas V', '2025-02-16 07:19:50', '2025-02-16 07:19:50'),
(53, 53, 'ar', 'Ms. Era Hintz', '2025-02-16 07:19:50', '2025-02-16 07:19:50'),
(54, 54, 'ar', 'Sheridan Ernser Jr.', '2025-02-16 07:19:50', '2025-02-16 07:19:50'),
(55, 55, 'ar', 'Velva Quitzon', '2025-02-16 07:19:50', '2025-02-16 07:19:50'),
(56, 56, 'ar', 'Laurie Treutel', '2025-02-16 07:19:50', '2025-02-16 07:19:50'),
(57, 57, 'ar', 'Shirley Ebert', '2025-02-16 07:19:50', '2025-02-16 07:19:50'),
(58, 58, 'ar', 'Prof. Hailey Murray', '2025-02-16 07:19:50', '2025-02-16 07:19:50'),
(59, 59, 'ar', 'Sarah Brekke', '2025-02-16 07:19:50', '2025-02-16 07:19:50'),
(60, 60, 'ar', 'Mariam Turner', '2025-02-16 07:19:50', '2025-02-16 07:19:50'),
(61, 61, 'ar', 'Gaetano Ritchie DVM', '2025-02-16 07:19:50', '2025-02-16 07:19:50'),
(62, 62, 'ar', 'Russell Bins', '2025-02-16 07:19:50', '2025-02-16 07:19:50'),
(63, 63, 'ar', 'Brayan Davis', '2025-02-16 07:19:50', '2025-02-16 07:19:50'),
(64, 64, 'ar', 'Diego Satterfield III', '2025-02-16 07:19:50', '2025-02-16 07:19:50'),
(65, 65, 'ar', 'Dr. Alex Mohr I', '2025-02-16 07:19:50', '2025-02-16 07:19:50'),
(66, 66, 'ar', 'Prof. Mireya Marvin DVM', '2025-02-16 07:19:50', '2025-02-16 07:19:50'),
(67, 67, 'ar', 'Tyrique Thompson', '2025-02-16 07:19:50', '2025-02-16 07:19:50'),
(68, 68, 'ar', 'Arlie O\'Hara', '2025-02-16 07:19:50', '2025-02-16 07:19:50'),
(69, 69, 'ar', 'Cleve Mertz MD', '2025-02-16 07:19:50', '2025-02-16 07:19:50'),
(70, 70, 'ar', 'Roslyn Rohan', '2025-02-16 07:19:50', '2025-02-16 07:19:50'),
(71, 71, 'ar', 'Kariane Roob', '2025-02-16 07:19:50', '2025-02-16 07:19:50'),
(72, 72, 'ar', 'Dayne Nikolaus', '2025-02-16 07:19:50', '2025-02-16 07:19:50'),
(73, 73, 'ar', 'Preston Prosacco PhD', '2025-02-16 07:19:50', '2025-02-16 07:19:50'),
(74, 74, 'ar', 'Kristina Stracke', '2025-02-16 07:19:50', '2025-02-16 07:19:50'),
(75, 75, 'ar', 'Prof. Carley Borer IV', '2025-02-16 07:19:50', '2025-02-16 07:19:50'),
(76, 76, 'ar', 'Haylee Smitham', '2025-02-16 07:19:50', '2025-02-16 07:19:50'),
(77, 77, 'ar', 'Rosie Baumbach', '2025-02-16 07:19:50', '2025-02-16 07:19:50'),
(78, 78, 'ar', 'Newton Hermiston', '2025-02-16 07:19:50', '2025-02-16 07:19:50'),
(79, 79, 'ar', 'Mr. Marty Hodkiewicz Jr.', '2025-02-16 07:19:50', '2025-02-16 07:19:50'),
(80, 80, 'ar', 'Naomie O\'Conner II', '2025-02-16 07:19:50', '2025-02-16 07:19:50'),
(81, 81, 'ar', 'Laisha West I', '2025-02-16 07:19:50', '2025-02-16 07:19:50'),
(82, 82, 'ar', 'Nick Hammes', '2025-02-16 07:19:50', '2025-02-16 07:19:50'),
(83, 83, 'ar', 'Mrs. Chloe Bashirian DDS', '2025-02-16 07:19:50', '2025-02-16 07:19:50'),
(84, 84, 'ar', 'Christ Beer Sr.', '2025-02-16 07:19:50', '2025-02-16 07:19:50'),
(85, 85, 'ar', 'Marquis Rippin', '2025-02-16 07:19:50', '2025-02-16 07:19:50'),
(86, 86, 'ar', 'Liliana Hane', '2025-02-16 07:19:50', '2025-02-16 07:19:50'),
(87, 87, 'ar', 'Leanne Corkery', '2025-02-16 07:19:50', '2025-02-16 07:19:50'),
(88, 88, 'ar', 'Colt Eichmann', '2025-02-16 07:19:50', '2025-02-16 07:19:50'),
(89, 89, 'ar', 'Ed Hyatt', '2025-02-16 07:19:50', '2025-02-16 07:19:50'),
(90, 90, 'ar', 'Nickolas Moen', '2025-02-16 07:19:50', '2025-02-16 07:19:50'),
(91, 91, 'ar', 'Brad Rath', '2025-02-16 07:19:50', '2025-02-16 07:19:50'),
(92, 92, 'ar', 'Hank Spencer', '2025-02-16 07:19:50', '2025-02-16 07:19:50'),
(93, 93, 'ar', 'Felipe Simonis', '2025-02-16 07:19:50', '2025-02-16 07:19:50'),
(94, 94, 'ar', 'Cole Pouros', '2025-02-16 07:19:50', '2025-02-16 07:19:50'),
(95, 95, 'ar', 'Alexandro Nitzsche', '2025-02-16 07:19:50', '2025-02-16 07:19:50'),
(96, 96, 'ar', 'Myrtice Morissette', '2025-02-16 07:19:50', '2025-02-16 07:19:50'),
(97, 97, 'ar', 'Anahi Pollich', '2025-02-16 07:19:50', '2025-02-16 07:19:50'),
(98, 98, 'ar', 'Bradford Lang', '2025-02-16 07:19:50', '2025-02-16 07:19:50'),
(99, 99, 'ar', 'Jeanie Mueller', '2025-02-16 07:19:50', '2025-02-16 07:19:50'),
(100, 100, 'ar', 'Dr. Osvaldo Kling', '2025-02-16 07:19:50', '2025-02-16 07:19:50');

-- --------------------------------------------------------

--
-- Table structure for table `givers`
--

CREATE TABLE `givers` (
  `id` bigint UNSIGNED NOT NULL,
  `order_id` bigint UNSIGNED NOT NULL,
  `category_id` bigint UNSIGNED DEFAULT NULL,
  `occasioin_id` bigint UNSIGNED DEFAULT NULL,
  `group` varchar(255) CHARACTER SET utf8mb4 COLLATE utf8mb4_unicode_ci DEFAULT NULL,
  `image` varchar(255) CHARACTER SET utf8mb4 COLLATE utf8mb4_unicode_ci DEFAULT NULL,
  `category_name` varchar(255) CHARACTER SET utf8mb4 COLLATE utf8mb4_unicode_ci DEFAULT NULL,
  `occasioin_name` varchar(255) CHARACTER SET utf8mb4 COLLATE utf8mb4_unicode_ci DEFAULT NULL,
  `card_id` varchar(255) CHARACTER SET utf8mb4 COLLATE utf8mb4_unicode_ci DEFAULT NULL,
  `name` varchar(255) CHARACTER SET utf8mb4 COLLATE utf8mb4_unicode_ci DEFAULT NULL,
  `mobile` varchar(255) CHARACTER SET utf8mb4 COLLATE utf8mb4_unicode_ci DEFAULT NULL,
  `email` varchar(255) CHARACTER SET utf8mb4 COLLATE utf8mb4_unicode_ci DEFAULT NULL,
  `address` varchar(255) CHARACTER SET utf8mb4 COLLATE utf8mb4_unicode_ci DEFAULT NULL,
  `message` varchar(255) CHARACTER SET utf8mb4 COLLATE utf8mb4_unicode_ci DEFAULT NULL,
  `status` tinyint NOT NULL DEFAULT '1',
  `deleted_at` timestamp NULL DEFAULT NULL,
  `created_at` timestamp NULL DEFAULT NULL,
  `updated_at` timestamp NULL DEFAULT NULL
) ENGINE=InnoDB DEFAULT CHARSET=utf8mb4 COLLATE=utf8mb4_unicode_ci;

-- --------------------------------------------------------

--
-- Table structure for table `home_setting_pages`
--

CREATE TABLE `home_setting_pages` (
  `id` bigint UNSIGNED NOT NULL,
  `url` varchar(255) CHARACTER SET utf8mb4 COLLATE utf8mb4_unicode_ci DEFAULT NULL,
  `title_section` varchar(255) CHARACTER SET utf8mb4 COLLATE utf8mb4_unicode_ci DEFAULT NULL,
  `image` varchar(255) CHARACTER SET utf8mb4 COLLATE utf8mb4_unicode_ci DEFAULT NULL,
  `background_color` varchar(255) CHARACTER SET utf8mb4 COLLATE utf8mb4_unicode_ci DEFAULT NULL,
  `status` tinyint NOT NULL DEFAULT '1',
  `created_by` bigint UNSIGNED DEFAULT NULL,
  `updated_by` bigint UNSIGNED DEFAULT NULL,
  `deleted_at` timestamp NULL DEFAULT NULL,
  `created_at` timestamp NULL DEFAULT NULL,
  `updated_at` timestamp NULL DEFAULT NULL
) ENGINE=InnoDB DEFAULT CHARSET=utf8mb4 COLLATE=utf8mb4_unicode_ci;

-- --------------------------------------------------------

--
-- Table structure for table `home_setting_page_translations`
--

CREATE TABLE `home_setting_page_translations` (
  `id` bigint UNSIGNED NOT NULL,
  `title` varchar(255) CHARACTER SET utf8mb4 COLLATE utf8mb4_unicode_ci DEFAULT NULL,
  `description` longtext CHARACTER SET utf8mb4 COLLATE utf8mb4_unicode_ci,
  `home_setting_id` bigint UNSIGNED NOT NULL,
  `locale` varchar(255) CHARACTER SET utf8mb4 COLLATE utf8mb4_unicode_ci NOT NULL,
  `created_at` timestamp NULL DEFAULT NULL,
  `updated_at` timestamp NULL DEFAULT NULL
) ENGINE=InnoDB DEFAULT CHARSET=utf8mb4 COLLATE=utf8mb4_unicode_ci;

-- --------------------------------------------------------

--
-- Table structure for table `images`
--

CREATE TABLE `images` (
  `id` bigint UNSIGNED NOT NULL,
  `url` varchar(255) CHARACTER SET utf8mb4 COLLATE utf8mb4_unicode_ci NOT NULL,
  `sort` int DEFAULT '0',
  `status` tinyint DEFAULT '1',
  `image_type` varchar(255) CHARACTER SET utf8mb4 COLLATE utf8mb4_unicode_ci NOT NULL,
  `parentable_type` varchar(255) CHARACTER SET utf8mb4 COLLATE utf8mb4_unicode_ci NOT NULL,
  `parentable_id` bigint UNSIGNED NOT NULL,
  `created_at` timestamp NULL DEFAULT NULL,
  `updated_at` timestamp NULL DEFAULT NULL
) ENGINE=InnoDB DEFAULT CHARSET=utf8mb4 COLLATE=utf8mb4_unicode_ci;

-- --------------------------------------------------------

--
-- Table structure for table `jobs`
--

CREATE TABLE `jobs` (
  `id` bigint UNSIGNED NOT NULL,
  `queue` varchar(255) CHARACTER SET utf8mb4 COLLATE utf8mb4_unicode_ci NOT NULL,
  `payload` longtext CHARACTER SET utf8mb4 COLLATE utf8mb4_unicode_ci NOT NULL,
  `attempts` tinyint UNSIGNED NOT NULL,
  `reserved_at` int UNSIGNED DEFAULT NULL,
  `available_at` int UNSIGNED NOT NULL,
  `created_at` int UNSIGNED NOT NULL
) ENGINE=InnoDB DEFAULT CHARSET=utf8mb4 COLLATE=utf8mb4_unicode_ci;

-- --------------------------------------------------------

--
-- Table structure for table `login_types`
--

CREATE TABLE `login_types` (
  `id` bigint UNSIGNED NOT NULL,
  `type` varchar(255) CHARACTER SET utf8mb4 COLLATE utf8mb4_unicode_ci NOT NULL,
  `status` tinyint DEFAULT '1',
  `deleted_at` timestamp NULL DEFAULT NULL,
  `created_at` timestamp NULL DEFAULT NULL,
  `updated_at` timestamp NULL DEFAULT NULL
) ENGINE=InnoDB DEFAULT CHARSET=utf8mb4 COLLATE=utf8mb4_unicode_ci;

--
-- Dumping data for table `login_types`
--

INSERT INTO `login_types` (`id`, `type`, `status`, `deleted_at`, `created_at`, `updated_at`) VALUES
(1, 'admin', 1, NULL, '2025-02-16 07:05:32', '2025-02-16 07:05:32'),
(2, 'donor', 1, NULL, '2025-02-16 07:05:32', '2025-02-16 07:05:32'),
(3, 'refer', 1, NULL, '2025-02-16 07:05:32', '2025-02-16 07:05:32'),
(4, 'manager', 1, NULL, '2025-02-16 07:05:32', '2025-02-16 07:05:32'),
(5, 'substitute', 1, NULL, '2025-02-16 07:05:32', '2025-02-16 07:05:32'),
(6, 'volunteers', 1, NULL, '2025-02-16 07:05:32', '2025-02-16 07:05:32'),
(7, 'vendor', 1, NULL, '2025-02-16 07:05:32', '2025-02-16 07:05:32'),
(8, 'cashier', 1, NULL, NULL, NULL),
(9, 'manager_cashier', 1, NULL, NULL, NULL);

-- --------------------------------------------------------

--
-- Table structure for table `managers`
--

CREATE TABLE `managers` (
  `id` bigint UNSIGNED NOT NULL,
  `account_id` bigint UNSIGNED NOT NULL,
  `name` varchar(255) CHARACTER SET utf8mb4 COLLATE utf8mb4_unicode_ci NOT NULL,
  `status` tinyint DEFAULT NULL,
  `deleted_at` timestamp NULL DEFAULT NULL,
  `created_at` timestamp NULL DEFAULT NULL,
  `updated_at` timestamp NULL DEFAULT NULL
) ENGINE=InnoDB DEFAULT CHARSET=utf8mb4 COLLATE=utf8mb4_unicode_ci;

--
-- Dumping data for table `managers`
--

INSERT INTO `managers` (`id`, `account_id`, `name`, `status`, `deleted_at`, `created_at`, `updated_at`) VALUES
(2, 223, 'islam', 1, NULL, '2025-07-30 06:31:03', '2025-08-11 10:55:41'),
(3, 214, 'loma', 1, NULL, '2025-07-30 06:37:13', '2025-08-13 06:38:04');

-- --------------------------------------------------------

--
-- Table structure for table `manager_refers`
--

CREATE TABLE `manager_refers` (
  `id` bigint UNSIGNED NOT NULL,
  `manager_id` bigint UNSIGNED NOT NULL,
  `refer_id` bigint UNSIGNED NOT NULL,
  `created_at` timestamp NULL DEFAULT NULL,
  `updated_at` timestamp NULL DEFAULT NULL
) ENGINE=InnoDB DEFAULT CHARSET=utf8mb4 COLLATE=utf8mb4_unicode_ci;

--
-- Dumping data for table `manager_refers`
--

INSERT INTO `manager_refers` (`id`, `manager_id`, `refer_id`, `created_at`, `updated_at`) VALUES
(19, 3, 202, NULL, NULL),
(22, 2, 206, NULL, NULL),
(26, 2, 207, NULL, NULL),
(27, 3, 197, NULL, NULL),
(28, 3, 198, NULL, NULL),
(29, 3, 200, NULL, NULL),
(30, 3, 207, NULL, NULL),
(31, 2, 208, NULL, NULL),
(32, 3, 208, NULL, NULL);

-- --------------------------------------------------------

--
-- Table structure for table `menues`
--

CREATE TABLE `menues` (
  `id` bigint UNSIGNED NOT NULL,
  `parent_id` bigint UNSIGNED DEFAULT NULL,
  `position` enum('main','footer','side') CHARACTER SET utf8mb4 COLLATE utf8mb4_unicode_ci NOT NULL DEFAULT 'main' COMMENT 'main, footer,side',
  `sort` int DEFAULT '0',
  `url` varchar(255) CHARACTER SET utf8mb4 COLLATE utf8mb4_unicode_ci DEFAULT NULL,
  `type` varchar(255) CHARACTER SET utf8mb4 COLLATE utf8mb4_unicode_ci DEFAULT 'static',
  `dynamic_table` varchar(255) CHARACTER SET utf8mb4 COLLATE utf8mb4_unicode_ci DEFAULT NULL,
  `dynamic_url` varchar(255) CHARACTER SET utf8mb4 COLLATE utf8mb4_unicode_ci DEFAULT NULL,
  `level` int DEFAULT NULL,
  `status` tinyint DEFAULT '1',
  `created_by` bigint UNSIGNED DEFAULT NULL,
  `updated_by` bigint UNSIGNED DEFAULT NULL,
  `deleted_at` timestamp NULL DEFAULT NULL,
  `created_at` timestamp NULL DEFAULT NULL,
  `updated_at` timestamp NULL DEFAULT NULL
) ENGINE=InnoDB DEFAULT CHARSET=utf8mb4 COLLATE=utf8mb4_unicode_ci;

--
-- Dumping data for table `menues`
--

INSERT INTO `menues` (`id`, `parent_id`, `position`, `sort`, `url`, `type`, `dynamic_table`, `dynamic_url`, `level`, `status`, `created_by`, `updated_by`, `deleted_at`, `created_at`, `updated_at`) VALUES
(727, NULL, 'main', 1, '/', 'dynamic', 'volunteering', '/volunteering', 1, 1, NULL, 1, NULL, '2025-02-16 07:19:26', '2025-07-09 09:53:40'),
(728, NULL, 'footer', 0, '/', 'static', NULL, NULL, 1, 1, NULL, NULL, NULL, '2025-02-16 07:19:26', '2025-02-16 07:19:26'),
(729, NULL, 'main', 0, '/', 'dynamic', 'pages', '/pages/about', 1, 1, NULL, NULL, NULL, '2025-02-16 07:19:26', '2025-02-16 07:19:26'),
(730, NULL, 'footer', 0, '/', 'dynamic', 'pages', '/pages/about', 1, 1, NULL, NULL, NULL, '2025-02-16 07:19:26', '2025-02-16 07:19:26'),
(731, NULL, 'main', 0, '/', 'dynamic', 'all offers', '/offers', 1, 1, NULL, NULL, NULL, '2025-02-16 07:19:26', '2025-02-16 07:19:26'),
(732, NULL, 'footer', 0, '/', 'dynamic', 'all offers', '/offers', 1, 1, NULL, NULL, NULL, '2025-02-16 07:19:26', '2025-02-16 07:19:26'),
(733, 729, 'main', 0, '/menues/creola-volkman', 'static', NULL, NULL, 2, 1, NULL, NULL, NULL, '2025-02-16 07:19:26', '2025-02-16 07:19:26'),
(734, 727, 'footer', 1, '/menues/greg-lockman', 'dynamic', NULL, NULL, 2, 1, NULL, NULL, NULL, '2025-02-16 07:19:26', '2025-07-09 09:54:23'),
(735, 727, 'main', 2, '/menues/elvis-d\'amore', 'static', NULL, NULL, 2, 1, NULL, NULL, NULL, '2025-02-16 07:19:26', '2025-07-09 09:54:39'),
(736, 727, 'footer', 0, '/menues/jazmyn-reichel-sr.', 'static', NULL, NULL, 2, 0, NULL, NULL, NULL, '2025-02-16 07:19:26', '2025-02-16 07:19:26'),
(737, 732, 'footer', 0, '/menues/kira-kling', 'dynamic', NULL, NULL, 2, 0, NULL, NULL, NULL, '2025-02-16 07:19:26', '2025-02-16 07:19:26'),
(738, 730, 'footer', 0, '/menues/elliot-toy', 'static', NULL, NULL, 2, 1, NULL, NULL, NULL, '2025-02-16 07:19:26', '2025-02-16 07:19:26'),
(739, 737, 'main', 0, '/menues/heaven-kihn', 'static', NULL, NULL, 3, 1, NULL, NULL, NULL, '2025-02-16 07:19:26', '2025-02-16 07:19:26'),
(740, 737, 'footer', 0, '/menues/mr.-jamie-hauck-dvm', 'static', NULL, NULL, 3, 0, NULL, NULL, NULL, '2025-02-16 07:19:26', '2025-02-16 07:19:26'),
(741, 727, 'footer', 0, '/menues/prof.-kenyatta-metz-jr.', 'dynamic', NULL, NULL, 2, 0, NULL, NULL, NULL, '2025-02-16 07:19:26', '2025-02-16 07:19:26'),
(742, 731, 'main', 0, '/menues/dimitri-altenwerth', 'static', NULL, NULL, 2, 0, NULL, NULL, NULL, '2025-02-16 07:19:26', '2025-02-16 07:19:26'),
(743, 737, 'footer', 0, '/menues/prof.-van-swift', 'dynamic', NULL, NULL, 3, 1, NULL, NULL, NULL, '2025-02-16 07:19:26', '2025-02-16 07:19:26'),
(744, 730, 'footer', 0, '/menues/oma-littel', 'static', NULL, NULL, 2, 1, NULL, NULL, NULL, '2025-02-16 07:19:26', '2025-02-16 07:19:26'),
(745, 732, 'footer', 0, '/menues/cathrine-thompson', 'dynamic', NULL, NULL, 2, 1, NULL, NULL, NULL, '2025-02-16 07:19:26', '2025-02-16 07:19:26'),
(746, 732, 'main', 0, '/menues/kristina-steuber', 'static', NULL, NULL, 2, 1, NULL, NULL, NULL, '2025-02-16 07:19:26', '2025-02-16 07:19:26'),
(747, 729, 'footer', 0, '/menues/ms.-juana-beatty-dds', 'dynamic', NULL, NULL, 2, 0, NULL, NULL, NULL, '2025-02-16 07:19:26', '2025-02-16 07:19:26'),
(748, 746, 'footer', 0, '/menues/julian-rodriguez', 'dynamic', NULL, NULL, 3, 1, NULL, NULL, NULL, '2025-02-16 07:19:27', '2025-02-16 07:19:27'),
(749, 741, 'footer', 0, '/menues/mrs.-savannah-lind', 'static', NULL, NULL, 3, 0, NULL, NULL, NULL, '2025-02-16 07:19:27', '2025-02-16 07:19:27'),
(750, 746, 'main', 0, '/menues/prof.-reece-thiel', 'static', NULL, NULL, 3, 1, NULL, NULL, NULL, '2025-02-16 07:19:27', '2025-02-16 07:19:27'),
(751, 746, 'footer', 0, '/menues/lilian-lang', 'static', NULL, NULL, 3, 0, NULL, NULL, NULL, '2025-02-16 07:19:27', '2025-02-16 07:19:27'),
(752, 741, 'footer', 0, '/menues/prof.-gregorio-gleichner-iv', 'static', NULL, NULL, 3, 1, NULL, NULL, NULL, '2025-02-16 07:19:27', '2025-02-16 07:19:27'),
(753, 746, 'footer', 0, '/menues/mariano-bartell', 'static', NULL, NULL, 3, 1, NULL, NULL, NULL, '2025-02-16 07:19:27', '2025-02-16 07:19:27'),
(754, 747, 'footer', 0, '/menues/lesly-morar', 'static', NULL, NULL, 3, 0, NULL, NULL, NULL, '2025-02-16 07:19:27', '2025-02-16 07:19:27'),
(755, 737, 'main', 0, '/menues/zoila-hirthe', 'dynamic', NULL, NULL, 3, 0, NULL, NULL, NULL, '2025-02-16 07:19:27', '2025-02-16 07:19:27'),
(756, 747, 'main', 0, '/menues/arden-crona-md', 'static', NULL, NULL, 3, 0, NULL, NULL, NULL, '2025-02-16 07:19:27', '2025-02-16 07:19:27'),
(757, 734, 'main', 0, '/menues/prof.-angelo-lueilwitz', 'static', NULL, NULL, 3, 0, NULL, NULL, NULL, '2025-02-16 07:19:27', '2025-02-16 07:19:27'),
(758, 744, 'footer', 0, '/menues/dr.-fredy-hermiston-v', 'static', NULL, NULL, 3, 1, NULL, NULL, NULL, '2025-02-16 07:19:27', '2025-02-16 07:19:27'),
(759, 737, 'main', 0, '/menues/cassandra-hyatt', 'dynamic', NULL, NULL, 3, 0, NULL, NULL, NULL, '2025-02-16 07:19:27', '2025-02-16 07:19:27'),
(760, 739, 'footer', 0, '/menues/prof.-koby-abernathy', 'static', NULL, NULL, 4, 1, NULL, NULL, NULL, '2025-02-16 07:19:27', '2025-02-16 07:19:27'),
(761, 743, 'footer', 0, '/menues/julien-jones-iv', 'static', NULL, NULL, 4, 0, NULL, NULL, NULL, '2025-02-16 07:19:27', '2025-02-16 07:19:27'),
(762, 738, 'main', 0, '/menues/bethany-o\'conner', 'static', NULL, NULL, 3, 0, NULL, NULL, NULL, '2025-02-16 07:19:27', '2025-02-16 07:19:27'),
(763, 746, 'main', 0, '/menues/miss-tiana-schulist-md', 'static', NULL, NULL, 3, 1, NULL, NULL, NULL, '2025-02-16 07:19:27', '2025-02-16 07:19:27'),
(764, 739, 'main', 0, '/menues/emerald-goodwin', 'dynamic', NULL, NULL, 4, 1, NULL, NULL, NULL, '2025-02-16 07:19:27', '2025-02-16 07:19:27'),
(765, 736, 'main', 0, '/menues/bettye-krajcik-iii', 'dynamic', NULL, NULL, 3, 0, NULL, NULL, NULL, '2025-02-16 07:19:27', '2025-02-16 07:19:27'),
(766, 745, 'main', 0, '/menues/joelle-cartwright-md', 'static', NULL, NULL, 3, 0, NULL, NULL, NULL, '2025-02-16 07:19:27', '2025-02-16 07:19:27'),
(767, 735, 'main', 0, '/menues/nova-murphy', 'dynamic', NULL, NULL, 3, 1, NULL, NULL, NULL, '2025-02-16 07:19:27', '2025-02-16 07:51:57'),
(768, 747, 'main', 0, '/menues/dorian-stokes', 'dynamic', NULL, NULL, 3, 1, NULL, NULL, NULL, '2025-02-16 07:19:27', '2025-02-16 07:19:27'),
(769, 735, 'main', 0, '/menues/mr.-dante-hackett', 'dynamic', NULL, NULL, 3, 0, NULL, NULL, NULL, '2025-02-16 07:19:27', '2025-02-16 07:19:27'),
(770, 740, 'main', 0, '/menues/reanna-schmitt', 'static', NULL, NULL, 4, 0, NULL, NULL, NULL, '2025-02-16 07:19:27', '2025-02-16 07:19:27'),
(771, 744, 'main', 0, '/menues/vince-will', 'dynamic', NULL, NULL, 3, 1, NULL, NULL, NULL, '2025-02-16 07:19:27', '2025-02-16 07:19:27'),
(772, 746, 'main', 0, '/menues/domenico-lebsack', 'static', NULL, NULL, 3, 0, NULL, NULL, NULL, '2025-02-16 07:19:27', '2025-02-16 07:19:27'),
(773, 742, 'footer', 0, '/menues/nellie-bogan-iii', 'dynamic', NULL, NULL, 3, 0, NULL, NULL, NULL, '2025-02-16 07:19:27', '2025-02-16 07:19:27'),
(774, 746, 'main', 0, '/menues/mrs.-kaela-o\'conner-sr.', 'static', NULL, NULL, 3, 1, NULL, NULL, NULL, '2025-02-16 07:19:27', '2025-02-16 07:19:27'),
(775, 745, 'footer', 0, '/menues/lindsay-streich', 'dynamic', NULL, NULL, 3, 0, NULL, NULL, NULL, '2025-02-16 07:19:27', '2025-02-16 07:19:27'),
(776, 741, 'main', 0, '/menues/prof.-austen-swift', 'dynamic', NULL, NULL, 3, 1, NULL, NULL, NULL, '2025-02-16 07:19:27', '2025-02-16 07:19:27'),
(777, 747, 'footer', 0, '/menues/alycia-weissnat', 'static', NULL, NULL, 3, 1, NULL, NULL, NULL, '2025-02-16 07:19:27', '2025-02-16 07:19:27'),
(778, 744, 'footer', 0, '/menues/nelda-turner', 'static', NULL, NULL, 3, 0, NULL, NULL, NULL, '2025-02-16 07:19:27', '2025-02-16 07:19:27'),
(779, 734, 'main', 0, '/menues/quentin-borer', 'dynamic', NULL, NULL, 3, 1, NULL, NULL, NULL, '2025-02-16 07:19:27', '2025-02-16 07:19:27'),
(780, 737, 'footer', 0, '/menues/janiya-schinner', 'static', NULL, NULL, 3, 1, NULL, NULL, NULL, '2025-02-16 07:19:27', '2025-02-16 07:19:27'),
(781, 738, 'footer', 0, '/menues/janet-prosacco-iv', 'dynamic', NULL, NULL, 3, 1, NULL, NULL, NULL, '2025-02-16 07:19:27', '2025-02-16 07:19:27'),
(782, 734, 'main', 0, '/menues/sophie-leannon', 'dynamic', NULL, NULL, 3, 1, NULL, NULL, NULL, '2025-02-16 07:19:27', '2025-02-16 07:19:27'),
(783, 744, 'main', 0, '/menues/cyril-hegmann-iii', 'static', NULL, NULL, 3, 1, NULL, NULL, NULL, '2025-02-16 07:19:27', '2025-02-16 07:19:27'),
(784, 738, 'main', 0, '/menues/prof.-chad-predovic-md', 'static', NULL, NULL, 3, 0, NULL, NULL, NULL, '2025-02-16 07:19:27', '2025-02-16 07:19:27'),
(785, 735, 'footer', 0, '/menues/magali-walter-phd', 'dynamic', NULL, NULL, 3, 0, NULL, NULL, NULL, '2025-02-16 07:19:27', '2025-02-16 07:19:27'),
(786, 745, 'footer', 0, '/menues/mr.-marcus-wunsch-sr.', 'dynamic', NULL, NULL, 3, 1, NULL, NULL, NULL, '2025-02-16 07:19:27', '2025-02-16 07:19:27'),
(787, 744, 'main', 0, '/menues/miss-brigitte-emard-dds', 'dynamic', NULL, NULL, 3, 0, NULL, NULL, NULL, '2025-02-16 07:19:27', '2025-02-16 07:19:27'),
(788, 735, 'footer', 0, '/menues/aryanna-lynch', 'dynamic', NULL, NULL, 3, 1, NULL, NULL, '2025-05-28 09:26:31', '2025-02-16 07:19:27', '2025-05-28 09:26:31'),
(789, 734, 'main', 0, '/menues/jaylon-daniel', 'dynamic', NULL, NULL, 3, 0, NULL, NULL, NULL, '2025-02-16 07:19:27', '2025-02-16 07:19:27'),
(790, 742, 'footer', 0, '/menues/ruby-roberts', 'dynamic', NULL, NULL, 3, 1, NULL, NULL, NULL, '2025-02-16 07:19:27', '2025-02-16 07:19:27'),
(791, 747, 'main', 0, '/menues/maribel-rosenbaum', 'dynamic', NULL, NULL, 3, 0, NULL, NULL, NULL, '2025-02-16 07:19:27', '2025-02-16 07:19:27'),
(792, 742, 'main', 0, '/menues/prof.-mikel-wolff', 'static', NULL, NULL, 3, 0, NULL, NULL, NULL, '2025-02-16 07:19:27', '2025-02-16 07:19:27'),
(793, 733, 'footer', 0, '/menues/shea-white', 'dynamic', NULL, NULL, 3, 1, NULL, NULL, NULL, '2025-02-16 07:19:27', '2025-02-16 07:19:27'),
(794, 734, 'main', 0, '/menues/ms.-maymie-okuneva', 'static', NULL, NULL, 3, 0, NULL, NULL, NULL, '2025-02-16 07:19:27', '2025-02-16 07:19:27'),
(795, 743, 'main', 0, '/menues/prof.-santino-hoppe', 'static', NULL, NULL, 4, 0, NULL, NULL, NULL, '2025-02-16 07:19:27', '2025-02-16 07:19:27'),
(796, 735, 'main', 0, '/menues/estel-champlin', 'static', NULL, NULL, 3, 1, NULL, NULL, NULL, '2025-02-16 07:19:27', '2025-02-16 07:19:27'),
(797, 736, 'footer', 0, '/menues/miss-karelle-gleichner', 'dynamic', NULL, NULL, 3, 1, NULL, NULL, NULL, '2025-02-16 07:19:27', '2025-02-16 07:19:27'),
(798, 739, 'footer', 0, '/menues/bo-boehm', 'static', NULL, NULL, 4, 1, NULL, NULL, NULL, '2025-02-16 07:19:27', '2025-02-16 07:19:27'),
(799, 745, 'footer', 0, '/menues/dr.-demond-harber-ii', 'static', NULL, NULL, 3, 1, NULL, NULL, NULL, '2025-02-16 07:19:27', '2025-02-16 07:19:27'),
(800, 741, 'main', 0, '/menues/ervin-wiza-v', 'dynamic', NULL, NULL, 3, 0, NULL, NULL, NULL, '2025-02-16 07:19:27', '2025-02-16 07:19:27'),
(801, 738, 'footer', 0, '/menues/aglae-heaney-md', 'dynamic', NULL, NULL, 3, 1, NULL, NULL, NULL, '2025-02-16 07:19:27', '2025-02-16 07:19:27'),
(802, 735, 'footer', 0, '/menues/perry-homenick', 'static', NULL, NULL, 3, 1, NULL, NULL, NULL, '2025-02-16 07:19:27', '2025-02-16 07:19:27'),
(803, 742, 'main', 0, '/menues/hellen-turcotte', 'static', NULL, NULL, 3, 0, NULL, NULL, NULL, '2025-02-16 07:19:27', '2025-02-16 07:19:27'),
(804, 734, 'footer', 0, '/menues/mrs.-alivia-beier-phd', 'dynamic', NULL, NULL, 3, 1, NULL, NULL, NULL, '2025-02-16 07:19:27', '2025-02-16 07:19:27'),
(805, 745, 'footer', 0, '/menues/prof.-nikko-bradtke-dvm', 'dynamic', NULL, NULL, 3, 0, NULL, NULL, NULL, '2025-02-16 07:19:27', '2025-02-16 07:19:27'),
(806, 734, 'footer', 0, '/menues/miss-pauline-altenwerth', 'dynamic', NULL, NULL, 3, 0, NULL, NULL, NULL, '2025-02-16 07:19:27', '2025-02-16 07:19:27'),
(807, 743, 'footer', 0, '/menues/dr.-tomas-hyatt-jr.', 'static', NULL, NULL, 4, 1, NULL, NULL, NULL, '2025-02-16 07:19:27', '2025-02-16 07:19:27'),
(808, 734, 'footer', 0, '/menues/chaya-dickinson', 'static', NULL, NULL, 3, 1, NULL, NULL, NULL, '2025-02-16 07:19:27', '2025-02-16 07:19:27'),
(809, 737, 'footer', 0, '/menues/deshawn-streich-ii', 'dynamic', NULL, NULL, 3, 1, NULL, NULL, NULL, '2025-02-16 07:19:27', '2025-02-16 07:19:27'),
(810, 742, 'footer', 0, '/menues/mrs.-maya-crona-sr.', 'dynamic', NULL, NULL, 3, 1, NULL, NULL, NULL, '2025-02-16 07:19:27', '2025-02-16 07:19:27'),
(811, 742, 'footer', 0, '/menues/devonte-schultz', 'static', NULL, NULL, 3, 1, NULL, NULL, NULL, '2025-02-16 07:19:27', '2025-02-16 07:19:27'),
(812, 744, 'main', 0, '/menues/mrs.-lisette-smith-iii', 'static', NULL, NULL, 3, 0, NULL, NULL, NULL, '2025-02-16 07:19:27', '2025-02-16 07:19:27'),
(813, 734, 'footer', 0, '/menues/claudine-corkery-dvm', 'static', NULL, NULL, 3, 1, NULL, NULL, NULL, '2025-02-16 07:19:27', '2025-02-16 07:19:27'),
(814, 745, 'footer', 0, '/menues/joannie-sauer', 'static', NULL, NULL, 3, 0, NULL, NULL, NULL, '2025-02-16 07:19:27', '2025-02-16 07:19:27'),
(815, 747, 'main', 0, '/menues/prof.-herman-russel-dvm', 'static', NULL, NULL, 3, 0, NULL, NULL, NULL, '2025-02-16 07:19:27', '2025-02-16 07:19:27'),
(816, 738, 'footer', 0, '/menues/dr.-elmo-walsh', 'dynamic', NULL, NULL, 3, 1, NULL, NULL, NULL, '2025-02-16 07:19:27', '2025-02-16 07:19:27'),
(817, 738, 'main', 0, '/menues/nayeli-jacobson', 'static', NULL, NULL, 3, 1, NULL, NULL, NULL, '2025-02-16 07:19:27', '2025-02-16 07:19:27'),
(818, 736, 'footer', 0, '/menues/reta-renner', 'static', NULL, NULL, 3, 0, NULL, NULL, NULL, '2025-02-16 07:19:27', '2025-02-16 07:19:27'),
(819, 744, 'footer', 0, '/menues/morris-roberts', 'dynamic', NULL, NULL, 3, 1, NULL, NULL, NULL, '2025-02-16 07:19:27', '2025-02-16 07:19:27'),
(820, 744, 'footer', 0, '/menues/chad-bogan-dds', 'static', NULL, NULL, 3, 1, NULL, NULL, NULL, '2025-02-16 07:19:27', '2025-02-16 07:19:27'),
(821, 743, 'main', 0, '/menues/billie-ernser', 'dynamic', NULL, NULL, 4, 1, NULL, NULL, NULL, '2025-02-16 07:19:27', '2025-02-16 07:19:27'),
(822, 742, 'footer', 0, '/menues/camilla-nienow', 'dynamic', NULL, NULL, 3, 0, NULL, NULL, NULL, '2025-02-16 07:19:27', '2025-02-16 07:19:27'),
(823, 741, 'footer', 0, '/menues/mrs.-rahsaan-gislason-jr.', 'static', NULL, NULL, 3, 0, NULL, NULL, NULL, '2025-02-16 07:19:27', '2025-02-16 07:19:27'),
(824, 742, 'main', 0, '/menues/clark-russel', 'dynamic', NULL, NULL, 3, 0, NULL, NULL, NULL, '2025-02-16 07:19:27', '2025-02-16 07:19:27'),
(825, 739, 'footer', 0, '/menues/halie-batz', 'static', NULL, NULL, 4, 0, NULL, NULL, NULL, '2025-02-16 07:19:27', '2025-02-16 07:19:27'),
(826, 746, 'footer', 0, '/menues/audrey-o\'kon', 'static', NULL, NULL, 3, 1, NULL, NULL, NULL, '2025-02-16 07:19:27', '2025-02-16 07:19:27'),
(827, 735, 'main', 0, '/menues/pearlie-aufderhar-sr.', 'dynamic', NULL, NULL, 3, 1, NULL, NULL, NULL, '2025-02-16 07:19:27', '2025-02-16 07:19:27'),
(828, 734, 'main', 0, '/menues/mr.-kaleigh-lehner', 'dynamic', NULL, NULL, 3, 1, NULL, NULL, NULL, '2025-02-16 07:19:27', '2025-02-16 07:19:27'),
(829, 745, 'footer', 0, '/menues/mr.-jordyn-lockman-dvm', 'static', NULL, NULL, 3, 0, NULL, NULL, NULL, '2025-02-16 07:19:27', '2025-02-16 07:19:27'),
(830, 738, 'main', 0, '/menues/shea-kautzer-v', 'dynamic', NULL, NULL, 3, 1, NULL, NULL, NULL, '2025-02-16 07:19:27', '2025-02-16 07:19:27'),
(831, 733, 'footer', 0, '/menues/mrs.-ona-fadel-md', 'dynamic', NULL, NULL, 3, 1, NULL, NULL, NULL, '2025-02-16 07:19:27', '2025-02-16 07:19:27'),
(832, 735, 'main', 0, '/menues/jaylon-larkin', 'dynamic', NULL, NULL, 3, 1, NULL, NULL, NULL, '2025-02-16 07:19:27', '2025-02-16 07:19:27'),
(833, 744, 'main', 0, '/menues/madalyn-roberts-ii', 'dynamic', NULL, NULL, 3, 0, NULL, NULL, NULL, '2025-02-16 07:19:27', '2025-02-16 07:19:27'),
(834, 733, 'main', 0, '/menues/giovanni-o\'kon-iii', 'static', NULL, NULL, 3, 0, NULL, NULL, NULL, '2025-02-16 07:19:27', '2025-02-16 07:19:27'),
(835, 737, 'main', 0, '/menues/dr.-oren-casper-iv', 'static', NULL, NULL, 3, 0, NULL, NULL, NULL, '2025-02-16 07:19:27', '2025-02-16 07:19:27'),
(836, 740, 'footer', 0, '/menues/lucienne-rippin', 'static', NULL, NULL, 4, 1, NULL, NULL, NULL, '2025-02-16 07:19:27', '2025-02-16 07:19:27'),
(837, 746, 'main', 0, '/menues/mr.-jonathan-reichel-iv', 'dynamic', NULL, NULL, 3, 0, NULL, NULL, NULL, '2025-02-16 07:19:27', '2025-02-16 07:19:27'),
(838, 746, 'main', 0, '/menues/prof.-lucie-hauck-i', 'dynamic', NULL, NULL, 3, 1, NULL, NULL, NULL, '2025-02-16 07:19:27', '2025-02-16 07:19:27'),
(839, 738, 'main', 0, '/menues/antonio-huels', 'static', NULL, NULL, 3, 1, NULL, NULL, NULL, '2025-02-16 07:19:27', '2025-02-16 07:19:27'),
(840, 740, 'footer', 0, '/menues/imelda-krajcik', 'dynamic', NULL, NULL, 4, 1, NULL, NULL, NULL, '2025-02-16 07:19:27', '2025-02-16 07:19:27'),
(841, 744, 'main', 0, '/menues/lacy-o\'connell', 'static', NULL, NULL, 3, 0, NULL, NULL, NULL, '2025-02-16 07:19:27', '2025-02-16 07:19:27'),
(842, 741, 'footer', 0, '/menues/mrs.-rachael-daniel', 'dynamic', NULL, NULL, 3, 0, NULL, NULL, NULL, '2025-02-16 07:19:27', '2025-02-16 07:19:27'),
(843, 736, 'footer', 0, '/menues/ryley-marquardt', 'dynamic', NULL, NULL, 3, 0, NULL, NULL, NULL, '2025-02-16 07:19:27', '2025-02-16 07:19:27'),
(844, 738, 'footer', 0, '/menues/javonte-towne', 'dynamic', NULL, NULL, 3, 1, NULL, NULL, NULL, '2025-02-16 07:19:27', '2025-02-16 07:19:27'),
(845, 747, 'footer', 0, '/menues/orville-cruickshank', 'dynamic', NULL, NULL, 3, 1, NULL, NULL, NULL, '2025-02-16 07:19:27', '2025-02-16 07:19:27'),
(846, 736, 'main', 0, '/menues/arno-o\'reilly', 'static', NULL, NULL, 3, 1, NULL, NULL, NULL, '2025-02-16 07:19:27', '2025-02-16 07:19:27'),
(847, 740, 'main', 0, '/menues/george-rippin', 'dynamic', NULL, NULL, 4, 1, NULL, NULL, NULL, '2025-02-16 07:19:27', '2025-02-16 07:19:27'),
(848, NULL, 'main', NULL, 'volunteering/Join-community', 'dynamic', 'volunteering', '/volunteering/join-community', 1, 1, 1, 1, NULL, '2025-05-28 03:30:57', '2025-05-28 08:37:55'),
(849, NULL, 'main', NULL, 'beneficiaries/join-community', 'dynamic', 'Beneficiary', '/beneficiaries/join-community', 1, 1, 1, 1, NULL, '2025-05-28 07:54:25', '2025-05-28 08:39:09'),
(850, NULL, 'main', NULL, NULL, 'dynamic', 'pages', '/pages/about', 1, 1, 1, 1, NULL, '2025-05-28 09:30:26', '2025-05-28 09:39:42'),
(851, 727, 'main', 3, NULL, NULL, NULL, NULL, 2, 1, 1, NULL, NULL, '2025-07-09 09:49:32', '2025-07-09 09:54:42'),
(852, 851, 'main', NULL, NULL, NULL, NULL, NULL, 3, 1, 1, NULL, NULL, '2025-07-09 09:51:21', '2025-07-09 09:51:21'),
(853, NULL, 'main', NULL, 'contact-us/', 'dynamic', 'contact us', '/contact-us', 1, 1, 1, 1, NULL, '2025-07-28 06:54:36', '2025-07-28 11:05:15');

-- --------------------------------------------------------

--
-- Table structure for table `menue_translations`
--

CREATE TABLE `menue_translations` (
  `id` bigint UNSIGNED NOT NULL,
  `menue_id` bigint UNSIGNED NOT NULL,
  `locale` varchar(255) CHARACTER SET utf8mb4 COLLATE utf8mb4_unicode_ci NOT NULL,
  `title` varchar(255) CHARACTER SET utf8mb4 COLLATE utf8mb4_unicode_ci NOT NULL,
  `slug` varchar(255) CHARACTER SET utf8mb4 COLLATE utf8mb4_unicode_ci DEFAULT NULL,
  `created_at` timestamp NULL DEFAULT NULL,
  `updated_at` timestamp NULL DEFAULT NULL
) ENGINE=InnoDB DEFAULT CHARSET=utf8mb4 COLLATE=utf8mb4_unicode_ci;

--
-- Dumping data for table `menue_translations`
--

INSERT INTO `menue_translations` (`id`, `menue_id`, `locale`, `title`, `slug`, `created_at`, `updated_at`) VALUES
(727, 727, 'ar', 'Home', 'home', '2025-02-16 07:19:26', '2025-05-28 03:22:32'),
(728, 728, 'ar', 'Home', 'home', '2025-02-16 07:19:26', '2025-02-16 07:19:26'),
(729, 729, 'ar', 'About Us', 'about-us', '2025-02-16 07:19:26', '2025-02-16 07:19:26'),
(730, 730, 'ar', 'About Us', 'about-us', '2025-02-16 07:19:26', '2025-02-16 07:19:26'),
(731, 731, 'ar', 'Offers', 'offers', '2025-02-16 07:19:26', '2025-02-16 07:19:26'),
(732, 732, 'ar', 'Offers', 'offers', '2025-02-16 07:19:26', '2025-02-16 07:19:26'),
(733, 733, 'ar', 'Creola Volkman', 'creola-volkman', '2025-02-16 07:19:26', '2025-02-16 07:19:26'),
(734, 734, 'ar', 'Greg Lockman', 'greg-lockman', '2025-02-16 07:19:26', '2025-02-16 07:19:26'),
(735, 735, 'ar', 'Elvis D\'Amore', 'elvis-d\'amore', '2025-02-16 07:19:26', '2025-02-16 07:19:26'),
(736, 736, 'ar', 'Jazmyn Reichel Sr.', 'jazmyn-reichel-sr.', '2025-02-16 07:19:26', '2025-02-16 07:19:26'),
(737, 737, 'ar', 'Kira Kling', 'kira-kling', '2025-02-16 07:19:26', '2025-02-16 07:19:26'),
(738, 738, 'ar', 'Elliot Toy', 'elliot-toy', '2025-02-16 07:19:26', '2025-02-16 07:19:26'),
(739, 739, 'ar', 'Heaven Kihn', 'heaven-kihn', '2025-02-16 07:19:26', '2025-02-16 07:19:26'),
(740, 740, 'ar', 'Mr. Jamie Hauck DVM', 'mr.-jamie-hauck-dvm', '2025-02-16 07:19:26', '2025-02-16 07:19:26'),
(741, 741, 'ar', 'Prof. Kenyatta Metz Jr.', 'prof.-kenyatta-metz-jr.', '2025-02-16 07:19:26', '2025-02-16 07:19:26'),
(742, 742, 'ar', 'Dimitri Altenwerth', 'dimitri-altenwerth', '2025-02-16 07:19:26', '2025-02-16 07:19:26'),
(743, 743, 'ar', 'Prof. Van Swift', 'prof.-van-swift', '2025-02-16 07:19:26', '2025-02-16 07:19:26'),
(744, 744, 'ar', 'Oma Littel', 'oma-littel', '2025-02-16 07:19:26', '2025-02-16 07:19:26'),
(745, 745, 'ar', 'Cathrine Thompson', 'cathrine-thompson', '2025-02-16 07:19:26', '2025-02-16 07:19:26'),
(746, 746, 'ar', 'Kristina Steuber', 'kristina-steuber', '2025-02-16 07:19:26', '2025-02-16 07:19:26'),
(747, 747, 'ar', 'Ms. Juana Beatty DDS', 'ms.-juana-beatty-dds', '2025-02-16 07:19:26', '2025-02-16 07:19:26'),
(748, 748, 'ar', 'Julian Rodriguez', 'julian-rodriguez', '2025-02-16 07:19:27', '2025-02-16 07:19:27'),
(749, 749, 'ar', 'Mrs. Savannah Lind', 'mrs.-savannah-lind', '2025-02-16 07:19:27', '2025-02-16 07:19:27'),
(750, 750, 'ar', 'Prof. Reece Thiel', 'prof.-reece-thiel', '2025-02-16 07:19:27', '2025-02-16 07:19:27'),
(751, 751, 'ar', 'Lilian Lang', 'lilian-lang', '2025-02-16 07:19:27', '2025-02-16 07:19:27'),
(752, 752, 'ar', 'Prof. Gregorio Gleichner IV', 'prof.-gregorio-gleichner-iv', '2025-02-16 07:19:27', '2025-02-16 07:19:27'),
(753, 753, 'ar', 'Mariano Bartell', 'mariano-bartell', '2025-02-16 07:19:27', '2025-02-16 07:19:27'),
(754, 754, 'ar', 'Lesly Morar', 'lesly-morar', '2025-02-16 07:19:27', '2025-02-16 07:19:27'),
(755, 755, 'ar', 'Zoila Hirthe', 'zoila-hirthe', '2025-02-16 07:19:27', '2025-02-16 07:19:27'),
(756, 756, 'ar', 'Arden Crona MD', 'arden-crona-md', '2025-02-16 07:19:27', '2025-02-16 07:19:27'),
(757, 757, 'ar', 'Prof. Angelo Lueilwitz', 'prof.-angelo-lueilwitz', '2025-02-16 07:19:27', '2025-02-16 07:19:27'),
(758, 758, 'ar', 'Dr. Fredy Hermiston V', 'dr.-fredy-hermiston-v', '2025-02-16 07:19:27', '2025-02-16 07:19:27'),
(759, 759, 'ar', 'Cassandra Hyatt', 'cassandra-hyatt', '2025-02-16 07:19:27', '2025-02-16 07:19:27'),
(760, 760, 'ar', 'Prof. Koby Abernathy', 'prof.-koby-abernathy', '2025-02-16 07:19:27', '2025-02-16 07:19:27'),
(761, 761, 'ar', 'Julien Jones IV', 'julien-jones-iv', '2025-02-16 07:19:27', '2025-02-16 07:19:27'),
(762, 762, 'ar', 'Bethany O\'Conner', 'bethany-o\'conner', '2025-02-16 07:19:27', '2025-02-16 07:19:27'),
(763, 763, 'ar', 'Miss Tiana Schulist MD', 'miss-tiana-schulist-md', '2025-02-16 07:19:27', '2025-02-16 07:19:27'),
(764, 764, 'ar', 'Emerald Goodwin', 'emerald-goodwin', '2025-02-16 07:19:27', '2025-02-16 07:19:27'),
(765, 765, 'ar', 'Bettye Krajcik III', 'bettye-krajcik-iii', '2025-02-16 07:19:27', '2025-02-16 07:19:27'),
(766, 766, 'ar', 'Joelle Cartwright MD', 'joelle-cartwright-md', '2025-02-16 07:19:27', '2025-02-16 07:19:27'),
(767, 767, 'ar', 'Nova Murphy', 'nova-murphy', '2025-02-16 07:19:27', '2025-02-16 07:19:27'),
(768, 768, 'ar', 'Dorian Stokes', 'dorian-stokes', '2025-02-16 07:19:27', '2025-02-16 07:19:27'),
(769, 769, 'ar', 'Mr. Dante Hackett', 'mr.-dante-hackett', '2025-02-16 07:19:27', '2025-02-16 07:19:27'),
(770, 770, 'ar', 'Reanna Schmitt', 'reanna-schmitt', '2025-02-16 07:19:27', '2025-02-16 07:19:27'),
(771, 771, 'ar', 'Vince Will', 'vince-will', '2025-02-16 07:19:27', '2025-02-16 07:19:27'),
(772, 772, 'ar', 'Domenico Lebsack', 'domenico-lebsack', '2025-02-16 07:19:27', '2025-02-16 07:19:27'),
(773, 773, 'ar', 'Nellie Bogan III', 'nellie-bogan-iii', '2025-02-16 07:19:27', '2025-02-16 07:19:27'),
(774, 774, 'ar', 'Mrs. Kaela O\'Conner Sr.', 'mrs.-kaela-o\'conner-sr.', '2025-02-16 07:19:27', '2025-02-16 07:19:27'),
(775, 775, 'ar', 'Lindsay Streich', 'lindsay-streich', '2025-02-16 07:19:27', '2025-02-16 07:19:27'),
(776, 776, 'ar', 'Prof. Austen Swift', 'prof.-austen-swift', '2025-02-16 07:19:27', '2025-02-16 07:19:27'),
(777, 777, 'ar', 'Alycia Weissnat', 'alycia-weissnat', '2025-02-16 07:19:27', '2025-02-16 07:19:27'),
(778, 778, 'ar', 'Nelda Turner', 'nelda-turner', '2025-02-16 07:19:27', '2025-02-16 07:19:27'),
(779, 779, 'ar', 'Quentin Borer', 'quentin-borer', '2025-02-16 07:19:27', '2025-02-16 07:19:27'),
(780, 780, 'ar', 'Janiya Schinner', 'janiya-schinner', '2025-02-16 07:19:27', '2025-02-16 07:19:27'),
(781, 781, 'ar', 'Janet Prosacco IV', 'janet-prosacco-iv', '2025-02-16 07:19:27', '2025-02-16 07:19:27'),
(782, 782, 'ar', 'Sophie Leannon', 'sophie-leannon', '2025-02-16 07:19:27', '2025-02-16 07:19:27'),
(783, 783, 'ar', 'Cyril Hegmann III', 'cyril-hegmann-iii', '2025-02-16 07:19:27', '2025-02-16 07:19:27'),
(784, 784, 'ar', 'Prof. Chad Predovic MD', 'prof.-chad-predovic-md', '2025-02-16 07:19:27', '2025-02-16 07:19:27'),
(785, 785, 'ar', 'Magali Walter PhD', 'magali-walter-phd', '2025-02-16 07:19:27', '2025-02-16 07:19:27'),
(786, 786, 'ar', 'Mr. Marcus Wunsch Sr.', 'mr.-marcus-wunsch-sr.', '2025-02-16 07:19:27', '2025-02-16 07:19:27'),
(787, 787, 'ar', 'Miss Brigitte Emard DDS', 'miss-brigitte-emard-dds', '2025-02-16 07:19:27', '2025-02-16 07:19:27'),
(788, 788, 'ar', 'Aryanna Lynch', 'aryanna-lynch', '2025-02-16 07:19:27', '2025-02-16 07:19:27'),
(789, 789, 'ar', 'Jaylon Daniel', 'jaylon-daniel', '2025-02-16 07:19:27', '2025-02-16 07:19:27'),
(790, 790, 'ar', 'Ruby Roberts', 'ruby-roberts', '2025-02-16 07:19:27', '2025-02-16 07:19:27'),
(791, 791, 'ar', 'Maribel Rosenbaum', 'maribel-rosenbaum', '2025-02-16 07:19:27', '2025-02-16 07:19:27'),
(792, 792, 'ar', 'Prof. Mikel Wolff', 'prof.-mikel-wolff', '2025-02-16 07:19:27', '2025-02-16 07:19:27'),
(793, 793, 'ar', 'Shea White', 'shea-white', '2025-02-16 07:19:27', '2025-02-16 07:19:27'),
(794, 794, 'ar', 'Ms. Maymie Okuneva', 'ms.-maymie-okuneva', '2025-02-16 07:19:27', '2025-02-16 07:19:27'),
(795, 795, 'ar', 'Prof. Santino Hoppe', 'prof.-santino-hoppe', '2025-02-16 07:19:27', '2025-02-16 07:19:27'),
(796, 796, 'ar', 'Estel Champlin', 'estel-champlin', '2025-02-16 07:19:27', '2025-02-16 07:19:27'),
(797, 797, 'ar', 'Miss Karelle Gleichner', 'miss-karelle-gleichner', '2025-02-16 07:19:27', '2025-02-16 07:19:27'),
(798, 798, 'ar', 'Bo Boehm', 'bo-boehm', '2025-02-16 07:19:27', '2025-02-16 07:19:27'),
(799, 799, 'ar', 'Dr. Demond Harber II', 'dr.-demond-harber-ii', '2025-02-16 07:19:27', '2025-02-16 07:19:27'),
(800, 800, 'ar', 'Ervin Wiza V', 'ervin-wiza-v', '2025-02-16 07:19:27', '2025-02-16 07:19:27'),
(801, 801, 'ar', 'Aglae Heaney MD', 'aglae-heaney-md', '2025-02-16 07:19:27', '2025-02-16 07:19:27'),
(802, 802, 'ar', 'Perry Homenick', 'perry-homenick', '2025-02-16 07:19:27', '2025-02-16 07:19:27'),
(803, 803, 'ar', 'Hellen Turcotte', 'hellen-turcotte', '2025-02-16 07:19:27', '2025-02-16 07:19:27'),
(804, 804, 'ar', 'Mrs. Alivia Beier PhD', 'mrs.-alivia-beier-phd', '2025-02-16 07:19:27', '2025-02-16 07:19:27'),
(805, 805, 'ar', 'Prof. Nikko Bradtke DVM', 'prof.-nikko-bradtke-dvm', '2025-02-16 07:19:27', '2025-02-16 07:19:27'),
(806, 806, 'ar', 'Miss Pauline Altenwerth', 'miss-pauline-altenwerth', '2025-02-16 07:19:27', '2025-02-16 07:19:27'),
(807, 807, 'ar', 'Dr. Tomas Hyatt Jr.', 'dr.-tomas-hyatt-jr.', '2025-02-16 07:19:27', '2025-02-16 07:19:27'),
(808, 808, 'ar', 'Chaya Dickinson', 'chaya-dickinson', '2025-02-16 07:19:27', '2025-02-16 07:19:27'),
(809, 809, 'ar', 'Deshawn Streich II', 'deshawn-streich-ii', '2025-02-16 07:19:27', '2025-02-16 07:19:27'),
(810, 810, 'ar', 'Mrs. Maya Crona Sr.', 'mrs.-maya-crona-sr.', '2025-02-16 07:19:27', '2025-02-16 07:19:27'),
(811, 811, 'ar', 'Devonte Schultz', 'devonte-schultz', '2025-02-16 07:19:27', '2025-02-16 07:19:27'),
(812, 812, 'ar', 'Mrs. Lisette Smith III', 'mrs.-lisette-smith-iii', '2025-02-16 07:19:27', '2025-02-16 07:19:27'),
(813, 813, 'ar', 'Claudine Corkery DVM', 'claudine-corkery-dvm', '2025-02-16 07:19:27', '2025-02-16 07:19:27'),
(814, 814, 'ar', 'Joannie Sauer', 'joannie-sauer', '2025-02-16 07:19:27', '2025-02-16 07:19:27'),
(815, 815, 'ar', 'Prof. Herman Russel DVM', 'prof.-herman-russel-dvm', '2025-02-16 07:19:27', '2025-02-16 07:19:27'),
(816, 816, 'ar', 'Dr. Elmo Walsh', 'dr.-elmo-walsh', '2025-02-16 07:19:27', '2025-02-16 07:19:27'),
(817, 817, 'ar', 'Nayeli Jacobson', 'nayeli-jacobson', '2025-02-16 07:19:27', '2025-02-16 07:19:27'),
(818, 818, 'ar', 'Reta Renner', 'reta-renner', '2025-02-16 07:19:27', '2025-02-16 07:19:27'),
(819, 819, 'ar', 'Morris Roberts', 'morris-roberts', '2025-02-16 07:19:27', '2025-02-16 07:19:27'),
(820, 820, 'ar', 'Chad Bogan DDS', 'chad-bogan-dds', '2025-02-16 07:19:27', '2025-02-16 07:19:27'),
(821, 821, 'ar', 'Billie Ernser', 'billie-ernser', '2025-02-16 07:19:27', '2025-02-16 07:19:27'),
(822, 822, 'ar', 'Camilla Nienow', 'camilla-nienow', '2025-02-16 07:19:27', '2025-02-16 07:19:27'),
(823, 823, 'ar', 'Mrs. Rahsaan Gislason Jr.', 'mrs.-rahsaan-gislason-jr.', '2025-02-16 07:19:27', '2025-02-16 07:19:27'),
(824, 824, 'ar', 'Clark Russel', 'clark-russel', '2025-02-16 07:19:27', '2025-02-16 07:19:27'),
(825, 825, 'ar', 'Halie Batz', 'halie-batz', '2025-02-16 07:19:27', '2025-02-16 07:19:27'),
(826, 826, 'ar', 'Audrey O\'Kon', 'audrey-o\'kon', '2025-02-16 07:19:27', '2025-02-16 07:19:27'),
(827, 827, 'ar', 'Pearlie Aufderhar Sr.', 'pearlie-aufderhar-sr.', '2025-02-16 07:19:27', '2025-02-16 07:19:27'),
(828, 828, 'ar', 'Mr. Kaleigh Lehner', 'mr.-kaleigh-lehner', '2025-02-16 07:19:27', '2025-02-16 07:19:27'),
(829, 829, 'ar', 'Mr. Jordyn Lockman DVM', 'mr.-jordyn-lockman-dvm', '2025-02-16 07:19:27', '2025-02-16 07:19:27'),
(830, 830, 'ar', 'Shea Kautzer V', 'shea-kautzer-v', '2025-02-16 07:19:27', '2025-02-16 07:19:27'),
(831, 831, 'ar', 'Mrs. Ona Fadel MD', 'mrs.-ona-fadel-md', '2025-02-16 07:19:27', '2025-02-16 07:19:27'),
(832, 832, 'ar', 'Jaylon Larkin', 'jaylon-larkin', '2025-02-16 07:19:27', '2025-02-16 07:19:27'),
(833, 833, 'ar', 'Madalyn Roberts II', 'madalyn-roberts-ii', '2025-02-16 07:19:27', '2025-02-16 07:19:27'),
(834, 834, 'ar', 'Giovanni O\'Kon III', 'giovanni-o\'kon-iii', '2025-02-16 07:19:27', '2025-02-16 07:19:27'),
(835, 835, 'ar', 'Dr. Oren Casper IV', 'dr.-oren-casper-iv', '2025-02-16 07:19:27', '2025-02-16 07:19:27'),
(836, 836, 'ar', 'Lucienne Rippin', 'lucienne-rippin', '2025-02-16 07:19:27', '2025-02-16 07:19:27'),
(837, 837, 'ar', 'Mr. Jonathan Reichel IV', 'mr.-jonathan-reichel-iv', '2025-02-16 07:19:27', '2025-02-16 07:19:27'),
(838, 838, 'ar', 'Prof. Lucie Hauck I', 'prof.-lucie-hauck-i', '2025-02-16 07:19:27', '2025-02-16 07:19:27'),
(839, 839, 'ar', 'Antonio Huels', 'antonio-huels', '2025-02-16 07:19:27', '2025-02-16 07:19:27'),
(840, 840, 'ar', 'Imelda Krajcik', 'imelda-krajcik', '2025-02-16 07:19:27', '2025-02-16 07:19:27'),
(841, 841, 'ar', 'Lacy O\'Connell', 'lacy-o\'connell', '2025-02-16 07:19:27', '2025-02-16 07:19:27'),
(842, 842, 'ar', 'Mrs. Rachael Daniel', 'mrs.-rachael-daniel', '2025-02-16 07:19:27', '2025-02-16 07:19:27'),
(843, 843, 'ar', 'Ryley Marquardt', 'ryley-marquardt', '2025-02-16 07:19:27', '2025-02-16 07:19:27'),
(844, 844, 'ar', 'Javonte Towne', 'javonte-towne', '2025-02-16 07:19:27', '2025-02-16 07:19:27'),
(845, 845, 'ar', 'Orville Cruickshank', 'orville-cruickshank', '2025-02-16 07:19:27', '2025-02-16 07:19:27'),
(846, 846, 'ar', 'Arno O\'Reilly', 'arno-o\'reilly', '2025-02-16 07:19:27', '2025-02-16 07:19:27'),
(847, 847, 'ar', 'George Rippin', 'george-rippin', '2025-02-16 07:19:27', '2025-02-16 07:19:27'),
(848, 848, 'ar', 'volunteering', 'volunteering', '2025-05-28 03:30:57', '2025-05-28 03:32:42'),
(849, 849, 'ar', 'beneficiaries', 'beneficiaries', '2025-05-28 07:54:25', '2025-05-28 07:54:25'),
(850, 850, 'ar', 'about us', 'about-us', '2025-05-28 09:30:26', '2025-05-28 09:39:42'),
(851, 851, 'ar', 'tesst', 'tesst', '2025-07-09 09:49:32', '2025-07-09 09:49:32'),
(852, 852, 'ar', 'xssxsxsxsx', 'xssxsxsxsx', '2025-07-09 09:51:21', '2025-07-09 09:51:21'),
(853, 853, 'ar', 'contact-us', 'contact-us', '2025-07-28 06:54:36', '2025-07-28 06:54:36');

-- --------------------------------------------------------

--
-- Table structure for table `migrations`
--

CREATE TABLE `migrations` (
  `id` int UNSIGNED NOT NULL,
  `migration` varchar(255) CHARACTER SET utf8mb4 COLLATE utf8mb4_unicode_ci NOT NULL,
  `batch` int NOT NULL
) ENGINE=InnoDB DEFAULT CHARSET=utf8mb4 COLLATE=utf8mb4_unicode_ci;

--
-- Dumping data for table `migrations`
--

INSERT INTO `migrations` (`id`, `migration`, `batch`) VALUES
(1, '2014_10_12_000000_create_users_table', 1),
(2, '2014_10_12_100000_create_password_resets_table', 1),
(3, '2019_08_19_000000_create_failed_jobs_table', 1),
(4, '2019_12_14_000001_create_personal_access_tokens_table', 1),
(5, '2022_11_07_101252_create_permission_tables', 1),
(6, '2022_11_08_073658_create_pages_table', 1),
(7, '2022_11_08_073690_create_accounts_table', 1),
(8, '2022_11_08_073691_create_login_types_table', 1),
(9, '2022_11_08_073691_create_refers_table', 1),
(10, '2022_11_08_073692_create_account_types_table', 1),
(11, '2022_11_08_073693_create_donors_table', 1),
(12, '2022_11_08_073694_create_stores_table', 1),
(13, '2022_11_08_073695_create_store_translations_table', 1),
(14, '2022_11_08_073696_create_volunteers_table', 1),
(15, '2022_11_08_073697_create_vendors_table', 1),
(16, '2022_11_08_073698_create_vendor_translations_table', 1),
(17, '2022_11_08_073906_create_pages_translations_table', 1),
(18, '2022_11_14_104013_create_menues_table', 1),
(19, '2022_11_14_104014_create_menue_translations_table', 1),
(20, '2022_11_20_101236_create_sliders_table', 1),
(21, '2022_11_20_101237_create_slider_translations_table', 1),
(22, '2022_11_21_141159_create_themes_table', 1),
(23, '2022_11_23_120548_create_payment_methods_table', 1),
(24, '2022_11_23_120549_create_payment_method_translations_table', 1),
(25, '2022_11_23_124805_create_categories_table', 1),
(26, '2022_11_23_143054_create_categories_translations_table', 1),
(27, '2022_11_23_143055_create_articles_table', 1),
(28, '2022_11_23_143056_create_article_translations_table', 1),
(29, '2022_11_27_081142_create_tags_table', 1),
(30, '2022_11_27_081143_create_tag_translations_table', 1),
(31, '2022_11_27_104903_create_ads_table', 1),
(32, '2022_11_27_123752_create_statuses_table', 1),
(33, '2022_12_01_132701_create_status_translations_table', 1),
(34, '2022_12_11_094442_create_category_projects_table', 1),
(35, '2022_12_11_094547_create_category_projects_translations_table', 1),
(36, '2022_12_11_094729_create_news_table', 1),
(37, '2022_12_11_094857_create_news_translations_table', 1),
(38, '2022_12_13_113407_create_settings_table', 1),
(39, '2022_12_13_143354_create_settings_values_table', 1),
(40, '2022_12_27_123127_create_subscribes_table', 1),
(41, '2023_01_01_123825_create_services_table', 1),
(42, '2023_01_01_123904_create_services_translations_table', 1),
(43, '2023_01_01_145332_create_portfolios_table', 1),
(44, '2023_01_01_145406_create_portfolios_translations_table', 1),
(45, '2023_01_01_145408_create_notifications_table', 1),
(46, '2023_01_04_092412_create_home_setting_pages_table', 1),
(47, '2023_01_04_092506_create_home_setting_page_translations_table', 1),
(48, '2023_01_04_182227_create_articler_tag_pivot_table', 1),
(49, '2023_01_09_123644_create_article_tags_table', 1),
(50, '2023_01_18_115408_create_tag_projects_table', 1),
(51, '2023_01_18_115518_create_tag_projects_translations_table', 1),
(52, '2023_01_23_085003_create_volunteer_pages_table', 1),
(53, '2023_01_23_085138_create_volunteer_pages_translations_table', 1),
(54, '2023_02_01_112610_create_projects_table', 1),
(55, '2023_02_01_112638_create_projects_translations_table', 1),
(56, '2023_02_01_131637_create_images_table', 1),
(57, '2023_02_02_111936_create_portfolio_tags_table', 1),
(58, '2023_02_02_113341_create_portfolio_tags_translations_table', 1),
(59, '2023_02_14_115426_create_charity_projects_table', 1),
(60, '2023_02_14_115505_create_charity_project_translations_table', 1),
(61, '2023_02_14_115506_create_charity_single_projects_table', 1),
(62, '2023_02_14_115507_create_charity_single_translations_table', 1),
(63, '2023_02_14_115508_create_charity_deceased_projects_table', 1),
(64, '2023_02_14_115509_create_charity_badal_projects_table', 1),
(65, '2023_02_14_115511_create_charity_tags_table', 1),
(66, '2023_02_14_115512_create_charity_tag_translations_table', 1),
(67, '2023_02_14_125657_create_charity_project_tags_table', 1),
(68, '2023_02_14_125916_create_charity_payment_projects_table', 1),
(69, '2023_03_05_113332_create_address_donors_table', 1),
(70, '2023_03_20_093851_create_product_categories_table', 1),
(71, '2023_03_20_093955_create_product_category_translations_table', 1),
(72, '2023_03_22_095851_create_attribute_sets_table', 1),
(73, '2023_03_22_095933_create_attribute_set_translations_table', 1),
(74, '2023_03_22_100002_create_attributes_table', 1),
(75, '2023_03_22_100053_create_attribute_translations_table', 1),
(76, '2023_03_28_085957_create_deceases_table', 1),
(77, '2023_04_03_103534_create_tag_products_table', 1),
(78, '2023_04_03_104421_create_tag_product_translations_table', 1),
(79, '2023_04_03_142550_create_products_table', 1),
(80, '2023_04_03_142618_create_product_translations_table', 1),
(81, '2023_04_05_130212_create_product_tag_pivots_table', 1),
(82, '2023_04_10_141047_create_product_attribute_sets_table', 1),
(83, '2023_04_10_141343_create_product_variances_table', 1),
(84, '2023_04_10_141647_create_product_attributes_vales_table', 1),
(85, '2023_05_11_075731_create_badal_rites_table', 1),
(86, '2023_05_11_094338_create_ritestranslations_table', 1),
(87, '2023_05_14_080219_create_reviews_table', 1),
(88, '2023_10_18_071713_create_substitutes_table', 1),
(89, '2023_11_29_115546_create_mangers_table', 1),
(90, '2023_11_29_115626_create_manger_refers_table', 1),
(91, '2023_12_10_135715_create_gift_categories_table', 1),
(92, '2023_12_10_135832_create_gift_categories_translations_table', 1),
(93, '2023_12_10_135837_create_gift_occasioins_table', 1),
(94, '2023_12_10_135852_create_gift_occasioins_translations_table', 1),
(95, '2023_12_10_135937_create_gift_cards_table', 1),
(96, '2023_12_16_093753_create_gifts_card_occasions_table', 1),
(97, '2023_12_31_091246_create_carts_table', 1),
(98, '2023_12_31_110818_create_orders_table', 1),
(99, '2023_12_31_122535_create_order_details_table', 1),
(100, '2023_12_31_122540_create_givers_table', 1),
(101, '2024_01_15_212951_create_credit_cards_table', 1),
(102, '2024_01_23_094336_create_cache_table', 1),
(103, '2024_01_24_114910_create_payment_banks_table', 1),
(104, '2024_02_20_100036_create_jobs_table', 1),
(105, '2024_02_26_091514_create_contact_us_table', 1),
(106, '2024_02_27_112532_create_charity_sections_table', 1),
(107, '2024_02_27_112617_create_charity_section_translations_table', 1),
(108, '2024_02_27_124806_create_charity_category_sections_table', 1),
(109, '2024_03_01_225343_create_charity_category_projects_table', 1),
(110, '2024_06_25_114300_create_fcm_tokens_table', 1),
(111, '2024_07_07_151115_add_fast_payment_to_charity', 1),
(112, '2024_11_02_190743_create_badal_offers_table', 1),
(113, '2024_11_02_214245_add_soft_deletes_to_bdal_offers', 1),
(114, '2024_11_03_105151_create_sessions_table', 1),
(115, '2024_11_03_114529_add_data_to_volunteer_table', 1),
(116, '2024_11_07_114205_create_volunteering_ideas_table', 1),
(117, '2024_11_11_160728_create_voluntreer_idea_loves_table', 1),
(118, '2024_11_11_160732_create_voluntreer_idea_comments_table', 1),
(119, '2024_11_13_230152_add_activity_to_volunteers_table', 1),
(120, '2024_11_18_123451_create_app_sections_table', 1),
(121, '2024_11_18_124144_create_app_section_translations_table', 1),
(122, '2024_11_18_124742_create_app_articles_table', 1),
(123, '2024_11_18_124752_create_app_articles_translations_table', 1),
(124, '2024_11_25_115434_create_badal_orders_table', 1),
(125, '2024_11_25_120812_create_badal_requests_table', 1),
(126, '2024_11_26_142251_create_badal_reviews_table', 1),
(127, '2024_11_30_074221_create_badal_rituals_table', 1),
(128, '2025_02_17_145814_add_main_to_category_project', 2),
(129, '2025_02_23_093541_add_donation_type_to_product_table', 3),
(130, '2025_04_23_150319_create_file_uploads_table', 4),
(131, '2025_05_18_122743_add_holder_name_bank_transfer', 5),
(132, '2025_05_27_093917_add_new_fields_to_volunteers_table', 6),
(133, '2025_05_27_193308_create_beneficiaries_table', 7),
(134, '2025_04_29_084330_create_clients_carts_table', 8),
(135, '2025_05_25_214631_add_to_charity_projects', 8),
(136, '2025_05_25_215454_add_to_category_projects', 8),
(137, '2025_05_31_112729_add_to_charity_projects_most_sell', 8),
(138, '2025_07_07_083527_create_donation_settings_table', 8),
(139, '2025_07_28_112720_add_last_donation_at_charity_projects_table', 9),
(140, '2025_08_01_145312_create_refer_refer_table', 9),
(141, '2025_08_11_074756_add_is_group_manager_to_refers_table', 10),
(142, '2025_08_12_084014_add_code_to_refers_table', 11),
(143, '2025_08_17_092756_create_cashiers_table', 12),
(144, '2025_08_17_113121_create_cashier_category_project_table', 13),
(145, '2025_08_17_115212_create_cashier_charity_project_table', 13),
(146, '2025_08_17_120125_add_cashier_system_to_tables', 13),
(147, '2025_08_17_000001_add_cashier_system_to_charity_projects_table', 14),
(148, '2025_08_18_125541_add_cashier_system_to_category_projects_table', 15),
(149, '2025_09_01_092255_add_is_cashier_to_refers_table', 16);

-- --------------------------------------------------------

--
-- Table structure for table `model_has_permissions`
--

CREATE TABLE `model_has_permissions` (
  `permission_id` bigint UNSIGNED NOT NULL,
  `model_type` varchar(255) CHARACTER SET utf8mb4 COLLATE utf8mb4_unicode_ci NOT NULL,
  `model_id` bigint UNSIGNED NOT NULL
) ENGINE=InnoDB DEFAULT CHARSET=utf8mb4 COLLATE=utf8mb4_unicode_ci;

-- --------------------------------------------------------

--
-- Table structure for table `model_has_roles`
--

CREATE TABLE `model_has_roles` (
  `role_id` bigint UNSIGNED NOT NULL,
  `model_type` varchar(255) CHARACTER SET utf8mb4 COLLATE utf8mb4_unicode_ci NOT NULL,
  `model_id` bigint UNSIGNED NOT NULL
) ENGINE=InnoDB DEFAULT CHARSET=utf8mb4 COLLATE=utf8mb4_unicode_ci;

--
-- Dumping data for table `model_has_roles`
--

INSERT INTO `model_has_roles` (`role_id`, `model_type`, `model_id`) VALUES
(1, 'App\\Models\\Accounts', 1);

-- --------------------------------------------------------

--
-- Table structure for table `news`
--

CREATE TABLE `news` (
  `id` bigint UNSIGNED NOT NULL,
  `image` varchar(255) CHARACTER SET utf8mb4 COLLATE utf8mb4_unicode_ci DEFAULT NULL,
  `sort` int DEFAULT '0',
  `status` tinyint DEFAULT '1',
  `feature` tinyint DEFAULT '1',
  `news_ticker` tinyint DEFAULT '1',
  `created_by` bigint UNSIGNED DEFAULT NULL,
  `updated_by` bigint UNSIGNED DEFAULT NULL,
  `deleted_at` timestamp NULL DEFAULT NULL,
  `created_at` timestamp NULL DEFAULT NULL,
  `updated_at` timestamp NULL DEFAULT NULL
) ENGINE=InnoDB DEFAULT CHARSET=utf8mb4 COLLATE=utf8mb4_unicode_ci;

--
-- Dumping data for table `news`
--

INSERT INTO `news` (`id`, `image`, `sort`, `status`, `feature`, `news_ticker`, `created_by`, `updated_by`, `deleted_at`, `created_at`, `updated_at`) VALUES
(601, NULL, 47, 2, 2, 2, NULL, NULL, NULL, '2025-02-16 07:19:28', '2025-02-16 07:19:28'),
(602, NULL, 23, 2, 2, 1, NULL, NULL, NULL, '2025-02-16 07:19:28', '2025-02-16 07:19:28'),
(603, NULL, 43, 2, 1, 1, NULL, NULL, NULL, '2025-02-16 07:19:28', '2025-02-16 07:19:28'),
(604, NULL, 43, 1, 1, 2, NULL, NULL, NULL, '2025-02-16 07:19:28', '2025-02-16 07:19:28'),
(605, NULL, 55, 1, 2, 1, NULL, NULL, NULL, '2025-02-16 07:19:28', '2025-02-16 07:19:28'),
(606, NULL, 95, 1, 1, 2, NULL, NULL, NULL, '2025-02-16 07:19:28', '2025-02-16 07:19:28'),
(607, NULL, 98, 2, 1, 2, NULL, NULL, NULL, '2025-02-16 07:19:28', '2025-02-16 07:19:28'),
(608, NULL, 7, 2, 2, 1, NULL, NULL, NULL, '2025-02-16 07:19:28', '2025-02-16 07:19:28'),
(609, NULL, 57, 1, 1, 1, NULL, NULL, NULL, '2025-02-16 07:19:28', '2025-02-16 07:19:28'),
(610, NULL, 75, 1, 2, 1, NULL, NULL, NULL, '2025-02-16 07:19:28', '2025-02-16 07:19:28'),
(611, NULL, 10, 2, 2, 2, NULL, NULL, NULL, '2025-02-16 07:19:28', '2025-02-16 07:19:28'),
(612, NULL, 72, 2, 2, 2, NULL, NULL, NULL, '2025-02-16 07:19:28', '2025-02-16 07:19:28'),
(613, NULL, 45, 1, 1, 1, NULL, NULL, NULL, '2025-02-16 07:19:28', '2025-02-16 07:19:28'),
(614, NULL, 19, 2, 1, 2, NULL, NULL, NULL, '2025-02-16 07:19:28', '2025-02-16 07:19:28'),
(615, NULL, 5, 2, 1, 1, NULL, NULL, NULL, '2025-02-16 07:19:28', '2025-02-16 07:19:28'),
(616, NULL, 85, 2, 1, 1, NULL, NULL, NULL, '2025-02-16 07:19:28', '2025-02-16 07:19:28'),
(617, NULL, 33, 2, 2, 1, NULL, NULL, NULL, '2025-02-16 07:19:28', '2025-02-16 07:19:28'),
(618, NULL, 66, 2, 2, 1, NULL, NULL, NULL, '2025-02-16 07:19:28', '2025-02-16 07:19:28'),
(619, NULL, 93, 1, 2, 1, NULL, NULL, NULL, '2025-02-16 07:19:28', '2025-02-16 07:19:28'),
(620, NULL, 28, 1, 1, 1, NULL, NULL, NULL, '2025-02-16 07:19:28', '2025-02-16 07:19:28'),
(621, NULL, 38, 2, 2, 2, NULL, NULL, NULL, '2025-02-16 07:19:28', '2025-02-16 07:19:28'),
(622, NULL, 57, 2, 1, 2, NULL, NULL, NULL, '2025-02-16 07:19:28', '2025-02-16 07:19:28'),
(623, NULL, 61, 2, 1, 2, NULL, NULL, NULL, '2025-02-16 07:19:28', '2025-02-16 07:19:28'),
(624, NULL, 30, 1, 2, 1, NULL, NULL, NULL, '2025-02-16 07:19:28', '2025-02-16 07:19:28'),
(625, NULL, 15, 1, 2, 1, NULL, NULL, NULL, '2025-02-16 07:19:28', '2025-02-16 07:19:28'),
(626, NULL, 69, 1, 2, 2, NULL, NULL, NULL, '2025-02-16 07:19:28', '2025-02-16 07:19:28'),
(627, NULL, 9, 1, 2, 1, NULL, NULL, NULL, '2025-02-16 07:19:28', '2025-02-16 07:19:28'),
(628, NULL, 28, 2, 1, 2, NULL, NULL, NULL, '2025-02-16 07:19:28', '2025-02-16 07:19:28'),
(629, NULL, 59, 1, 2, 2, NULL, NULL, NULL, '2025-02-16 07:19:28', '2025-02-16 07:19:28'),
(630, NULL, 95, 2, 2, 1, NULL, NULL, NULL, '2025-02-16 07:19:28', '2025-02-16 07:19:28'),
(631, NULL, 35, 1, 2, 1, NULL, NULL, NULL, '2025-02-16 07:19:28', '2025-02-16 07:19:28'),
(632, NULL, 76, 2, 1, 2, NULL, NULL, NULL, '2025-02-16 07:19:28', '2025-02-16 07:19:28'),
(633, NULL, 62, 1, 2, 2, NULL, NULL, NULL, '2025-02-16 07:19:28', '2025-02-16 07:19:28'),
(634, NULL, 18, 2, 1, 1, NULL, NULL, NULL, '2025-02-16 07:19:28', '2025-02-16 07:19:28'),
(635, NULL, 86, 2, 2, 2, NULL, NULL, NULL, '2025-02-16 07:19:28', '2025-02-16 07:19:28'),
(636, NULL, 32, 2, 1, 1, NULL, NULL, NULL, '2025-02-16 07:19:28', '2025-02-16 07:19:28'),
(637, NULL, 85, 2, 1, 2, NULL, NULL, NULL, '2025-02-16 07:19:28', '2025-02-16 07:19:28'),
(638, NULL, 79, 2, 2, 2, NULL, NULL, NULL, '2025-02-16 07:19:28', '2025-02-16 07:19:28'),
(639, NULL, 28, 2, 1, 1, NULL, NULL, NULL, '2025-02-16 07:19:28', '2025-02-16 07:19:28'),
(640, NULL, 32, 1, 2, 2, NULL, NULL, NULL, '2025-02-16 07:19:28', '2025-02-16 07:19:28'),
(641, NULL, 7, 1, 2, 2, NULL, NULL, NULL, '2025-02-16 07:19:28', '2025-02-16 07:19:28'),
(642, NULL, 17, 1, 2, 1, NULL, NULL, NULL, '2025-02-16 07:19:28', '2025-02-16 07:19:28'),
(643, NULL, 95, 2, 2, 1, NULL, NULL, NULL, '2025-02-16 07:19:28', '2025-02-16 07:19:28'),
(644, NULL, 63, 1, 2, 1, NULL, NULL, NULL, '2025-02-16 07:19:28', '2025-02-16 07:19:28'),
(645, NULL, 50, 1, 1, 2, NULL, NULL, NULL, '2025-02-16 07:19:28', '2025-02-16 07:19:28'),
(646, NULL, 46, 1, 1, 2, NULL, NULL, NULL, '2025-02-16 07:19:28', '2025-02-16 07:19:28'),
(647, NULL, 69, 1, 1, 1, NULL, NULL, NULL, '2025-02-16 07:19:28', '2025-02-16 07:19:28'),
(648, NULL, 47, 1, 1, 2, NULL, NULL, NULL, '2025-02-16 07:19:28', '2025-02-16 07:19:28'),
(649, NULL, 86, 1, 1, 1, NULL, NULL, NULL, '2025-02-16 07:19:28', '2025-02-16 07:19:28'),
(650, NULL, 91, 2, 1, 1, NULL, NULL, NULL, '2025-02-16 07:19:28', '2025-02-16 07:19:28'),
(651, NULL, 47, 2, 2, 2, NULL, NULL, NULL, '2025-02-16 07:19:28', '2025-02-16 07:19:28'),
(652, NULL, 29, 1, 1, 1, NULL, NULL, NULL, '2025-02-16 07:19:28', '2025-02-16 07:19:28'),
(653, NULL, 90, 2, 1, 2, NULL, NULL, NULL, '2025-02-16 07:19:28', '2025-02-16 07:19:28'),
(654, NULL, 18, 1, 2, 2, NULL, NULL, NULL, '2025-02-16 07:19:28', '2025-02-16 07:19:28'),
(655, NULL, 0, 2, 1, 1, NULL, NULL, NULL, '2025-02-16 07:19:28', '2025-02-16 07:19:28'),
(656, NULL, 32, 2, 2, 1, NULL, NULL, NULL, '2025-02-16 07:19:28', '2025-02-16 07:19:28'),
(657, NULL, 19, 1, 2, 1, NULL, NULL, NULL, '2025-02-16 07:19:28', '2025-02-16 07:19:28'),
(658, NULL, 16, 1, 1, 2, NULL, NULL, NULL, '2025-02-16 07:19:28', '2025-02-16 07:19:28'),
(659, NULL, 38, 2, 2, 2, NULL, NULL, NULL, '2025-02-16 07:19:28', '2025-02-16 07:19:28'),
(660, NULL, 0, 1, 1, 2, NULL, NULL, NULL, '2025-02-16 07:19:28', '2025-02-16 07:19:28'),
(661, NULL, 40, 2, 1, 2, NULL, NULL, NULL, '2025-02-16 07:19:28', '2025-02-16 07:19:28'),
(662, NULL, 97, 2, 2, 2, NULL, NULL, NULL, '2025-02-16 07:19:28', '2025-02-16 07:19:28'),
(663, NULL, 1, 1, 1, 1, NULL, NULL, NULL, '2025-02-16 07:19:28', '2025-02-16 07:19:28'),
(664, NULL, 41, 2, 2, 1, NULL, NULL, NULL, '2025-02-16 07:19:28', '2025-02-16 07:19:28'),
(665, NULL, 44, 1, 1, 1, NULL, NULL, NULL, '2025-02-16 07:19:28', '2025-02-16 07:19:28'),
(666, NULL, 8, 2, 2, 1, NULL, NULL, NULL, '2025-02-16 07:19:28', '2025-02-16 07:19:28'),
(667, NULL, 52, 2, 2, 1, NULL, NULL, NULL, '2025-02-16 07:19:28', '2025-02-16 07:19:28'),
(668, NULL, 0, 2, 1, 2, NULL, NULL, NULL, '2025-02-16 07:19:28', '2025-02-16 07:19:28'),
(669, NULL, 83, 1, 2, 2, NULL, NULL, NULL, '2025-02-16 07:19:28', '2025-02-16 07:19:28'),
(670, NULL, 43, 1, 2, 2, NULL, NULL, NULL, '2025-02-16 07:19:28', '2025-02-16 07:19:28'),
(671, NULL, 65, 1, 1, 2, NULL, NULL, NULL, '2025-02-16 07:19:28', '2025-02-16 07:19:28'),
(672, NULL, 10, 2, 2, 1, NULL, NULL, NULL, '2025-02-16 07:19:28', '2025-02-16 07:19:28'),
(673, NULL, 80, 2, 1, 1, NULL, NULL, NULL, '2025-02-16 07:19:28', '2025-02-16 07:19:28'),
(674, NULL, 56, 2, 1, 1, NULL, NULL, NULL, '2025-02-16 07:19:28', '2025-02-16 07:19:28'),
(675, NULL, 38, 2, 1, 1, NULL, NULL, NULL, '2025-02-16 07:19:28', '2025-02-16 07:19:28'),
(676, NULL, 63, 2, 2, 2, NULL, NULL, NULL, '2025-02-16 07:19:28', '2025-02-16 07:19:28'),
(677, NULL, 68, 1, 2, 1, NULL, NULL, NULL, '2025-02-16 07:19:28', '2025-02-16 07:19:28'),
(678, NULL, 44, 1, 2, 2, NULL, NULL, NULL, '2025-02-16 07:19:28', '2025-02-16 07:19:28'),
(679, NULL, 58, 2, 2, 2, NULL, NULL, NULL, '2025-02-16 07:19:28', '2025-02-16 07:19:28'),
(680, NULL, 15, 2, 2, 2, NULL, NULL, NULL, '2025-02-16 07:19:28', '2025-02-16 07:19:28'),
(681, NULL, 50, 2, 1, 1, NULL, NULL, NULL, '2025-02-16 07:19:28', '2025-02-16 07:19:28'),
(682, NULL, 58, 2, 2, 2, NULL, NULL, NULL, '2025-02-16 07:19:28', '2025-02-16 07:19:28'),
(683, NULL, 6, 2, 2, 1, NULL, NULL, NULL, '2025-02-16 07:19:28', '2025-02-16 07:19:28'),
(684, NULL, 24, 1, 2, 2, NULL, NULL, NULL, '2025-02-16 07:19:28', '2025-02-16 07:19:28'),
(685, NULL, 91, 2, 1, 2, NULL, NULL, NULL, '2025-02-16 07:19:28', '2025-02-16 07:19:28'),
(686, NULL, 45, 2, 2, 2, NULL, NULL, NULL, '2025-02-16 07:19:28', '2025-02-16 07:19:28'),
(687, NULL, 37, 2, 2, 1, NULL, NULL, NULL, '2025-02-16 07:19:28', '2025-02-16 07:19:28'),
(688, NULL, 8, 1, 1, 2, NULL, NULL, NULL, '2025-02-16 07:19:28', '2025-02-16 07:19:28'),
(689, NULL, 99, 2, 1, 2, NULL, NULL, NULL, '2025-02-16 07:19:28', '2025-02-16 07:19:28'),
(690, NULL, 87, 1, 2, 1, NULL, NULL, NULL, '2025-02-16 07:19:28', '2025-02-16 07:19:28'),
(691, NULL, 0, 2, 2, 1, NULL, NULL, NULL, '2025-02-16 07:19:28', '2025-02-16 07:19:28'),
(692, NULL, 24, 2, 2, 2, NULL, NULL, NULL, '2025-02-16 07:19:28', '2025-02-16 07:19:28'),
(693, NULL, 16, 2, 1, 2, NULL, NULL, NULL, '2025-02-16 07:19:28', '2025-02-16 07:19:28'),
(694, NULL, 96, 2, 2, 1, NULL, NULL, NULL, '2025-02-16 07:19:28', '2025-02-16 07:19:28'),
(695, NULL, 81, 2, 1, 2, NULL, NULL, NULL, '2025-02-16 07:19:28', '2025-02-16 07:19:28'),
(696, NULL, 19, 1, 2, 1, NULL, NULL, NULL, '2025-02-16 07:19:28', '2025-02-16 07:19:28'),
(697, NULL, 3, 2, 1, 1, NULL, NULL, NULL, '2025-02-16 07:19:28', '2025-02-16 07:19:28'),
(698, NULL, 51, 1, 1, 1, NULL, NULL, NULL, '2025-02-16 07:19:28', '2025-02-16 07:19:28'),
(699, NULL, 38, 2, 1, 1, NULL, NULL, NULL, '2025-02-16 07:19:28', '2025-02-16 07:19:28'),
(700, NULL, 79, 2, 1, 2, NULL, NULL, NULL, '2025-02-16 07:19:28', '2025-02-16 07:19:28');

-- --------------------------------------------------------

--
-- Table structure for table `news_translations`
--

CREATE TABLE `news_translations` (
  `id` bigint UNSIGNED NOT NULL,
  `news_id` bigint UNSIGNED NOT NULL,
  `locale` varchar(255) CHARACTER SET utf8mb4 COLLATE utf8mb4_unicode_ci NOT NULL,
  `title` varchar(255) CHARACTER SET utf8mb4 COLLATE utf8mb4_unicode_ci NOT NULL,
  `slug` varchar(255) CHARACTER SET utf8mb4 COLLATE utf8mb4_unicode_ci DEFAULT NULL,
  `description` longtext CHARACTER SET utf8mb4 COLLATE utf8mb4_unicode_ci,
  `content` longtext CHARACTER SET utf8mb4 COLLATE utf8mb4_unicode_ci,
  `meta_title` varchar(255) CHARACTER SET utf8mb4 COLLATE utf8mb4_unicode_ci DEFAULT NULL,
  `meta_description` longtext CHARACTER SET utf8mb4 COLLATE utf8mb4_unicode_ci,
  `meta_key` longtext CHARACTER SET utf8mb4 COLLATE utf8mb4_unicode_ci,
  `created_at` timestamp NULL DEFAULT NULL,
  `updated_at` timestamp NULL DEFAULT NULL
) ENGINE=InnoDB DEFAULT CHARSET=utf8mb4 COLLATE=utf8mb4_unicode_ci;

--
-- Dumping data for table `news_translations`
--

INSERT INTO `news_translations` (`id`, `news_id`, `locale`, `title`, `slug`, `description`, `content`, `meta_title`, `meta_description`, `meta_key`, `created_at`, `updated_at`) VALUES
(601, 601, 'ar', 'Tyrique Mante DDS', 'tyrique-mante-dds', 'Deleniti aut eligendi id consequatur repellat unde. Nihil nihil cupiditate fugiat expedita.', 'Qui incidunt et optio error deserunt enim. Doloribus quia minus ut ex quia amet. Est minus in est accusantium est aliquid.', 'Pamela Waters III', 'Repudiandae qui at repellat. Doloremque est error deleniti incidunt ipsa sequi. Consequuntur beatae ex dolorem hic sint voluptatem enim illum.', 'Aut facere eos dolores culpa eum provident. Qui aut et suscipit impedit et officiis. Facilis rerum amet facilis nulla dignissimos id possimus. Aliquam ab ea omnis inventore itaque dolor.', '2025-02-16 07:19:28', '2025-02-16 07:19:28'),
(602, 602, 'ar', 'Raina Trantow V', 'raina-trantow-v', 'Ullam beatae officiis asperiores voluptatum suscipit aliquid ipsum. Veritatis quidem et reprehenderit tempore. Reprehenderit autem quia laboriosam. Dolores ut eum quas omnis autem id.', 'Veritatis eius vel itaque ut pariatur quia. Perferendis facere quia quam. Soluta minus vero et voluptate aliquid incidunt sit.', 'Emie Towne', 'Dicta voluptatem quibusdam aut ut. Nulla laboriosam sint rem suscipit nisi. Magnam id sed officia nesciunt.', 'Perspiciatis qui error cum possimus numquam unde aut quisquam. Consequatur occaecati in sit molestias et. Assumenda rem non reiciendis quae ipsum itaque.', '2025-02-16 07:19:28', '2025-02-16 07:19:28'),
(603, 603, 'ar', 'Miss Cristal Okuneva DDS', 'miss-cristal-okuneva-dds', 'Ab quisquam nihil nihil consequatur voluptatibus deserunt. Doloremque quia odio sunt vero magni illo voluptates. Animi et consectetur dolor quam aut quasi.', 'Dignissimos tempora molestias repudiandae delectus eos rerum. Quis velit aperiam ex ut esse aut. Voluptatem incidunt aut aut illum sunt ut.', 'Mrs. Electa Walter III', 'Rerum et similique quaerat necessitatibus. Molestiae necessitatibus sequi aliquid quisquam natus. Deserunt rerum minima nam expedita et rerum consequuntur necessitatibus.', 'Praesentium tempore et ad consectetur soluta excepturi. Veniam atque ipsam vel. Consequatur et libero reiciendis dicta ipsum voluptatibus. At voluptatum expedita magnam animi aut officiis amet.', '2025-02-16 07:19:28', '2025-02-16 07:19:28'),
(604, 604, 'ar', 'Efrain Davis', 'efrain-davis', 'Ex minima dolore deleniti nam et. Neque quidem occaecati aliquid laboriosam non aut est. A ducimus et nemo aut dolorem explicabo tempora. Vitae sit pariatur harum nam et qui.', 'Ullam et qui aliquid id unde. Perferendis velit ab esse reiciendis voluptas voluptatem. Dolorem corporis ratione maiores quo et atque possimus.', 'Watson Mohr', 'Vel sit enim amet autem iusto nulla. Consequuntur est ipsa corporis quod ut et eaque. Qui incidunt autem inventore natus hic vitae explicabo.', 'Occaecati ad fugit repellendus excepturi recusandae ad sit. Rem voluptatem nesciunt facere culpa aperiam animi. Beatae quibusdam dolor molestias. Omnis soluta nam aut et incidunt.', '2025-02-16 07:19:28', '2025-02-16 07:19:28'),
(605, 605, 'ar', 'Aryanna Weimann', 'aryanna-weimann', 'Possimus ipsam rem laboriosam qui dolorem dignissimos aliquid. Cum ad aut quidem et earum ut. Sit est nulla fugit iure omnis quia necessitatibus.', 'Fuga doloremque sequi velit nesciunt debitis sed. Quasi et sunt voluptate sit. Eaque provident vitae animi voluptas sed minus sunt. Blanditiis amet alias aperiam aut ipsam recusandae.', 'Marcelina Walter', 'Autem ea tenetur repellat est aliquam. Distinctio iusto consequatur dolore quasi molestiae. Consequatur porro delectus inventore natus est ad et doloribus. Magni architecto nulla fugit sit consequatur.', 'Ea numquam quis laudantium excepturi doloremque laboriosam omnis ullam. Et et nobis labore nam. Molestiae in quia sint qui alias ea adipisci laboriosam. Hic eos molestiae molestiae suscipit ratione et aliquam. Et fugit aut nam quo accusamus cupiditate.', '2025-02-16 07:19:28', '2025-02-16 07:19:28'),
(606, 606, 'ar', 'Willy Bahringer DDS', 'willy-bahringer-dds', 'Nisi ipsa animi omnis eius ex repudiandae nihil. Voluptatum recusandae ducimus natus cupiditate et.', 'Sint reiciendis soluta quae. Voluptate id autem voluptate officiis a eaque deleniti. Eos aut alias qui quibusdam reiciendis optio ea. Qui ad et impedit.', 'Prof. Silas Weber III', 'Qui quo rerum suscipit. Omnis non et sunt laboriosam doloribus officiis. Accusamus esse cum est molestiae expedita blanditiis est. Consequuntur velit et praesentium architecto aperiam quas.', 'Velit et odit rem. Omnis ex possimus a ratione labore fuga amet nihil. Suscipit dolores qui pariatur et ipsum quas beatae dolorem. Libero ex quae autem aut blanditiis aut nobis.', '2025-02-16 07:19:28', '2025-02-16 07:19:28'),
(607, 607, 'ar', 'Ted Toy DVM', 'ted-toy-dvm', 'Non quia omnis nemo enim quae nulla. Asperiores libero iusto repudiandae qui velit mollitia pariatur voluptate. Voluptatem suscipit ut quasi veniam expedita. Laboriosam est fugiat qui qui quibusdam aut adipisci quis.', 'Modi beatae ipsa ut dolore mollitia cum quia. Est est sed libero. Delectus est quisquam deserunt asperiores et possimus.', 'Dr. Hermann Hamill II', 'Et ut in similique ea. Incidunt sunt aperiam aut voluptatibus ducimus ab ipsa est. Labore non sapiente eius architecto qui in nihil. Eos aut eum tempore libero ea vel magni.', 'Voluptate voluptates qui aliquam sit quas aspernatur. Sit omnis sit dolores eligendi voluptatem sit. Vitae voluptatem et dolorum quibusdam aspernatur perferendis nisi error. Explicabo enim et est et a.', '2025-02-16 07:19:28', '2025-02-16 07:19:28'),
(608, 608, 'ar', 'Quinton McDermott', 'quinton-mcdermott', 'Repellat delectus vitae et quasi id. Iusto voluptas debitis cumque et. Qui sit dolorem veniam illo ea omnis vitae placeat.', 'Et velit id doloribus at velit ullam culpa. Quo quia aliquid itaque officiis est corrupti hic. Nostrum qui ut quia ut quam inventore quo.', 'Therese Connelly', 'A numquam ea corrupti eum hic dolorem nisi sint. Et nulla non animi iure. Omnis consequuntur minus tenetur voluptatibus.', 'Perspiciatis sunt dolor temporibus nobis beatae commodi. Facere repellat non asperiores vero fuga. Et modi dolores quis provident vitae nulla labore. Occaecati fugiat illum natus iure.', '2025-02-16 07:19:28', '2025-02-16 07:19:28'),
(609, 609, 'ar', 'Dora Yundt', 'dora-yundt', 'In velit voluptatem unde doloremque ut necessitatibus. Eaque iste aut sunt rerum. Odit eos aut earum vel quidem odit sunt.', 'Rem fugiat quod et ut. Et nam voluptatem rerum ut et reprehenderit assumenda. Illum nobis expedita alias consequuntur veniam dolore asperiores.', 'Nyasia Boyle', 'Magnam ea doloremque aliquam consequatur. Dolorem voluptates autem officiis explicabo velit itaque recusandae. Voluptatibus incidunt qui eveniet consequatur odit nesciunt.', 'Ab qui ad harum impedit occaecati. Velit provident perspiciatis velit fuga. Sed dolor ex dolor quidem quis cupiditate.', '2025-02-16 07:19:28', '2025-02-16 07:19:28'),
(610, 610, 'ar', 'River Denesik V', 'river-denesik-v', 'Sit culpa harum ut enim. Unde enim voluptatum et assumenda dolor explicabo suscipit. Quo dolor ut voluptatem non voluptas. Pariatur et odio consequatur eos accusantium fugit in labore.', 'Rerum quia quod tempora sint culpa officiis eveniet. A pariatur adipisci molestiae nisi adipisci. Ipsam harum tenetur et quia aut ut.', 'Dr. Chanel Gleason', 'Ut excepturi fugit dolore in reprehenderit in. Aliquam accusamus quas aut aut aut culpa quaerat autem. Et minus aperiam minima commodi perspiciatis laboriosam.', 'Et atque et sed natus. Autem molestiae vitae quia. Non quia corporis ut provident culpa rerum sapiente animi. Voluptatem eius expedita quia enim tempora eos voluptas qui.', '2025-02-16 07:19:28', '2025-02-16 07:19:28'),
(611, 611, 'ar', 'Colton Hoppe', 'colton-hoppe', 'Illo debitis accusantium incidunt laboriosam ea enim. Voluptatum dicta doloremque voluptas eius suscipit fugit perferendis. Voluptas molestiae dolorum incidunt id.', 'Commodi et ipsam rem et. Unde accusantium ut adipisci nihil sint tenetur qui. Ut veniam laboriosam molestiae odit non. Ex consequatur voluptatem corrupti et nam.', 'Torrance Bauch', 'Autem nisi beatae officiis inventore enim. In laudantium consequuntur voluptatem et. Sunt voluptatibus ad nostrum dignissimos. Est consequuntur consequatur pariatur voluptas quo.', 'Sint id nobis accusantium reprehenderit non quibusdam nulla. Velit enim voluptatem quisquam quas libero est quis. Dolores voluptatibus animi dignissimos ut deleniti. In adipisci et provident ipsum optio itaque.', '2025-02-16 07:19:28', '2025-02-16 07:19:28'),
(612, 612, 'ar', 'Bennett Fay', 'bennett-fay', 'Rerum qui eligendi est et illum et. Error consequatur ea sint eos. Ea dolorum ipsam a sint sed dolorum.', 'Tempore qui vel rerum facilis. Reiciendis saepe mollitia voluptatem nihil optio. Deleniti hic quo voluptas consectetur ex.', 'Mrs. Lelah Hyatt', 'Laudantium temporibus impedit itaque eius. Aliquid sed molestiae temporibus deleniti eligendi velit et voluptatem. Omnis ut delectus dignissimos delectus. Veritatis qui unde cupiditate.', 'Vel ad dolor ullam illum eius provident illum. Vel tenetur sed enim dolores ullam eum tempore. Vitae nostrum amet est hic. Eum dolore id totam et ea.', '2025-02-16 07:19:28', '2025-02-16 07:19:28'),
(613, 613, 'ar', 'Hertha Corwin', 'hertha-corwin', 'Ut vitae libero enim et voluptatum numquam earum. Rerum voluptas quidem in ipsum placeat veritatis consequatur. Ea perferendis necessitatibus rerum ut.', 'Aut maxime id recusandae ratione impedit totam adipisci dolor. Ut aut earum excepturi velit qui quisquam fugit. Tempora recusandae aut dolor nesciunt veritatis ut.', 'Mr. Lowell Dietrich V', 'Officiis et perferendis fugit alias. Quod ipsum est temporibus nobis accusantium. Quasi assumenda eaque quia neque eum delectus beatae.', 'Id sed autem aut. Pariatur quo vel harum et aspernatur voluptatem consequuntur. Odit et ratione suscipit ut numquam. Ab quas reprehenderit accusamus omnis mollitia dolorum.', '2025-02-16 07:19:28', '2025-02-16 07:19:28'),
(614, 614, 'ar', 'Corene Reichert', 'corene-reichert', 'Fugit ex veritatis qui voluptas. Qui eos repellendus tempora. Animi quo temporibus at sit quaerat.', 'Laborum nemo quia et perferendis aut error amet. Sunt amet illum et. Eligendi aut dolore suscipit sed fugit itaque culpa incidunt.', 'Dr. Gaylord Graham Sr.', 'Impedit quasi consectetur voluptatem qui facere. At eligendi culpa quo nemo quisquam magni. Animi amet hic quis blanditiis. Ullam praesentium qui laboriosam beatae possimus rerum.', 'Ut enim est alias labore suscipit velit et. Eligendi debitis quos et rerum quia quia autem. Perferendis rerum error officia suscipit delectus animi. Unde accusamus id doloremque ut.', '2025-02-16 07:19:28', '2025-02-16 07:19:28'),
(615, 615, 'ar', 'Orlo Ledner', 'orlo-ledner', 'Sint eaque voluptate ullam corporis inventore. Modi repellat et non voluptatem aut fugiat nemo. Non voluptas temporibus aut porro dolore.', 'Beatae nam rerum est explicabo. Exercitationem repellendus aut veritatis eum.', 'Dr. Joshua Turcotte V', 'Enim voluptatum necessitatibus sed accusamus et magni sed quos. Ut molestiae dicta delectus ipsam id aperiam. Expedita et reiciendis non quod deserunt omnis et.', 'Placeat odio quam adipisci pariatur. Ab eum perspiciatis et dolorem. Voluptatem sed sed veritatis ab unde.', '2025-02-16 07:19:28', '2025-02-16 07:19:28'),
(616, 616, 'ar', 'Lydia Effertz', 'lydia-effertz', 'Eveniet officia quam unde repellendus sit ea vel. A adipisci consectetur exercitationem eum quae rerum. Enim blanditiis voluptatem quos veniam eveniet dolorem sapiente sit.', 'Perspiciatis cum quam quia non explicabo eum iusto. Blanditiis perferendis voluptatum facere enim nulla error. Eum ut ducimus vitae minus eos.', 'Evalyn Johnston', 'Enim sequi officiis sed facilis provident nemo. Voluptates fugit voluptatem modi consectetur vel nihil quo vitae. Officiis voluptatibus blanditiis deserunt repudiandae et ut quam impedit.', 'Possimus similique est eum. Dicta sint facere eius voluptatem provident culpa debitis. Doloremque qui hic sed quod quia eos sed quisquam. Quaerat illum autem in.', '2025-02-16 07:19:28', '2025-02-16 07:19:28'),
(617, 617, 'ar', 'Gust Nienow', 'gust-nienow', 'Doloremque commodi magni quia deleniti eius eaque. Nobis consequatur dolorum porro sed blanditiis. Deleniti et neque consequatur non tempore cumque. Reprehenderit enim voluptatem quibusdam dicta.', 'Adipisci non quia distinctio excepturi aliquid mollitia. Amet temporibus et fugit aut at. Numquam omnis earum laborum saepe aliquid pariatur iure. Maiores iusto quasi consequatur itaque.', 'Gwendolyn Ryan DDS', 'Aspernatur cupiditate non ea culpa. Velit eius tempore quae maiores sint quis illum. Omnis minus animi qui dolorem aliquid et aut at.', 'Minima velit rerum non sint. Suscipit vitae ipsam magnam quasi voluptas quis. Error sit quia in rerum voluptatem.', '2025-02-16 07:19:28', '2025-02-16 07:19:28'),
(618, 618, 'ar', 'Miss Ivory Hoeger DDS', 'miss-ivory-hoeger-dds', 'Pariatur sit perspiciatis ex maxime architecto cupiditate. Quas fugiat explicabo consectetur dolorem molestiae et. Architecto et perspiciatis ab eos similique natus ullam consectetur.', 'At vitae accusamus aperiam totam. Itaque illo dolores iste ut labore.', 'Audie Altenwerth', 'Quo cumque vel eaque temporibus sapiente. Officia quo nam molestias quod recusandae sint iusto. Nihil dolor alias nam accusamus ipsam.', 'Qui eum amet error esse. Et assumenda recusandae in animi eum. Odio cumque occaecati sit ut ex. Nihil ducimus illum explicabo autem fugiat. Fuga nobis autem natus qui officia non.', '2025-02-16 07:19:28', '2025-02-16 07:19:28'),
(619, 619, 'ar', 'Prof. Antwon Kutch', 'prof.-antwon-kutch', 'Facere neque fuga voluptatem corrupti earum ab id. Consequatur quo natus quia necessitatibus voluptas dolorem. Voluptates quis officiis tempora quas sint sint qui.', 'Impedit iure quo nisi et aut repellendus. Nisi sit sunt architecto esse omnis sint ea. Dolor sed nihil eum soluta est necessitatibus. Quaerat voluptatem consequuntur provident possimus aperiam nihil recusandae. Velit cumque assumenda ab est asperiores dolores.', 'Lois Fay', 'Rerum iste ratione voluptate animi. Quidem magni soluta velit id non occaecati minus. Laboriosam fuga quasi asperiores fugit et. Quisquam nobis rerum facere vitae.', 'Ea rerum similique dolorem tenetur quia veritatis est. Adipisci dignissimos magni dolore distinctio dolores iusto. Placeat animi ut adipisci et ad aspernatur. Explicabo quia molestiae inventore nostrum et aliquid soluta.', '2025-02-16 07:19:28', '2025-02-16 07:19:28'),
(620, 620, 'ar', 'Blaze McLaughlin', 'blaze-mclaughlin', 'Quasi est consequuntur et voluptatem aut tenetur quaerat minima. Quis cupiditate quo provident laborum. Voluptas velit corporis quisquam ut cumque culpa.', 'Est quaerat officia a adipisci. Dolores quia quas aut consequatur suscipit et. Voluptatem fuga aliquam itaque et expedita dolores non. Molestiae reprehenderit repellat soluta quis fugit voluptatem qui dolor.', 'Mr. Hunter Rodriguez', 'Quis et saepe omnis quam suscipit fugiat. Sint aut in atque exercitationem consequuntur enim quidem. Deleniti alias debitis rerum sed exercitationem quam.', 'Sint voluptatibus alias consequuntur voluptatum perspiciatis doloremque. Non cum harum enim dolorem atque in sunt laboriosam. Facilis repellat autem velit illo qui maxime inventore.', '2025-02-16 07:19:28', '2025-02-16 07:19:28'),
(621, 621, 'ar', 'Mr. Laurel Cronin DVM', 'mr.-laurel-cronin-dvm', 'Et qui libero inventore vitae culpa dolorem. Ratione cupiditate porro aspernatur autem ratione. Et voluptatem numquam nesciunt cumque quos et dolores. Rerum ipsa libero qui modi quia nam. Est et cupiditate ipsa totam omnis earum.', 'Doloremque quos dolore quae officiis illo. Unde nobis rem vel tempora. Voluptatibus cum qui omnis porro qui aut et. Vel eaque aut optio officiis.', 'Alanna Keebler', 'Sint incidunt libero ducimus maxime nihil provident inventore. Dicta similique vel quaerat ea. Qui natus itaque non quaerat explicabo.', 'Id aut earum similique non et error architecto. Quia repudiandae voluptatem ipsa iure cumque. Sint doloremque totam ipsa ea quasi tenetur libero. Possimus incidunt autem enim dolores ratione molestiae.', '2025-02-16 07:19:28', '2025-02-16 07:19:28'),
(622, 622, 'ar', 'Anne Sawayn', 'anne-sawayn', 'Quisquam blanditiis eveniet repellendus beatae deleniti aut dolorum ut. Sequi magni omnis voluptates rerum omnis blanditiis. Dolor non neque incidunt corporis est ipsum.', 'Voluptatem provident et temporibus. Assumenda a hic reiciendis sit. Ipsam facere alias animi ducimus sed enim alias. Blanditiis non ut aliquid aut.', 'Mr. Erik Grant IV', 'Ea corrupti ipsum reiciendis qui occaecati exercitationem et. Recusandae autem reprehenderit facilis facere dolor quae. Et autem temporibus itaque temporibus unde quasi. Exercitationem enim autem cupiditate omnis commodi.', 'Doloremque harum eum tempore suscipit eveniet. Ut dolorum magnam quibusdam. Ea voluptatem iusto quo quia dicta sunt cumque.', '2025-02-16 07:19:28', '2025-02-16 07:19:28'),
(623, 623, 'ar', 'Eva Eichmann', 'eva-eichmann', 'Dolore vitae et ut rem atque asperiores. Nulla velit assumenda a temporibus est minima. Iusto ad inventore molestiae ex aliquam architecto. Omnis sunt quisquam sed quibusdam corrupti officia. Earum laudantium eos non provident iure.', 'Asperiores qui aut rerum omnis atque. Possimus exercitationem culpa minima quidem incidunt. Tempora neque sequi necessitatibus ad molestiae aut.', 'Caleb Towne', 'Vel aspernatur officia minus explicabo saepe laudantium magnam eum. Praesentium dicta et non occaecati expedita omnis. Voluptates hic molestias qui perspiciatis aut ea eius. Unde nisi voluptatem beatae nobis officia autem.', 'Consequuntur at eum libero ut assumenda excepturi. Voluptatem illum et pariatur blanditiis repellat voluptatum. Placeat reprehenderit quos unde quos. Laudantium officia nobis animi consequatur.', '2025-02-16 07:19:28', '2025-02-16 07:19:28'),
(624, 624, 'ar', 'Dr. Hans Lindgren', 'dr.-hans-lindgren', 'Et ut aspernatur nobis repellendus architecto mollitia omnis. Odit minus aperiam impedit sequi dolorem enim dolor. Perferendis ab porro voluptatem odio et voluptas.', 'Explicabo debitis repellendus aliquam aperiam modi culpa. Non omnis provident beatae. Omnis officia voluptatem explicabo enim quibusdam quae.', 'Dr. Ottilie Lowe', 'A aut dolores incidunt natus. Nostrum aperiam sequi rem blanditiis fuga voluptatem iste ut. Ipsa in repellendus et ipsum blanditiis quas.', 'Ipsam et sit mollitia ut vel aut et nobis. Voluptas dignissimos provident molestiae sunt sint et quasi minus. Vero architecto fugiat eveniet non qui molestias.', '2025-02-16 07:19:28', '2025-02-16 07:19:28'),
(625, 625, 'ar', 'Willis Muller', 'willis-muller', 'Et aliquid et voluptatem. Incidunt velit aspernatur neque cupiditate illum quis nisi. Repudiandae fugiat aut rerum.', 'Fugiat quos similique nostrum voluptatum doloribus omnis. Corporis quia assumenda et sed repudiandae. Voluptatibus tenetur optio velit aut ipsam. Omnis aut id rerum rerum.', 'Cleve Dickinson', 'Error temporibus laboriosam et molestias corrupti. Voluptate magni qui aut quo nesciunt qui. Quia labore illum amet quo.', 'Nihil est rerum molestiae sunt voluptates aspernatur quisquam. Doloremque autem labore harum iusto. Et et fugit voluptatem pariatur id.', '2025-02-16 07:19:28', '2025-02-16 07:19:28'),
(626, 626, 'ar', 'Prof. Carter Moen', 'prof.-carter-moen', 'Animi nostrum repudiandae consequatur in. In ea maxime impedit natus atque ut. Iusto nulla assumenda voluptas voluptatem error ut. Ea doloribus aut dicta qui voluptates ipsam qui.', 'Quaerat consequatur nisi et mollitia illum inventore. Similique est vitae blanditiis nesciunt facilis aut suscipit. Cumque modi odio cum. Iste iure et consequatur harum quisquam voluptatem ullam sunt.', 'Karson Hodkiewicz', 'Magnam veritatis impedit quia voluptatum et omnis qui ducimus. Esse ipsa consequatur debitis voluptas ut amet. Et unde consectetur aliquid illo aliquam aut alias illo. Excepturi sed voluptatem libero aut dolor aliquid.', 'Fugit fugit voluptas eos recusandae ullam voluptas vel. Laborum quidem omnis ea numquam quia ut odit. Aut eaque numquam est et iure dicta. Dolorem quibusdam rerum et sequi illum.', '2025-02-16 07:19:28', '2025-02-16 07:19:28'),
(627, 627, 'ar', 'Carmela Boyer', 'carmela-boyer', 'Expedita fuga ea voluptatem quam voluptatem rem repellat. Qui nulla sunt aut. Sed facilis accusantium accusamus aut dolor.', 'Nisi iure et aperiam qui et recusandae odit. Rem blanditiis necessitatibus fuga veritatis consectetur. Nemo sit voluptatem accusamus sit quia aut est saepe. Perferendis voluptate accusamus ea occaecati similique voluptas.', 'Max Tremblay', 'Omnis error nobis dolores voluptates. Tenetur voluptas vitae omnis suscipit nemo. Debitis et doloremque id veritatis magnam ut eos. Fugit iure ut totam et.', 'Ad consequatur quis enim modi corporis. Cupiditate et numquam quod quos ut. Sint ab omnis perferendis sit. Debitis in numquam consequuntur quam est debitis.', '2025-02-16 07:19:28', '2025-02-16 07:19:28'),
(628, 628, 'ar', 'Dr. Demetrius Kunde MD', 'dr.-demetrius-kunde-md', 'Unde voluptatibus culpa dolorem nostrum iure eaque. Dolorem recusandae fuga reprehenderit. Odio dolore error aliquid ipsum. In pariatur reprehenderit in repellendus veniam sit sapiente.', 'Officia quaerat porro quia id fugit ut. Omnis veritatis sint exercitationem quibusdam. Atque quis est adipisci explicabo consequatur non ea molestiae.', 'Eleanore Willms', 'Iste aspernatur id ut nemo voluptatem. Odio quae modi ut est omnis est sunt. Explicabo quibusdam rerum a explicabo est dolor ut voluptas.', 'Odio quia distinctio corporis porro rerum. Et est saepe officiis animi esse delectus ullam. Id quisquam consectetur aliquam quod officiis voluptas dolorem. Voluptatibus velit rerum voluptatem ipsa molestiae aut impedit et.', '2025-02-16 07:19:28', '2025-02-16 07:19:28'),
(629, 629, 'ar', 'Lazaro Collins', 'lazaro-collins', 'Recusandae culpa deserunt cumque quae vel illo. At necessitatibus excepturi illum quae aut ab. Blanditiis ut aut asperiores.', 'Debitis unde est sed sit magni enim vel odit. Voluptate reprehenderit ut rerum odio aut itaque at assumenda. At voluptatem ut id maiores atque. Repudiandae adipisci harum et quisquam id fugit blanditiis.', 'Isobel Altenwerth', 'Autem sed aut quo fuga dolor. Quia dicta consectetur et facere qui necessitatibus blanditiis. Unde iste est quisquam saepe. Quia ratione voluptas non ex est accusamus.', 'Est qui reiciendis laborum et quia et nesciunt. Officiis in voluptatem quis expedita voluptatem ut laudantium. Optio aut adipisci pariatur nisi placeat rerum.', '2025-02-16 07:19:28', '2025-02-16 07:19:28'),
(630, 630, 'ar', 'Loma Nolan', 'loma-nolan', 'Tempore quis aut perferendis harum incidunt occaecati. Aut qui molestiae repellat magni enim dolores nisi. Placeat nam nesciunt sed autem sit cupiditate.', 'Assumenda consequuntur debitis aut quia esse consequatur suscipit. Vel ad nihil a consequatur. Unde ut occaecati velit dolorem qui officiis pariatur.', 'Carroll Ferry', 'Odio optio velit commodi tempora qui iusto. Adipisci dolor ut voluptatem quia consectetur. Dolorum perferendis amet molestiae. Pariatur repudiandae ut nostrum laboriosam culpa praesentium nihil.', 'Odit ex dolorem totam atque velit. Mollitia animi fuga veniam eveniet tempora ut numquam. Dolor quibusdam veniam doloremque voluptatem dolore voluptas veritatis. Laborum qui laborum qui sit corrupti qui.', '2025-02-16 07:19:28', '2025-02-16 07:19:28'),
(631, 631, 'ar', 'Prof. Olin Purdy III', 'prof.-olin-purdy-iii', 'Dolore delectus consequatur provident enim rem fugit ut. Explicabo suscipit sint nam eum. Soluta fugit repudiandae rerum possimus soluta cumque deserunt consequatur. Quae labore ea ullam modi.', 'Velit et atque quibusdam possimus voluptas praesentium atque. Quis corrupti quis iusto. Eum ut dolor sit quia provident esse unde.', 'Mrs. Daniella Hammes IV', 'Ipsam maiores sapiente reprehenderit sapiente ut atque ut non. Numquam a autem doloremque fuga doloribus rem eligendi. Omnis facere sint pariatur deserunt ipsa quibusdam.', 'Accusantium voluptatibus minus quis. Nulla dolores sit occaecati in quos. Voluptatum ipsa dolor blanditiis voluptatem est dolor.', '2025-02-16 07:19:28', '2025-02-16 07:19:28'),
(632, 632, 'ar', 'Easter Thompson', 'easter-thompson', 'A repellendus facilis minus sequi et atque. Asperiores totam eos pariatur alias praesentium nihil. Quasi iste eius est amet et et iusto. Non et ad veritatis. Dolores et ut omnis voluptates ipsa minus.', 'Aspernatur quia consequuntur non ea eveniet sed laudantium. At dolores similique sed. Quia sed ipsa fuga dolores nisi nulla soluta ut. Quasi soluta dolor ex totam maiores sunt eveniet.', 'Dr. Loren Hoppe MD', 'Et quos mollitia eius mollitia. Repellendus expedita occaecati ducimus temporibus esse assumenda ex. Aspernatur culpa error consequatur optio accusantium voluptatum.', 'Atque sed beatae maiores magni minima. Et at fugit voluptas animi voluptatem adipisci. Vel non laudantium mollitia adipisci vero dicta.', '2025-02-16 07:19:28', '2025-02-16 07:19:28'),
(633, 633, 'ar', 'Syble Wilderman', 'syble-wilderman', 'Numquam quae laudantium necessitatibus ab necessitatibus magni. Consequatur consequuntur iste magnam blanditiis.', 'Blanditiis provident aut excepturi consequuntur laboriosam ipsa. Molestias optio et dolorem magnam totam ipsa et. Neque ut nesciunt sunt dolores ducimus similique omnis. Non nostrum velit ex ab unde.', 'Hank Muller', 'Voluptatibus possimus laudantium labore dolorem quia culpa reprehenderit. Asperiores ab est quam est. Debitis sed est facere et illum alias at. Veniam in quia dolor possimus commodi expedita amet.', 'Nemo quas voluptatum amet dolore voluptatem atque ut. Veritatis eum ex et voluptatem. Nostrum voluptatem optio voluptas impedit.', '2025-02-16 07:19:28', '2025-02-16 07:19:28'),
(634, 634, 'ar', 'Madge Shanahan', 'madge-shanahan', 'Officia deserunt repudiandae est molestiae excepturi aut possimus. Eligendi voluptatem veniam aspernatur praesentium rerum minima beatae. Eos id nobis labore facilis.', 'Nihil aliquam rerum aut iste praesentium ut rerum. Non maiores vero quia sapiente deserunt animi. Laboriosam culpa dolorem recusandae officia cum. Laborum illo laboriosam consequuntur fuga ipsa aut dolorem quo.', 'Hank Becker PhD', 'Aut ad quis recusandae doloremque porro et incidunt. Culpa nihil nostrum expedita modi quam. Porro laudantium sunt quo voluptates id necessitatibus et in.', 'Enim unde tempora quia et mollitia nemo fugiat. Repellendus officiis corrupti dolorem illo sapiente saepe eum in. Velit accusantium doloribus quo nihil occaecati quae et. Quia eum necessitatibus dolores. At rem illo tempore quis fugit.', '2025-02-16 07:19:28', '2025-02-16 07:19:28'),
(635, 635, 'ar', 'Aimee Ortiz', 'aimee-ortiz', 'Dolorem porro aut sunt neque quasi modi assumenda ut. Nihil officiis sed aut voluptates. Rerum et porro dolores inventore eligendi sit soluta enim. Eligendi quasi sint sapiente rem fugit sint.', 'Totam excepturi inventore hic quia dolorum facere. Aspernatur optio et repellendus. Tempora officia cum id in sint sunt.', 'Stone Heller', 'Minus mollitia dolorem dignissimos sed aut est magnam. Praesentium soluta culpa cupiditate earum. Et illum laudantium est.', 'Quasi incidunt cumque et ut necessitatibus. Atque voluptatem ut quae. Consequatur at sequi voluptates est natus.', '2025-02-16 07:19:28', '2025-02-16 07:19:28'),
(636, 636, 'ar', 'Jaida McCullough', 'jaida-mccullough', 'Ea neque eius aut odio. Dolorum nemo rerum ut deleniti veritatis. Delectus dolore nesciunt dolor aut. Quaerat voluptas nam veritatis et libero excepturi et. Ea repellendus quasi odit voluptatum dolor aperiam dicta.', 'Autem qui at sed vel rem et voluptates. Eveniet voluptas adipisci dolorem ab facere. Facere neque quidem quis rerum. Maxime enim asperiores facilis doloribus itaque quod aperiam. Velit sit quisquam reprehenderit maiores voluptatibus debitis in.', 'Sister Rau', 'Dicta rerum omnis aliquid quis temporibus. Sunt ea aut fugit. Molestiae quam id incidunt accusamus et beatae dolorem id. Voluptatum deleniti ea temporibus autem debitis quis saepe.', 'Vero dolor assumenda aut et ad maiores. Aspernatur fugiat praesentium quis laborum praesentium tempore. Tempore distinctio porro expedita iure quibusdam eius repudiandae.', '2025-02-16 07:19:28', '2025-02-16 07:19:28'),
(637, 637, 'ar', 'Dr. Adelbert Hyatt', 'dr.-adelbert-hyatt', 'Nam eius hic voluptas. Ea qui est nostrum deleniti dolor consectetur ea. Et voluptas autem modi magni est dolor velit. Nemo sunt blanditiis incidunt aperiam quidem deserunt pariatur.', 'Ex quibusdam tenetur ipsum eos omnis sed maiores enim. Voluptatibus vero reiciendis numquam explicabo vero. Dolorem deleniti pariatur itaque. Nulla aperiam quibusdam officia.', 'Maynard Russel', 'Consequuntur unde magni eum voluptatem dolor dolor voluptatem maiores. Sunt id error quia nisi explicabo molestiae praesentium. Dolorem enim omnis quas quia minima esse facilis impedit. Ut est iusto et inventore.', 'Fugit eos dolores quos voluptas enim consequatur quaerat harum. Quia vitae eligendi sed enim sit. Quidem nobis saepe quia.', '2025-02-16 07:19:28', '2025-02-16 07:19:28'),
(638, 638, 'ar', 'Miss Cierra Beatty III', 'miss-cierra-beatty-iii', 'Voluptatibus rerum consequatur minus consequatur voluptatem. Recusandae natus itaque nulla accusamus et amet. Rerum libero qui velit neque dignissimos provident tempora. Ea ea quasi repellat magni tenetur.', 'Qui eius eum sed deserunt pariatur amet sed. Architecto iste aliquid dicta repudiandae excepturi corporis. Reprehenderit laboriosam fugit sint eos aut possimus quibusdam. Ut sequi nesciunt soluta.', 'Carlos Lubowitz MD', 'Esse voluptatem id omnis consequatur provident. Omnis ipsam omnis exercitationem quaerat deleniti id. Ea animi ut qui corporis eius et. Amet cumque omnis eos.', 'Voluptas eos aliquid debitis voluptas. Id rerum ipsa mollitia. Eum impedit ullam reiciendis temporibus saepe et.', '2025-02-16 07:19:28', '2025-02-16 07:19:28'),
(639, 639, 'ar', 'Dameon Roob', 'dameon-roob', 'Neque ut quo ut eius sit illum. Omnis distinctio natus illum nulla nostrum hic quia. Quia nostrum eos dolore qui id. Ut et ipsum magni molestiae est aut facilis reiciendis.', 'Rerum est blanditiis tempora qui id. Distinctio sint nostrum nihil tenetur. Et dolores et aut perferendis aperiam consequatur nesciunt placeat.', 'Beryl Okuneva', 'Quos et quo velit ab placeat. Qui consequuntur est aut et magnam consequatur. Quis consectetur quam eos aliquid accusamus odit. Velit inventore numquam aliquid sit omnis ea. Inventore quas et consequatur quasi quasi illo.', 'Aliquam rerum ullam sint ex voluptatem at. Dolorum autem accusantium aperiam harum. Cupiditate doloribus ratione necessitatibus quia omnis.', '2025-02-16 07:19:28', '2025-02-16 07:19:28'),
(640, 640, 'ar', 'Marlin Rau', 'marlin-rau', 'Id architecto quaerat earum doloremque voluptatibus. Ratione aliquid voluptate ut minus non eveniet consequuntur. Et fugiat pariatur vel hic assumenda non.', 'Sequi a sed maiores eaque necessitatibus. Minus sunt blanditiis blanditiis hic eos doloremque enim rerum. Sit commodi dolores laboriosam est laborum ducimus. Beatae aut eveniet placeat sint.', 'Waldo Swaniawski', 'Ipsa suscipit similique a et eius dolorem. Labore voluptas consequuntur doloribus placeat. Qui voluptatem harum rerum ut aliquid eveniet fugit. In laudantium non ut voluptas aut voluptas. Nesciunt et et debitis et nihil.', 'Neque sed sed odit maiores quae in sunt quia. Aliquam minima omnis et velit esse eveniet sit. Modi numquam consequatur mollitia corrupti dolore. In aliquam ut omnis dolorem qui qui ab reiciendis.', '2025-02-16 07:19:28', '2025-02-16 07:19:28'),
(641, 641, 'ar', 'Sadye Walter IV', 'sadye-walter-iv', 'Hic ad amet nulla ut et. Sed quia magnam placeat excepturi. Molestiae sed atque perferendis consequatur est dolorum impedit. Expedita quam nemo et unde unde.', 'Illo est sequi vel nihil animi sed. Veritatis consequatur voluptates nostrum.', 'Harrison Marquardt', 'Magni exercitationem non consequatur vero voluptates quia et. Blanditiis enim quo blanditiis dolores. Facilis in quia qui sit laboriosam odio nihil.', 'Itaque accusamus qui aut itaque incidunt. In nemo et tempore. Sint aut culpa facilis velit libero et nam.', '2025-02-16 07:19:28', '2025-02-16 07:19:28'),
(642, 642, 'ar', 'Mr. Reuben Leuschke', 'mr.-reuben-leuschke', 'Rerum dolore sunt quos dolores magnam. Amet dolorum voluptatem ut ipsam quia. Possimus sint laudantium veritatis vel. Eius sint eos repudiandae dolorem deleniti.', 'Repudiandae quia aliquam eos provident. Voluptatem sint atque omnis. Vel iure magnam quo aliquid voluptas.', 'Enola Gerhold', 'Error totam totam iusto voluptatem accusamus eum. Saepe pariatur ullam iusto eius magnam repellendus. Ea eligendi magnam repudiandae qui natus. Quidem ipsa enim sit hic. Earum et quibusdam voluptas nulla.', 'Natus non praesentium corrupti velit quis. Quo illum eligendi laboriosam possimus esse. Excepturi sint asperiores numquam omnis vero sint et et. Ab eius veniam qui est.', '2025-02-16 07:19:28', '2025-02-16 07:19:28'),
(643, 643, 'ar', 'Nicholaus Tillman', 'nicholaus-tillman', 'Voluptatem quidem temporibus tenetur est aliquid. Quo ex nobis pariatur quibusdam in voluptatum fugit. Ut error repudiandae inventore minima placeat deleniti. Et omnis non vitae qui deserunt tempore dicta aut.', 'Sapiente omnis nostrum ipsa sint. Iure porro ex temporibus eum qui aut et. Doloribus sapiente alias voluptatem ipsa. Magni dolor eius repellat sed.', 'Pink Lynch V', 'Quia est aut assumenda dignissimos maxime. Vel qui eveniet tempora beatae unde omnis vel. Ad excepturi asperiores dicta ut officia rerum.', 'Nemo ut quidem reiciendis deleniti et dolorem. Sunt illo eum temporibus ipsum. Quo ipsam accusantium ipsum sed nulla. Voluptas dolorem in nesciunt porro debitis expedita qui voluptatem.', '2025-02-16 07:19:28', '2025-02-16 07:19:28'),
(644, 644, 'ar', 'Carolyn Weber', 'carolyn-weber', 'Necessitatibus provident occaecati veritatis quas ipsum quis. Recusandae non id voluptatem repellendus sint. Labore ullam provident velit adipisci praesentium animi aliquam maiores.', 'Nihil et sint mollitia itaque fugiat. Labore maxime sunt ullam ea vel. Qui qui ad perspiciatis non inventore dolore aspernatur. Assumenda et facere culpa et ut placeat similique aut.', 'Geoffrey Leannon', 'Facere repellat praesentium temporibus non. Molestiae temporibus a sed debitis magni aperiam. Qui ut perferendis alias distinctio numquam.', 'Sint similique sint harum nulla possimus minus. Corporis ullam asperiores vel neque iusto omnis. Saepe quia natus qui. Expedita dolor voluptas hic.', '2025-02-16 07:19:28', '2025-02-16 07:19:28'),
(645, 645, 'ar', 'Octavia Crist', 'octavia-crist', 'Sed dolores et ipsa culpa est praesentium. Quos quo impedit autem impedit quia autem aut. Repudiandae expedita debitis optio aut enim. Ut repellat excepturi ut quia cupiditate vitae est iste.', 'Ut ex voluptatem ducimus repudiandae. Minus est est omnis accusamus quaerat. Iure eaque assumenda corporis consequuntur. Doloribus et aut modi. Quis recusandae dolore sint illo.', 'Jaqueline Kirlin IV', 'Vero tempore aut eum qui. Iste nihil numquam molestiae consequatur fugiat quisquam. Eos dolores ut et corporis commodi aut. Atque aut minus harum dolores deleniti. Qui facere alias enim.', 'Recusandae rem vero consectetur. Et qui ipsam provident inventore. Et laudantium quo odio architecto et. Soluta non soluta doloribus at nihil culpa non.', '2025-02-16 07:19:28', '2025-02-16 07:19:28'),
(646, 646, 'ar', 'Jairo Bailey', 'jairo-bailey', 'Tempore itaque aut et enim hic inventore deleniti. Enim enim quia error. Qui enim delectus sit qui architecto quam. Sapiente fugiat veniam autem.', 'Voluptatem autem vero aspernatur blanditiis blanditiis. Voluptatum nisi vel quae dolore harum iure. Voluptates et qui facere.', 'Mrs. Rachelle Hodkiewicz', 'Nemo doloremque iure sed velit corrupti voluptatum occaecati. Est deleniti molestiae quis ut voluptatem minima. Molestias possimus ut aut id. Recusandae sint nam voluptas ratione.', 'Vel consequatur excepturi aspernatur quibusdam. Commodi autem aut dolorem architecto dolor sit aut. Voluptas ut cumque rem consequatur.', '2025-02-16 07:19:28', '2025-02-16 07:19:28'),
(647, 647, 'ar', 'Miss Dasia Huels Sr.', 'miss-dasia-huels-sr.', 'Corrupti vitae eum reprehenderit. Et quisquam facere laborum consequatur sint. Perspiciatis et et quaerat.', 'Impedit rerum rerum autem. Eveniet voluptatibus a voluptatem ullam porro. Voluptas dolores molestiae in facere vero ratione animi. Quis optio quis ut dolor doloribus veniam. Beatae sunt rem voluptates est amet.', 'Lucious Hayes', 'Dolor et id quis. Modi repudiandae odit illo vero libero assumenda pariatur veritatis. Consectetur suscipit quasi molestiae id accusamus tempore perspiciatis.', 'Optio qui odit et ipsum animi. Necessitatibus et nesciunt aut velit sunt aut quaerat. Numquam ea autem qui quas ipsum. Quia porro mollitia optio delectus aut assumenda.', '2025-02-16 07:19:28', '2025-02-16 07:19:28'),
(648, 648, 'ar', 'Karli Johnston PhD', 'karli-johnston-phd', 'Voluptatem est aut laudantium ut est ut nihil minus. Adipisci saepe odio optio fuga provident est. Sint reprehenderit error voluptas perferendis quo.', 'Saepe quas aut quisquam nobis enim ut est blanditiis. Accusantium ut aut quo adipisci harum facere. Iusto ut ipsa et vitae minima reprehenderit est. Deleniti nisi esse animi perferendis.', 'May Yost', 'Occaecati qui minus libero sed ipsa molestias sit quia. Natus praesentium suscipit qui. Omnis dignissimos rem illo ratione accusantium. Aut quis impedit voluptas a.', 'Minima exercitationem eos et illum repellat ratione sunt. Repellat veritatis eum voluptas ea rerum vero. Ea aperiam iste velit. Sint est natus rerum consequuntur accusamus similique voluptatem.', '2025-02-16 07:19:28', '2025-02-16 07:19:28'),
(649, 649, 'ar', 'Declan Kuphal', 'declan-kuphal', 'Impedit rerum sed dolores ab pariatur consequuntur harum eum. Sapiente ab est dolores nesciunt et laudantium totam. Est officiis veniam ea qui qui consequuntur illo itaque. Culpa adipisci facere aut eum dolor quae.', 'Ducimus nemo cum nam voluptatem eum quisquam facilis adipisci. Et asperiores ut ex explicabo expedita similique. Aut in dignissimos dignissimos aperiam. Quam odit similique fuga vel nam explicabo autem at.', 'Kaylin Schaden', 'Facere eaque voluptatem et in in iusto. Nemo rerum ab ut consequatur non rerum. Quia qui nisi aut quia.', 'Dolores in omnis quis tempora ea. Eum modi numquam est ad doloribus ut adipisci. Dolore vitae ratione eaque repellendus soluta minus ut rerum. Molestias molestiae adipisci consequatur ut.', '2025-02-16 07:19:28', '2025-02-16 07:19:28'),
(650, 650, 'ar', 'Rahsaan Streich', 'rahsaan-streich', 'Non iusto et eos modi incidunt et quam atque. Officia iure culpa dolor perspiciatis occaecati nihil.', 'Sit voluptates sunt libero repudiandae sit. Laudantium velit sit et exercitationem.', 'Mariane Keeling DDS', 'Et maiores ut eligendi. Aperiam ea maiores illo consectetur quia dolores quas. Mollitia expedita aliquid sed rerum cum voluptas.', 'Sed unde eligendi omnis maxime autem fugit. Enim earum ad facere est qui inventore. Aut accusamus repellendus voluptatem molestiae praesentium impedit unde.', '2025-02-16 07:19:28', '2025-02-16 07:19:28'),
(651, 651, 'ar', 'Lewis Schuster', 'lewis-schuster', 'At enim qui a. Recusandae vel molestiae numquam debitis voluptatem impedit. Quibusdam animi quia illum. Soluta deserunt adipisci exercitationem iusto et dolor reiciendis.', 'Minus et sed ut non nobis expedita. Expedita quidem est non non possimus. Voluptates ea voluptatum nemo perspiciatis qui rerum. Pariatur atque a suscipit accusamus qui dignissimos. Suscipit aliquid molestiae est molestiae.', 'Osvaldo Kris', 'Itaque et qui nemo ab architecto voluptate. Temporibus a esse doloremque molestias repellat soluta. Quis aut non et amet odio.', 'Repudiandae unde et recusandae sunt excepturi. Provident necessitatibus ut enim error. Sunt non consequatur facilis nobis atque officia officiis.', '2025-02-16 07:19:28', '2025-02-16 07:19:28'),
(652, 652, 'ar', 'Cooper Medhurst', 'cooper-medhurst', 'Eum veritatis reprehenderit saepe et ipsum perspiciatis voluptatem facere. Laudantium dolor non eius tempore ipsam. Ut error dicta ipsa officia excepturi debitis.', 'Doloremque saepe inventore voluptatum repellat. Impedit dolorum rem et minima itaque. In minus tenetur quia officiis autem ut voluptatem.', 'Colton Boyle PhD', 'Consequuntur numquam aspernatur voluptatem iste veritatis id. Doloremque ut omnis voluptatum nostrum. Eveniet nisi sint tempore possimus.', 'Voluptatem aut distinctio repellendus. Aut dolor dolorum iste qui qui fuga.', '2025-02-16 07:19:28', '2025-02-16 07:19:28'),
(653, 653, 'ar', 'Prof. Mike Ebert', 'prof.-mike-ebert', 'Minus modi architecto velit amet. A dicta voluptates enim suscipit. Animi distinctio tempore eum voluptate id vitae. Ipsam repellendus omnis et dolorem vitae.', 'Qui impedit qui quasi ea eum. Sequi et dolor aut omnis voluptatem nesciunt et.', 'Dr. Matilda Smitham II', 'Voluptatem vitae temporibus facere saepe molestiae nihil. Omnis id qui consequatur atque similique iusto. Accusantium repellendus non est sit labore excepturi. A pariatur aut repudiandae ipsum qui rerum aut.', 'Et nemo blanditiis deleniti architecto. Consequatur ex sapiente in aut est. A non aut et est qui. Pariatur sunt aliquam est saepe non qui quia.', '2025-02-16 07:19:28', '2025-02-16 07:19:28'),
(654, 654, 'ar', 'Cicero Gaylord DDS', 'cicero-gaylord-dds', 'Eligendi harum est omnis. Sit deleniti aliquid sint qui. Est commodi odio nihil molestiae odio neque.', 'Quo sint perspiciatis ab quia consequuntur sit tenetur. Rerum magni culpa asperiores aut aut consequatur. Veritatis ipsum quam debitis et sit sunt consequatur eius. Veritatis accusantium quos ea molestiae.', 'Natalia Beahan', 'Doloremque dicta voluptas eaque. Aut at sit vero eligendi saepe. Facilis delectus quia debitis animi sequi eligendi.', 'Et consequatur dolorem ducimus quia ullam quibusdam tempore id. Ratione deserunt fugit inventore iure saepe molestias. Impedit autem excepturi natus aspernatur. Mollitia sequi ut rerum et quaerat nobis voluptatibus.', '2025-02-16 07:19:28', '2025-02-16 07:19:28'),
(655, 655, 'ar', 'Francisco Roob', 'francisco-roob', 'Nesciunt qui eos eum autem ipsum quis et ut. Ut laboriosam porro provident architecto et ullam. Sed soluta commodi dolor ut non enim.', 'Impedit aut est voluptatem quibusdam. Debitis vel voluptas voluptatum ea omnis est nobis exercitationem. Veniam dolor repudiandae voluptatem perspiciatis. Autem iure ut et sapiente porro ut ut.', 'Ms. Adela Corkery', 'Sed aut magnam rem quasi non. Veritatis nisi aut et distinctio quia laudantium. Eos modi repellendus temporibus asperiores perferendis earum facere deleniti. Magnam aut quo maiores.', 'Non officiis et omnis magnam ex. Repellendus rerum non enim quia. Labore quos aut similique consequatur corporis. Ut sequi est earum est aut.', '2025-02-16 07:19:28', '2025-02-16 07:19:28'),
(656, 656, 'ar', 'Octavia Goyette', 'octavia-goyette', 'Consequatur et laboriosam aut perferendis. Nihil qui odio dolore officia maxime. Tempora modi vel dolor illum earum.', 'Tenetur et molestiae molestiae vel id. Aut repudiandae nesciunt deserunt perferendis nisi qui. Labore est molestiae voluptatum eum consectetur neque sit expedita. Quidem id officia sequi totam incidunt et cumque aut. Officia id aperiam placeat laboriosam accusantium quaerat.', 'Shanon O\'Keefe', 'Modi ipsam deserunt ducimus ex repudiandae quaerat. Accusamus esse consectetur necessitatibus dolorem officia et. Sit excepturi vel ut sit tempore deleniti nostrum.', 'Omnis quis eos sunt occaecati iusto ut accusamus assumenda. Vitae est temporibus itaque harum labore. Quis provident aut accusantium rerum ut cumque.', '2025-02-16 07:19:28', '2025-02-16 07:19:28'),
(657, 657, 'ar', 'Marina Kuhic', 'marina-kuhic', 'Earum distinctio eaque iste libero totam sequi quo. Odio quibusdam ipsum tenetur mollitia dolorum repellat. Est molestiae officia dolor est et dolores non. Vel perspiciatis molestias ipsam non nisi.', 'Consequatur fugiat ipsam quam non. Qui assumenda nobis odit aut. Dicta ex tenetur sint. Ratione fugit provident voluptatem corrupti consequatur reiciendis.', 'Beth Cremin', 'Eaque recusandae fuga assumenda voluptatem. Earum doloremque sequi itaque eius nesciunt minus blanditiis distinctio. Et dolorem eos perspiciatis laboriosam ut.', 'Expedita minima consequatur provident non. Eligendi deleniti mollitia dignissimos animi nostrum. Animi recusandae ea debitis.', '2025-02-16 07:19:28', '2025-02-16 07:19:28'),
(658, 658, 'ar', 'Kaci Krajcik', 'kaci-krajcik', 'Consequatur aut repudiandae et quos quos nemo nostrum. Optio magnam aut accusamus corporis sint sed.', 'Vel cumque ut vel voluptatem. Omnis tenetur quo eos odio qui voluptatibus possimus. Repellendus id asperiores officia et esse exercitationem.', 'Fletcher Medhurst', 'Pariatur dolorem voluptas voluptatem provident. Officiis consequuntur ut aperiam debitis. Repellat modi unde ullam omnis perspiciatis quaerat commodi natus. Et a nulla rerum facere aut.', 'Ea et corporis nihil qui. Nesciunt maiores aut ut quidem ut eos voluptas. Dolores et qui facere debitis autem non magnam rerum.', '2025-02-16 07:19:28', '2025-02-16 07:19:28'),
(659, 659, 'ar', 'Marisol Cole PhD', 'marisol-cole-phd', 'Nostrum sed sit id. Natus at sunt soluta expedita deserunt voluptatem aut. Et dolore voluptatum ducimus et a sunt. Quidem consectetur molestiae deserunt rerum ducimus est.', 'Nihil nesciunt natus officiis dolorem neque. Eveniet illo nam qui quia. Et ipsam iusto corporis aut et sequi. Deleniti ducimus aut adipisci veniam non quia.', 'Cedrick Osinski', 'Voluptatem enim voluptatem mollitia velit explicabo saepe fugit. Nobis quis modi laudantium ut. Qui voluptatibus atque consequatur magni sunt.', 'Temporibus voluptatum voluptas ut non quod veritatis. Adipisci deserunt aut aliquam sit. Sunt recusandae recusandae aperiam quasi ut quia non. Voluptatem et neque qui quo et eum voluptatem. Aut aut illum et ratione.', '2025-02-16 07:19:28', '2025-02-16 07:19:28'),
(660, 660, 'ar', 'Prof. Ola Satterfield II', 'prof.-ola-satterfield-ii', 'Tempore at iure deleniti ratione aperiam dolor nulla quis. Voluptas sequi enim quis dolores ab ex. Nulla magnam quo qui iure beatae minus iusto. Sit omnis facilis voluptas quam.', 'Sed reiciendis hic unde deserunt itaque ab. Autem at itaque asperiores ut sit vitae autem. Omnis consequuntur est iure incidunt odio.', 'Katelyn Erdman', 'Rerum nihil officia dolore natus vel repudiandae in. Eum nulla id laborum dicta eos cupiditate quia. Quaerat quos ratione rerum dolore eveniet adipisci voluptate. Animi adipisci voluptates consequatur delectus nihil omnis voluptate.', 'Nihil recusandae minima laudantium optio voluptatibus dolorum nostrum consequuntur. Minus nesciunt eum commodi exercitationem tempora ut esse molestiae. Atque dolore autem minima hic.', '2025-02-16 07:19:28', '2025-02-16 07:19:28'),
(661, 661, 'ar', 'Marisa Harris Sr.', 'marisa-harris-sr.', 'Quasi nisi veritatis aut ad. Est ratione optio minima incidunt enim. Dolores voluptatem asperiores culpa nobis asperiores occaecati. Nostrum ducimus dolorum vero dolor dolor sed.', 'Qui placeat ducimus quod quaerat adipisci consequuntur. Praesentium libero totam ipsam illum incidunt maxime autem saepe. Aut consequatur quaerat voluptatem quia.', 'Laisha Littel MD', 'Omnis consequatur officia labore voluptas consequatur est neque et. Quis rerum quisquam tenetur recusandae. Totam ullam magni iure sint labore error deleniti. Velit eum voluptates maiores ut.', 'Qui similique aspernatur est voluptates. Debitis nam odit iure sint. Nihil et alias qui perspiciatis sed animi eveniet. Assumenda placeat saepe aut in rerum voluptates dolorum.', '2025-02-16 07:19:28', '2025-02-16 07:19:28'),
(662, 662, 'ar', 'Nick Tillman DDS', 'nick-tillman-dds', 'Est cum quos error culpa voluptas. Aut placeat aut quia minima doloribus qui consequatur provident. Aut praesentium occaecati magnam ut.', 'Atque facere repellat commodi aspernatur. Ipsum rem sed nemo. Quo et cupiditate consequatur aliquam. Velit delectus molestias velit enim assumenda alias id.', 'Darrick Prosacco IV', 'Nesciunt dolores nemo repudiandae numquam consequatur. Non nulla harum dolorum rerum nemo tempora cum. Perferendis cupiditate optio aliquam in.', 'Aspernatur sed expedita aliquam expedita qui deleniti magni et. Adipisci amet itaque nobis ut rem vitae nemo. Reprehenderit molestiae quia vel perferendis cumque.', '2025-02-16 07:19:28', '2025-02-16 07:19:28'),
(663, 663, 'ar', 'Ruby Doyle', 'ruby-doyle', 'Veritatis placeat expedita deserunt eum animi veritatis earum ut. Est quis sed vitae enim. Praesentium omnis iste consequuntur odio tempore enim. Aut ipsum dolore aut ut.', 'Possimus qui non impedit odit sed. Et qui velit quod dolor laudantium dolores tempora. Aut mollitia molestiae quia et id aut enim. Nemo vitae itaque architecto.', 'Dr. Lavon Turcotte', 'Harum voluptas est at veritatis accusamus. Iure quia qui repellat explicabo magnam inventore quia. Ducimus quis accusantium fuga ut accusamus quibusdam. Dolor ratione voluptas alias fugit quae. Commodi maxime debitis rem.', 'Id nemo voluptatem veniam quasi non possimus ut reiciendis. Et ipsam voluptas dolorem voluptatem qui perspiciatis. Hic provident similique quaerat repudiandae aperiam sint enim quo. Laborum eum sed quisquam voluptate.', '2025-02-16 07:19:28', '2025-02-16 07:19:28');
INSERT INTO `news_translations` (`id`, `news_id`, `locale`, `title`, `slug`, `description`, `content`, `meta_title`, `meta_description`, `meta_key`, `created_at`, `updated_at`) VALUES
(664, 664, 'ar', 'Alda Braun', 'alda-braun', 'Quod voluptate alias laborum inventore quia tempora. Error a est dolorem ut ullam. Quia et sunt rerum quibusdam iure eum. Minima sed et dolores sit quibusdam excepturi totam.', 'Voluptas libero sit ratione aut molestias repellendus quo. Ducimus aut quidem sint dicta sed nostrum. Dolore quia aspernatur nostrum ipsum saepe. Sed est nesciunt sit iure est corrupti aut explicabo.', 'Lila Sipes', 'Enim qui ut tempora hic ipsum dolores. Voluptatem mollitia in eveniet maiores qui. Itaque qui omnis autem nemo itaque rerum.', 'Sed est et labore mollitia et omnis. Fugit ut alias quia ut voluptatem. Sit fugiat est ipsa quasi ut voluptatem ut.', '2025-02-16 07:19:28', '2025-02-16 07:19:28'),
(665, 665, 'ar', 'Jovanny Schmidt', 'jovanny-schmidt', 'Ex voluptate quo qui molestiae est. Necessitatibus nemo blanditiis eveniet atque. Atque non enim perferendis facere. Qui perspiciatis quis illo dolor perspiciatis optio.', 'Hic tenetur labore corporis at qui enim aliquam. Eos consectetur exercitationem provident earum aut aut ut velit. Impedit perferendis quia quibusdam sit. Nemo veniam non dicta nihil.', 'Soledad Durgan', 'Porro ratione voluptas vero deserunt nihil enim perspiciatis. Cupiditate consequatur optio modi repellat fugit.', 'Inventore quia consequatur excepturi autem. Aspernatur asperiores omnis quidem repellat magni vitae. Corporis quasi et et reiciendis praesentium.', '2025-02-16 07:19:28', '2025-02-16 07:19:28'),
(666, 666, 'ar', 'Sammie Osinski', 'sammie-osinski', 'Molestias quasi fugiat rerum rerum ut harum eos. Autem consequuntur sit hic voluptas. Atque ea vero ad aut et recusandae. Excepturi assumenda fugit error.', 'Eum qui sit et autem. Blanditiis qui facere hic quod sequi numquam enim error. Modi laborum aut iure aperiam qui rem minima.', 'Stewart Greenfelder', 'Porro quisquam voluptatem voluptatum qui maxime incidunt nemo. Quis beatae et nesciunt velit tempora qui. Id neque ea explicabo corrupti debitis facilis.', 'Ut voluptatem cupiditate dolor dolores voluptatem rerum molestiae. Adipisci dolor qui nemo nulla. Nihil commodi officiis vel eum. Nisi asperiores iure a voluptates magnam.', '2025-02-16 07:19:28', '2025-02-16 07:19:28'),
(667, 667, 'ar', 'Antwan Johnston', 'antwan-johnston', 'Rerum ipsam voluptate illum neque earum. Dolor voluptatem provident illum voluptas nesciunt. Dolor aut libero illo alias tempore expedita. Voluptates magni sint voluptas non.', 'Dolores quae natus sequi fugiat. Omnis sit id incidunt numquam facilis animi ut. Sed illum non aut vitae deleniti molestiae consequatur. Voluptas et ipsum assumenda harum in odio.', 'Miss Kathlyn Gleason II', 'Ut aperiam excepturi unde nulla. Odio in rem distinctio error. Id accusantium rerum et repellendus veritatis eos.', 'Amet maiores veritatis sint. Alias sapiente qui error. Voluptas perferendis dignissimos perferendis.', '2025-02-16 07:19:28', '2025-02-16 07:19:28'),
(668, 668, 'ar', 'Travon Stracke', 'travon-stracke', 'Amet occaecati cumque a. Velit sed nobis nihil modi nesciunt facilis molestias.', 'Ut cupiditate velit sed harum autem fugit. Ut expedita ut id mollitia. Non nihil reprehenderit ut doloremque suscipit laudantium ex.', 'Janice Mills', 'Ut aut optio veritatis perspiciatis. Minima est dolor odio laborum accusamus assumenda. Aliquam cum quisquam autem enim et sit illo. Possimus officiis distinctio magni eveniet accusantium. Et consectetur nesciunt fugiat non et non harum.', 'Sed explicabo provident a voluptatem. Sapiente et dolores dolore facere. Voluptas praesentium tenetur culpa odit animi rem voluptatem.', '2025-02-16 07:19:28', '2025-02-16 07:19:28'),
(669, 669, 'ar', 'Jeanne Littel Jr.', 'jeanne-littel-jr.', 'Nam quidem et ducimus veritatis enim velit quibusdam nobis. Illum qui quibusdam ratione quis nam excepturi ducimus quas. Aut deserunt reprehenderit in sit quas id.', 'Et voluptatem est dicta commodi culpa et. A aperiam quasi minus distinctio et rerum. Fugit omnis enim laboriosam architecto adipisci molestias. Eos aliquam maxime nostrum architecto voluptatem.', 'Prof. Carlee Grimes V', 'Dolores id rerum qui et et et fugit. Illum illo voluptas accusamus eum expedita nam. Dolorem aut nobis odit animi. Est est minima doloribus porro et eaque omnis quo. Modi quaerat suscipit doloribus voluptatem.', 'Assumenda qui non corporis in sunt dicta. Ipsa et qui eligendi est perspiciatis.', '2025-02-16 07:19:28', '2025-02-16 07:19:28'),
(670, 670, 'ar', 'Pearlie Cole', 'pearlie-cole', 'Eos non inventore reprehenderit possimus aliquid. Laborum omnis odio dicta perspiciatis hic nulla repellendus. Iste rem officiis reprehenderit molestiae molestias dignissimos enim incidunt. Debitis culpa nulla numquam natus.', 'Dolorem rerum molestiae voluptas sed. Voluptatum unde sed alias sit praesentium nemo.', 'Trinity Wyman PhD', 'Unde voluptates culpa quisquam eum molestiae rerum alias itaque. Voluptas necessitatibus ea repudiandae in. Et dolorem rerum et quis. Numquam praesentium ducimus sint.', 'Adipisci maiores odio officia occaecati eos quisquam. Illo sequi aut aspernatur consequatur. Aut error sit id expedita et. Debitis tenetur ut qui laborum sit quo reprehenderit.', '2025-02-16 07:19:28', '2025-02-16 07:19:28'),
(671, 671, 'ar', 'Prof. Earline Wunsch', 'prof.-earline-wunsch', 'Ut et et aut molestiae et. Soluta est modi atque ut occaecati. Eum quae odio et architecto aliquid quo adipisci. Explicabo eius deserunt facilis et doloremque est quis.', 'Qui numquam nostrum ex eum id. In vitae adipisci eaque totam maiores et facere. Est officia sapiente maxime error. Id temporibus et quis pariatur.', 'Dorothea Luettgen IV', 'Quam eaque dicta dolores sint velit. Quasi consectetur explicabo ducimus veniam et et. Qui est officiis sed. Accusantium magni mollitia ex ex. Qui saepe et aut ad fugiat asperiores odio.', 'Cum dolor dolor vel nesciunt commodi sit vero. Minus quia molestias unde. Similique praesentium corrupti dicta fugit magnam exercitationem voluptatem minima. Consectetur cupiditate dolorum ut qui dignissimos. Inventore illo et sed qui.', '2025-02-16 07:19:28', '2025-02-16 07:19:28'),
(672, 672, 'ar', 'Mrs. Maci Champlin III', 'mrs.-maci-champlin-iii', 'Tempore dolore dolorem sed quasi. Sint laborum ipsum aut et recusandae. Laudantium labore minus quia. Soluta laudantium ratione rerum numquam eligendi nemo molestias.', 'Aliquid quaerat repudiandae explicabo voluptatem odit libero et. Quidem dolor ut enim ea fugit quia.', 'Vernice Rolfson DVM', 'Dolorem deleniti consequatur similique ut. Rerum aut quia sed nesciunt et numquam odio. Soluta voluptatibus deleniti fugiat ab.', 'Reprehenderit rerum omnis inventore deserunt quod. Rem rerum necessitatibus quaerat velit delectus maxime voluptatem mollitia. Quis sequi adipisci provident aut ea accusantium.', '2025-02-16 07:19:28', '2025-02-16 07:19:28'),
(673, 673, 'ar', 'Deshawn Abernathy DVM', 'deshawn-abernathy-dvm', 'Quia quaerat quos ut et nulla. Velit sed soluta dolor harum repellendus sint voluptatibus. Et nobis sit neque.', 'Commodi quis in veritatis et id reiciendis. Voluptatibus omnis velit quia id quis delectus minus. Laudantium autem voluptatem et. A labore rerum in fuga.', 'Era Spinka', 'Non odio blanditiis reiciendis inventore. Labore recusandae a aliquid est. Exercitationem et fugit accusantium ratione enim qui.', 'Aspernatur non enim quae eos. Aut nulla ut ipsam tempore velit qui eaque laborum. Quae dolorem et quibusdam iure amet.', '2025-02-16 07:19:28', '2025-02-16 07:19:28'),
(674, 674, 'ar', 'Meggie Willms', 'meggie-willms', 'Asperiores velit ipsam placeat inventore soluta et quisquam. Corrupti nobis deleniti id et distinctio aut. Soluta laboriosam sequi ut perferendis pariatur hic corrupti.', 'Eveniet debitis molestiae rerum nobis asperiores magnam. Repudiandae mollitia sapiente voluptatem beatae. Magnam consequatur et voluptatem quos et est qui.', 'Consuelo Price', 'Accusamus amet accusamus eaque dolorum. Aut ut sed est et soluta delectus fuga. Ut provident corporis consequatur non autem ut. Corrupti amet quas ducimus.', 'Dolorem impedit doloremque eos dolor magnam similique animi. Voluptas possimus asperiores facilis omnis et natus et. Soluta consequatur quibusdam deserunt quaerat iure. Tenetur sequi fuga sed occaecati.', '2025-02-16 07:19:28', '2025-02-16 07:19:28'),
(675, 675, 'ar', 'Kamryn Johnston', 'kamryn-johnston', 'Sapiente consequatur quam minus velit totam. Atque in repellendus aliquam voluptatibus. Nisi tempore omnis eum non unde aut soluta. Inventore atque nam esse molestiae.', 'Culpa neque nemo consequatur aspernatur eum officia id. Voluptatem ut omnis qui tenetur et debitis esse beatae. Nihil excepturi deserunt expedita. Magnam reprehenderit est eaque quod vel qui.', 'Mrs. Vallie McLaughlin DVM', 'Suscipit quidem quo eius excepturi a. Eum maxime accusamus quo atque neque velit culpa. Esse est veritatis et labore.', 'Nulla odit aut non rem. Ut fugiat harum et iusto odio. Qui rerum id aspernatur non aut unde nostrum consequatur.', '2025-02-16 07:19:28', '2025-02-16 07:19:28'),
(676, 676, 'ar', 'Gerardo Adams', 'gerardo-adams', 'Minus sint fugiat architecto optio eveniet. Magni sit id cum tempora ut sint aspernatur. Unde praesentium ipsam libero exercitationem at eos. Et fuga vel officiis placeat rerum et.', 'Debitis officia cupiditate qui in. At quos doloremque molestiae optio totam tempora molestias. Ea consequatur nihil et molestiae numquam id numquam. Dolore repudiandae aut omnis rerum occaecati ea.', 'Aida Kilback', 'Amet amet vero illo neque minima ex. Voluptatem pariatur nobis dolorem quam sint. Quo deleniti et commodi aliquam omnis. Ex magnam omnis omnis esse magnam.', 'Sit est nisi ducimus reiciendis. Ut aut culpa quo mollitia aut quia. Quam nostrum qui ea qui et in aspernatur. Hic magnam facilis et harum.', '2025-02-16 07:19:28', '2025-02-16 07:19:28'),
(677, 677, 'ar', 'Jasmin Gislason IV', 'jasmin-gislason-iv', 'Deserunt placeat non fuga expedita. Ratione magni voluptas quam iste quis doloribus. Veritatis sed amet dolorum modi. Accusamus fugiat veritatis quis dolorem quis.', 'Distinctio ducimus id eligendi nihil dolor ut. Amet dolore fugiat dicta. Sunt molestiae praesentium dicta cupiditate reiciendis placeat.', 'Daisha Yundt', 'Quia ut aspernatur nisi aliquid quos. Impedit perspiciatis non et. Eum et temporibus autem id error laborum. Eos expedita quis vel dolorum.', 'Numquam autem voluptatem possimus soluta ipsa facilis magnam. Quia ad similique qui ut sequi provident libero. Suscipit recusandae et et omnis et quod.', '2025-02-16 07:19:28', '2025-02-16 07:19:28'),
(678, 678, 'ar', 'Mr. Justen Frami', 'mr.-justen-frami', 'Voluptas pariatur qui fugit voluptatum. Laudantium exercitationem maxime vitae qui est qui. Omnis laborum quia delectus voluptate minus. Quas et autem qui eos culpa aut et.', 'Nulla commodi nihil aut. Dolorum labore inventore cumque quo culpa. Et illum a consequuntur et nulla. Alias sit tenetur dicta ab quae fuga quia.', 'Osvaldo Christiansen', 'Iure voluptas corporis voluptatem eveniet necessitatibus. Id qui corporis nobis tempora dolore magnam debitis. Ut quam autem sunt a commodi beatae nobis. Id quasi consectetur accusamus nesciunt.', 'Illum assumenda expedita vitae natus. Minus aut dolores excepturi voluptas vero nulla placeat. Quasi est quod inventore eius ut nostrum. Ratione ut ducimus qui deleniti consequatur doloremque.', '2025-02-16 07:19:28', '2025-02-16 07:19:28'),
(679, 679, 'ar', 'Dr. Margarett Haag IV', 'dr.-margarett-haag-iv', 'Voluptatem omnis voluptate quidem eaque et. Quaerat doloribus eaque perferendis vero. Molestiae voluptas nisi aliquid voluptatum natus et dolores magni. Nulla officiis mollitia aut aut quia est enim.', 'Sunt dignissimos asperiores et molestiae temporibus modi neque. Hic laudantium autem omnis voluptatem deleniti perferendis odit et. Perferendis ipsam illo iusto quisquam officiis. Accusamus quis ullam corrupti sed voluptates labore placeat.', 'Cloyd Adams', 'Rerum facilis nesciunt quasi quidem unde illo officiis amet. Natus dolor dolorem cumque quidem rerum. Voluptas qui saepe ducimus velit.', 'Deserunt culpa placeat ut laborum sit corrupti qui. Aliquam sunt qui explicabo quo totam qui voluptas. Fugiat consequatur harum debitis laborum quis.', '2025-02-16 07:19:28', '2025-02-16 07:19:28'),
(680, 680, 'ar', 'Mr. Jaylen Heidenreich', 'mr.-jaylen-heidenreich', 'Rem enim ut libero autem. Consectetur deserunt ut est. Amet optio aspernatur accusamus qui distinctio expedita aut. Qui vero asperiores temporibus illum porro omnis qui.', 'Est quo sint ratione a quas. Enim atque architecto ut repellendus. Cupiditate quidem eligendi debitis tenetur eveniet ea non.', 'Prof. Monique Hoeger V', 'Consectetur esse libero et quam. Ipsum dolores ut voluptas sed odit dignissimos consequatur. In eveniet voluptatem qui quibusdam quo perspiciatis placeat. Sapiente assumenda expedita rerum doloribus voluptas iusto.', 'Quisquam cum non explicabo laboriosam soluta delectus veritatis. Qui autem cumque et sapiente ut vel voluptatibus. Et deleniti similique in. Qui corrupti quisquam vero perspiciatis.', '2025-02-16 07:19:28', '2025-02-16 07:19:28'),
(681, 681, 'ar', 'Beaulah Hirthe', 'beaulah-hirthe', 'Nemo facere laboriosam in nesciunt. Enim suscipit unde commodi sapiente et occaecati nam.', 'Dolorem mollitia voluptatem et perspiciatis totam aut. Quia qui accusantium quos ut necessitatibus quidem rerum. Et et tenetur voluptatem accusantium consequatur. Voluptatem molestias ut voluptas deserunt delectus quibusdam.', 'Anastacio Wilkinson', 'Cupiditate repudiandae quia ut voluptas temporibus eum excepturi. Ducimus ipsum ea facilis. Et commodi maxime vero deleniti magni.', 'Dolorem occaecati voluptas aliquam sed error sed ad id. Voluptas ea cupiditate ut qui numquam enim molestiae. At doloremque expedita quia iste ut sed. Autem iste ullam expedita et illum ab sapiente.', '2025-02-16 07:19:28', '2025-02-16 07:19:28'),
(682, 682, 'ar', 'Bernadette O\'Conner', 'bernadette-o\'conner', 'Facilis in suscipit illo temporibus officia rerum expedita. Cumque libero ducimus voluptatem voluptas dolores. Fugit rerum totam asperiores rerum non quas molestias.', 'Dolor quo voluptatem ad magnam. Dolor possimus laborum adipisci recusandae provident dolor. Ullam cumque velit ratione explicabo explicabo explicabo eos optio.', 'Lorenza Stoltenberg', 'Sapiente ut iusto sint architecto quae exercitationem consequatur ea. Ut et aspernatur molestias. Et provident sed libero dolorem et sed quaerat id. Suscipit ipsa porro nesciunt nostrum aut est repellat.', 'Cumque sed aut sit quia molestias. Voluptatem est qui velit blanditiis quisquam et. Consequatur tempore et quia est aut doloremque. Laborum magni quo blanditiis sit nisi quas doloremque. Eligendi quaerat natus est qui.', '2025-02-16 07:19:28', '2025-02-16 07:19:28'),
(683, 683, 'ar', 'Julien Rosenbaum', 'julien-rosenbaum', 'Est a quia nemo atque. Dolore qui dolorum nesciunt quasi voluptas aperiam.', 'Maiores nulla hic praesentium alias porro exercitationem beatae asperiores. Aspernatur et ad ut ad quas ipsam. Assumenda temporibus placeat tempore culpa qui ipsam labore tempore. Nihil tempore voluptates magni aliquam veniam.', 'Randall Mann', 'Distinctio unde blanditiis voluptatem facilis. Recusandae nemo est vero rerum. Maxime odio et qui fugit illo harum explicabo quo.', 'Ut odit quibusdam sit sint voluptatum qui deserunt. A non ipsum dolores. Dolores consequatur quam hic fugiat recusandae ut. Quas doloremque dolorem eum sit facilis ut dolorem.', '2025-02-16 07:19:28', '2025-02-16 07:19:28'),
(684, 684, 'ar', 'Adam Fisher DVM', 'adam-fisher-dvm', 'Voluptatem nemo et voluptatem omnis. Sequi mollitia quo neque architecto.', 'Ut magni cumque possimus quisquam. Dolores consequatur tempora molestiae. Ut sed occaecati dolor nihil tempore dolorem. Omnis in accusamus et maiores ad.', 'Harry Brown', 'Fugiat consequatur doloremque dicta beatae. Architecto provident dolores eaque deserunt et aspernatur vel. Et et placeat quidem. Corporis eos officiis ea quo voluptate omnis.', 'Non odio ipsa et. Est omnis et doloremque sunt. Doloribus aspernatur reiciendis facilis autem id.', '2025-02-16 07:19:28', '2025-02-16 07:19:28'),
(685, 685, 'ar', 'Christa Orn', 'christa-orn', 'Placeat odit esse voluptatem ipsum. Eius eveniet dicta fuga veniam pariatur. Consequatur adipisci eligendi facilis deleniti corporis consectetur iste. Sunt laborum est omnis ut voluptatem libero quidem alias. Consectetur aliquid laudantium ipsum vero.', 'Pariatur ad eos ut nostrum sed veritatis reprehenderit. Rerum aut ratione deserunt quisquam illo ut omnis. Atque cum eveniet numquam consequatur. Eos est vero exercitationem nihil quaerat molestias.', 'Dr. Wilford Hammes PhD', 'Velit alias repudiandae eaque dolore impedit. Illum magnam minus sed pariatur dolorem adipisci unde. Soluta est culpa dolore tempore sint omnis.', 'Alias occaecati nemo dolorem sint tenetur asperiores. Et quia vel et aut voluptates quo.', '2025-02-16 07:19:28', '2025-02-16 07:19:28'),
(686, 686, 'ar', 'Danny Cormier', 'danny-cormier', 'Error molestiae fugiat id. Repellat quo quaerat sit ipsum aut. Facilis provident dolores dolore impedit voluptatum at quibusdam ut. Sequi dolorem iure aperiam et expedita.', 'Sed hic earum voluptas sapiente. Dicta quae sit cupiditate in earum. Magni et voluptatum ad eum. Illo adipisci distinctio impedit eos. Unde ullam aliquam nihil corporis aperiam eveniet repellat.', 'Casper Dare', 'Iure ut ut et in dolor recusandae. Nam pariatur commodi ullam non aut. Qui laboriosam voluptates et quisquam.', 'Ut repudiandae dicta a. Accusamus eveniet est non quaerat vel. Saepe placeat et quos harum omnis inventore est.', '2025-02-16 07:19:28', '2025-02-16 07:19:28'),
(687, 687, 'ar', 'Mr. Lavern Hill MD', 'mr.-lavern-hill-md', 'Nemo accusamus non a molestiae occaecati. Autem et distinctio libero libero sint iure. Dicta reprehenderit consequatur deserunt illo impedit veritatis.', 'Molestiae rerum ad sit esse non consectetur. Possimus quia et iusto ipsa nihil est. Ut sit voluptatibus reiciendis eaque voluptatibus omnis adipisci. Occaecati ut quidem et animi rem asperiores. Sint impedit labore doloribus ullam.', 'Camille Gottlieb', 'Vero nihil culpa accusamus suscipit in. Autem nostrum possimus enim inventore unde eveniet exercitationem. Quo nesciunt facilis ut ut. Placeat aliquam ea autem voluptate.', 'Sunt hic et tempore ea fuga quas alias quis. Qui perferendis rerum quas. Nam quaerat sint et suscipit odit qui et.', '2025-02-16 07:19:28', '2025-02-16 07:19:28'),
(688, 688, 'ar', 'Ashlynn Metz', 'ashlynn-metz', 'Nemo commodi incidunt ducimus ab. Totam harum dicta recusandae consequatur qui minus officiis. Cupiditate soluta quas blanditiis aut.', 'Consequuntur eius sapiente voluptatem distinctio iste. Autem et porro accusantium occaecati. Quia possimus rem non voluptatem et et.', 'Prof. Deven Nienow III', 'Autem quos ut porro est omnis iusto. Commodi quis ducimus quo rerum qui est rem. Dolorem incidunt voluptates fugiat nihil sed eum nam unde. Nulla laboriosam quo aut nam adipisci mollitia. Hic unde similique nisi sequi nihil architecto.', 'Tempora qui et excepturi voluptates officia. Eveniet sit unde voluptas explicabo sed est reiciendis.', '2025-02-16 07:19:28', '2025-02-16 07:19:28'),
(689, 689, 'ar', 'Retha Lindgren', 'retha-lindgren', 'Cum id esse ipsam amet qui. Temporibus quam sint aperiam quam. Minus aut nam eos impedit et.', 'Voluptas quis aut quidem quibusdam. Atque ut sint quo quidem voluptatem ullam delectus. Sed minus nostrum enim praesentium. Cum velit iure hic architecto minus voluptate id.', 'Horace Skiles', 'Dolorum ullam qui doloribus nemo iste. Voluptatem et occaecati necessitatibus voluptas quidem. Nostrum magnam eum amet officia ex provident dolor.', 'Error dolores veniam nostrum rerum quia perferendis esse eum. Commodi dicta quia aut non aut. Omnis quibusdam recusandae et voluptatem rem voluptates et perspiciatis. Quaerat quas alias sapiente fuga.', '2025-02-16 07:19:28', '2025-02-16 07:19:28'),
(690, 690, 'ar', 'Mr. Clement Volkman', 'mr.-clement-volkman', 'Explicabo fuga officia maxime asperiores consequatur ut voluptatibus. Ab sit modi nihil enim maiores quas molestiae. Omnis commodi incidunt sit necessitatibus. Aut modi doloribus et dolor consequatur.', 'Sit iure iure est quia ipsum dolorem et. Harum vel consequatur minima explicabo. Ad deserunt nostrum sed. Sint sapiente laudantium provident non fugit ut et. Dignissimos blanditiis consequatur quod rerum accusantium repellat ullam.', 'Tommie Maggio', 'Quod vitae recusandae officia omnis aut. Quia nulla numquam nulla commodi corrupti ut voluptas. Temporibus fugit et vel impedit possimus. Voluptas qui sit optio sunt voluptatem. Possimus qui labore asperiores similique eos nam repellendus.', 'Est eveniet vel odit unde recusandae placeat voluptas adipisci. Quasi omnis repellendus ut vel dolore. Ea magnam ratione quis est a. Eligendi non sint quae incidunt culpa.', '2025-02-16 07:19:28', '2025-02-16 07:19:28'),
(691, 691, 'ar', 'Ora Mohr', 'ora-mohr', 'Voluptates dolores nesciunt earum. Est assumenda eligendi consequatur consequuntur. Consequatur ea harum error minus. Sequi consectetur sit sequi beatae.', 'Exercitationem veritatis saepe sit sit. Quisquam ipsum quam amet ab et et. Omnis nobis numquam quas nihil velit nobis cumque.', 'Mr. Glen Botsford IV', 'Perspiciatis mollitia eaque aliquid dicta. Adipisci atque dolorem qui. Aut voluptatem voluptates neque tenetur expedita voluptas. Deserunt corporis atque enim.', 'Rem non incidunt qui at sunt inventore. Et voluptas est eveniet sequi voluptatem rem amet qui. Totam repellat unde unde odit voluptatem. Perferendis eos et sed libero dolorum nam fuga est. Voluptatem modi blanditiis reprehenderit quasi nostrum exercitationem.', '2025-02-16 07:19:28', '2025-02-16 07:19:28'),
(692, 692, 'ar', 'Mr. Omer Marquardt', 'mr.-omer-marquardt', 'Omnis asperiores rerum occaecati. Praesentium error ex ullam ut enim. Maxime est quo non dicta fugit laboriosam.', 'Sit vel corrupti ipsa sint sed eaque nam. Et deserunt quia sint dolorem quos possimus. Dolorem tempore nemo iure harum. Incidunt quis aliquam velit vitae officiis et voluptas vel.', 'Destiny Dare', 'Sit quis fugiat maiores saepe sed. Asperiores dolorum ipsam expedita unde et quia. Omnis minima dolores et tempore minus vel voluptatem vero.', 'Tenetur nulla non libero explicabo a fugiat expedita. Sapiente voluptates eaque est in sunt. Repudiandae voluptatem est consequatur vel voluptatum magnam cupiditate ut. Sapiente id ad repudiandae consequatur. Omnis quos et quia et est sint vel.', '2025-02-16 07:19:28', '2025-02-16 07:19:28'),
(693, 693, 'ar', 'Duncan Hagenes', 'duncan-hagenes', 'At qui aperiam aut voluptas ullam molestias omnis. Facere fugit sapiente neque quo. Autem architecto aspernatur quia qui.', 'Veritatis dolores ut sit ut qui in totam quod. Asperiores voluptatem sit cupiditate sunt voluptas dolorem. Atque sint aperiam error voluptatem eveniet rerum. Quae impedit quis et ducimus.', 'Grady Berge', 'Iste nobis id saepe nesciunt. Quidem fuga et quia porro repellat officia. Ut ipsam eos nostrum ipsam. Ad quo adipisci ut sunt aut non id. In dolores vero itaque.', 'Est quis sed sequi consectetur pariatur praesentium molestiae. Laborum sint laudantium officia ex reiciendis voluptatem error. Et quasi quo similique qui esse nihil. Expedita non rem ducimus delectus voluptatem sed.', '2025-02-16 07:19:28', '2025-02-16 07:19:28'),
(694, 694, 'ar', 'Alfred Brown PhD', 'alfred-brown-phd', 'Atque cupiditate eveniet reprehenderit nobis. Officiis alias omnis unde dignissimos velit aut consequatur.', 'Porro repellat mollitia rerum exercitationem cupiditate nesciunt in. Culpa adipisci sint repellat. Vel explicabo velit aut vel. Libero ipsa nisi quia quis. Omnis vel laudantium quam nemo veritatis impedit.', 'Mabelle Blick', 'Iste expedita facere porro libero vel unde. Dicta minus sint architecto id. Vitae ducimus sit magnam aut possimus. Pariatur et natus et sit.', 'Magni et quia non aut quibusdam. Et nihil fugit autem qui optio incidunt repudiandae eveniet.', '2025-02-16 07:19:28', '2025-02-16 07:19:28'),
(695, 695, 'ar', 'Kayleigh Zulauf', 'kayleigh-zulauf', 'A aut nisi iure numquam nobis. Ut voluptas laudantium quas fugiat maiores harum blanditiis. Atque iure aut quasi fuga.', 'Et ratione quis et eos recusandae nemo aut. Quod recusandae aut ullam itaque qui. Quisquam quia nam nobis ad suscipit.', 'Norbert Runte', 'Animi veniam autem impedit voluptatem possimus illo. Quasi dolor inventore qui ea pariatur. Odio dolorum sit quasi veniam et.', 'A laudantium cupiditate vero voluptatibus ut molestiae. Sunt non consectetur molestiae et hic. Eum exercitationem exercitationem et quibusdam doloremque suscipit eaque. Molestiae non officiis vitae impedit odio qui voluptatibus.', '2025-02-16 07:19:28', '2025-02-16 07:19:28'),
(696, 696, 'ar', 'Mrs. Sheila Lockman', 'mrs.-sheila-lockman', 'Nobis quo voluptas et eos cum. Ut eum qui quasi quidem voluptas fugiat deleniti. Laborum quis ut harum aut suscipit eos sed. Id dolorem maxime ab. Laboriosam rerum sunt et animi fugiat.', 'Veniam voluptatem ut temporibus minus eos qui. Tempora corrupti et laboriosam praesentium illum voluptates velit. Voluptate quae molestias non qui dolor possimus nobis.', 'Nicholaus Miller', 'Quasi doloremque unde perspiciatis repellendus rerum qui voluptatibus. Accusantium suscipit corrupti ut repellendus in. Quis quam fuga recusandae ipsum ut minus.', 'Dicta quo ut culpa natus adipisci. Sequi quam itaque reprehenderit earum debitis et impedit. Ea porro autem est fuga impedit. Officia libero quia soluta quos in.', '2025-02-16 07:19:28', '2025-02-16 07:19:28'),
(697, 697, 'ar', 'Ms. Odie Buckridge II', 'ms.-odie-buckridge-ii', 'Est suscipit molestiae nobis molestiae. Ratione eos aut deleniti totam voluptatibus soluta asperiores. Aperiam et fugit dolores dolorum. Accusamus porro nihil eum non magnam culpa non.', 'Aut eaque cumque quibusdam a. Veritatis ut inventore recusandae. Eligendi et suscipit recusandae enim. Et sequi nisi at alias accusantium.', 'Leora Bogan', 'Magni molestiae dolorem minus natus non blanditiis ut. Et labore quasi repudiandae numquam. Dolor autem error beatae omnis dolor et. Id enim ipsa ipsam laudantium.', 'Commodi qui illum dicta odit dignissimos. Non ut facere voluptatibus nihil dolorem.', '2025-02-16 07:19:28', '2025-02-16 07:19:28'),
(698, 698, 'ar', 'Prof. Louie Sauer', 'prof.-louie-sauer', 'Enim repudiandae expedita facere non eum quis exercitationem. Dignissimos debitis similique nihil laudantium repudiandae saepe et. Error dolorem iusto rerum autem quo amet nihil. Quas ut molestiae et non. Dolor cum animi nam inventore qui.', 'Beatae magnam et sed nobis temporibus. Ipsam similique ab et et necessitatibus asperiores non. Minus magni natus fugiat accusantium praesentium qui perspiciatis quaerat. Repellendus voluptas vitae perspiciatis distinctio quod id.', 'Winston Fahey', 'Adipisci voluptatem ullam voluptatem officia placeat. Et reiciendis autem exercitationem at. Perspiciatis eum voluptate in quia et placeat. Assumenda est nesciunt ea laudantium est. Maiores aliquid animi quaerat fugit sed sed aliquid.', 'Molestias numquam reiciendis neque repellendus ad. Alias voluptatem quam accusamus. Dolor deleniti architecto dolorem consequatur quasi. Voluptate consequatur ut in expedita cum eum.', '2025-02-16 07:19:28', '2025-02-16 07:19:28'),
(699, 699, 'ar', 'Murphy Hills', 'murphy-hills', 'Ab molestias qui laborum minima. Id est ut ut unde iusto pariatur. Dignissimos similique quia quae et soluta. Cum quia sunt cum itaque rerum quia ut. Omnis quisquam occaecati facilis corporis rerum sint.', 'In illo voluptas cupiditate vel sequi reprehenderit. Blanditiis aut ex sunt omnis at illum. Esse ratione dolor magni totam temporibus beatae architecto repellat. Est odio illum omnis voluptatibus.', 'Russ Moore', 'Repudiandae eos sapiente est dolorem. Id et non quia molestiae. Vitae sint dolores unde voluptatibus praesentium nobis quod.', 'Quisquam asperiores pariatur unde asperiores amet a et. Quo quos aliquam maxime libero dolor. In quod alias architecto non culpa sit ea. Enim dignissimos quo magnam necessitatibus.', '2025-02-16 07:19:28', '2025-02-16 07:19:28'),
(700, 700, 'ar', 'Zane Kertzmann', 'zane-kertzmann', 'Exercitationem exercitationem placeat eos nam rerum. Odit pariatur cupiditate quos ratione dignissimos veritatis.', 'Nisi quis minima minus alias deleniti et. Possimus quasi unde velit id architecto qui rerum quia.', 'Hilda Bradtke', 'Id consequatur earum impedit deserunt sequi architecto. Repellat amet omnis fuga ipsam. Hic quam accusantium quos magni. Eum est ut molestiae nihil ipsam accusamus corrupti.', 'Occaecati quia in nostrum similique nostrum. Impedit aliquid expedita magnam. Quisquam eligendi velit voluptatem sit.', '2025-02-16 07:19:28', '2025-02-16 07:19:28');

-- --------------------------------------------------------

--
-- Table structure for table `notifications`
--

CREATE TABLE `notifications` (
  `id` char(36) CHARACTER SET utf8mb4 COLLATE utf8mb4_unicode_ci NOT NULL,
  `type` varchar(255) CHARACTER SET utf8mb4 COLLATE utf8mb4_unicode_ci NOT NULL,
  `notifiable_type` varchar(255) CHARACTER SET utf8mb4 COLLATE utf8mb4_unicode_ci NOT NULL,
  `notifiable_id` bigint UNSIGNED NOT NULL,
  `data` text CHARACTER SET utf8mb4 COLLATE utf8mb4_unicode_ci NOT NULL,
  `read_at` timestamp NULL DEFAULT NULL,
  `created_at` timestamp NULL DEFAULT NULL,
  `updated_at` timestamp NULL DEFAULT NULL
) ENGINE=InnoDB DEFAULT CHARSET=utf8mb4 COLLATE=utf8mb4_unicode_ci;

-- --------------------------------------------------------

--
-- Table structure for table `orders`
--

CREATE TABLE `orders` (
  `id` bigint UNSIGNED NOT NULL,
  `identifier` varchar(255) CHARACTER SET utf8mb4 COLLATE utf8mb4_unicode_ci DEFAULT NULL,
  `total` double NOT NULL DEFAULT '1',
  `quantity` int NOT NULL DEFAULT '1',
  `source` enum('web','app','cashier') CHARACTER SET utf8mb4 COLLATE utf8mb4_unicode_ci NOT NULL DEFAULT 'web',
  `donor_id` bigint UNSIGNED DEFAULT NULL COMMENT 'donor_id if login',
  `refer_id` bigint UNSIGNED DEFAULT NULL,
  `status_id` bigint UNSIGNED DEFAULT NULL,
  `payment_method_id` bigint UNSIGNED DEFAULT NULL,
  `note` varchar(255) CHARACTER SET utf8mb4 COLLATE utf8mb4_unicode_ci DEFAULT NULL,
  `payment_method_key` varchar(255) CHARACTER SET utf8mb4 COLLATE utf8mb4_unicode_ci DEFAULT NULL,
  `payment_proof` text CHARACTER SET utf8mb4 COLLATE utf8mb4_unicode_ci COMMENT 'response the payment ',
  `banktransferproof` varchar(255) CHARACTER SET utf8mb4 COLLATE utf8mb4_unicode_ci DEFAULT NULL,
  `bank_id` bigint UNSIGNED DEFAULT NULL,
  `API_status` varchar(255) CHARACTER SET utf8mb4 COLLATE utf8mb4_unicode_ci DEFAULT NULL,
  `API_odoo` varchar(255) CHARACTER SET utf8mb4 COLLATE utf8mb4_unicode_ci DEFAULT NULL,
  `is_notified` tinyint(1) NOT NULL DEFAULT '0',
  `status` tinyint NOT NULL DEFAULT '0',
  `shipping_status` enum('pending','picking','picked','delivering','delivered','canceled') CHARACTER SET utf8mb4 COLLATE utf8mb4_unicode_ci NOT NULL DEFAULT 'pending',
  `deleted_at` timestamp NULL DEFAULT NULL,
  `created_at` timestamp NULL DEFAULT NULL,
  `updated_at` timestamp NULL DEFAULT NULL
) ENGINE=InnoDB DEFAULT CHARSET=utf8mb4 COLLATE=utf8mb4_unicode_ci;

--
-- Dumping data for table `orders`
--

INSERT INTO `orders` (`id`, `identifier`, `total`, `quantity`, `source`, `donor_id`, `refer_id`, `status_id`, `payment_method_id`, `note`, `payment_method_key`, `payment_proof`, `banktransferproof`, `bank_id`, `API_status`, `API_odoo`, `is_notified`, `status`, `shipping_status`, `deleted_at`, `created_at`, `updated_at`) VALUES
(7, '458752', 40, 1, 'web', 3, 1, NULL, 3, NULL, 'Raj Zaka', NULL, 'attachments/orders/1748248205.jpg', 3, NULL, NULL, 0, 0, 'pending', NULL, '2025-05-26 05:30:05', '2025-05-26 05:30:05'),
(8, '524288', 510, 2, 'web', 3, 1, NULL, 4, NULL, 'ApplePay', 'Select ApplePay Payment Only', NULL, NULL, NULL, NULL, 0, 0, 'pending', NULL, '2025-07-07 07:10:57', '2025-07-07 07:10:57'),
(9, '589824', 510, 2, 'web', 3, 1, NULL, 4, NULL, 'ApplePay', 'Select ApplePay Payment Only', NULL, NULL, NULL, NULL, 0, 0, 'pending', NULL, '2025-07-07 07:11:01', '2025-07-07 07:11:01'),
(10, '655360', 510, 2, 'web', 3, 1, NULL, 4, NULL, 'ApplePay', 'Select ApplePay Payment Only', NULL, NULL, NULL, NULL, 0, 0, 'pending', NULL, '2025-07-07 07:11:04', '2025-07-07 07:11:04'),
(11, '720896', 510, 2, 'web', 3, 1, NULL, 4, NULL, 'ApplePay', 'Select ApplePay Payment Only', NULL, NULL, NULL, NULL, 0, 0, 'pending', NULL, '2025-07-07 07:11:27', '2025-07-07 07:11:27'),
(12, '786432', 510, 2, 'web', 3, 1, NULL, 2, NULL, 'Visa', NULL, NULL, NULL, NULL, NULL, 0, 0, 'pending', NULL, '2025-07-07 07:12:15', '2025-07-07 07:12:15'),
(13, '851968', 510, 2, 'web', 3, 1, NULL, 2, NULL, 'Visa', '{\"amount\":\"51000\",\"response_code\":\"14000\",\"card_number\":\"****************\",\"card_holder_name\":\"*****\",\"signature\":\"7e2ace6eab2b7040eaf256688a266b7a8c1c7bf29206fab6a06ab0a2d55e2368\",\"order_description\":\"web Checkout\",\"payment_option\":\"VISA\",\"expiry_date\":\"****\",\"customer_ip\":\"*********\",\"eci\":\"ECOMMERCE\",\"fort_id\":\"169996200025570979\",\"command\":\"PURCHASE\",\"response_message\":\"\\u0639\\u0645\\u0644\\u064a\\u0629 \\u0646\\u0627\\u062c\\u062d\\u0629\",\"merchant_reference\":\"851968\",\"authorization_code\":\"756061\",\"customer_email\":\"***********************\",\"token_name\":\"26c0bbc18d3e40db814d2fed28c49df0\",\"currency\":\"SAR\",\"customer_name\":\"******\",\"status\":\"14\"}', NULL, NULL, NULL, NULL, 0, 1, 'pending', NULL, '2025-07-07 07:16:04', '2025-07-07 07:17:01'),
(20, '1310720', 300, 3, 'web', 13, 200, NULL, 2, NULL, 'Visa', '{\"amount\":\"30000\",\"response_code\":\"14000\",\"card_number\":\"****************\",\"card_holder_name\":\"*****\",\"signature\":\"49d08294300b9b68dff93b80510806ab1ae86cb774edadf3380e3e7af282464f\",\"order_description\":\"web Checkout\",\"payment_option\":\"MADA\",\"expiry_date\":\"****\",\"customer_ip\":\"*********\",\"eci\":\"ECOMMERCE\",\"fort_id\":\"169996200025840277\",\"command\":\"PURCHASE\",\"response_message\":\"\\u0639\\u0645\\u0644\\u064a\\u0629 \\u0646\\u0627\\u062c\\u062d\\u0629\",\"merchant_reference\":\"1310720\",\"authorization_code\":\"254166\",\"customer_email\":\"***********************\",\"token_name\":\"854e26f1a1df40bba18e3c6cf1e8fd4a\",\"currency\":\"SAR\",\"customer_name\":\"********\",\"status\":\"14\"}', NULL, NULL, NULL, NULL, 0, 1, 'pending', NULL, '2025-07-19 07:07:18', '2025-07-19 07:07:35'),
(21, '1376256', 200, 2, 'web', 13, 202, NULL, 2, NULL, 'Visa', '{\"response_code\":\"18000\",\"card_number\":\"****************\",\"card_holder_name\":\"*****\",\"signature\":\"f8bb01546e965bc124fdc36917905377a4f50fb9c690ed0a36dba9cd25cc27ae\",\"expiry_date\":\"****\",\"access_code\":\"lR3miH0aJZTNBCW5So7m\",\"service_command\":\"TOKENIZATION\",\"response_message\":\"\\u0639\\u0645\\u0644\\u064a\\u0629 \\u0646\\u0627\\u062c\\u062d\\u0629\",\"merchant_reference\":\"AUTH4_1376256\",\"card_bin\":\"529741\",\"status\":\"18\"}', NULL, NULL, NULL, NULL, 0, 0, 'pending', NULL, '2025-07-19 07:29:25', '2025-07-19 07:29:29'),
(22, '1441792', 200, 2, 'web', 13, 200, NULL, 2, NULL, 'Visa', '{\"amount\":\"20000\",\"response_code\":\"14000\",\"card_number\":\"****************\",\"card_holder_name\":\"*****\",\"signature\":\"b36823bd73b266d8d24647e7ac89c48c37df985dce461cba8c2a41edd9d744e6\",\"order_description\":\"web Checkout\",\"payment_option\":\"MADA\",\"expiry_date\":\"****\",\"customer_ip\":\"*********\",\"eci\":\"ECOMMERCE\",\"fort_id\":\"169996200025840452\",\"command\":\"PURCHASE\",\"response_message\":\"\\u0639\\u0645\\u0644\\u064a\\u0629 \\u0646\\u0627\\u062c\\u062d\\u0629\",\"merchant_reference\":\"1441792\",\"authorization_code\":\"185232\",\"customer_email\":\"***********************\",\"token_name\":\"d7c5ee288f8d453ea8b163e31e7fcf34\",\"currency\":\"SAR\",\"customer_name\":\"********\",\"status\":\"14\"}', NULL, NULL, NULL, NULL, 0, 1, 'pending', NULL, '2025-07-19 07:29:52', '2025-07-19 07:30:08'),
(23, '1507328', 540, 2, 'web', 13, 202, NULL, 2, NULL, 'Visa', '{\"amount\":\"54000\",\"response_code\":\"14000\",\"card_number\":\"****************\",\"card_holder_name\":\"*****\",\"signature\":\"51a8ce719bff44394c4b744d7e0cd4e0d4b6ba0ef39b21acf99e2722f93729df\",\"order_description\":\"web Checkout\",\"payment_option\":\"MADA\",\"expiry_date\":\"****\",\"customer_ip\":\"*********\",\"eci\":\"ECOMMERCE\",\"fort_id\":\"169996200026316356\",\"command\":\"PURCHASE\",\"response_message\":\"\\u0639\\u0645\\u0644\\u064a\\u0629 \\u0646\\u0627\\u062c\\u062d\\u0629\",\"merchant_reference\":\"1507328\",\"authorization_code\":\"129825\",\"customer_email\":\"***********************\",\"token_name\":\"ec50e92fcd4d413cb28733d2e019d279\",\"currency\":\"SAR\",\"customer_name\":\"********\",\"status\":\"14\"}', NULL, NULL, NULL, NULL, 0, 1, 'pending', NULL, '2025-08-10 06:35:22', '2025-08-10 06:35:57'),
(24, '1572864', 100, 1, 'web', 13, 200, NULL, 2, NULL, 'Visa', NULL, NULL, NULL, NULL, NULL, 0, 0, 'pending', NULL, '2025-08-10 06:44:00', '2025-08-10 06:44:00'),
(25, '1638400', 100, 1, 'web', 13, 1, NULL, 3, NULL, 'Raj Mashar', NULL, 'attachments/orders/1754819104.jpg', 1, NULL, NULL, 0, 0, 'pending', '2025-08-18 08:41:56', '2025-08-10 06:45:05', '2025-08-18 08:41:56'),
(26, '1703936', 500, 1, 'web', 13, 1, NULL, 2, NULL, 'Visa', '{\"amount\":\"50000\",\"response_code\":\"14000\",\"card_number\":\"****************\",\"card_holder_name\":\"*****\",\"signature\":\"2ba2ab4a2eff08417c712365620f8a4b5c09630686b1128eabd2066328c29370\",\"order_description\":\"web Checkout\",\"payment_option\":\"MADA\",\"expiry_date\":\"****\",\"customer_ip\":\"*********\",\"eci\":\"ECOMMERCE\",\"fort_id\":\"169996200026481116\",\"command\":\"PURCHASE\",\"response_message\":\"\\u0639\\u0645\\u0644\\u064a\\u0629 \\u0646\\u0627\\u062c\\u062d\\u0629\",\"merchant_reference\":\"1703936\",\"authorization_code\":\"490612\",\"customer_email\":\"***********************\",\"token_name\":\"ee6db1d52ed44882a33579877f13b7c8\",\"currency\":\"SAR\",\"customer_name\":\"********\",\"status\":\"14\"}', NULL, NULL, NULL, NULL, 0, 1, 'pending', NULL, '2025-08-19 04:36:03', '2025-08-19 04:36:34'),
(27, '1769472', 17180, 24, 'web', 4, 1, NULL, 2, NULL, 'Visa', '{\"amount\":\"1718000\",\"response_code\":\"00047\",\"card_holder_name\":\"*****\",\"signature\":\"1b58271595e9e8b999ac37404fd031f83f0ef3e8dff4e5c03fbdd7f821bb76b5\",\"order_description\":\"web Checkout\",\"payment_option\":\"MADA\",\"customer_ip\":\"*********\",\"eci\":\"ECOMMERCE\",\"fort_id\":\"169996200026735473\",\"command\":\"PURCHASE\",\"response_message\":\"\\u0644\\u0642\\u062f \\u062a\\u0645 \\u0645\\u0639\\u0627\\u0644\\u062c\\u0629 \\u0647\\u0630\\u0627 \\u0627\\u0644\\u0637\\u0644\\u0628\",\"merchant_reference\":\"1769472\",\"customer_email\":\"***********************\",\"currency\":\"SAR\",\"customer_name\":\"*****\",\"status\":\"00\"}', NULL, NULL, NULL, NULL, 0, 0, 'pending', NULL, '2025-08-31 09:16:06', '2025-08-31 09:33:13'),
(28, '1835008', 10, 1, 'web', 4, 1, NULL, 2, NULL, 'Visa', '{\"amount\":\"1000\",\"response_code\":\"14000\",\"card_number\":\"****************\",\"card_holder_name\":\"*****\",\"signature\":\"46d0feeeb67e1f328c85f97ae64f7f48d97191343781dc746f9bcaa9873bd7b4\",\"order_description\":\"web Checkout\",\"payment_option\":\"MADA\",\"expiry_date\":\"****\",\"customer_ip\":\"*********\",\"eci\":\"ECOMMERCE\",\"fort_id\":\"169996200026736045\",\"command\":\"PURCHASE\",\"response_message\":\"\\u0639\\u0645\\u0644\\u064a\\u0629 \\u0646\\u0627\\u062c\\u062d\\u0629\",\"merchant_reference\":\"1835008\",\"authorization_code\":\"194171\",\"customer_email\":\"***********************\",\"token_name\":\"3a8d88d51095477c9d6e6ddbb2ce7780\",\"currency\":\"SAR\",\"customer_name\":\"*****\",\"status\":\"14\"}', NULL, NULL, NULL, NULL, 0, 1, 'pending', NULL, '2025-08-31 09:46:15', '2025-08-31 09:46:29'),
(29, '1900544', 500, 1, 'web', 4, 1, NULL, 3, NULL, 'Raj Mashar', NULL, 'attachments/orders/1756644939.jpg', 1, NULL, NULL, 0, 0, 'pending', NULL, '2025-08-31 09:55:39', '2025-08-31 09:55:39'),
(30, '1966080', 3000, 3, 'web', 13, 1, NULL, 2, NULL, 'Visa', '{\"amount\":\"300000\",\"response_code\":\"14000\",\"card_number\":\"****************\",\"card_holder_name\":\"*****\",\"signature\":\"b78c8031425d0e53e5b541303ab00889c162acf2f0d797f364f9ee02ec181b05\",\"order_description\":\"web Checkout\",\"payment_option\":\"MADA\",\"expiry_date\":\"****\",\"customer_ip\":\"*********\",\"eci\":\"ECOMMERCE\",\"fort_id\":\"169996200026737477\",\"command\":\"PURCHASE\",\"response_message\":\"\\u0639\\u0645\\u0644\\u064a\\u0629 \\u0646\\u0627\\u062c\\u062d\\u0629\",\"merchant_reference\":\"1966080\",\"authorization_code\":\"746262\",\"customer_email\":\"***********************\",\"token_name\":\"1211d05941d14921846e3a57b34f0f0e\",\"currency\":\"SAR\",\"customer_name\":\"********\",\"status\":\"14\"}', NULL, NULL, NULL, NULL, 0, 1, 'pending', NULL, '2025-08-31 10:52:34', '2025-08-31 10:52:51'),
(31, '2031616', 500, 1, 'web', 13, 1, NULL, 2, NULL, 'Visa', '{\"amount\":\"50000\",\"response_code\":\"14000\",\"card_number\":\"****************\",\"card_holder_name\":\"*****\",\"signature\":\"67b380686370e97a8b5e53ebe8092084a0d7f6ad3ebae1edc638dfabfa5fb80a\",\"order_description\":\"web Checkout\",\"payment_option\":\"MADA\",\"expiry_date\":\"****\",\"customer_ip\":\"*********\",\"eci\":\"ECOMMERCE\",\"fort_id\":\"169996200026737649\",\"command\":\"PURCHASE\",\"response_message\":\"\\u0639\\u0645\\u0644\\u064a\\u0629 \\u0646\\u0627\\u062c\\u062d\\u0629\",\"merchant_reference\":\"2031616\",\"authorization_code\":\"214151\",\"customer_email\":\"***********************\",\"token_name\":\"8706306f1ad2495a838e47f554e74da0\",\"currency\":\"SAR\",\"customer_name\":\"********\",\"status\":\"14\"}', NULL, NULL, NULL, NULL, 0, 1, 'pending', NULL, '2025-08-31 11:00:22', '2025-08-31 11:00:38'),
(32, '2097152', 2510, 3, 'web', 13, 1, NULL, 2, NULL, 'Visa', '{\"amount\":\"251000\",\"response_code\":\"14000\",\"card_number\":\"****************\",\"card_holder_name\":\"*****\",\"signature\":\"21e998ddd70e02f7595adbb268d317d9f1d5ae1c49e807461d07518b8b50fb85\",\"order_description\":\"web Checkout\",\"payment_option\":\"MADA\",\"expiry_date\":\"****\",\"customer_ip\":\"*********\",\"eci\":\"ECOMMERCE\",\"fort_id\":\"169996200026744283\",\"command\":\"PURCHASE\",\"response_message\":\"\\u0639\\u0645\\u0644\\u064a\\u0629 \\u0646\\u0627\\u062c\\u062d\\u0629\",\"merchant_reference\":\"2097152\",\"authorization_code\":\"585478\",\"customer_email\":\"***********************\",\"token_name\":\"87669fceb84744f384ebc9ebfc035fb8\",\"currency\":\"SAR\",\"customer_name\":\"********\",\"status\":\"14\"}', NULL, NULL, NULL, NULL, 0, 1, 'pending', NULL, '2025-09-01 03:58:04', '2025-09-01 03:58:21'),
(33, '2162688', 5000, 4, 'web', 4, 1, NULL, 3, NULL, 'Raj Mashar', NULL, 'attachments/orders/1756727254.jpg', 1, NULL, NULL, 0, 0, 'pending', NULL, '2025-09-01 08:47:35', '2025-09-01 08:47:35'),
(34, '2228224', 2000, 1, 'web', NULL, 1, NULL, 3, NULL, 'Ahly Genrl', NULL, 'attachments/orders/1756728066.jpg', 5, NULL, NULL, 0, 0, 'pending', NULL, '2025-09-01 09:01:06', '2025-09-01 09:01:07'),
(35, '2293760', 2000, 1, 'web', NULL, 1, NULL, 2, NULL, 'Visa', '{\"amount\":\"200000\",\"response_code\":\"00047\",\"card_holder_name\":\"*****\",\"signature\":\"e9780500427a95d03581fe1f98f8afad478aec596913df8dfec98148342f7add\",\"order_description\":\"web Checkout\",\"payment_option\":\"MADA\",\"customer_ip\":\"*********\",\"eci\":\"ECOMMERCE\",\"fort_id\":\"169996200026749077\",\"command\":\"PURCHASE\",\"response_message\":\"\\u0644\\u0642\\u062f \\u062a\\u0645 \\u0645\\u0639\\u0627\\u0644\\u062c\\u0629 \\u0647\\u0630\\u0627 \\u0627\\u0644\\u0637\\u0644\\u0628\",\"merchant_reference\":\"2293760\",\"customer_email\":\"***********************\",\"currency\":\"SAR\",\"customer_name\":\"***********************\",\"status\":\"00\"}', NULL, NULL, NULL, NULL, 0, 0, 'pending', NULL, '2025-09-01 09:19:01', '2025-09-01 09:26:27'),
(36, '2359296', 2000, 1, 'web', NULL, 1, NULL, 2, NULL, 'Visa', '{\"amount\":\"200000\",\"response_code\":\"14000\",\"card_number\":\"****************\",\"card_holder_name\":\"*****\",\"signature\":\"601b8d3db5c5a7f7eadaa063120bc4af061aa3848006f728a25d9d6ca8e84f5f\",\"order_description\":\"web Checkout\",\"payment_option\":\"MADA\",\"expiry_date\":\"****\",\"customer_ip\":\"*********\",\"eci\":\"ECOMMERCE\",\"fort_id\":\"169996200026749315\",\"command\":\"PURCHASE\",\"response_message\":\"\\u0639\\u0645\\u0644\\u064a\\u0629 \\u0646\\u0627\\u062c\\u062d\\u0629\",\"merchant_reference\":\"2359296\",\"authorization_code\":\"937746\",\"customer_email\":\"***********************\",\"token_name\":\"68447ec229344459a1f4210d4338b49d\",\"currency\":\"SAR\",\"customer_name\":\"***********************\",\"status\":\"14\"}', NULL, NULL, NULL, NULL, 0, 1, 'pending', NULL, '2025-09-01 09:27:36', '2025-09-01 09:27:52'),
(37, '2424832', 2000, 1, 'web', NULL, 1, NULL, 2, NULL, 'Visa', '{\"amount\":\"200000\",\"response_code\":\"14000\",\"card_number\":\"****************\",\"card_holder_name\":\"*****\",\"signature\":\"f1701922651969c33998b18d0e3fecb391260bc7575eef646b9b3ce888c8996b\",\"order_description\":\"web Checkout\",\"payment_option\":\"MADA\",\"expiry_date\":\"****\",\"customer_ip\":\"*********\",\"eci\":\"ECOMMERCE\",\"fort_id\":\"169996200026749537\",\"command\":\"PURCHASE\",\"response_message\":\"\\u0639\\u0645\\u0644\\u064a\\u0629 \\u0646\\u0627\\u062c\\u062d\\u0629\",\"merchant_reference\":\"2424832\",\"authorization_code\":\"670191\",\"customer_email\":\"***********************\",\"token_name\":\"72f5b0c5a7144de299a304f3b75e07f7\",\"currency\":\"SAR\",\"customer_name\":\"***********************\",\"status\":\"14\"}', NULL, NULL, NULL, NULL, 0, 1, 'pending', NULL, '2025-09-01 09:36:02', '2025-09-01 09:36:19'),
(38, '2490368', 2000, 1, 'web', NULL, 1, NULL, 2, NULL, 'Visa', '{\"response_code\":\"18000\",\"card_number\":\"****************\",\"card_holder_name\":\"*****\",\"signature\":\"3d6ce6c266c9d58a37782a732cd52ca02395bcf2ac8c975ed7eefe7ac0959dfa\",\"expiry_date\":\"****\",\"access_code\":\"lR3miH0aJZTNBCW5So7m\",\"service_command\":\"TOKENIZATION\",\"response_message\":\"\\u0639\\u0645\\u0644\\u064a\\u0629 \\u0646\\u0627\\u062c\\u062d\\u0629\",\"merchant_reference\":\"AUTH3_2490368\",\"card_bin\":\"529741\",\"status\":\"18\"}', NULL, NULL, NULL, NULL, 0, 0, 'pending', NULL, '2025-09-01 09:38:16', '2025-09-01 09:38:40'),
(39, '2555904', 2000, 1, 'web', NULL, 1, NULL, 2, NULL, 'Visa', '{\"amount\":\"200000\",\"response_code\":\"14000\",\"card_number\":\"****************\",\"card_holder_name\":\"*****\",\"signature\":\"3051d0339ec8052ae02cd021d9ed0b170503f033198e6b6b0824db26cb1b559a\",\"order_description\":\"web Checkout\",\"payment_option\":\"MADA\",\"expiry_date\":\"****\",\"customer_ip\":\"*********\",\"eci\":\"ECOMMERCE\",\"fort_id\":\"169996200026749842\",\"command\":\"PURCHASE\",\"response_message\":\"\\u0639\\u0645\\u0644\\u064a\\u0629 \\u0646\\u0627\\u062c\\u062d\\u0629\",\"merchant_reference\":\"2555904\",\"authorization_code\":\"952980\",\"customer_email\":\"***********************\",\"token_name\":\"c036b587900f4e94935c008841e41ce3\",\"currency\":\"SAR\",\"customer_name\":\"***********************\",\"status\":\"14\"}', NULL, NULL, NULL, NULL, 0, 1, 'pending', NULL, '2025-09-01 09:45:37', '2025-09-01 09:45:52'),
(40, '2621440', 2000, 1, 'web', NULL, 1, NULL, 2, NULL, 'Visa', NULL, NULL, NULL, NULL, NULL, 0, 0, 'pending', NULL, '2025-09-01 09:47:10', '2025-09-01 09:47:10'),
(41, '2686976', 2000, 1, 'web', NULL, 1, NULL, 2, NULL, 'Visa', '{\"amount\":\"200000\",\"response_code\":\"14000\",\"card_number\":\"****************\",\"card_holder_name\":\"*****\",\"signature\":\"13877f7d15b5be2a0d0e700c1e43511720b190c78d2465dbbc6c8d973cdc8ada\",\"order_description\":\"web Checkout\",\"payment_option\":\"MADA\",\"expiry_date\":\"****\",\"customer_ip\":\"*********\",\"eci\":\"ECOMMERCE\",\"fort_id\":\"169996200026749918\",\"command\":\"PURCHASE\",\"response_message\":\"\\u0639\\u0645\\u0644\\u064a\\u0629 \\u0646\\u0627\\u062c\\u062d\\u0629\",\"merchant_reference\":\"2686976\",\"authorization_code\":\"658351\",\"customer_email\":\"***********************\",\"token_name\":\"01b3a56ba7cd452ca01fd7b527332001\",\"currency\":\"SAR\",\"customer_name\":\"***********************\",\"status\":\"14\"}', NULL, NULL, NULL, NULL, 0, 1, 'pending', NULL, '2025-09-01 09:48:21', '2025-09-01 09:48:35'),
(55, '3604480', 1, 1, 'cashier', 39, NULL, NULL, 2, NULL, 'Visa', '{\"amount\":\"100\",\"response_code\":\"00002\",\"signature\":\"3edb76fc58cb2f1292c7b59e566b8cab6ad495afb013e71ca375f44b288aa0f7\",\"order_description\":\"cashier Checkout\",\"customer_ip\":\"*********\",\"command\":\"PURCHASE\",\"response_message\":\"\\u062a\\u0646\\u0633\\u064a\\u0642 \\u0627\\u0644\\u0645\\u0639\\u0644\\u0651\\u0645\\u0629 (parameter) \\u063a\\u064a\\u0631 \\u0635\\u062d\\u064a\\u062d : customer_name\",\"merchant_reference\":\"3604480\",\"customer_email\":\"***********************\",\"currency\":\"SAR\",\"customer_name\":\"***********\",\"status\":\"00\"}', NULL, NULL, NULL, NULL, 0, 0, 'pending', NULL, '2025-09-02 08:24:54', '2025-09-02 08:28:50'),
(56, '3670016', 1, 1, 'cashier', 40, NULL, NULL, 2, NULL, 'Visa', '{\"amount\":\"100\",\"response_code\":\"14000\",\"card_number\":\"****************\",\"card_holder_name\":\"*****\",\"signature\":\"f499805cf5d28d05b842dcee169635af057805ac7708a940405f76112593df60\",\"order_description\":\"cashier Checkout\",\"payment_option\":\"MADA\",\"expiry_date\":\"****\",\"customer_ip\":\"*********\",\"eci\":\"ECOMMERCE\",\"fort_id\":\"169996200026767977\",\"command\":\"PURCHASE\",\"response_message\":\"\\u0639\\u0645\\u0644\\u064a\\u0629 \\u0646\\u0627\\u062c\\u062d\\u0629\",\"merchant_reference\":\"3670016\",\"authorization_code\":\"468810\",\"customer_email\":\"***********************\",\"token_name\":\"e66fa72316e24f6784a5b24aeeb86786\",\"currency\":\"SAR\",\"customer_name\":\"*******\",\"status\":\"14\"}', NULL, NULL, NULL, NULL, 0, 1, 'pending', NULL, '2025-09-02 08:33:22', '2025-09-02 08:33:37'),
(57, '3735552', 1, 1, 'cashier', 41, NULL, NULL, 2, NULL, 'Visa', '{\"amount\":\"100\",\"response_code\":\"14000\",\"card_number\":\"****************\",\"card_holder_name\":\"*****\",\"signature\":\"ced3c6f4413c06670550b09434655cbaf04b6b98b8431c2b5c9294c9383d16b8\",\"order_description\":\"cashier Checkout\",\"payment_option\":\"MADA\",\"expiry_date\":\"****\",\"customer_ip\":\"*********\",\"eci\":\"ECOMMERCE\",\"fort_id\":\"169996200026768237\",\"command\":\"PURCHASE\",\"response_message\":\"\\u0639\\u0645\\u0644\\u064a\\u0629 \\u0646\\u0627\\u062c\\u062d\\u0629\",\"merchant_reference\":\"3735552\",\"authorization_code\":\"612940\",\"customer_email\":\"***********************\",\"token_name\":\"52b879acdf234d72b7a9d4e7c724a748\",\"currency\":\"SAR\",\"customer_name\":\"*******\",\"status\":\"14\"}', NULL, NULL, NULL, NULL, 0, 1, 'pending', NULL, '2025-09-02 08:52:11', '2025-09-02 08:52:25'),
(62, '4063232', 1, 1, 'cashier', 53, NULL, NULL, 2, NULL, 'Visa', '{\"amount\":\"100\",\"response_code\":\"14000\",\"card_number\":\"****************\",\"card_holder_name\":\"*****\",\"signature\":\"e93f2e396d0481f1fa1e93132735db1d3cc211f20ee5800c3ae4b7b3dfb37139\",\"order_description\":\"cashier Checkout\",\"payment_option\":\"MADA\",\"expiry_date\":\"****\",\"customer_ip\":\"*********\",\"eci\":\"ECOMMERCE\",\"fort_id\":\"169996200026768906\",\"command\":\"PURCHASE\",\"response_message\":\"\\u0639\\u0645\\u0644\\u064a\\u0629 \\u0646\\u0627\\u062c\\u062d\\u0629\",\"merchant_reference\":\"4063232\",\"authorization_code\":\"763156\",\"customer_email\":\"***********************\",\"token_name\":\"560fe59710814402a8dfdaf2b7b02f01\",\"currency\":\"SAR\",\"customer_name\":\"********\",\"status\":\"14\"}', NULL, NULL, NULL, NULL, 0, 1, 'pending', NULL, '2025-09-02 09:25:39', '2025-09-02 09:25:56'),
(63, '4128768', 1, 1, 'cashier', 54, NULL, NULL, 2, NULL, 'Visa', '{\"amount\":\"100\",\"response_code\":\"14000\",\"card_number\":\"****************\",\"card_holder_name\":\"*****\",\"signature\":\"8d5c3615fb817c1bda759747022bc582cd1be5e7b47fef6d94984d62248f1857\",\"order_description\":\"cashier Checkout\",\"payment_option\":\"MADA\",\"expiry_date\":\"****\",\"customer_ip\":\"*********\",\"eci\":\"ECOMMERCE\",\"fort_id\":\"169996200026769065\",\"command\":\"PURCHASE\",\"response_message\":\"\\u0639\\u0645\\u0644\\u064a\\u0629 \\u0646\\u0627\\u062c\\u062d\\u0629\",\"merchant_reference\":\"4128768\",\"authorization_code\":\"924041\",\"customer_email\":\"***********************\",\"token_name\":\"14d3e93673a24e4d9da0fc4e4946b0e9\",\"currency\":\"SAR\",\"customer_name\":\"********\",\"status\":\"14\"}', NULL, NULL, NULL, NULL, 0, 1, 'pending', NULL, '2025-09-02 09:29:59', '2025-09-02 09:30:14'),
(64, '4194304', 1, 1, 'cashier', 61, NULL, NULL, 2, NULL, 'Visa', '{\"amount\":\"100\",\"response_code\":\"14000\",\"card_number\":\"****************\",\"card_holder_name\":\"*****\",\"signature\":\"7f66ef4ca72eb87fe7e39884a7a9221dc8c4f6514da4d0d8bd66d0998c27db5b\",\"order_description\":\"cashier Checkout\",\"payment_option\":\"MADA\",\"expiry_date\":\"****\",\"customer_ip\":\"*********\",\"eci\":\"ECOMMERCE\",\"fort_id\":\"169996200026783616\",\"command\":\"PURCHASE\",\"response_message\":\"\\u0639\\u0645\\u0644\\u064a\\u0629 \\u0646\\u0627\\u062c\\u062d\\u0629\",\"merchant_reference\":\"4194304\",\"authorization_code\":\"486580\",\"customer_email\":\"***********************\",\"token_name\":\"2f3dbd12c05047f39a051aadde5a3b23\",\"currency\":\"SAR\",\"customer_name\":\"*********************\",\"status\":\"14\"}', NULL, NULL, NULL, NULL, 0, 1, 'pending', NULL, '2025-09-03 06:03:19', '2025-09-03 06:03:38'),
(65, '4259840', 1, 1, 'cashier', 62, NULL, NULL, 2, NULL, 'Visa', '{\"amount\":\"100\",\"response_code\":\"14000\",\"card_number\":\"****************\",\"card_holder_name\":\"*****\",\"signature\":\"8b730b8f218ce7e6f32b81574ff4db5dafdecaaeb6f2196486f8a8229ad68206\",\"order_description\":\"cashier Checkout\",\"payment_option\":\"MADA\",\"expiry_date\":\"****\",\"customer_ip\":\"*********\",\"eci\":\"ECOMMERCE\",\"fort_id\":\"169996200026784524\",\"command\":\"PURCHASE\",\"response_message\":\"\\u0639\\u0645\\u0644\\u064a\\u0629 \\u0646\\u0627\\u062c\\u062d\\u0629\",\"merchant_reference\":\"4259840\",\"authorization_code\":\"385614\",\"customer_email\":\"***********************\",\"token_name\":\"6b00cbc00da54aa1a3b2c989e0423c2c\",\"currency\":\"SAR\",\"customer_name\":\"*****\",\"status\":\"14\"}', NULL, NULL, NULL, NULL, 0, 1, 'pending', NULL, '2025-09-03 07:08:49', '2025-09-03 07:09:09'),
(66, '4325376', 1, 1, 'cashier', 63, NULL, NULL, 2, NULL, 'Visa', '{\"amount\":\"100\",\"response_code\":\"14000\",\"card_number\":\"****************\",\"card_holder_name\":\"*****\",\"signature\":\"788b9b008187d8667d7a2ca81632958dbd3de9514cd65c924fea331b8524f7af\",\"order_description\":\"cashier Checkout\",\"payment_option\":\"MADA\",\"expiry_date\":\"****\",\"customer_ip\":\"*********\",\"eci\":\"ECOMMERCE\",\"fort_id\":\"169996200026784811\",\"command\":\"PURCHASE\",\"response_message\":\"\\u0639\\u0645\\u0644\\u064a\\u0629 \\u0646\\u0627\\u062c\\u062d\\u0629\",\"merchant_reference\":\"4325376\",\"authorization_code\":\"998312\",\"customer_email\":\"***********************\",\"token_name\":\"063ebbf9a2a943949a833c315ff2c6f0\",\"currency\":\"SAR\",\"customer_name\":\"****\",\"status\":\"14\"}', NULL, NULL, NULL, NULL, 0, 1, 'pending', NULL, '2025-09-03 07:27:23', '2025-09-03 07:27:39'),
(67, '4390912', 8000, 4, 'web', 4, 1, NULL, 2, NULL, 'Visa', '{\"amount\":\"800000\",\"response_code\":\"14000\",\"card_number\":\"****************\",\"card_holder_name\":\"*****\",\"signature\":\"ceb33030cab8b98c462aabece1dc214a638d2c5a45b2f3b52c2b7e922087d184\",\"order_description\":\"web Checkout\",\"payment_option\":\"MADA\",\"expiry_date\":\"****\",\"customer_ip\":\"*********\",\"eci\":\"ECOMMERCE\",\"fort_id\":\"169996200026785244\",\"command\":\"PURCHASE\",\"response_message\":\"\\u0639\\u0645\\u0644\\u064a\\u0629 \\u0646\\u0627\\u062c\\u062d\\u0629\",\"merchant_reference\":\"4390912\",\"authorization_code\":\"285864\",\"customer_email\":\"***********************\",\"token_name\":\"2cd2650d5b064fc788779ba1d97ea072\",\"currency\":\"SAR\",\"customer_name\":\"*****\",\"status\":\"14\"}', NULL, NULL, NULL, NULL, 0, 1, 'pending', NULL, '2025-09-03 08:00:28', '2025-09-03 08:00:49'),
(68, '4456448', 40, 1, 'web', 66, 205, NULL, 2, NULL, NULL, NULL, NULL, NULL, NULL, NULL, 0, 0, 'pending', NULL, '2025-09-03 08:09:15', '2025-09-03 08:09:15'),
(70, '4587520', 2000, 1, 'web', 68, NULL, NULL, 2, NULL, 'Visa', '{\"amount\":\"200000\",\"response_code\":\"14000\",\"card_number\":\"****************\",\"card_holder_name\":\"*****\",\"signature\":\"8b83dd13ee9731bee3a113067c48606456d7a9152507eb08d0e265c0217c6c41\",\"order_description\":\"web Checkout\",\"payment_option\":\"MADA\",\"expiry_date\":\"****\",\"customer_ip\":\"*********\",\"eci\":\"ECOMMERCE\",\"fort_id\":\"169996200026785358\",\"command\":\"PURCHASE\",\"response_message\":\"\\u0639\\u0645\\u0644\\u064a\\u0629 \\u0646\\u0627\\u062c\\u062d\\u0629\",\"merchant_reference\":\"4587520\",\"authorization_code\":\"271849\",\"customer_email\":\"***********************\",\"token_name\":\"f7b9bc0cca00456593b821557ae11edb\",\"currency\":\"SAR\",\"customer_name\":\"*****\",\"status\":\"14\"}', NULL, NULL, NULL, NULL, 0, 1, 'pending', NULL, '2025-09-03 08:11:07', '2025-09-03 08:11:24'),
(71, '4653056', 2500, 2, 'cashier', 69, NULL, NULL, 2, NULL, 'Visa', '{\"amount\":\"250000\",\"response_code\":\"14000\",\"card_number\":\"****************\",\"card_holder_name\":\"*****\",\"signature\":\"0922f8c89ada5ab3755cffd82baa8855b48d1b62d4d0a1154b3a797935c94c96\",\"order_description\":\"cashier Checkout\",\"payment_option\":\"MADA\",\"expiry_date\":\"****\",\"customer_ip\":\"*********\",\"eci\":\"ECOMMERCE\",\"fort_id\":\"169996200026785402\",\"command\":\"PURCHASE\",\"response_message\":\"\\u0639\\u0645\\u0644\\u064a\\u0629 \\u0646\\u0627\\u062c\\u062d\\u0629\",\"merchant_reference\":\"4653056\",\"authorization_code\":\"139218\",\"customer_email\":\"***********************\",\"token_name\":\"1b9344083f294f498fb20ee06556fac2\",\"currency\":\"SAR\",\"customer_name\":\"*****\",\"status\":\"14\"}', NULL, NULL, NULL, NULL, 0, 1, 'pending', NULL, '2025-09-03 08:13:09', '2025-09-03 08:13:23'),
(82, '5373952', 2500, 2, 'cashier', 81, 208, NULL, 2, NULL, 'Visa', '{\"amount\":\"250000\",\"response_code\":\"14000\",\"card_number\":\"****************\",\"card_holder_name\":\"*****\",\"signature\":\"495eef7aedf7d1fa7355e3c013c56c7702596bdd0e9e1220058e0d433530de02\",\"order_description\":\"cashier Checkout\",\"payment_option\":\"MADA\",\"expiry_date\":\"****\",\"customer_ip\":\"*********\",\"eci\":\"ECOMMERCE\",\"fort_id\":\"169996200026785643\",\"command\":\"PURCHASE\",\"response_message\":\"\\u0639\\u0645\\u0644\\u064a\\u0629 \\u0646\\u0627\\u062c\\u062d\\u0629\",\"merchant_reference\":\"5373952\",\"authorization_code\":\"271468\",\"customer_email\":\"***********************\",\"token_name\":\"9b5cbb219bf74c4eb917e4324f577c87\",\"currency\":\"SAR\",\"customer_name\":\"*******\",\"status\":\"14\"}', NULL, NULL, NULL, NULL, 0, 1, 'pending', NULL, '2025-09-03 08:23:31', '2025-09-03 08:23:46'),
(83, '5439488', 2500, 2, 'cashier', 82, 208, NULL, 3, NULL, 'Raj Mashar', NULL, 'attachments/orders/1756901433.jpg', 1, NULL, NULL, 0, 0, 'pending', NULL, '2025-09-03 09:10:34', '2025-09-03 09:10:34'),
(84, '5505024', 520, 2, 'cashier', 83, 208, NULL, 2, NULL, 'Visa', '{\"amount\":\"52000\",\"response_code\":\"14000\",\"card_number\":\"****************\",\"card_holder_name\":\"*****\",\"signature\":\"81c7fb71105fba535650dc537ea873289a4b8256755d62d9a5b312ee9411e801\",\"order_description\":\"cashier Checkout\",\"payment_option\":\"MADA\",\"expiry_date\":\"****\",\"customer_ip\":\"*********\",\"eci\":\"ECOMMERCE\",\"fort_id\":\"169996200026787247\",\"command\":\"PURCHASE\",\"response_message\":\"\\u0639\\u0645\\u0644\\u064a\\u0629 \\u0646\\u0627\\u062c\\u062d\\u0629\",\"merchant_reference\":\"5505024\",\"authorization_code\":\"716759\",\"customer_email\":\"***********************\",\"token_name\":\"be7ae7fe7e5f4c778b50e4a775c99ec5\",\"currency\":\"SAR\",\"customer_name\":\"*****\",\"status\":\"14\"}', NULL, NULL, NULL, NULL, 0, 1, 'pending', NULL, '2025-09-03 09:19:27', '2025-09-03 09:19:42'),
(85, '5570560', 520, 2, 'cashier', 84, 208, NULL, 2, NULL, 'Visa', '{\"amount\":\"52000\",\"response_code\":\"14000\",\"card_number\":\"****************\",\"card_holder_name\":\"*****\",\"signature\":\"687588952400d599aa1e94a71cc8f9330be7d67597b8feaa040ed437f113e4ca\",\"order_description\":\"cashier Checkout\",\"payment_option\":\"MADA\",\"expiry_date\":\"****\",\"customer_ip\":\"*********\",\"eci\":\"ECOMMERCE\",\"fort_id\":\"169996200026787280\",\"command\":\"PURCHASE\",\"response_message\":\"\\u0639\\u0645\\u0644\\u064a\\u0629 \\u0646\\u0627\\u062c\\u062d\\u0629\",\"merchant_reference\":\"5570560\",\"authorization_code\":\"989383\",\"customer_email\":\"***********************\",\"token_name\":\"0c8966045aa847ff935d64890d8e8caa\",\"currency\":\"SAR\",\"customer_name\":\"****\",\"status\":\"14\"}', NULL, NULL, NULL, NULL, 0, 1, 'pending', NULL, '2025-09-03 09:20:41', '2025-09-03 09:20:55');

-- --------------------------------------------------------

--
-- Table structure for table `order_details`
--

CREATE TABLE `order_details` (
  `id` bigint UNSIGNED NOT NULL,
  `order_id` bigint UNSIGNED NOT NULL,
  `order_details_id` bigint UNSIGNED NOT NULL,
  `item_type` varchar(255) CHARACTER SET utf8mb4 COLLATE utf8mb4_unicode_ci NOT NULL COMMENT 'model name that will load from',
  `item_id` bigint UNSIGNED NOT NULL COMMENT 'model item id like project id or product id',
  `item_name` varchar(255) CHARACTER SET utf8mb4 COLLATE utf8mb4_unicode_ci DEFAULT NULL COMMENT 'item title',
  `item_sub_type` varchar(255) CHARACTER SET utf8mb4 COLLATE utf8mb4_unicode_ci DEFAULT NULL COMMENT 'like donation type or occasion name',
  `quantity` int NOT NULL DEFAULT '1',
  `price` double NOT NULL DEFAULT '1',
  `total` double NOT NULL DEFAULT '1',
  `is_gift` tinyint(1) NOT NULL DEFAULT '0',
  `shipping_status` enum('pending','picking','picked','delivering','delivered','canceled') CHARACTER SET utf8mb4 COLLATE utf8mb4_unicode_ci NOT NULL DEFAULT 'pending' COMMENT 'pending, picking, picked, delivering, delivered, canceled',
  `rate` int DEFAULT NULL,
  `review` varchar(255) CHARACTER SET utf8mb4 COLLATE utf8mb4_unicode_ci DEFAULT NULL,
  `gift_details` json DEFAULT NULL COMMENT 'image that will sent to giver and note for message etc',
  `vendor_id` bigint UNSIGNED DEFAULT NULL COMMENT 'vendor id if type is product',
  `status` tinyint NOT NULL DEFAULT '0',
  `deleted_at` timestamp NULL DEFAULT NULL,
  `created_at` timestamp NULL DEFAULT NULL,
  `updated_at` timestamp NULL DEFAULT NULL
) ENGINE=InnoDB DEFAULT CHARSET=utf8mb4 COLLATE=utf8mb4_unicode_ci;

--
-- Dumping data for table `order_details`
--

INSERT INTO `order_details` (`id`, `order_id`, `order_details_id`, `item_type`, `item_id`, `item_name`, `item_sub_type`, `quantity`, `price`, `total`, `is_gift`, `shipping_status`, `rate`, `review`, `gift_details`, `vendor_id`, `status`, `deleted_at`, `created_at`, `updated_at`) VALUES
(20, 7, 47, 'App\\Models\\CharityProject', 3, 'كرســـــي لكبار السن', 'share 1', 1, 40, 40, 1, 'pending', NULL, NULL, 'null', NULL, 0, NULL, '2025-05-26 05:30:05', '2025-05-26 05:30:05'),
(21, 8, 62, 'App\\Models\\CharityProject', 2, 'سقيا المساجد', 'unit 1', 1, 500, 500, 1, 'pending', NULL, NULL, 'null', NULL, 0, NULL, '2025-07-07 07:10:57', '2025-07-07 07:10:57'),
(22, 8, 63, 'App\\Models\\CharityProject', 2, 'سقيا المساجد', 'unit 1', 1, 10, 10, 1, 'pending', NULL, NULL, '{\"image\": \"attachments/settings/17481707140.jpg\", \"sendCopy\": \"\", \"cardTitle\": \"إلى أبي الغالي\", \"giver_name\": \"اسلام\", \"donationAmt\": \"10\", \"giver_email\": \"islam@gmail.com\", \"donationtype\": \"unit 1\", \"giver_mobile\": \"010254577\"}', NULL, 0, NULL, '2025-07-07 07:10:57', '2025-07-07 07:10:57'),
(23, 9, 62, 'App\\Models\\CharityProject', 2, 'سقيا المساجد', 'unit 1', 1, 500, 500, 1, 'pending', NULL, NULL, 'null', NULL, 0, NULL, '2025-07-07 07:11:01', '2025-07-07 07:11:01'),
(24, 9, 63, 'App\\Models\\CharityProject', 2, 'سقيا المساجد', 'unit 1', 1, 10, 10, 1, 'pending', NULL, NULL, '{\"image\": \"attachments/settings/17481707140.jpg\", \"sendCopy\": \"\", \"cardTitle\": \"إلى أبي الغالي\", \"giver_name\": \"اسلام\", \"donationAmt\": \"10\", \"giver_email\": \"islam@gmail.com\", \"donationtype\": \"unit 1\", \"giver_mobile\": \"010254577\"}', NULL, 0, NULL, '2025-07-07 07:11:01', '2025-07-07 07:11:01'),
(25, 10, 62, 'App\\Models\\CharityProject', 2, 'سقيا المساجد', 'unit 1', 1, 500, 500, 1, 'pending', NULL, NULL, 'null', NULL, 0, NULL, '2025-07-07 07:11:04', '2025-07-07 07:11:04'),
(26, 10, 63, 'App\\Models\\CharityProject', 2, 'سقيا المساجد', 'unit 1', 1, 10, 10, 1, 'pending', NULL, NULL, '{\"image\": \"attachments/settings/17481707140.jpg\", \"sendCopy\": \"\", \"cardTitle\": \"إلى أبي الغالي\", \"giver_name\": \"اسلام\", \"donationAmt\": \"10\", \"giver_email\": \"islam@gmail.com\", \"donationtype\": \"unit 1\", \"giver_mobile\": \"010254577\"}', NULL, 0, NULL, '2025-07-07 07:11:04', '2025-07-07 07:11:04'),
(27, 11, 62, 'App\\Models\\CharityProject', 2, 'سقيا المساجد', 'unit 1', 1, 500, 500, 1, 'pending', NULL, NULL, 'null', NULL, 0, NULL, '2025-07-07 07:11:27', '2025-07-07 07:11:27'),
(28, 11, 63, 'App\\Models\\CharityProject', 2, 'سقيا المساجد', 'unit 1', 1, 10, 10, 1, 'pending', NULL, NULL, '{\"image\": \"attachments/settings/17481707140.jpg\", \"sendCopy\": \"\", \"cardTitle\": \"إلى أبي الغالي\", \"giver_name\": \"اسلام\", \"donationAmt\": \"10\", \"giver_email\": \"islam@gmail.com\", \"donationtype\": \"unit 1\", \"giver_mobile\": \"010254577\"}', NULL, 0, NULL, '2025-07-07 07:11:27', '2025-07-07 07:11:27'),
(29, 12, 62, 'App\\Models\\CharityProject', 2, 'سقيا المساجد', 'unit 1', 1, 500, 500, 1, 'pending', NULL, NULL, 'null', NULL, 0, NULL, '2025-07-07 07:12:15', '2025-07-07 07:12:15'),
(30, 12, 63, 'App\\Models\\CharityProject', 2, 'سقيا المساجد', 'unit 1', 1, 10, 10, 1, 'pending', NULL, NULL, '{\"image\": \"attachments/settings/17481707140.jpg\", \"sendCopy\": \"\", \"cardTitle\": \"إلى أبي الغالي\", \"giver_name\": \"اسلام\", \"donationAmt\": \"10\", \"giver_email\": \"islam@gmail.com\", \"donationtype\": \"unit 1\", \"giver_mobile\": \"010254577\"}', NULL, 0, NULL, '2025-07-07 07:12:15', '2025-07-07 07:12:15'),
(31, 13, 62, 'App\\Models\\CharityProject', 2, 'سقيا المساجد', 'unit 1', 1, 500, 500, 1, 'pending', NULL, NULL, 'null', NULL, 0, NULL, '2025-07-07 07:16:04', '2025-07-07 07:16:04'),
(32, 13, 63, 'App\\Models\\CharityProject', 2, 'سقيا المساجد', 'unit 1', 1, 10, 10, 1, 'pending', NULL, NULL, '{\"image\": \"attachments/settings/17481707140.jpg\", \"sendCopy\": \"\", \"cardTitle\": \"إلى أبي الغالي\", \"giver_name\": \"اسلام\", \"donationAmt\": \"10\", \"giver_email\": \"islam@gmail.com\", \"donationtype\": \"unit 1\", \"giver_mobile\": \"010254577\"}', NULL, 0, NULL, '2025-07-07 07:16:04', '2025-07-07 07:16:04'),
(45, 20, 86, 'App\\Models\\CharityProject', 4, 'سبحه', NULL, 2, 100, 200, 0, 'pending', NULL, NULL, NULL, NULL, 0, NULL, '2025-07-19 07:07:18', '2025-07-19 07:07:18'),
(46, 20, 87, 'App\\Models\\CharityProject', 4, 'سبحه', 'سبحه', 1, 100, 100, 1, 'pending', NULL, NULL, '{\"image\": \"1752919555_687b6e03da984.png\", \"sendCopy\": \"\", \"cardTitle\": \"إلى أبي الغالي\", \"giver_name\": \"Almarwa\", \"donationAmt\": \"100\", \"giver_email\": \"isllaamm@gmail.com\", \"donationtype\": \"سبحه\", \"giver_mobile\": \"597767751\"}', NULL, 0, NULL, '2025-07-19 07:07:18', '2025-07-19 07:07:18'),
(47, 21, 89, 'App\\Models\\CharityProject', 4, 'سبحه', NULL, 1, 100, 100, 1, 'pending', NULL, NULL, 'null', NULL, 0, NULL, '2025-07-19 07:29:25', '2025-07-19 07:29:25'),
(48, 21, 90, 'App\\Models\\CharityProject', 4, 'سبحه', 'سبحه', 1, 100, 100, 1, 'pending', NULL, NULL, '{\"image\": \"attachments/gifts/1752920944_687b73705f04e.png\", \"sendCopy\": \"\", \"cardTitle\": \"إلى أبي الغالي\", \"giver_name\": \"almarwa\", \"donationAmt\": \"100\", \"giver_email\": \"islam@gmail.com\", \"donationtype\": \"سبحه\", \"giver_mobile\": \"597767751\"}', NULL, 0, NULL, '2025-07-19 07:29:25', '2025-07-19 07:29:25'),
(49, 22, 89, 'App\\Models\\CharityProject', 4, 'سبحه', NULL, 1, 100, 100, 1, 'pending', NULL, NULL, 'null', NULL, 0, NULL, '2025-07-19 07:29:52', '2025-07-19 07:29:52'),
(50, 22, 90, 'App\\Models\\CharityProject', 4, 'سبحه', 'سبحه', 1, 100, 100, 1, 'pending', NULL, NULL, '{\"image\": \"attachments/gifts/1752920944_687b73705f04e.png\", \"sendCopy\": \"\", \"cardTitle\": \"إلى أبي الغالي\", \"giver_name\": \"almarwa\", \"donationAmt\": \"100\", \"giver_email\": \"islam@gmail.com\", \"donationtype\": \"سبحه\", \"giver_mobile\": \"597767751\"}', NULL, 0, NULL, '2025-07-19 07:29:52', '2025-07-19 07:29:52'),
(51, 23, 91, 'App\\Models\\CharityProject', 3, 'كرســـــي لكبار السن', 'share 1', 1, 40, 40, 1, 'pending', NULL, NULL, 'null', NULL, 0, NULL, '2025-08-10 06:35:22', '2025-08-10 06:35:22'),
(52, 23, 92, 'App\\Models\\CharityProject', 2, 'سقيا المساجد', 'unit 1', 1, 500, 500, 1, 'pending', NULL, NULL, 'null', NULL, 0, NULL, '2025-08-10 06:35:22', '2025-08-10 06:35:22'),
(53, 24, 93, 'App\\Models\\CharityProject', 4, 'سبحه', '', 1, 100, 100, 1, 'pending', NULL, NULL, 'null', NULL, 0, NULL, '2025-08-10 06:44:00', '2025-08-10 06:44:00'),
(54, 25, 93, 'App\\Models\\CharityProject', 4, 'سبحه', '', 1, 100, 100, 1, 'pending', NULL, NULL, 'null', NULL, 0, NULL, '2025-08-10 06:45:05', '2025-08-10 06:45:05'),
(55, 26, 94, 'App\\Models\\CharityProject', 2, 'سقيا المساجد', 'unit 1', 1, 500, 500, 1, 'pending', NULL, NULL, 'null', NULL, 0, NULL, '2025-08-19 04:36:03', '2025-08-19 04:36:03'),
(56, 27, 103, 'App\\Models\\CharityProject', 2, 'سقيا المساجد', 'unit 1', 11, 500, 5500, 0, 'pending', NULL, NULL, NULL, NULL, 0, NULL, '2025-08-31 09:16:06', '2025-08-31 09:16:06'),
(57, 27, 104, 'App\\Models\\CharityProject', 2, 'سقيا المساجد', 'unit 1', 8, 10, 80, 0, 'pending', NULL, NULL, NULL, NULL, 0, NULL, '2025-08-31 09:16:06', '2025-08-31 09:16:06'),
(58, 27, 105, 'App\\Models\\CharityProject', 2, 'سقيا المساجد', 'unit 1', 4, 2000, 8000, 0, 'pending', NULL, NULL, NULL, NULL, 0, NULL, '2025-08-31 09:16:06', '2025-08-31 09:16:06'),
(59, 27, 106, 'App\\Models\\CharityProject', 6, 'كفالة اليتيمة نورة', 'كفالة سنة', 1, 3600, 3600, 1, 'pending', NULL, NULL, 'null', NULL, 0, NULL, '2025-08-31 09:16:06', '2025-08-31 09:16:06'),
(60, 28, 107, 'App\\Models\\CharityProject', 2, 'سقيا المساجد', 'unit 1', 1, 10, 10, 1, 'pending', NULL, NULL, 'null', NULL, 0, NULL, '2025-08-31 09:46:15', '2025-08-31 09:46:15'),
(61, 29, 108, 'App\\Models\\CharityProject', 2, 'سقيا المساجد', 'unit 1', 1, 500, 500, 1, 'pending', NULL, NULL, 'null', NULL, 0, NULL, '2025-08-31 09:55:39', '2025-08-31 09:55:39'),
(62, 30, 123, 'App\\Models\\CharityProject', 2, 'سقيا المساجد', 'unit 1', 1, 2000, 2000, 1, 'pending', NULL, NULL, 'null', NULL, 0, NULL, '2025-08-31 10:52:34', '2025-08-31 10:52:34'),
(63, 30, 124, 'App\\Models\\CharityProject', 2, 'سقيا المساجد', 'unit 1', 2, 500, 1000, 0, 'pending', NULL, NULL, NULL, NULL, 0, NULL, '2025-08-31 10:52:34', '2025-08-31 10:52:34'),
(64, 31, 125, 'App\\Models\\CharityProject', 2, 'سقيا المساجد', 'unit 1', 1, 500, 500, 1, 'pending', NULL, NULL, 'null', NULL, 0, NULL, '2025-08-31 11:00:22', '2025-08-31 11:00:22'),
(65, 32, 126, 'App\\Models\\CharityProject', 2, 'سقيا المساجد', 'unit 1', 1, 2000, 2000, 1, 'pending', NULL, NULL, 'null', NULL, 0, NULL, '2025-09-01 03:58:04', '2025-09-01 03:58:04'),
(66, 32, 127, 'App\\Models\\CharityProject', 2, 'سقيا المساجد', 'unit 1', 1, 10, 10, 1, 'pending', NULL, NULL, 'null', NULL, 0, NULL, '2025-09-01 03:58:04', '2025-09-01 03:58:04'),
(67, 32, 128, 'App\\Models\\CharityProject', 2, 'سقيا المساجد', 'unit 1', 1, 500, 500, 1, 'pending', NULL, NULL, 'null', NULL, 0, NULL, '2025-09-01 03:58:04', '2025-09-01 03:58:04'),
(68, 33, 129, 'App\\Models\\CharityProject', 2, 'سقيا المساجد', 'unit 1', 2, 500, 1000, 0, 'pending', NULL, NULL, NULL, NULL, 0, NULL, '2025-09-01 08:47:35', '2025-09-01 08:47:35'),
(69, 33, 130, 'App\\Models\\CharityProject', 2, 'سقيا المساجد', 'unit 1', 2, 2000, 4000, 0, 'pending', NULL, NULL, NULL, NULL, 0, NULL, '2025-09-01 08:47:35', '2025-09-01 08:47:35'),
(70, 34, 131, 'App\\Models\\CharityProject', 2, 'سقيا المساجد', 'unit 1', 1, 2000, 2000, 1, 'pending', NULL, NULL, 'null', NULL, 0, NULL, '2025-09-01 09:01:07', '2025-09-01 09:01:07'),
(71, 35, 136, 'App\\Models\\CharityProject', 2, 'سقيا المساجد', 'unit 1', 1, 2000, 2000, 1, 'pending', NULL, NULL, 'null', NULL, 0, NULL, '2025-09-01 09:19:01', '2025-09-01 09:19:01'),
(72, 36, 137, 'App\\Models\\CharityProject', 2, 'سقيا المساجد', 'unit 1', 1, 2000, 2000, 1, 'pending', NULL, NULL, 'null', NULL, 0, NULL, '2025-09-01 09:27:36', '2025-09-01 09:27:36'),
(73, 37, 137, 'App\\Models\\CharityProject', 2, 'سقيا المساجد', 'unit 1', 1, 2000, 2000, 1, 'pending', NULL, NULL, 'null', NULL, 0, NULL, '2025-09-01 09:36:02', '2025-09-01 09:36:02'),
(74, 38, 137, 'App\\Models\\CharityProject', 2, 'سقيا المساجد', 'unit 1', 1, 2000, 2000, 1, 'pending', NULL, NULL, 'null', NULL, 0, NULL, '2025-09-01 09:38:16', '2025-09-01 09:38:16'),
(75, 39, 137, 'App\\Models\\CharityProject', 2, 'سقيا المساجد', 'unit 1', 1, 2000, 2000, 1, 'pending', NULL, NULL, 'null', NULL, 0, NULL, '2025-09-01 09:45:37', '2025-09-01 09:45:37'),
(76, 40, 137, 'App\\Models\\CharityProject', 2, 'سقيا المساجد', 'unit 1', 1, 2000, 2000, 1, 'pending', NULL, NULL, 'null', NULL, 0, NULL, '2025-09-01 09:47:10', '2025-09-01 09:47:10'),
(77, 41, 138, 'App\\Models\\CharityProject', 2, 'سقيا المساجد', 'unit 1', 1, 2000, 2000, 1, 'pending', NULL, NULL, 'null', NULL, 0, NULL, '2025-09-01 09:48:21', '2025-09-01 09:48:21'),
(78, 55, 138, 'App\\Models\\CharityProject', 2, 'سقيا المساجد', 'unit 1', 1, 2000, 2000, 1, 'pending', NULL, NULL, 'null', NULL, 0, NULL, '2025-09-02 08:24:54', '2025-09-02 08:24:54'),
(79, 56, 138, 'App\\Models\\CharityProject', 2, 'سقيا المساجد', 'unit 1', 1, 2000, 2000, 1, 'pending', NULL, NULL, 'null', NULL, 0, NULL, '2025-09-02 08:33:22', '2025-09-02 08:33:22'),
(80, 56, 139, 'App\\Models\\CharityProject', 2, 'سقيا المساجد', 'unit 1', 1, 500, 500, 1, 'pending', NULL, NULL, 'null', NULL, 0, NULL, '2025-09-02 08:33:22', '2025-09-02 08:33:22'),
(81, 57, 138, 'App\\Models\\CharityProject', 2, 'سقيا المساجد', 'unit 1', 1, 2000, 2000, 1, 'pending', NULL, NULL, 'null', NULL, 0, NULL, '2025-09-02 08:52:11', '2025-09-02 08:52:11'),
(82, 57, 139, 'App\\Models\\CharityProject', 2, 'سقيا المساجد', 'unit 1', 1, 500, 500, 1, 'pending', NULL, NULL, 'null', NULL, 0, NULL, '2025-09-02 08:52:11', '2025-09-02 08:52:11'),
(83, 62, 140, 'App\\Models\\CharityProject', 2, 'سقيا المساجد', 'unit 1', 1, 500, 500, 0, 'pending', NULL, NULL, NULL, NULL, 0, NULL, '2025-09-02 09:25:39', '2025-09-02 09:25:39'),
(84, 63, 140, 'App\\Models\\CharityProject', 2, 'سقيا المساجد', 'unit 1', 1, 500, 500, 0, 'pending', NULL, NULL, NULL, NULL, 0, NULL, '2025-09-02 09:29:59', '2025-09-02 09:29:59'),
(85, 63, 141, 'App\\Models\\CharityProject', 3, 'كرســـــي لكبار السن', 'share 1', 1, 30, 30, 0, 'pending', NULL, NULL, NULL, NULL, 0, NULL, '2025-09-02 09:29:59', '2025-09-02 09:29:59'),
(86, 63, 142, 'App\\Models\\CharityProject', 2, 'سقيا المساجد', 'unit 1', 1, 10, 10, 0, 'pending', NULL, NULL, NULL, NULL, 0, NULL, '2025-09-02 09:29:59', '2025-09-02 09:29:59'),
(87, 64, 140, 'App\\Models\\CharityProject', 2, 'سقيا المساجد', 'unit 1', 2, 500, 1000, 0, 'pending', NULL, NULL, NULL, NULL, 0, NULL, '2025-09-03 06:03:19', '2025-09-03 06:03:19'),
(88, 64, 141, 'App\\Models\\CharityProject', 3, 'كرســـــي لكبار السن', 'share 1', 1, 30, 30, 0, 'pending', NULL, NULL, NULL, NULL, 0, NULL, '2025-09-03 06:03:19', '2025-09-03 06:03:19'),
(89, 64, 142, 'App\\Models\\CharityProject', 2, 'سقيا المساجد', 'unit 1', 2, 10, 20, 0, 'pending', NULL, NULL, NULL, NULL, 0, NULL, '2025-09-03 06:03:19', '2025-09-03 06:03:19'),
(90, 64, 143, 'App\\Models\\CharityProject', 2, 'سقيا المساجد', 'unit 1', 3, 2000, 6000, 0, 'pending', NULL, NULL, NULL, NULL, 0, NULL, '2025-09-03 06:03:19', '2025-09-03 06:03:19'),
(91, 64, 144, 'App\\Models\\CharityProject', 2, 'سقيا المساجد', NULL, 1, 2000, 2000, 0, 'pending', NULL, NULL, NULL, NULL, 0, NULL, '2025-09-03 06:03:19', '2025-09-03 06:03:19'),
(92, 65, 140, 'App\\Models\\CharityProject', 2, 'سقيا المساجد', 'unit 1', 3, 500, 1500, 0, 'pending', NULL, NULL, NULL, NULL, 0, NULL, '2025-09-03 07:08:49', '2025-09-03 07:08:49'),
(93, 65, 141, 'App\\Models\\CharityProject', 3, 'كرســـــي لكبار السن', 'share 1', 1, 30, 30, 0, 'pending', NULL, NULL, NULL, NULL, 0, NULL, '2025-09-03 07:08:49', '2025-09-03 07:08:49'),
(94, 65, 142, 'App\\Models\\CharityProject', 2, 'سقيا المساجد', 'unit 1', 2, 10, 20, 0, 'pending', NULL, NULL, NULL, NULL, 0, NULL, '2025-09-03 07:08:49', '2025-09-03 07:08:49'),
(95, 65, 143, 'App\\Models\\CharityProject', 2, 'سقيا المساجد', 'unit 1', 3, 2000, 6000, 0, 'pending', NULL, NULL, NULL, NULL, 0, NULL, '2025-09-03 07:08:49', '2025-09-03 07:08:49'),
(96, 65, 144, 'App\\Models\\CharityProject', 2, 'سقيا المساجد', NULL, 1, 2000, 2000, 0, 'pending', NULL, NULL, NULL, NULL, 0, NULL, '2025-09-03 07:08:49', '2025-09-03 07:08:49'),
(97, 66, 140, 'App\\Models\\CharityProject', 2, 'سقيا المساجد', 'unit 1', 3, 500, 1500, 0, 'pending', NULL, NULL, NULL, NULL, 0, NULL, '2025-09-03 07:27:23', '2025-09-03 07:27:23'),
(98, 66, 141, 'App\\Models\\CharityProject', 3, 'كرســـــي لكبار السن', 'share 1', 1, 30, 30, 0, 'pending', NULL, NULL, NULL, NULL, 0, NULL, '2025-09-03 07:27:23', '2025-09-03 07:27:23'),
(99, 66, 142, 'App\\Models\\CharityProject', 2, 'سقيا المساجد', 'unit 1', 2, 10, 20, 0, 'pending', NULL, NULL, NULL, NULL, 0, NULL, '2025-09-03 07:27:23', '2025-09-03 07:27:23'),
(100, 66, 143, 'App\\Models\\CharityProject', 2, 'سقيا المساجد', 'unit 1', 3, 2000, 6000, 0, 'pending', NULL, NULL, NULL, NULL, 0, NULL, '2025-09-03 07:27:23', '2025-09-03 07:27:23'),
(101, 66, 144, 'App\\Models\\CharityProject', 2, 'سقيا المساجد', NULL, 1, 2000, 2000, 0, 'pending', NULL, NULL, NULL, NULL, 0, NULL, '2025-09-03 07:27:23', '2025-09-03 07:27:23'),
(102, 67, 143, 'App\\Models\\CharityProject', 2, 'سقيا المساجد', 'unit 1', 3, 2000, 6000, 0, 'pending', NULL, NULL, NULL, NULL, 0, NULL, '2025-09-03 08:00:28', '2025-09-03 08:00:28'),
(103, 67, 144, 'App\\Models\\CharityProject', 2, 'سقيا المساجد', NULL, 1, 2000, 2000, 1, 'pending', NULL, NULL, 'null', NULL, 0, NULL, '2025-09-03 08:00:28', '2025-09-03 08:00:28'),
(104, 68, 3, 'App\\Models\\CharityProject', 3, 'كرســـــي لكبار السن', 'share 1', 1, 40, 40, 0, 'pending', NULL, NULL, NULL, NULL, 0, NULL, '2025-09-03 08:09:15', '2025-09-03 08:09:15'),
(105, 70, 145, 'App\\Models\\CharityProject', 2, 'سقيا المساجد', 'unit 1', 1, 2000, 2000, 0, 'pending', NULL, NULL, NULL, NULL, 0, NULL, '2025-09-03 08:11:07', '2025-09-03 08:11:07'),
(106, 71, 146, 'App\\Models\\CharityProject', 2, 'سقيا المساجد', 'unit 1', 1, 2000, 2000, 0, 'pending', NULL, NULL, NULL, NULL, 0, NULL, '2025-09-03 08:13:09', '2025-09-03 08:13:09'),
(107, 71, 147, 'App\\Models\\CharityProject', 2, 'سقيا المساجد', 'unit 1', 1, 500, 500, 0, 'pending', NULL, NULL, NULL, NULL, 0, NULL, '2025-09-03 08:13:09', '2025-09-03 08:13:09'),
(108, 82, 146, 'App\\Models\\CharityProject', 2, 'سقيا المساجد', 'unit 1', 1, 2000, 2000, 0, 'pending', NULL, NULL, NULL, NULL, 0, NULL, '2025-09-03 08:23:31', '2025-09-03 08:23:31'),
(109, 82, 147, 'App\\Models\\CharityProject', 2, 'سقيا المساجد', 'unit 1', 1, 500, 500, 0, 'pending', NULL, NULL, NULL, NULL, 0, NULL, '2025-09-03 08:23:31', '2025-09-03 08:23:31'),
(110, 83, 146, 'App\\Models\\CharityProject', 2, 'سقيا المساجد', 'unit 1', 1, 2000, 2000, 0, 'pending', NULL, NULL, NULL, NULL, 0, NULL, '2025-09-03 09:10:34', '2025-09-03 09:10:34'),
(111, 83, 147, 'App\\Models\\CharityProject', 2, 'سقيا المساجد', 'unit 1', 1, 500, 500, 0, 'pending', NULL, NULL, NULL, NULL, 0, NULL, '2025-09-03 09:10:34', '2025-09-03 09:10:34'),
(112, 84, 153, 'App\\Models\\CharityProject', 2, 'سقيا المساجد', 'unit 1', 1, 500, 500, 0, 'pending', NULL, NULL, NULL, NULL, 0, NULL, '2025-09-03 09:19:27', '2025-09-03 09:19:27'),
(113, 84, 154, 'App\\Models\\CharityProject', 1, 'سقيا الحرم', 'سقيا الحرم', 1, 20, 20, 0, 'pending', NULL, NULL, NULL, NULL, 0, NULL, '2025-09-03 09:19:27', '2025-09-03 09:19:27'),
(114, 85, 153, 'App\\Models\\CharityProject', 2, 'سقيا المساجد', 'unit 1', 1, 500, 500, 0, 'pending', NULL, NULL, NULL, NULL, 0, NULL, '2025-09-03 09:20:41', '2025-09-03 09:20:41'),
(115, 85, 154, 'App\\Models\\CharityProject', 1, 'سقيا الحرم', 'سقيا الحرم', 1, 20, 20, 0, 'pending', NULL, NULL, NULL, NULL, 0, NULL, '2025-09-03 09:20:41', '2025-09-03 09:20:41');

-- --------------------------------------------------------

--
-- Stand-in structure for view `order_view`
-- (See below for the actual view)
--
CREATE TABLE `order_view` (
`account_id` bigint unsigned
,`API_odoo` varchar(255)
,`API_status` varchar(255)
,`bank_id` bigint unsigned
,`banktransferproof` varchar(255)
,`created_at` timestamp
,`deleted_at` timestamp
,`donor_email` varchar(255)
,`donor_id` bigint unsigned
,`donor_mobile` varchar(255)
,`full_name` varchar(255)
,`id` bigint unsigned
,`identifier` varchar(255)
,`is_notified` tinyint(1)
,`payment_method_ar` varchar(255)
,`payment_method_en` varchar(255)
,`payment_method_id` bigint unsigned
,`payment_proof` text
,`quantity` int
,`refer` varchar(255)
,`refer_id` bigint unsigned
,`source` enum('web','app','cashier')
,`status` tinyint
,`status_ar` varchar(255)
,`status_en` varchar(255)
,`status_id` bigint unsigned
,`total` double
,`updated_at` timestamp
);

-- --------------------------------------------------------

--
-- Table structure for table `pages`
--

CREATE TABLE `pages` (
  `id` bigint UNSIGNED NOT NULL,
  `created_by` bigint UNSIGNED DEFAULT NULL,
  `updated_by` bigint UNSIGNED DEFAULT NULL,
  `image` varchar(255) CHARACTER SET utf8mb4 COLLATE utf8mb4_unicode_ci DEFAULT NULL,
  `status` tinyint NOT NULL DEFAULT '1',
  `deleted_at` timestamp NULL DEFAULT NULL,
  `created_at` timestamp NULL DEFAULT NULL,
  `updated_at` timestamp NULL DEFAULT NULL
) ENGINE=InnoDB DEFAULT CHARSET=utf8mb4 COLLATE=utf8mb4_unicode_ci;

--
-- Dumping data for table `pages`
--

INSERT INTO `pages` (`id`, `created_by`, `updated_by`, `image`, `status`, `deleted_at`, `created_at`, `updated_at`) VALUES
(601, NULL, NULL, NULL, 1, NULL, '2025-02-16 07:19:27', '2025-02-16 07:19:27'),
(602, NULL, NULL, NULL, 2, NULL, '2025-02-16 07:19:27', '2025-02-16 07:19:27'),
(603, NULL, NULL, NULL, 1, NULL, '2025-02-16 07:19:27', '2025-02-16 07:19:27'),
(604, NULL, NULL, NULL, 2, NULL, '2025-02-16 07:19:27', '2025-02-16 07:19:27'),
(605, NULL, NULL, NULL, 2, NULL, '2025-02-16 07:19:27', '2025-02-16 07:19:27'),
(606, NULL, NULL, NULL, 2, NULL, '2025-02-16 07:19:27', '2025-02-16 07:19:27'),
(607, NULL, NULL, NULL, 1, NULL, '2025-02-16 07:19:27', '2025-02-16 07:19:27'),
(608, NULL, NULL, NULL, 1, NULL, '2025-02-16 07:19:27', '2025-02-16 07:19:27'),
(609, NULL, NULL, NULL, 1, NULL, '2025-02-16 07:19:27', '2025-02-16 07:19:27'),
(610, NULL, NULL, NULL, 1, NULL, '2025-02-16 07:19:27', '2025-02-16 07:19:27'),
(611, NULL, NULL, NULL, 1, NULL, '2025-02-16 07:19:27', '2025-02-16 07:19:27'),
(612, NULL, NULL, NULL, 2, NULL, '2025-02-16 07:19:27', '2025-02-16 07:19:27'),
(613, NULL, NULL, NULL, 1, NULL, '2025-02-16 07:19:27', '2025-02-16 07:19:27'),
(614, NULL, NULL, NULL, 2, NULL, '2025-02-16 07:19:27', '2025-02-16 07:19:27'),
(615, NULL, NULL, NULL, 2, NULL, '2025-02-16 07:19:27', '2025-02-16 07:19:27'),
(616, NULL, NULL, NULL, 1, NULL, '2025-02-16 07:19:27', '2025-02-16 07:19:27'),
(617, NULL, NULL, NULL, 1, NULL, '2025-02-16 07:19:27', '2025-02-16 07:19:27'),
(618, NULL, NULL, NULL, 1, NULL, '2025-02-16 07:19:27', '2025-02-16 07:19:27'),
(619, NULL, NULL, NULL, 1, NULL, '2025-02-16 07:19:27', '2025-02-16 07:19:27'),
(620, NULL, NULL, NULL, 1, NULL, '2025-02-16 07:19:27', '2025-02-16 07:19:27'),
(621, NULL, NULL, NULL, 1, NULL, '2025-02-16 07:19:27', '2025-02-16 07:19:27'),
(622, NULL, NULL, NULL, 1, NULL, '2025-02-16 07:19:27', '2025-02-16 07:19:27'),
(623, NULL, NULL, NULL, 1, NULL, '2025-02-16 07:19:27', '2025-02-16 07:19:27'),
(624, NULL, NULL, NULL, 1, NULL, '2025-02-16 07:19:27', '2025-02-16 07:19:27'),
(625, NULL, NULL, NULL, 2, NULL, '2025-02-16 07:19:27', '2025-02-16 07:19:27'),
(626, NULL, NULL, NULL, 2, NULL, '2025-02-16 07:19:27', '2025-02-16 07:19:27'),
(627, NULL, NULL, NULL, 1, NULL, '2025-02-16 07:19:27', '2025-02-16 07:19:27'),
(628, NULL, NULL, NULL, 2, NULL, '2025-02-16 07:19:27', '2025-02-16 07:19:27'),
(629, NULL, NULL, NULL, 1, NULL, '2025-02-16 07:19:27', '2025-02-16 07:19:27'),
(630, NULL, NULL, NULL, 2, NULL, '2025-02-16 07:19:27', '2025-02-16 07:19:27'),
(631, NULL, NULL, NULL, 1, NULL, '2025-02-16 07:19:27', '2025-02-16 07:19:27'),
(632, NULL, NULL, NULL, 1, NULL, '2025-02-16 07:19:27', '2025-02-16 07:19:27'),
(633, NULL, NULL, NULL, 2, NULL, '2025-02-16 07:19:27', '2025-02-16 07:19:27'),
(634, NULL, NULL, NULL, 1, NULL, '2025-02-16 07:19:27', '2025-02-16 07:19:27'),
(635, NULL, NULL, NULL, 2, NULL, '2025-02-16 07:19:27', '2025-02-16 07:19:27'),
(636, NULL, NULL, NULL, 2, NULL, '2025-02-16 07:19:27', '2025-02-16 07:19:27'),
(637, NULL, NULL, NULL, 1, NULL, '2025-02-16 07:19:27', '2025-02-16 07:19:27'),
(638, NULL, NULL, NULL, 2, NULL, '2025-02-16 07:19:27', '2025-02-16 07:19:27'),
(639, NULL, NULL, NULL, 1, NULL, '2025-02-16 07:19:27', '2025-02-16 07:19:27'),
(640, NULL, NULL, NULL, 1, NULL, '2025-02-16 07:19:27', '2025-02-16 07:19:27'),
(641, NULL, NULL, NULL, 2, NULL, '2025-02-16 07:19:27', '2025-02-16 07:19:27'),
(642, NULL, NULL, NULL, 1, NULL, '2025-02-16 07:19:27', '2025-02-16 07:19:27'),
(643, NULL, NULL, NULL, 1, NULL, '2025-02-16 07:19:27', '2025-02-16 07:19:27'),
(644, NULL, NULL, NULL, 1, NULL, '2025-02-16 07:19:27', '2025-02-16 07:19:27'),
(645, NULL, NULL, NULL, 1, NULL, '2025-02-16 07:19:27', '2025-02-16 07:19:27'),
(646, NULL, NULL, NULL, 1, NULL, '2025-02-16 07:19:27', '2025-02-16 07:19:27'),
(647, NULL, NULL, NULL, 1, NULL, '2025-02-16 07:19:27', '2025-02-16 07:19:27'),
(648, NULL, NULL, NULL, 2, NULL, '2025-02-16 07:19:27', '2025-02-16 07:19:27'),
(649, NULL, NULL, NULL, 2, NULL, '2025-02-16 07:19:27', '2025-02-16 07:19:27'),
(650, NULL, NULL, NULL, 1, NULL, '2025-02-16 07:19:27', '2025-02-16 07:19:27'),
(651, NULL, NULL, NULL, 1, NULL, '2025-02-16 07:19:27', '2025-02-16 07:19:27'),
(652, NULL, NULL, NULL, 1, NULL, '2025-02-16 07:19:27', '2025-02-16 07:19:27'),
(653, NULL, NULL, NULL, 2, NULL, '2025-02-16 07:19:27', '2025-02-16 07:19:27'),
(654, NULL, NULL, NULL, 2, NULL, '2025-02-16 07:19:27', '2025-02-16 07:19:27'),
(655, NULL, NULL, NULL, 1, NULL, '2025-02-16 07:19:27', '2025-02-16 07:19:27'),
(656, NULL, NULL, NULL, 1, NULL, '2025-02-16 07:19:27', '2025-02-16 07:19:27'),
(657, NULL, NULL, NULL, 1, NULL, '2025-02-16 07:19:27', '2025-02-16 07:19:27'),
(658, NULL, NULL, NULL, 1, NULL, '2025-02-16 07:19:27', '2025-02-16 07:19:27'),
(659, NULL, NULL, NULL, 1, NULL, '2025-02-16 07:19:27', '2025-02-16 07:19:27'),
(660, NULL, NULL, NULL, 1, NULL, '2025-02-16 07:19:27', '2025-02-16 07:19:27'),
(661, NULL, NULL, NULL, 1, NULL, '2025-02-16 07:19:27', '2025-02-16 07:19:27'),
(662, NULL, NULL, NULL, 2, NULL, '2025-02-16 07:19:27', '2025-02-16 07:19:27'),
(663, NULL, NULL, NULL, 1, NULL, '2025-02-16 07:19:27', '2025-02-16 07:19:27'),
(664, NULL, NULL, NULL, 2, NULL, '2025-02-16 07:19:27', '2025-02-16 07:19:27'),
(665, NULL, NULL, NULL, 1, NULL, '2025-02-16 07:19:27', '2025-02-16 07:19:27'),
(666, NULL, NULL, NULL, 2, NULL, '2025-02-16 07:19:27', '2025-02-16 07:19:27'),
(667, NULL, NULL, NULL, 2, NULL, '2025-02-16 07:19:27', '2025-02-16 07:19:27'),
(668, NULL, NULL, NULL, 1, NULL, '2025-02-16 07:19:27', '2025-02-16 07:19:27'),
(669, NULL, NULL, NULL, 1, NULL, '2025-02-16 07:19:27', '2025-02-16 07:19:27'),
(670, NULL, NULL, NULL, 1, NULL, '2025-02-16 07:19:27', '2025-02-16 07:19:27'),
(671, NULL, NULL, NULL, 1, NULL, '2025-02-16 07:19:27', '2025-02-16 07:19:27'),
(672, NULL, NULL, NULL, 2, NULL, '2025-02-16 07:19:27', '2025-02-16 07:19:27'),
(673, NULL, NULL, NULL, 2, NULL, '2025-02-16 07:19:27', '2025-02-16 07:19:27'),
(674, NULL, NULL, NULL, 1, NULL, '2025-02-16 07:19:27', '2025-02-16 07:19:27'),
(675, NULL, NULL, NULL, 1, NULL, '2025-02-16 07:19:27', '2025-02-16 07:19:27'),
(676, NULL, NULL, NULL, 1, NULL, '2025-02-16 07:19:27', '2025-02-16 07:19:27'),
(677, NULL, NULL, NULL, 1, NULL, '2025-02-16 07:19:27', '2025-02-16 07:19:27'),
(678, NULL, NULL, NULL, 1, NULL, '2025-02-16 07:19:27', '2025-02-16 07:19:27'),
(679, NULL, NULL, NULL, 2, NULL, '2025-02-16 07:19:27', '2025-02-16 07:19:27'),
(680, NULL, NULL, NULL, 1, NULL, '2025-02-16 07:19:27', '2025-02-16 07:19:27'),
(681, NULL, NULL, NULL, 2, NULL, '2025-02-16 07:19:27', '2025-02-16 07:19:27'),
(682, NULL, NULL, NULL, 1, NULL, '2025-02-16 07:19:27', '2025-02-16 07:19:27'),
(683, NULL, NULL, NULL, 1, NULL, '2025-02-16 07:19:27', '2025-02-16 07:19:27'),
(684, NULL, NULL, NULL, 1, NULL, '2025-02-16 07:19:27', '2025-02-16 07:19:27'),
(685, NULL, NULL, NULL, 1, NULL, '2025-02-16 07:19:27', '2025-02-16 07:19:27'),
(686, NULL, NULL, NULL, 2, NULL, '2025-02-16 07:19:27', '2025-02-16 07:19:27'),
(687, NULL, NULL, NULL, 2, NULL, '2025-02-16 07:19:27', '2025-02-16 07:19:27'),
(688, NULL, NULL, NULL, 1, NULL, '2025-02-16 07:19:27', '2025-02-16 07:19:27'),
(689, NULL, NULL, NULL, 2, NULL, '2025-02-16 07:19:27', '2025-02-16 07:19:27'),
(690, NULL, NULL, NULL, 2, NULL, '2025-02-16 07:19:27', '2025-02-16 07:19:27'),
(691, NULL, NULL, NULL, 1, NULL, '2025-02-16 07:19:27', '2025-02-16 07:19:27'),
(692, NULL, NULL, NULL, 2, NULL, '2025-02-16 07:19:27', '2025-02-16 07:19:27'),
(693, NULL, NULL, NULL, 1, NULL, '2025-02-16 07:19:27', '2025-02-16 07:19:27'),
(694, NULL, NULL, NULL, 1, NULL, '2025-02-16 07:19:27', '2025-02-16 07:19:27'),
(695, NULL, NULL, NULL, 2, NULL, '2025-02-16 07:19:27', '2025-02-16 07:19:27'),
(696, NULL, NULL, NULL, 1, NULL, '2025-02-16 07:19:27', '2025-02-16 07:19:27'),
(697, NULL, NULL, NULL, 1, NULL, '2025-02-16 07:19:27', '2025-02-16 07:19:27'),
(698, NULL, NULL, NULL, 1, NULL, '2025-02-16 07:19:27', '2025-02-16 07:19:27'),
(699, NULL, NULL, NULL, 1, NULL, '2025-02-16 07:19:27', '2025-02-16 07:19:27'),
(700, NULL, NULL, NULL, 1, NULL, '2025-02-16 07:19:27', '2025-02-16 07:19:27'),
(701, 1, NULL, NULL, 1, NULL, '2025-05-28 03:28:24', '2025-05-28 03:28:24'),
(702, 1, NULL, NULL, 1, NULL, '2025-05-28 05:58:43', '2025-05-28 05:58:43'),
(703, 1, 1, 'attachments/pages/1748436129.png', 1, NULL, '2025-05-28 09:28:51', '2025-05-28 09:46:36');

-- --------------------------------------------------------

--
-- Table structure for table `pages_translations`
--

CREATE TABLE `pages_translations` (
  `id` bigint UNSIGNED NOT NULL,
  `page_id` bigint UNSIGNED NOT NULL,
  `locale` varchar(255) CHARACTER SET utf8mb4 COLLATE utf8mb4_unicode_ci NOT NULL,
  `title` varchar(255) CHARACTER SET utf8mb4 COLLATE utf8mb4_unicode_ci NOT NULL,
  `content` longtext CHARACTER SET utf8mb4 COLLATE utf8mb4_unicode_ci,
  `slug` varchar(255) CHARACTER SET utf8mb4 COLLATE utf8mb4_unicode_ci DEFAULT NULL,
  `meta_title` varchar(255) CHARACTER SET utf8mb4 COLLATE utf8mb4_unicode_ci DEFAULT NULL,
  `meta_description` longtext CHARACTER SET utf8mb4 COLLATE utf8mb4_unicode_ci,
  `meta_key` longtext CHARACTER SET utf8mb4 COLLATE utf8mb4_unicode_ci,
  `created_at` timestamp NULL DEFAULT NULL,
  `updated_at` timestamp NULL DEFAULT NULL
) ENGINE=InnoDB DEFAULT CHARSET=utf8mb4 COLLATE=utf8mb4_unicode_ci;

--
-- Dumping data for table `pages_translations`
--

INSERT INTO `pages_translations` (`id`, `page_id`, `locale`, `title`, `content`, `slug`, `meta_title`, `meta_description`, `meta_key`, `created_at`, `updated_at`) VALUES
(601, 601, 'ar', 'Alanna Lowe', 'Sit incidunt provident quia molestias dolorem. Quia nam qui occaecati atque. Ipsa veritatis ea ut perferendis architecto nemo. Nobis nihil deserunt non libero quia ducimus.', 'alanna-lowe', 'Larue Tremblay', 'Similique sit explicabo voluptatem omnis. Qui assumenda nihil dolorem earum optio.', 'Nostrum consequatur at in aliquam et ea nulla saepe. Libero similique ut minus quo nesciunt. Error suscipit neque nihil enim quis sequi.', '2025-02-16 07:19:27', '2025-02-16 07:19:27'),
(602, 602, 'ar', 'Iliana Bayer', 'Quo doloribus hic doloremque assumenda soluta. Hic alias magnam qui odit. Veritatis quia eum cumque porro. Reiciendis nulla explicabo sit fugit debitis.', 'iliana-bayer', 'Dr. Christine Schinner III', 'Est numquam omnis dicta ipsum est tempora ut. Assumenda aut et accusantium maxime consequuntur in minus. Corrupti magnam tempore perspiciatis illum quia omnis. Sunt et facilis omnis repellat magnam.', 'Quo voluptatem aut esse consequatur. Voluptates ex sint et nisi. Omnis earum est omnis et tempora.', '2025-02-16 07:19:27', '2025-02-16 07:19:27'),
(603, 603, 'ar', 'Prof. Jerry Marks', 'Beatae cum quaerat dignissimos aliquid at maxime. Reprehenderit enim praesentium eaque quis non aut id expedita. Et vero eos quidem voluptatem ut facere a.', 'prof.-jerry-marks', 'Bessie Ferry', 'Ab et totam voluptatem hic possimus soluta. Incidunt veritatis tempora aut earum inventore. Corporis eius ea esse voluptatibus temporibus. Tempore suscipit rerum ut voluptate.', 'Reiciendis nemo perspiciatis ut sunt quas ullam. Eum rerum debitis quo similique ducimus distinctio. Veniam quae rerum quisquam.', '2025-02-16 07:19:27', '2025-02-16 07:19:27'),
(604, 604, 'ar', 'Rylee Brown', 'Officiis numquam dolores soluta et qui rerum omnis. Blanditiis sint nesciunt ut totam et tenetur. Est tempore nihil est dignissimos necessitatibus eaque. Debitis laborum consequatur eum quo.', 'rylee-brown', 'Kassandra Brown', 'Dolorum cum in quod consequatur nesciunt aliquid voluptatem. Occaecati quis eius non aut eius. Quia dolorum et maiores ipsa quisquam. Nemo et sit aut modi. Perspiciatis aliquid a aut et velit laborum.', 'Ut voluptatum tenetur iusto voluptas. Et dolorum dolores rerum. Temporibus et et sapiente magnam id et autem enim.', '2025-02-16 07:19:27', '2025-02-16 07:19:27'),
(605, 605, 'ar', 'Yazmin Kilback', 'Qui qui dolores quisquam et. Error pariatur porro ut labore ea. Dolores cum est et commodi possimus. Quasi magni totam esse temporibus eum enim doloremque eaque.', 'yazmin-kilback', 'Carlee Keeling V', 'Rerum placeat libero consequatur dolorem est. Placeat et corporis ut possimus repellat quia omnis. Qui libero harum sed non sed ut sit. Maiores error distinctio doloribus nihil dolor tempora at rerum.', 'Officia et qui error labore. Voluptatem enim sunt voluptate occaecati et. Quis enim ut itaque labore explicabo quos qui. Doloribus deleniti aut nihil.', '2025-02-16 07:19:27', '2025-02-16 07:19:27'),
(606, 606, 'ar', 'Prof. Jeffrey Heidenreich I', 'Laborum ab tempore iusto voluptas non qui exercitationem dolor. Veritatis illum accusamus perferendis accusantium consequatur et. Quo quae odio et dolor saepe nihil. Ut rem molestias eum cupiditate consequatur. Qui omnis enim repudiandae error corporis quasi veniam.', 'prof.-jeffrey-heidenreich-i', 'Mr. Laverna Wisoky Jr.', 'Est nam alias eligendi quaerat. Aut at aut sed quia assumenda nemo ipsa. Eaque id est ut est deleniti incidunt. Quia a dolor voluptas earum voluptatem.', 'Autem tempore adipisci et quaerat labore nostrum aut enim. Est fugit pariatur iste. Nihil quos qui non culpa est eum iste error. Omnis occaecati perferendis culpa autem perferendis ducimus.', '2025-02-16 07:19:27', '2025-02-16 07:19:27'),
(607, 607, 'ar', 'Desmond Raynor', 'Cupiditate sit eligendi dolorem omnis inventore deleniti quaerat. Totam porro nihil reiciendis. Rerum id mollitia sunt animi.', 'desmond-raynor', 'Dr. Annabell Casper', 'Eligendi explicabo maxime et et harum beatae. Cum dolores odio velit numquam. Accusantium architecto facere non ea occaecati veritatis.', 'Rerum sint dolore recusandae nulla dolorem consequuntur. A deserunt architecto labore cum architecto qui. Ut eum doloribus accusantium consequatur. Fugit rem consequatur dolores sequi voluptas at.', '2025-02-16 07:19:27', '2025-02-16 07:19:27'),
(608, 608, 'ar', 'Jazmyne Waelchi', 'Odit et labore officiis quo temporibus aspernatur deserunt. Similique laudantium deserunt qui nemo sed voluptatem optio. Velit occaecati repellendus sunt sint sint.', 'jazmyne-waelchi', 'Dulce Carroll', 'Nulla et unde eum fugit. Est voluptas ut reprehenderit nisi dignissimos. Sed odit vero ab non. Eum tempora architecto officiis atque eaque.', 'Excepturi quo nam fugit dolorem. Voluptates eaque sed minima molestiae vero adipisci.', '2025-02-16 07:19:27', '2025-02-16 07:19:27'),
(609, 609, 'ar', 'Sammie Senger', 'Quaerat in velit aut et et. Asperiores sed rem tempora est eum numquam. Qui non autem nemo voluptatum et est.', 'sammie-senger', 'Judge Jenkins', 'Autem accusamus velit animi ut blanditiis libero. Doloribus non quibusdam ut eveniet blanditiis omnis. Vero quia blanditiis possimus iure.', 'Eum dolores fuga tempore. Voluptatem eveniet neque maiores assumenda sunt mollitia fuga eum. Qui vel at nihil optio. Eos deleniti vel magni accusamus consequatur neque eius.', '2025-02-16 07:19:27', '2025-02-16 07:19:27'),
(610, 610, 'ar', 'Dr. Josianne Schaden III', 'Animi possimus sequi nemo quo velit aspernatur. Reprehenderit laborum et delectus nulla iste et. Vel asperiores totam commodi nemo aspernatur mollitia. Et quia est fugit modi autem.', 'dr.-josianne-schaden-iii', 'Dr. Justine Jacobs', 'Quae provident dolor quo amet ut eligendi similique eius. Iure repudiandae minima accusamus ut natus. Officiis autem sapiente aperiam hic aut dolorem unde fugiat.', 'Fuga sequi earum officia ut. Quidem cum dolore ut modi earum est. Ut quia illo veniam qui. Nulla numquam dolores eum laudantium repellendus sequi quo vel.', '2025-02-16 07:19:27', '2025-02-16 07:19:27'),
(611, 611, 'ar', 'Mr. Angus Gottlieb', 'Sunt animi ratione consequatur quis sint sapiente. Cupiditate reiciendis et vitae eos rerum ipsam et. Quidem ipsum in rem atque. Alias sunt sequi eveniet.', 'mr.-angus-gottlieb', 'Hollie Funk Sr.', 'Veritatis nemo recusandae amet rem numquam. Voluptatem id vero alias error voluptas. Inventore atque aliquam fuga soluta non atque deleniti.', 'Sit itaque quia rerum excepturi blanditiis autem in. Aut labore recusandae necessitatibus reprehenderit veritatis. Nesciunt sit doloribus perspiciatis et eaque id.', '2025-02-16 07:19:27', '2025-02-16 07:19:27'),
(612, 612, 'ar', 'Marietta Blick', 'Qui eum doloribus maiores ducimus nobis. Qui quidem aut ipsa cupiditate quidem itaque sunt. Consequatur quod voluptates quod et ipsa. Eaque adipisci tenetur quisquam eligendi provident vero hic.', 'marietta-blick', 'Dr. Heidi Hessel II', 'Temporibus adipisci dicta alias nisi dolorem. Aliquid earum beatae provident vel. Est expedita laborum excepturi doloribus. Explicabo eaque earum ut placeat asperiores et aut.', 'Quod architecto in officiis possimus accusantium omnis excepturi. Voluptas ea facilis alias blanditiis. Qui vitae rem ut exercitationem asperiores voluptate. Voluptates illo illo perspiciatis sapiente.', '2025-02-16 07:19:27', '2025-02-16 07:19:27'),
(613, 613, 'ar', 'Prof. Shane Harvey IV', 'Natus et velit sit et. Quod vero eum molestiae blanditiis fugit. Qui autem ipsam praesentium necessitatibus et minus distinctio.', 'prof.-shane-harvey-iv', 'Floy West', 'Dolor quis omnis qui sit vero. Aspernatur doloremque aut quia ut autem perferendis non. Doloribus quae adipisci et deserunt aut. Facere unde quasi corporis illo blanditiis est. Sint illo debitis autem numquam non.', 'Delectus eos possimus eos blanditiis nesciunt sed. Atque labore odit iste perferendis accusantium. Hic saepe quis molestiae dolor ad nemo. Dolore doloremque expedita nostrum omnis doloribus optio recusandae. Harum repellendus ratione sequi voluptate.', '2025-02-16 07:19:27', '2025-02-16 07:19:27'),
(614, 614, 'ar', 'Anastasia Weissnat', 'Iste quia veritatis voluptas error. Ab ducimus sed aut culpa fuga qui quidem. Sapiente dolore et soluta in.', 'anastasia-weissnat', 'Mayra Haag', 'Id voluptate et et libero necessitatibus doloremque. Dolor voluptatem commodi consequatur temporibus doloribus incidunt placeat. Ex aspernatur aut necessitatibus labore recusandae exercitationem.', 'Molestias ut nisi sequi. Nihil explicabo expedita quae. Pariatur aut repudiandae quaerat enim.', '2025-02-16 07:19:27', '2025-02-16 07:19:27'),
(615, 615, 'ar', 'Eleonore Terry', 'Vel non et molestiae ipsa. Sit at similique nemo sed et. Voluptas aspernatur ratione dolor veritatis quibusdam id.', 'eleonore-terry', 'Rolando Hettinger MD', 'Beatae consequatur adipisci ipsam nulla numquam suscipit voluptatem. Eveniet et consequatur eveniet sunt. Exercitationem quos atque culpa et. Nihil et eum amet ducimus.', 'Quaerat vero nesciunt rem omnis occaecati adipisci. Rerum ea quae facilis voluptatem odit incidunt. Inventore enim dolore laborum voluptatum velit fugit harum. Et fuga et tempore maxime provident dolor.', '2025-02-16 07:19:27', '2025-02-16 07:19:27'),
(616, 616, 'ar', 'Prof. Alejandrin Wyman II', 'Voluptas dignissimos nulla assumenda optio. In quisquam minima ab cumque id corporis. Enim assumenda voluptatem qui consequatur. Sed odio temporibus necessitatibus et doloribus corrupti. Architecto cupiditate dignissimos soluta molestiae maiores.', 'prof.-alejandrin-wyman-ii', 'Ramiro Ziemann', 'Nemo autem deleniti dolores sint hic saepe. Qui quia recusandae aut sit tempore et. Enim accusantium voluptas iure sit. Neque alias deserunt earum.', 'Dolorem illum et dolorum laborum quia. Saepe unde ab est dolor aut ipsum. Aspernatur voluptate non non et animi aut nulla ducimus. Vitae ipsum dolore pariatur.', '2025-02-16 07:19:27', '2025-02-16 07:19:27'),
(617, 617, 'ar', 'Jovan Kohler', 'Veritatis odit necessitatibus sed et alias reprehenderit. Explicabo quaerat est soluta nam. Quidem velit dolorem fugiat quas neque accusamus. Aperiam et deserunt voluptas excepturi quibusdam minima.', 'jovan-kohler', 'Loren Oberbrunner', 'Dolor aperiam ut similique corporis nostrum velit laudantium. Et quibusdam voluptatem quod qui et fugit. Suscipit modi voluptatibus perferendis reprehenderit dignissimos.', 'Delectus sunt deleniti dignissimos enim. Voluptatem deserunt quas itaque officiis. Quas et ut suscipit qui aliquid pariatur velit.', '2025-02-16 07:19:27', '2025-02-16 07:19:27'),
(618, 618, 'ar', 'Mario Grady', 'Ut debitis sed explicabo voluptate doloremque. Eos ex modi inventore. Ut sit eos voluptate repellendus sunt non et ex.', 'mario-grady', 'Sophia Cassin', 'Est consequatur sunt pariatur est. Ut dolores natus est adipisci. Beatae iure rerum tempore.', 'Et porro ea qui aut quidem. Omnis qui eaque quo magni aut. Repudiandae et aut tenetur sed voluptatem. Aspernatur nobis ratione qui inventore et.', '2025-02-16 07:19:27', '2025-02-16 07:19:27'),
(619, 619, 'ar', 'Nikko Roob', 'Et consequuntur culpa qui. Autem a tempore voluptas non aspernatur excepturi autem. Omnis placeat consequuntur ut. Nihil ipsa debitis qui ipsam. Optio est adipisci blanditiis iste est in saepe.', 'nikko-roob', 'Vena Halvorson DDS', 'Consequatur et quasi nobis rerum. Nihil magnam similique illo sed ex sint. Earum sit deleniti at esse voluptas expedita. Aspernatur quibusdam vel temporibus cupiditate ut dolor.', 'Est adipisci modi autem vel et. Quo ducimus tempore hic ea molestiae quia eos. Odio reiciendis et itaque tempora dignissimos voluptate laborum.', '2025-02-16 07:19:27', '2025-02-16 07:19:27'),
(620, 620, 'ar', 'Ms. Marlen Cassin MD', 'Corporis sit omnis iste nemo. Aperiam quidem consequatur aut odit voluptas iusto. Consequatur totam reprehenderit distinctio debitis eius. Mollitia harum molestiae dolore consequuntur.', 'ms.-marlen-cassin-md', 'Maria Dicki III', 'Voluptatem voluptate possimus maiores laudantium. Voluptatem quam quia odit quo rerum. Velit qui sed sed quo.', 'Omnis facilis reprehenderit dolores excepturi sunt perferendis sed. Ab labore dignissimos similique accusamus ad iusto. Quibusdam et rerum doloremque quasi quod. Quia modi ut tempora labore officia eos.', '2025-02-16 07:19:27', '2025-02-16 07:19:27'),
(621, 621, 'ar', 'Sonya Lang', 'Sed ea minus temporibus at cupiditate. Nihil voluptates quod officia eius expedita odit et. Adipisci qui minima quia voluptatem.', 'sonya-lang', 'Marion Klein', 'Cupiditate consequatur repellat omnis vel. Doloremque ex deserunt quod ut excepturi. Maiores mollitia voluptas error magni ex dignissimos odio.', 'Ab facere odit doloremque atque dolorem. Culpa reiciendis placeat sed nisi aspernatur autem.', '2025-02-16 07:19:27', '2025-02-16 07:19:27'),
(622, 622, 'ar', 'Clay Marks', 'Et soluta et autem ut ut numquam. At soluta est occaecati odit. Illo assumenda iste neque numquam pariatur numquam possimus. Minima ratione voluptatibus accusamus ex dolore.', 'clay-marks', 'Katlyn Barton', 'Illo dolorem et tenetur consequatur sunt. Et doloremque minima voluptatem aut dolores quidem.', 'Maxime natus fuga doloribus id cumque mollitia. Quisquam dolores maiores ab magni enim iusto asperiores. Minima consequatur repellat officiis consequatur voluptas voluptas vel quo. Magni voluptatem voluptatem eos voluptas aperiam ad sed nostrum.', '2025-02-16 07:19:27', '2025-02-16 07:19:27'),
(623, 623, 'ar', 'Isadore Lemke', 'Occaecati tempore delectus sint reprehenderit maxime. Quod aut at accusamus vitae atque ea. Nemo et enim enim et ut.', 'isadore-lemke', 'Flavie Sanford', 'Et voluptas maxime corporis assumenda consequuntur. Ratione corporis quia omnis earum omnis dolor ut. Sapiente rem aperiam nesciunt cupiditate perspiciatis ullam. Perspiciatis enim aut alias minima exercitationem.', 'Aliquid ipsum nostrum ipsum hic. Delectus ipsa est porro molestiae. Ea ut qui numquam atque. Voluptatem repudiandae ea mollitia architecto.', '2025-02-16 07:19:27', '2025-02-16 07:19:27'),
(624, 624, 'ar', 'Heidi Kohler', 'Ratione amet in accusantium. Voluptas molestiae veniam impedit rem.', 'heidi-kohler', 'Mr. Eliezer Rogahn IV', 'Hic dolorem sunt distinctio rerum in. Et dolorem voluptas veniam consequatur nulla aut qui. Tenetur facere ipsam voluptatem.', 'Quidem facere sit et et temporibus. Rerum rerum id enim quasi optio. Tenetur quia molestiae amet provident totam. Alias excepturi consectetur exercitationem at porro.', '2025-02-16 07:19:27', '2025-02-16 07:19:27'),
(625, 625, 'ar', 'Viola Schuppe Jr.', 'Ea asperiores delectus libero corporis doloribus blanditiis. Illum veritatis magnam amet error.', 'viola-schuppe-jr.', 'Royce Schinner', 'Asperiores voluptates unde dolorum. Eum ut eaque repellendus vel. Aut aut nesciunt exercitationem sint.', 'Et laboriosam odit aspernatur et fuga dolor exercitationem. Vitae ut exercitationem placeat. Voluptatem eius dolores rem sit occaecati aut et. Mollitia quia quo in consequatur. Officia et minima minima nesciunt.', '2025-02-16 07:19:27', '2025-02-16 07:19:27'),
(626, 626, 'ar', 'Lexie O\'Reilly', 'Aut modi enim animi totam sunt cupiditate explicabo. Et dolor quis voluptatem similique qui.', 'lexie-o\'reilly', 'Arvilla Hilpert', 'Dolorem officia placeat qui est eos. Amet quo et repellendus cupiditate. Dolore est dolores et ea minima et. Ea et ipsam tempore eaque enim et harum dolorum.', 'A corrupti sed similique a aut fugit. Rerum alias ex porro eveniet nisi sed eum. Impedit voluptas voluptatibus commodi. Fugiat quisquam non rerum eos.', '2025-02-16 07:19:27', '2025-02-16 07:19:27'),
(627, 627, 'ar', 'Pedro Keebler PhD', 'Mollitia aut eveniet impedit. Quo sit quaerat tempore autem dolor necessitatibus ducimus. Voluptates architecto qui temporibus odio. Illo deserunt dolorem laborum voluptatem aut rerum qui.', 'pedro-keebler-phd', 'Dr. Titus Torphy', 'Dolor illo ullam sed doloremque maxime officia perspiciatis. Dolore praesentium esse cum est voluptatibus. Nobis et libero tempore accusantium.', 'Placeat voluptatibus quaerat laudantium enim ipsam esse reprehenderit facere. Mollitia dolores repudiandae omnis iusto et placeat sit. Cum aut odio debitis quidem. Fugiat corporis molestiae facilis dolor vitae fugit ut ut. Sit pariatur repellat minus quia dignissimos distinctio recusandae.', '2025-02-16 07:19:27', '2025-02-16 07:19:27'),
(628, 628, 'ar', 'Connie Hyatt', 'Debitis quia minus voluptate provident. Ipsa doloremque similique nihil eligendi id perspiciatis corrupti. At quos maiores sapiente quis rerum ipsum odio.', 'connie-hyatt', 'Prof. Mittie Anderson', 'Quo aut et laudantium voluptatibus. Cumque est voluptatem aperiam mollitia labore. Hic rerum voluptatem deleniti dolores sed. Voluptas numquam et culpa esse rem porro ut.', 'Molestiae omnis non ex expedita. Voluptatem et voluptas culpa iste et at. Facere cupiditate et minus placeat ut voluptatem.', '2025-02-16 07:19:27', '2025-02-16 07:19:27'),
(629, 629, 'ar', 'Ena Hermann III', 'Quidem non laudantium at eos. Porro voluptatibus omnis suscipit quia. Aut consequatur ut distinctio veniam voluptatem rem neque.', 'ena-hermann-iii', 'Loren Goyette', 'Hic dolores quam sint facere error. Nostrum et debitis similique et. Animi dolorem impedit aut quae a consequatur perspiciatis eos.', 'Deserunt repudiandae id et autem eligendi nisi. Et corrupti incidunt harum et non. Architecto dolorem earum id consequuntur debitis voluptatem ex.', '2025-02-16 07:19:27', '2025-02-16 07:19:27'),
(630, 630, 'ar', 'Dr. Connie Paucek V', 'Possimus qui earum voluptas doloribus optio ut autem. Beatae et incidunt eos sunt optio maxime. Voluptas sapiente deserunt ex a. Est quis assumenda accusamus ex voluptates voluptas.', 'dr.-connie-paucek-v', 'Derrick Wolf', 'Earum et aut voluptatum. Et natus qui magni ratione repellat eos deserunt sequi. Eligendi labore beatae enim totam est. Sed cum totam fuga esse dolorum occaecati. Sapiente voluptas illo atque est.', 'Voluptatibus minus suscipit iusto accusantium est nemo deserunt ut. Aut delectus rerum illum aliquam aut placeat. Est nihil qui facilis modi omnis qui.', '2025-02-16 07:19:27', '2025-02-16 07:19:27'),
(631, 631, 'ar', 'Micheal Crist', 'Error repudiandae sit voluptatum. Aut omnis molestiae hic nulla a repellat. Dolorem placeat autem eius dicta. Voluptatem et suscipit laborum minima.', 'micheal-crist', 'Damian Pouros', 'Aut velit inventore corrupti porro officia. Velit cumque laborum fugit ipsam ea quo magnam. Repudiandae velit ut quod nesciunt.', 'Non esse et eos asperiores. Porro officia omnis et ex. Qui a consequuntur a aliquid quia.', '2025-02-16 07:19:27', '2025-02-16 07:19:27'),
(632, 632, 'ar', 'Madalyn Kutch', 'Eligendi quam cupiditate ut dolorem ab sit. Vitae tempore nisi adipisci mollitia quo. Animi qui sit voluptas.', 'madalyn-kutch', 'Ophelia Goldner', 'Similique repudiandae dolor distinctio totam architecto velit. Laborum vel aut voluptates sunt. Eius autem inventore magni doloribus animi et.', 'Porro sit quis temporibus suscipit sunt et. Quo consectetur dolores molestiae nemo qui magni quaerat. Velit illum ut rerum laboriosam. Nobis sit facere sed. Quod doloribus natus quam minima cupiditate fugiat recusandae.', '2025-02-16 07:19:27', '2025-02-16 07:19:27'),
(633, 633, 'ar', 'Darrion O\'Connell', 'Sint facere neque et inventore voluptates error. Aspernatur quas eum soluta. Nihil omnis nisi voluptas deleniti dolorem.', 'darrion-o\'connell', 'Prof. Giovani Marks II', 'At assumenda provident qui quo fugit eos incidunt asperiores. Minima est occaecati nesciunt qui. Qui et pariatur suscipit nobis consequatur similique animi. Sint magni aut repudiandae asperiores exercitationem.', 'Hic vero quia ut aut et. Voluptas facilis eos sapiente blanditiis. Nostrum nemo veritatis et illum.', '2025-02-16 07:19:27', '2025-02-16 07:19:27'),
(634, 634, 'ar', 'Dr. Kylie Predovic', 'Perspiciatis veritatis voluptatum sint aperiam. Molestias illum ut et tempora amet eligendi. Unde odit voluptates odio nisi distinctio qui accusamus.', 'dr.-kylie-predovic', 'Kariane Feil', 'Praesentium commodi distinctio et optio assumenda inventore voluptatum. Occaecati tenetur ratione voluptas quae saepe autem. In dicta ipsam sed. Voluptas non enim in.', 'Accusamus et magnam rerum nulla. Ut aspernatur exercitationem unde odit autem libero hic.', '2025-02-16 07:19:27', '2025-02-16 07:19:27'),
(635, 635, 'ar', 'Addison Kovacek', 'Dignissimos et reprehenderit fugit delectus qui quo asperiores. Eum voluptatem hic eum sapiente error autem laboriosam. Praesentium quos quod libero est.', 'addison-kovacek', 'Mrs. Rosella Little I', 'Officia ut tempore est non. Nemo eaque doloremque quod aut. A distinctio ut harum.', 'Perspiciatis neque sapiente dignissimos ipsam. Illo et fugiat ipsam illum. Sequi quaerat consequatur asperiores atque esse. Delectus magni ullam repellat voluptatem ut et reprehenderit.', '2025-02-16 07:19:27', '2025-02-16 07:19:27'),
(636, 636, 'ar', 'Mr. Percy Carroll II', 'Aut ab tempore totam aut fugiat et aliquid. Ut at dolore blanditiis ab aut. Occaecati eaque eligendi et fuga qui voluptate tenetur. Nesciunt quibusdam omnis sit et asperiores in laborum.', 'mr.-percy-carroll-ii', 'Pauline Lubowitz', 'Dolor quia eligendi suscipit facere perferendis asperiores. Est eligendi blanditiis deleniti temporibus ipsum enim. Adipisci aut ipsam ut. Ipsam quos esse et adipisci dolores. Officiis quidem minus adipisci et maxime reiciendis non.', 'Reiciendis ea magnam cum ipsam. Perferendis possimus suscipit odit repellendus. Fugiat ut sit voluptas officia consequatur.', '2025-02-16 07:19:27', '2025-02-16 07:19:27'),
(637, 637, 'ar', 'Aleen Gleichner', 'Fuga enim debitis numquam aut fuga ut quidem. Pariatur qui unde dolor labore deserunt. Et omnis est corrupti ut. Et odit nihil facilis repellendus voluptatem perspiciatis omnis. Voluptatem dolor omnis et aut.', 'aleen-gleichner', 'Christop Weber', 'Natus aliquid veniam odio et iste. Accusamus provident culpa aut dolorem voluptate. Unde quisquam odit rerum dolor consequatur hic.', 'Natus dicta aut adipisci ipsum expedita omnis ipsam. Pariatur et et qui. Quisquam voluptates voluptas quaerat eum veniam laborum.', '2025-02-16 07:19:27', '2025-02-16 07:19:27'),
(638, 638, 'ar', 'Dr. Pierre O\'Connell', 'Eveniet iure et eos commodi ullam molestiae. Animi accusamus id minima quia ut.', 'dr.-pierre-o\'connell', 'Dr. Hilton Bayer', 'Quod laborum quaerat et nobis velit. Est voluptatem est sit error cum sunt corporis. Impedit occaecati consectetur et dicta consequatur laudantium. Officia saepe suscipit quaerat iste sequi ipsum.', 'Suscipit minus quam quas eos optio sint. Neque cum perferendis repudiandae aperiam esse praesentium. Autem vitae ut suscipit rerum officiis.', '2025-02-16 07:19:27', '2025-02-16 07:19:27'),
(639, 639, 'ar', 'Ambrose D\'Amore', 'In ut aperiam reprehenderit aspernatur sit et. Quod dolorum quasi eum aspernatur repellendus assumenda blanditiis. Quos ex doloribus est libero dignissimos.', 'ambrose-d\'amore', 'Stanley Wolff', 'Expedita ratione aut ipsam delectus. Porro ad ad consequatur rerum commodi magni in consequatur. Quis magni ipsum et alias. Iure repudiandae rerum hic odio minus. Similique qui voluptatem quam sequi ipsa molestias deserunt est.', 'Necessitatibus laudantium enim mollitia aperiam nesciunt dolores. Rem animi provident asperiores autem dignissimos enim. Repellat ab fugiat aut qui eum et nulla.', '2025-02-16 07:19:27', '2025-02-16 07:19:27'),
(640, 640, 'ar', 'Morton Marquardt V', 'Cum debitis ducimus laboriosam molestiae eos. Nostrum sint atque esse et in in quisquam occaecati. Tempora eaque aut ea sint vel officiis repellat.', 'morton-marquardt-v', 'Shakira Schulist Jr.', 'Corrupti eligendi voluptas aliquid culpa ipsam qui. Est ipsum dolore reiciendis dolores eos fugit ut. Voluptatum nostrum esse esse rem non soluta sit.', 'Ab at iure rem est et aut. Voluptas recusandae ipsa vel eos et tenetur. Doloremque ut eaque numquam cumque nobis eum quam. Voluptas nisi est enim ipsam ut delectus.', '2025-02-16 07:19:27', '2025-02-16 07:19:27'),
(641, 641, 'ar', 'Kevin Kemmer', 'Officiis sunt temporibus provident voluptas corporis. Totam quas blanditiis molestiae culpa explicabo. Ex qui ipsum provident dolorum magni molestiae eius corrupti.', 'kevin-kemmer', 'Carmine Torp', 'Ea quia illo natus. Ipsa ratione eveniet suscipit et beatae. Deleniti voluptas ut eaque voluptate ullam optio minus.', 'Alias voluptas cum et fugit non temporibus aut. Natus in quos eos natus voluptas dolore. Asperiores animi eaque ad qui exercitationem dolorem cupiditate modi.', '2025-02-16 07:19:27', '2025-02-16 07:19:27'),
(642, 642, 'ar', 'Dr. Grace Sporer III', 'Exercitationem eveniet et ipsum facilis ipsam et vel. Numquam nostrum eos beatae veritatis. Libero doloribus alias ullam autem inventore. Omnis aperiam eligendi illum.', 'dr.-grace-sporer-iii', 'Polly Gutmann', 'Dolores debitis libero placeat laboriosam. Voluptatum incidunt ab voluptas ea praesentium. Impedit et atque consequatur harum et.', 'Sunt consequatur cum maiores et est libero. Excepturi reprehenderit qui harum autem cumque est quia. Explicabo laudantium aliquam id sit.', '2025-02-16 07:19:27', '2025-02-16 07:19:27'),
(643, 643, 'ar', 'Lenny Ward', 'Debitis quia minima voluptates temporibus. Doloremque rem dolore omnis numquam sed in. Distinctio velit illo suscipit dolorem suscipit.', 'lenny-ward', 'Royce Windler', 'Blanditiis ex totam vel exercitationem nemo enim. Ipsum tempora occaecati nostrum quaerat repudiandae accusantium pariatur. Doloribus inventore animi atque labore.', 'Placeat quia tempora voluptates qui modi vitae voluptates. A ut aliquid sit voluptas cum. Impedit illum itaque saepe qui asperiores corrupti.', '2025-02-16 07:19:27', '2025-02-16 07:19:27'),
(644, 644, 'ar', 'Porter Kerluke', 'Dolorem dicta est atque. Tempora nulla maiores beatae similique et perferendis. Possimus cumque adipisci ab recusandae.', 'porter-kerluke', 'Tobin Barrows III', 'Doloribus dolor minus maxime exercitationem aut perspiciatis ea incidunt. Voluptatem porro eum ut. Et asperiores molestiae aliquid et non et id tenetur.', 'Nihil dicta sit occaecati possimus molestiae. Eaque autem delectus quos aliquam voluptas aut mollitia. Doloribus suscipit eos maxime sed qui.', '2025-02-16 07:19:27', '2025-02-16 07:19:27'),
(645, 645, 'ar', 'Fidel Gaylord', 'Quae quam culpa voluptas quia. Fugit nemo odit ad nihil officiis. Necessitatibus quia ut omnis sit sequi et. Blanditiis asperiores hic rem placeat earum perspiciatis dolore.', 'fidel-gaylord', 'Sally Simonis', 'Inventore vel quibusdam odio. Molestias ex distinctio qui odio aperiam atque fugit alias. Eveniet exercitationem totam quibusdam natus consectetur. Voluptatem fugit officia autem.', 'Sit consectetur deserunt eveniet aliquam consequatur. Cum et in cumque dolorem doloremque minima velit. Repudiandae beatae et id officia qui corrupti impedit. Id recusandae exercitationem voluptate non ea neque.', '2025-02-16 07:19:27', '2025-02-16 07:19:27'),
(646, 646, 'ar', 'Augusta Volkman MD', 'Magni eveniet exercitationem et et. Fugit qui ratione perspiciatis quo laboriosam quo non.', 'augusta-volkman-md', 'Giuseppe Labadie', 'Molestiae nisi sit dolores voluptas cupiditate sed. Nisi voluptatem voluptatem vero ipsum. Et totam sed ipsa omnis et odit.', 'Quia modi ducimus repellendus provident adipisci qui. Doloremque maxime velit ad vel unde. Consequuntur non odio officiis debitis vitae accusantium.', '2025-02-16 07:19:27', '2025-02-16 07:19:27'),
(647, 647, 'ar', 'Mrs. Susie Kreiger III', 'Necessitatibus id qui distinctio inventore. Esse non laudantium voluptas esse minima.', 'mrs.-susie-kreiger-iii', 'Lysanne Kreiger', 'Nulla consequatur fuga nostrum dolore tempore occaecati. Aut ut amet ut et doloribus qui eos.', 'Eum officia est natus autem voluptatem. Quia maiores magnam nobis autem. Aut at expedita aut. Ut officia quo neque dignissimos in voluptate consequatur optio.', '2025-02-16 07:19:27', '2025-02-16 07:19:27'),
(648, 648, 'ar', 'Angel Homenick', 'Pariatur totam possimus ipsum magni. Excepturi magnam qui sit non maiores ullam. Atque maxime id doloribus est vero. In eligendi distinctio rerum voluptatum id quo repellat.', 'angel-homenick', 'Nicola Daniel', 'Veniam nobis officia voluptas omnis. Omnis nobis ut quo voluptatem illum. Nemo perspiciatis sit amet quia expedita quos earum. Ea repellendus asperiores exercitationem suscipit laborum saepe.', 'Nam unde id sed explicabo ut doloribus quis aut. Aliquid autem perspiciatis saepe quasi cumque. Voluptatum sit adipisci qui. Molestiae unde aut adipisci id dolores aut fugiat.', '2025-02-16 07:19:27', '2025-02-16 07:19:27'),
(649, 649, 'ar', 'Amelia Muller', 'Aspernatur esse et quia omnis rerum. Eveniet nam mollitia sit eius qui quam numquam atque. Culpa sunt unde amet quod. Animi sint vitae ut repudiandae.', 'amelia-muller', 'Mr. Clovis Rolfson', 'Soluta sint quae explicabo ullam. Iste veniam aliquid necessitatibus et. Qui non numquam quaerat tempore unde assumenda. Rerum error eos pariatur accusantium ex quod.', 'Officiis repellendus voluptatibus magnam deserunt expedita non vel inventore. Iure omnis qui quia veritatis commodi iure et. Aut quia quia consectetur praesentium.', '2025-02-16 07:19:27', '2025-02-16 07:19:27'),
(650, 650, 'ar', 'Carolanne Brown II', 'Maiores porro sequi aut. Dicta quis eum sit ut quod sequi. Rerum et numquam perferendis aperiam rem. Eveniet voluptatem officia reprehenderit velit quae.', 'carolanne-brown-ii', 'Margret Hegmann', 'Tempora rerum et autem qui reiciendis. Non debitis quae et enim numquam. Nobis perferendis nihil quasi deleniti vel expedita. In id ea blanditiis magnam id corrupti.', 'Omnis autem impedit consectetur rerum sit quasi dolorum velit. Aliquam aperiam quaerat ullam quisquam vitae hic pariatur. Sunt aliquid autem reprehenderit ea dolorem illo nesciunt nisi. Nulla blanditiis aut molestiae reiciendis velit adipisci doloribus. Quia praesentium dolorum debitis quia qui incidunt assumenda.', '2025-02-16 07:19:27', '2025-02-16 07:19:27'),
(651, 651, 'ar', 'Lauren Baumbach', 'Aspernatur deserunt nulla error amet in. Nihil velit et voluptas dolorem numquam nihil consequatur accusamus. Ut laudantium eligendi consequatur exercitationem. Facilis ut dolor aliquid quia laudantium sit.', 'lauren-baumbach', 'Stanford Lesch', 'Ab delectus nisi est et accusamus dolores. Omnis asperiores consequuntur laboriosam rerum ut ut dolor. Cum ea error porro non labore similique provident.', 'Vero corporis aliquid voluptates sed nisi pariatur quo. Neque impedit quibusdam omnis provident reprehenderit molestias sed. Repellat reprehenderit enim autem delectus. Et ipsum est hic et saepe soluta.', '2025-02-16 07:19:27', '2025-02-16 07:19:27'),
(652, 652, 'ar', 'Hertha Bechtelar', 'Et dolores itaque sit voluptatibus et voluptas dolorum. Cupiditate voluptatem deserunt sit ea. Soluta non ab laboriosam enim minus praesentium quas et.', 'hertha-bechtelar', 'Francis Hahn', 'Reiciendis consequatur consectetur voluptatem aliquam rerum dolores. Dicta veniam ratione eum sed iusto. Accusantium dicta occaecati vitae iste pariatur fugit.', 'Vel quisquam aut veniam. Deleniti laborum aspernatur maxime ut occaecati. Sit et vel et expedita. Et assumenda omnis totam architecto nobis non.', '2025-02-16 07:19:27', '2025-02-16 07:19:27'),
(653, 653, 'ar', 'Jaida Cremin Sr.', 'Eum tenetur temporibus rem voluptatem. Provident facilis minima voluptates distinctio. Optio dolor reiciendis rerum labore.', 'jaida-cremin-sr.', 'Miss Janiya Klein Jr.', 'Et omnis fugiat vero sunt consequuntur saepe. Placeat iusto nam pariatur molestiae.', 'Adipisci consectetur qui similique et blanditiis reiciendis quia laudantium. Quidem dolorem similique aut ea. A nulla praesentium soluta ipsam. Sed autem delectus ut autem et rerum.', '2025-02-16 07:19:27', '2025-02-16 07:19:27'),
(654, 654, 'ar', 'Prof. Arielle Hagenes', 'Nihil voluptates sint nemo molestias minima officia rerum. Autem laborum odit labore assumenda ut. Eligendi eos quidem labore vitae rerum quisquam.', 'prof.-arielle-hagenes', 'Prof. Eino Ondricka', 'Totam id ipsa ipsa soluta omnis. Alias voluptas quod quas quia tenetur possimus. Sapiente dicta voluptas aperiam et ut dicta sint. Et molestias sapiente mollitia.', 'Aliquam nobis quia totam qui aut. Est libero laborum eveniet ullam laboriosam repellat. Ab laudantium non quae et. Perferendis eius non id quis sequi praesentium.', '2025-02-16 07:19:27', '2025-02-16 07:19:27'),
(655, 655, 'ar', 'Dr. Brennan Padberg', 'Totam totam repellat itaque maxime rerum impedit magni. Molestias dolore ut exercitationem aut laboriosam. Dolores repellat at dignissimos earum voluptatem sit.', 'dr.-brennan-padberg', 'Joannie Rodriguez', 'Nostrum et cum sint at iste nulla quae aut. Consequatur natus maiores enim quidem. Sit molestiae quidem explicabo aliquid repellendus aut dolor.', 'Voluptatem sed dolorem dolorum. Rem soluta cum quo beatae id expedita eligendi. Magni aspernatur dolorum sint saepe cumque enim et.', '2025-02-16 07:19:27', '2025-02-16 07:19:27'),
(656, 656, 'ar', 'Ms. Matilda Grant I', 'Eum quae dolore et quis incidunt. Eaque earum doloremque ducimus omnis vero. Quisquam quia totam fuga eveniet.', 'ms.-matilda-grant-i', 'Elyssa Schaefer III', 'Asperiores nam sit ab. Repudiandae sapiente excepturi explicabo delectus harum quia. Aliquid placeat impedit blanditiis nostrum.', 'Porro impedit a cumque repudiandae nostrum. Itaque consequatur illo voluptatem ut ea tempora consequatur. Officiis soluta placeat incidunt ipsa eos omnis et. Voluptas rerum similique dolores mollitia unde.', '2025-02-16 07:19:27', '2025-02-16 07:19:27'),
(657, 657, 'ar', 'Carmine O\'Keefe PhD', 'Omnis facere et voluptatem ipsa. Rerum quidem recusandae ut adipisci commodi quo sint qui. Inventore voluptatum molestias culpa. Est nam dolore excepturi omnis.', 'carmine-o\'keefe-phd', 'Miss Florida Champlin', 'Eos quasi repellendus ea aperiam vitae suscipit blanditiis. Deserunt quos numquam omnis veritatis itaque distinctio quis. Vitae commodi quisquam repellendus odio accusantium alias deserunt. Dolorem nobis aut commodi ipsum nisi ut laboriosam.', 'Sequi sed iusto ad enim nihil ducimus. Autem ratione atque maiores possimus qui. Aut mollitia et tempore nisi sint cupiditate et et. Aut qui quo omnis.', '2025-02-16 07:19:27', '2025-02-16 07:19:27'),
(658, 658, 'ar', 'Eli Romaguera', 'Cum illum eum quia. Tenetur quaerat necessitatibus rem asperiores ut. Est error voluptatum sit voluptas vitae aliquid. Amet quasi consequatur voluptatibus temporibus impedit.', 'eli-romaguera', 'Francisca Hartmann', 'Minima nihil beatae eos nihil non vero dolorem. Illo deleniti blanditiis ipsam possimus recusandae et rerum. Dolor recusandae corrupti quae eveniet sed delectus aut. Culpa porro rerum et voluptas laborum.', 'Vel corrupti eligendi impedit quia qui. Dolor et et natus maxime eius dolores. Explicabo consequuntur totam minima magnam non adipisci dolores. Id quis illo cum consectetur minus temporibus.', '2025-02-16 07:19:27', '2025-02-16 07:19:27'),
(659, 659, 'ar', 'Prof. Verona Hackett III', 'Atque eos vel alias. Et blanditiis eaque rerum iste suscipit cupiditate aut quis. Fugiat iure id hic accusantium natus hic consequatur. Consequatur fuga sit rerum alias.', 'prof.-verona-hackett-iii', 'Korbin Will', 'Sunt dolor incidunt et enim ea. Impedit fuga corporis voluptatem non quaerat est aut. Ipsa iure velit sit earum soluta.', 'Omnis sequi voluptatem qui voluptatem libero. Doloremque nobis minima magnam voluptas. Aut quos impedit rerum hic quo qui doloribus tenetur.', '2025-02-16 07:19:27', '2025-02-16 07:19:27'),
(660, 660, 'ar', 'Mrs. Ara Gislason', 'Cum consequatur facilis corrupti aspernatur nostrum rerum nulla sint. Necessitatibus explicabo odio accusamus ut aut ad enim. Non ipsa error aut voluptatem voluptates voluptas.', 'mrs.-ara-gislason', 'Lavinia Beer', 'Veniam porro accusamus quaerat voluptate velit. Error ut et sit illum accusamus voluptas assumenda necessitatibus. Illum consequuntur vel quisquam asperiores non sapiente minus commodi.', 'Temporibus velit suscipit magnam adipisci. Enim est consequatur ea itaque maiores eaque adipisci. Commodi recusandae ut culpa.', '2025-02-16 07:19:27', '2025-02-16 07:19:27'),
(661, 661, 'ar', 'Mrs. Clemmie Russel MD', 'Eos et reprehenderit ex inventore adipisci temporibus dolores. Nemo quos distinctio molestiae. Ipsam nihil sint natus dolorem consequuntur. Omnis et omnis et distinctio.', 'mrs.-clemmie-russel-md', 'Marilyne Muller', 'Numquam nostrum non rerum velit minima. Vel ratione enim amet nisi autem harum dolore iste.', 'Sit accusamus autem illo velit sequi totam. Tempore saepe hic occaecati odio sint dolores. Et deserunt est vel quibusdam optio. Expedita atque tempore consequatur quod. Porro ut totam et molestiae voluptatum velit iusto.', '2025-02-16 07:19:27', '2025-02-16 07:19:27'),
(662, 662, 'ar', 'Mrs. Oma Larkin V', 'Voluptatem et veritatis quia et praesentium dolores. Itaque quibusdam nobis facere. Ut impedit repudiandae nesciunt veniam eos velit. Architecto laborum explicabo aut quia officia nostrum.', 'mrs.-oma-larkin-v', 'Tiara Dietrich', 'Maiores esse et itaque. Fugiat tempora dolores voluptas nobis necessitatibus ea voluptatem. Molestiae ea exercitationem et non ullam cupiditate.', 'Nam sunt dicta quas libero. Ut earum sit illo eos beatae perferendis. Incidunt omnis quidem est enim.', '2025-02-16 07:19:27', '2025-02-16 07:19:27'),
(663, 663, 'ar', 'Norene Schroeder', 'Amet ut quia necessitatibus consequatur fugiat minima error. Omnis quas quaerat magni eius. Nihil nostrum molestiae nihil ipsum voluptatem similique.', 'norene-schroeder', 'Otis Hilpert', 'Adipisci non similique pariatur. Et neque et aut voluptas ipsam quibusdam. Optio numquam in eum cum et.', 'Dolor ab enim voluptatibus cupiditate sapiente. Voluptatem eaque quis nesciunt dolor sed impedit et. Molestiae illo aut blanditiis cumque optio.', '2025-02-16 07:19:27', '2025-02-16 07:19:27'),
(664, 664, 'ar', 'Jaiden Prosacco', 'Doloremque omnis autem sit ut excepturi animi recusandae et. Ipsam ipsum dolorem et qui.', 'jaiden-prosacco', 'Stephan Cassin', 'Ut reprehenderit recusandae ipsam incidunt. Eum numquam distinctio qui necessitatibus cum. Ullam rerum pariatur quia deleniti quia mollitia. Distinctio odit iusto accusantium molestiae.', 'Et est sint repudiandae quo. Consequuntur ut id vero. Voluptatem deleniti iure ea occaecati et natus. Et nisi earum voluptatem cupiditate esse est velit in.', '2025-02-16 07:19:27', '2025-02-16 07:19:27'),
(665, 665, 'ar', 'Jodie Schmeler', 'Amet earum sit optio. Facilis sequi autem sunt facilis quae blanditiis. Ut quam accusantium mollitia est qui.', 'jodie-schmeler', 'Murl Bradtke', 'Sint atque tempora unde est sint alias et. Temporibus optio laborum reiciendis consequatur esse perspiciatis ea. Dolores eius et voluptatibus ad quae. Vero praesentium quia vel non. Velit ipsum dicta dolores sed laboriosam aliquam sint et.', 'Possimus voluptatem necessitatibus id eligendi eveniet. Facere molestiae amet iusto similique dolorem animi natus. Esse autem sit est deleniti atque distinctio. Quia ut officia quis minus est sapiente dolor veritatis.', '2025-02-16 07:19:27', '2025-02-16 07:19:27'),
(666, 666, 'ar', 'Porter Labadie', 'Repellendus voluptates voluptatem recusandae consequatur cupiditate accusamus molestiae. Reprehenderit sed alias aut aut in. Aut voluptatum et eveniet sed voluptatem nihil nesciunt. Est nihil error quae a reprehenderit ipsa velit.', 'porter-labadie', 'Daisha Von', 'Vero nam totam aspernatur. Unde quis neque aut similique et aut. Non et doloribus possimus.', 'Asperiores non officia sed aut et ut. A voluptatibus sunt vel perspiciatis. Vitae ex ea omnis qui animi.', '2025-02-16 07:19:27', '2025-02-16 07:19:27'),
(667, 667, 'ar', 'Lucious Goodwin', 'Iste architecto sunt aut quae. Quia corrupti eveniet ut quia pariatur praesentium. Enim magni voluptatem neque asperiores eum commodi dolore. Id voluptate sit corrupti veniam.', 'lucious-goodwin', 'Peter Lynch', 'Et autem non sequi ea. Enim pariatur quasi voluptatem minima ex eaque dolorum deserunt. Et pariatur et nesciunt. Quidem itaque provident ducimus suscipit consequuntur aut.', 'Voluptas et qui occaecati blanditiis eaque cupiditate exercitationem. Ut quod et repellendus voluptatem et ut asperiores tempora. Dolorem dolores error quo. Quia nulla corrupti et voluptatem et facilis.', '2025-02-16 07:19:27', '2025-02-16 07:19:27'),
(668, 668, 'ar', 'Madisyn Erdman', 'Ea aperiam autem beatae. Quisquam repellendus sint quae voluptates. Alias laborum ut aperiam harum ut numquam. Quam hic vel nihil minus soluta voluptas.', 'madisyn-erdman', 'Miss Emma Morar MD', 'Aliquid nihil laudantium corporis totam laborum eos consequatur. Officiis animi animi et quis placeat. Rem voluptatem consequatur aspernatur laboriosam quis nam.', 'Et iusto accusantium assumenda neque labore repellendus animi commodi. Ex vel id dolores sed. Praesentium nisi mollitia molestiae. Sit voluptatibus excepturi modi voluptatem cupiditate quia qui.', '2025-02-16 07:19:27', '2025-02-16 07:19:27'),
(669, 669, 'ar', 'Mr. Gilberto Hodkiewicz MD', 'Mollitia accusamus non voluptas suscipit a ad. Alias officia deleniti cupiditate sed eveniet vel error. Molestiae sit unde voluptas quia.', 'mr.-gilberto-hodkiewicz-md', 'Bernie Durgan I', 'Dolorem sapiente molestiae odit. Dolor qui corrupti consectetur placeat enim sint sed. Occaecati cum dicta excepturi aut eum.', 'In dicta sunt assumenda doloribus et amet quia. Et possimus quia sunt corrupti dolorum. Et voluptas autem qui et. Corrupti inventore sint qui sed nisi in.', '2025-02-16 07:19:27', '2025-02-16 07:19:27'),
(670, 670, 'ar', 'Ms. Velda Kuvalis', 'Esse minus consequatur quia architecto. Autem qui velit id voluptatem. Eligendi omnis natus aut.', 'ms.-velda-kuvalis', 'Myron Muller', 'Non tenetur quo sunt in possimus. Nihil beatae laboriosam nulla libero quo in doloremque dolorem.', 'Officiis quae sint qui ut magnam et fuga. At omnis eum adipisci nihil nam. Consequatur ut sed autem et dolorum.', '2025-02-16 07:19:27', '2025-02-16 07:19:27'),
(671, 671, 'ar', 'Rebeka Kertzmann', 'Sint quis nemo explicabo modi dignissimos. Maiores veniam eaque velit expedita deleniti quasi quidem.', 'rebeka-kertzmann', 'Devan Stoltenberg', 'Consequatur sapiente rerum et. Dolorem ex quia id non ab.', 'Doloribus cupiditate illum rerum exercitationem. Et saepe aperiam omnis qui. Magni officiis et aut dicta facere.', '2025-02-16 07:19:27', '2025-02-16 07:19:27'),
(672, 672, 'ar', 'Flo Bauch', 'Et nisi sed minima dolore laudantium aut eos repellat. Eos voluptas animi quam hic nostrum voluptates qui error. Cumque provident eos voluptatibus explicabo. Est et sunt et possimus nulla dignissimos blanditiis. Reprehenderit fuga qui nihil eligendi impedit omnis.', 'flo-bauch', 'Kody Kshlerin', 'Nesciunt porro et voluptatibus voluptates. Pariatur omnis in officiis temporibus repellendus.', 'Cum doloribus nihil labore aut possimus. Molestiae qui praesentium beatae aut. Quod qui nisi et minima modi dolorem labore.', '2025-02-16 07:19:27', '2025-02-16 07:19:27'),
(673, 673, 'ar', 'Dr. Cora Herzog', 'Rerum hic saepe est ea quod aperiam. Et saepe dicta qui amet maiores quia. Soluta corporis tenetur rerum animi. Corrupti eius sed assumenda officiis unde.', 'dr.-cora-herzog', 'Leanna Parker', 'Sit animi eaque voluptatem odio nisi atque. Non magnam optio iure et dolores quis sit quia. Odit sed fugiat tempore molestiae illum nulla. Laborum quos rerum maxime ipsa sint.', 'Optio similique fugiat ex. Quia sunt non et ratione cupiditate rerum. Et soluta iure architecto voluptatem error maxime aut. Ipsum voluptas sit debitis aut aspernatur odit.', '2025-02-16 07:19:27', '2025-02-16 07:19:27'),
(674, 674, 'ar', 'Lauretta Denesik DDS', 'Sed blanditiis et quibusdam a consequatur. Vero ea facilis ipsum quia odit veritatis. Corporis illum nostrum reiciendis debitis odit quisquam animi. Consectetur non quia eveniet asperiores laborum vel.', 'lauretta-denesik-dds', 'Miss Mina Pollich IV', 'Et assumenda consectetur id sunt sint porro qui. Cupiditate hic voluptatem et aliquid. Et sed sed quis ab. Fuga et qui laborum consequatur at esse ut illum.', 'A dolor porro dolores consequuntur. Alias a ducimus sit. Consequatur eveniet minus et et id est fuga nam. Corporis quae sapiente incidunt dolorum consequuntur ut.', '2025-02-16 07:19:27', '2025-02-16 07:19:27'),
(675, 675, 'ar', 'Krystel Mayert', 'Deleniti voluptas ad impedit. Autem nobis accusamus vel occaecati. Aut consequatur qui neque accusantium aliquam dolores est. Iusto quibusdam nobis debitis animi. Ad omnis adipisci dolor optio et doloribus quod enim.', 'krystel-mayert', 'Mr. Josiah Rippin I', 'Minima corporis et ad dolores vel voluptas ad. Dignissimos perspiciatis impedit blanditiis nesciunt est. Non eaque aliquam nihil voluptatem ex et.', 'Facilis eum atque nihil dicta. Vero assumenda dolor impedit consequatur. Vitae amet corporis error molestiae totam ratione eaque placeat. Nam vel et qui qui dolores adipisci.', '2025-02-16 07:19:27', '2025-02-16 07:19:27'),
(676, 676, 'ar', 'Guy Oberbrunner', 'Sed illum perspiciatis harum sit dolor amet. Rerum ut facere dolorem rerum. Quis voluptas odio quod similique molestiae numquam.', 'guy-oberbrunner', 'Karolann Jacobson', 'Cum molestias qui ab qui corporis. Consequatur asperiores nobis animi similique.', 'Non sed voluptate dolores dolores vitae. Qui repudiandae vitae quo rerum et. Iste et porro et adipisci corporis autem velit quia.', '2025-02-16 07:19:27', '2025-02-16 07:19:27'),
(677, 677, 'ar', 'Andres Stracke', 'Praesentium omnis expedita earum recusandae et. Ut id ipsum deleniti consequatur molestiae aut occaecati. Quas omnis aut vero natus qui. Eum nihil voluptas est quo perferendis optio quibusdam reiciendis.', 'andres-stracke', 'Steve Conn I', 'Ipsum modi quo aut voluptates quae tempore repellat. Alias autem enim ipsa necessitatibus qui accusantium. Sint voluptatem aut nihil totam. Qui deleniti animi facilis consequatur placeat qui eos. Cupiditate error facere voluptatem porro id provident.', 'Numquam possimus autem suscipit rem ratione hic rerum. Assumenda asperiores sit voluptatem aut beatae rerum. Omnis totam delectus neque est.', '2025-02-16 07:19:27', '2025-02-16 07:19:27'),
(678, 678, 'ar', 'Toney Crist', 'Neque qui iusto quasi sunt ut ipsa et. Expedita commodi voluptate incidunt minima repellendus voluptatum doloremque.', 'toney-crist', 'Carolina Metz', 'Optio minus odit dolorem fugit ipsam. Aut optio sunt at adipisci et. Tempora omnis omnis vel iste rerum officiis placeat harum.', 'Voluptas quae facere eius voluptatem. Quo perferendis omnis autem aperiam possimus ad. Consequuntur fuga sunt et voluptatem nulla. Porro aut amet vero dolorem adipisci aut non.', '2025-02-16 07:19:27', '2025-02-16 07:19:27'),
(679, 679, 'ar', 'Adell Kilback I', 'Labore libero ea est voluptates velit. Recusandae omnis sequi occaecati aut aliquid et vel. Nihil iure explicabo et ut nemo laboriosam. Inventore illum ex inventore magnam amet officiis impedit.', 'adell-kilback-i', 'Mr. Darion Leffler', 'Magnam dolorem voluptatem mollitia vel et sint porro. Nostrum est repudiandae eaque ex et et. Voluptates quibusdam qui asperiores corporis explicabo possimus. Quia impedit ut error voluptatibus magni. Nesciunt tempora autem nulla.', 'Fugiat deleniti modi neque perspiciatis exercitationem unde voluptas. Hic reprehenderit rerum optio fugiat. Qui praesentium similique voluptatem natus. Ullam ipsam perspiciatis earum ut sint dignissimos.', '2025-02-16 07:19:27', '2025-02-16 07:19:27'),
(680, 680, 'ar', 'Dr. Dasia Shanahan', 'Est sint porro rem excepturi. Harum molestiae nisi commodi reprehenderit vero sunt nesciunt. Quidem earum qui tempore blanditiis doloremque nostrum nesciunt.', 'dr.-dasia-shanahan', 'Ms. Danika Bailey III', 'Expedita laudantium eligendi vitae et facere dolorem. Sit hic atque expedita est ut harum.', 'Adipisci pariatur quod omnis omnis dolorum ea odio. Qui sint est commodi et error omnis. Id aliquid et saepe nobis.', '2025-02-16 07:19:27', '2025-02-16 07:19:27'),
(681, 681, 'ar', 'Bobbie Kemmer', 'Voluptas voluptas eaque sed reiciendis. Iste aut rem ex eligendi. Incidunt quod amet dolorem fuga corrupti occaecati reprehenderit pariatur. Repudiandae et sit eaque voluptate autem itaque aut.', 'bobbie-kemmer', 'Marcel Dickens', 'Vitae autem molestiae voluptas unde nobis rerum et. Accusantium soluta in similique expedita. Quia ab minus in. Iste veniam et dicta qui sunt autem rerum.', 'Architecto illum eius rem non ab itaque. Voluptatem et maxime ullam eos quaerat labore. Consequuntur et corrupti autem sed magnam ipsam numquam cupiditate. Molestias ratione non impedit tempore.', '2025-02-16 07:19:27', '2025-02-16 07:19:27'),
(682, 682, 'ar', 'Marques Brekke IV', 'Repellendus consequatur tenetur quibusdam sed modi possimus. Expedita neque quisquam possimus velit cum dolor libero. Reprehenderit ipsam officia aperiam tempore quam ea cumque animi.', 'marques-brekke-iv', 'Jaquelin Pouros Sr.', 'Non autem porro repellendus qui. Qui illum quae est qui explicabo ad. Autem dignissimos ex repudiandae.', 'Quod et ut saepe corporis itaque minus. Aut harum labore aut rerum voluptatem et sed. Consequatur cupiditate laudantium officia blanditiis totam nostrum. Voluptatem eveniet ut sed odit.', '2025-02-16 07:19:27', '2025-02-16 07:19:27'),
(683, 683, 'ar', 'Adan Breitenberg', 'Nisi aut ea praesentium suscipit cumque aliquam. Aut asperiores non ab sit. Excepturi ut est quas vitae corporis dolores voluptatibus.', 'adan-breitenberg', 'Mr. Michel Koepp', 'Dolorem et rerum et quibusdam iusto. Quo illo error non voluptas dolorem nesciunt in qui. Omnis enim nobis exercitationem blanditiis dicta omnis recusandae. Ratione sunt quisquam cum veniam placeat accusamus sunt.', 'Nisi animi accusantium id rerum. Aut tenetur et quibusdam voluptas labore quia rerum. Provident vel numquam nemo doloribus omnis nulla. Temporibus mollitia maiores cumque vitae voluptas nisi.', '2025-02-16 07:19:27', '2025-02-16 07:19:27');
INSERT INTO `pages_translations` (`id`, `page_id`, `locale`, `title`, `content`, `slug`, `meta_title`, `meta_description`, `meta_key`, `created_at`, `updated_at`) VALUES
(684, 684, 'ar', 'Bria Larson', 'Sed est in perferendis voluptas velit numquam ab earum. Velit tempore neque sit laudantium. Aut atque esse aut consequatur.', 'bria-larson', 'Elyssa Haley', 'Est sit voluptatem enim doloribus maxime ullam. Nam enim possimus est occaecati. Incidunt voluptates eaque nobis magnam ullam provident voluptas.', 'Accusamus qui voluptatem doloribus et sunt. Vel eos aut impedit placeat placeat ut blanditiis. Distinctio unde dolorem consequuntur iste molestias.', '2025-02-16 07:19:27', '2025-02-16 07:19:27'),
(685, 685, 'ar', 'Ellen Kassulke', 'Eius velit porro non voluptatibus est. Fugit rerum et et sit perspiciatis doloribus. Et earum itaque rem ipsum eaque officiis et laborum. Velit qui occaecati blanditiis deleniti asperiores adipisci enim.', 'ellen-kassulke', 'Abel Emmerich III', 'Accusantium sed debitis labore esse et eius. Quas ipsum consequuntur et aspernatur nam quaerat. Id soluta explicabo odit voluptate aut neque voluptatem. Vel asperiores eos est nobis porro cupiditate.', 'Quas natus totam voluptas debitis voluptatibus. Provident ipsum aspernatur et vitae. Maiores tempora distinctio in modi.', '2025-02-16 07:19:27', '2025-02-16 07:19:27'),
(686, 686, 'ar', 'Prince Oberbrunner', 'Aut officiis rerum laborum et ea vel. Sint dignissimos eos sunt est modi amet impedit id. Itaque atque libero voluptas autem.', 'prince-oberbrunner', 'Ms. Ettie Reichel PhD', 'Impedit nesciunt laborum quisquam officiis nostrum. Velit iure est voluptate quasi assumenda consequatur. Facere sapiente quidem pariatur. Aut consequatur expedita velit.', 'Nobis ipsum sequi doloremque fugit dolor saepe. Quas molestias vero nulla earum. Occaecati expedita aut aspernatur harum quae. Voluptatem earum maxime velit ut quisquam.', '2025-02-16 07:19:27', '2025-02-16 07:19:27'),
(687, 687, 'ar', 'Eusebio Deckow', 'Ut cumque distinctio et est dignissimos. Dolores ratione blanditiis asperiores perferendis quia non.', 'eusebio-deckow', 'Greyson Kassulke', 'At ut labore est occaecati facilis rerum nesciunt. Consequatur fugit laudantium nesciunt. Quo error optio occaecati dolore hic dolorum quis. Qui repudiandae autem voluptas assumenda.', 'Id omnis aut saepe eum at. Vel ullam sint dolores officiis non quo. Quam qui provident possimus natus odio voluptas. Nam quo et saepe in.', '2025-02-16 07:19:27', '2025-02-16 07:19:27'),
(688, 688, 'ar', 'Cassie Funk', 'Rerum a dolores accusantium vel dolorem quis rerum distinctio. Similique quod itaque voluptatem occaecati. Inventore quam voluptatem consequatur quae illum debitis. Maiores delectus ducimus minus expedita accusamus.', 'cassie-funk', 'Janessa Bauch', 'Possimus adipisci mollitia ut quisquam. Iste qui reiciendis et quia dolor nemo non. Natus aspernatur expedita sint voluptatum.', 'Aut impedit nam optio aut est exercitationem. Perferendis at ut in est. Veritatis consequatur omnis deserunt est. Aut aperiam alias animi blanditiis rerum similique laboriosam.', '2025-02-16 07:19:27', '2025-02-16 07:19:27'),
(689, 689, 'ar', 'Dr. Ariel Legros Jr.', 'Quam aut hic laudantium omnis sunt vel libero. Maxime quam provident ex non. Eveniet ut aspernatur asperiores voluptatum ut.', 'dr.-ariel-legros-jr.', 'Russel Luettgen', 'Molestiae officiis id nihil quo quas ut consequatur. Consequuntur quo amet velit aut rem. Id recusandae consequatur minus natus voluptates.', 'Adipisci non molestiae libero quisquam et incidunt ut. Quis ad perspiciatis molestias quo quibusdam ut quo. Modi esse voluptas iure aut reiciendis. Dolores voluptate atque voluptatem ut.', '2025-02-16 07:19:27', '2025-02-16 07:19:27'),
(690, 690, 'ar', 'Mrs. Dayna Kshlerin PhD', 'Voluptatem ipsum at sit eos pariatur. Voluptatem et dolor in. Quasi impedit fugiat quam quos quis molestiae.', 'mrs.-dayna-kshlerin-phd', 'Sammy Purdy', 'Beatae dolore iure quibusdam sed dolorum. Doloribus voluptas voluptatem quaerat optio. Quo non eaque et totam sed aut.', 'Rem non et explicabo quibusdam nobis. Et quis ipsa quisquam molestiae. Sint dicta voluptatum repellendus tempora impedit aut. Odit voluptas minus beatae corporis non sint. Amet aut repudiandae et cupiditate sit.', '2025-02-16 07:19:27', '2025-02-16 07:19:27'),
(691, 691, 'ar', 'Tom Stoltenberg', 'Qui eos qui sit qui. Voluptatem sed qui tempore nam incidunt consequuntur qui. Quasi voluptatem itaque dolorum optio repellendus eos. Est quia et sint impedit.', 'tom-stoltenberg', 'Jessika Welch', 'Id ex ut nihil tempora tempore. Architecto voluptates veniam numquam modi sit molestias sint. Nesciunt temporibus odio natus unde.', 'Quia alias accusantium totam sit est. Aut eum ut aut possimus eaque impedit. Et distinctio voluptas voluptatibus et.', '2025-02-16 07:19:27', '2025-02-16 07:19:27'),
(692, 692, 'ar', 'Prof. Janick Padberg I', 'In consequatur reprehenderit officiis eaque. Ullam praesentium enim harum pariatur animi.', 'prof.-janick-padberg-i', 'Enrique Connelly', 'Ipsam ut perspiciatis dolorum earum quasi sint. Repellat aut fuga veritatis sed. Necessitatibus voluptatem mollitia ut sit recusandae sint libero voluptas.', 'Itaque praesentium et sed magnam. Nisi magnam voluptatem pariatur dolores. Ea voluptate corrupti eveniet quam ut.', '2025-02-16 07:19:27', '2025-02-16 07:19:27'),
(693, 693, 'ar', 'Jackeline Kuvalis', 'Veniam sunt aut cupiditate officiis officiis animi placeat rerum. Rem laborum et eligendi magni nam quod. Ea ut animi architecto enim omnis quia quia est. Consequatur alias ut tenetur quis possimus non delectus.', 'jackeline-kuvalis', 'Reagan Schoen', 'Distinctio est ut eaque ut. Et consequuntur et et et voluptas eos. Labore ullam blanditiis magnam. Voluptatem odio aliquam perferendis laborum voluptatem quasi.', 'Eius eum sed unde dolores molestias voluptas nemo. Repudiandae nostrum ab accusamus ut et expedita. Nesciunt quod modi tempore molestias. Delectus magnam quos est neque est est ut.', '2025-02-16 07:19:27', '2025-02-16 07:19:27'),
(694, 694, 'ar', 'Ardella Kirlin', 'Quo dolore ut eaque. Error magnam facere quaerat perspiciatis. Assumenda velit ut dolorem earum enim architecto. Officiis veritatis id dolores rem. Consequatur eius similique sint et ut sed non veniam.', 'ardella-kirlin', 'Darrell Ondricka', 'Ipsum voluptatem amet iste aspernatur ex debitis. Vel voluptatem voluptatem repellendus aliquid et quis rerum ad. Rerum et non corrupti perferendis sequi provident aut.', 'Qui nihil id illo occaecati. Et qui qui beatae repellendus. Officiis culpa voluptatem quidem omnis magni. Dolorem ducimus pariatur facilis autem occaecati harum odit sint.', '2025-02-16 07:19:27', '2025-02-16 07:19:27'),
(695, 695, 'ar', 'Jay Brekke', 'Enim magni ullam dolores et quasi. Repellat et quis et asperiores illo quis. Rerum quaerat sit suscipit culpa.', 'jay-brekke', 'Garret Hamill', 'Dicta dolores dignissimos id consequatur. Ut commodi quam consequuntur eos harum quidem nihil. Debitis enim eum alias facilis sit. Excepturi dolorum quasi quam neque et.', 'Quaerat consectetur officiis quam voluptatem qui possimus. Voluptates et qui sapiente sint sit libero. Tenetur repudiandae eveniet pariatur aliquid.', '2025-02-16 07:19:27', '2025-02-16 07:19:27'),
(696, 696, 'ar', 'Lenna Cassin', 'Omnis eius itaque non velit magni veritatis dolorum. Iste aperiam quam sequi minus natus. Quibusdam voluptas facilis aut animi rem.', 'lenna-cassin', 'Gage Sanford', 'Perferendis excepturi et et. Sunt officia quia ad non et.', 'Accusantium facere voluptatum ut. Laudantium suscipit dolores aut. Odio asperiores dolor cupiditate distinctio reprehenderit aspernatur excepturi.', '2025-02-16 07:19:27', '2025-02-16 07:19:27'),
(697, 697, 'ar', 'Unique Huels', 'Molestiae voluptatem quas omnis sed est earum quisquam. Quae omnis et suscipit laboriosam alias non. Voluptatem minima quod harum similique.', 'unique-huels', 'Prof. Rollin Dicki DDS', 'Rerum placeat rerum laudantium praesentium nam velit. Quidem voluptatem rerum dolor fugiat aperiam eum. Voluptatem quibusdam error eligendi aut. Et fugit saepe explicabo repudiandae voluptates.', 'Et aut impedit amet voluptatum vitae nesciunt vitae. Eveniet sit nihil enim asperiores atque sint.', '2025-02-16 07:19:27', '2025-02-16 07:19:27'),
(698, 698, 'ar', 'Mr. Judson Bins DVM', 'Minus ut voluptatibus explicabo explicabo est quos voluptatem. Quia necessitatibus beatae aut at tempore facere. Eveniet itaque nemo consectetur.', 'mr.-judson-bins-dvm', 'Prof. Albin Hoppe DDS', 'Nihil doloremque ullam dolorem veritatis fugiat. Ut autem atque ut. Et autem esse in sint maiores modi magnam. Officiis est omnis doloribus molestiae in. Distinctio quisquam dolorem rerum et enim.', 'Voluptas odit cum esse qui ea. Asperiores occaecati sed et reprehenderit assumenda. Totam delectus eum saepe ut accusantium autem ducimus.', '2025-02-16 07:19:27', '2025-02-16 07:19:27'),
(699, 699, 'ar', 'Gordon Klocko', 'Nisi rerum tempora autem sit. Praesentium quas distinctio voluptatem porro. Magnam sed reiciendis quae enim omnis aspernatur atque consectetur.', 'gordon-klocko', 'Bernadette Schoen', 'Quibusdam molestiae et in est expedita. Aliquid tenetur placeat consequatur minus accusantium perspiciatis. Beatae a est nobis exercitationem. At exercitationem ipsa doloribus perferendis.', 'Rerum blanditiis et magni consequatur rerum nesciunt. Voluptatum quia vel ut distinctio. Non corrupti eos tenetur nisi sint dicta fuga.', '2025-02-16 07:19:27', '2025-02-16 07:19:27'),
(700, 700, 'ar', 'Mr. Edgardo Wunsch MD', 'Quidem consequatur nemo et expedita rerum porro et quis. Voluptatum et incidunt deleniti omnis excepturi.', 'mr.-edgardo-wunsch-md', 'Laurel Weber IV', 'Quis suscipit placeat tenetur occaecati ea accusamus corrupti. Nemo at maxime accusantium fugiat nam sequi est. Officiis dolorem id vitae sint.', 'Quis corporis esse quo eveniet. Consectetur quae voluptas dolores laboriosam dicta aspernatur non. Ut earum ducimus autem in illum quia.', '2025-02-16 07:19:27', '2025-02-16 07:19:27'),
(701, 701, 'ar', 'Join-community', NULL, 'join-community', NULL, NULL, NULL, '2025-05-28 03:28:24', '2025-05-28 03:28:24'),
(702, 702, 'ar', 'beneficiaries/join-community', NULL, 'beneficiaries-join-community', NULL, NULL, NULL, '2025-05-28 05:58:43', '2025-05-28 05:58:43'),
(703, 703, 'ar', 'أهمية الحوكمة:', '<ul>\r\n	<li>تعزيز ثقة المستثمرين: تساهم الحوكمة الجيدة في بناء ثقة للمستثمرين وجذب رؤوس الأموال.</li>\r\n	<li>تحسين الأداء المالي: الشركات ذات الحوكمة القوية تميل إلى تحقيق أداء مالي أفضل على المدى الطويل.</li>\r\n	<li>تقليل مخاطر الاحتيال والفساد: تساهم في وضع ضوابط داخلية قوية تمنع الممارسات غير الأخلاقية.</li>\r\n	<li>تعزيز سمعة الشركة: تساهم في بناء سمعة طيبة للشركة وتعزيز علاقاتها مع الأطراف ذات المصلحة.</li>\r\n	<li>تحقيق الاستدامة والنمو طويل الأجل: تساعد في اتخاذ قرارات مسؤولة تضمن استدامة الشركة على المدى الطويل.</li>\r\n</ul>\r\n\r\n<h2>السياسات</h2>\r\n\r\n<ul>\r\n	<li>\r\n	<p><a href=\"policies/risk-management.pdf\"><img alt=\"\" src=\"img/pdf.png\" />سياسة إدارة المخاطر</a></p>\r\n	</li>\r\n	<li>\r\n	<p><a href=\"policies/whistleblower.pdf\"><img alt=\"\" src=\"img/pdf.png\" />سياسة الإبلاغ عن المخالفات وحماية مقدمي البلاغات</a></p>\r\n	</li>\r\n	<li>\r\n	<p><a href=\"policies/document-retention.pdf\"><img alt=\"\" src=\"img/pdf.png\" />سياسة الاحتفاظ بالوثائق وإتلافها</a></p>\r\n	</li>\r\n	<li>\r\n	<p><a href=\"policies/donation-policy.pdf\"><img alt=\"\" src=\"img/pdf.png\" />سياسة الاستبدال والإرجاع الخاصة بالتبرعات</a></p>\r\n	</li>\r\n	<li>\r\n	<p><a href=\"policies/investment.pdf\"><img alt=\"\" src=\"img/pdf.png\" />سياسة الاستثمار</a></p>\r\n	</li>\r\n</ul>\r\n\r\n<h2>اللوائح و النظم</h2>\r\n\r\n<ul>\r\n	<li>\r\n	<p><a href=\"regulations/donations.pdf\"><img alt=\"\" src=\"img/pdf.png\" />جمع التبرعات</a></p>\r\n	</li>\r\n	<li>\r\n	<p><a href=\"regulations/donation-transfer.pdf\"><img alt=\"\" src=\"img/pdf.png\" />توجيه مبلغ التبرع إلى مشروع آخر</a></p>\r\n	</li>\r\n	<li>\r\n	<p><a href=\"regulations/conflict-of-interest.pdf\"><img alt=\"\" src=\"img/pdf.png\" />تعارض المصالح</a></p>\r\n	</li>\r\n</ul>\r\n\r\n<h2>التقارير و الإداريات</h2>\r\n\r\n<ul>\r\n	<li>\r\n	<p><a href=\"reports/financial-procedures.pdf\"><img alt=\"\" src=\"img/pdf.png\" />دليل الإجراءات المالية</a></p>\r\n	</li>\r\n	<li>\r\n	<p><a href=\"reports/financial-policies.pdf\"><img alt=\"\" src=\"img/pdf.png\" />دليل السياسات والإجراءات المالية والمحاسبية</a></p>\r\n	</li>\r\n	<li>\r\n	<p><a href=\"reports/anti-money-laundering.pdf\"><img alt=\"\" src=\"img/pdf.png\" />دليل المؤشرات الدالة وإجراءات عمليات غسيل الأموال وتمويل الإرهاب</a></p>\r\n	</li>\r\n	<li>\r\n	<p><a href=\"reports/financial-statements-2024.pdf\"><img alt=\"\" src=\"img/pdf.png\" />القوائم المالية لعام 2024م</a></p>\r\n	</li>\r\n</ul>', 'about', NULL, NULL, NULL, '2025-05-28 09:28:51', '2025-05-28 09:46:36');

-- --------------------------------------------------------

--
-- Table structure for table `password_resets`
--

CREATE TABLE `password_resets` (
  `email` varchar(255) CHARACTER SET utf8mb4 COLLATE utf8mb4_unicode_ci NOT NULL,
  `token` varchar(255) CHARACTER SET utf8mb4 COLLATE utf8mb4_unicode_ci NOT NULL,
  `created_at` timestamp NULL DEFAULT NULL
) ENGINE=InnoDB DEFAULT CHARSET=utf8mb4 COLLATE=utf8mb4_unicode_ci;

-- --------------------------------------------------------

--
-- Table structure for table `payment_banks`
--

CREATE TABLE `payment_banks` (
  `id` bigint UNSIGNED NOT NULL,
  `payment_method_id` bigint UNSIGNED DEFAULT NULL,
  `bank_name` varchar(255) CHARACTER SET utf8mb4 COLLATE utf8mb4_unicode_ci NOT NULL,
  `account_type` varchar(255) CHARACTER SET utf8mb4 COLLATE utf8mb4_unicode_ci NOT NULL,
  `iban` varchar(255) CHARACTER SET utf8mb4 COLLATE utf8mb4_unicode_ci NOT NULL,
  `payment_key` varchar(255) CHARACTER SET utf8mb4 COLLATE utf8mb4_unicode_ci NOT NULL,
  `bank_url` varchar(255) CHARACTER SET utf8mb4 COLLATE utf8mb4_unicode_ci NOT NULL,
  `image` varchar(255) CHARACTER SET utf8mb4 COLLATE utf8mb4_unicode_ci DEFAULT NULL,
  `created_at` timestamp NULL DEFAULT NULL,
  `updated_at` timestamp NULL DEFAULT NULL
) ENGINE=InnoDB DEFAULT CHARSET=utf8mb4 COLLATE=utf8mb4_unicode_ci;

--
-- Dumping data for table `payment_banks`
--

INSERT INTO `payment_banks` (`id`, `payment_method_id`, `bank_name`, `account_type`, `iban`, `payment_key`, `bank_url`, `image`, `created_at`, `updated_at`) VALUES
(1, 3, 'مصرف الراجحي - 645608010000702', '645608010000702', 'SA8080000645608010000702', 'Raj Mashar', 'https://www.almubasher.com.sa/portal/auth/login.do?locale=ar_SA', NULL, '2024-02-24 10:53:43', '2024-09-30 06:16:51'),
(2, 3, 'مصرف الراجحي - 645608010000603', '645608010000603', 'SA3780000645608010000603', 'Raj Waqf', 'https://www.almubasher.com.sa/portal/auth/login.do?locale=ar_SA', NULL, '2024-02-24 10:53:43', '2024-09-30 06:16:51'),
(3, 3, 'مصرف الراجحي - 645608010000306', '645608010000306', 'SA0580000645608010000306', 'Raj Zaka', 'https://www.almubasher.com.sa/portal/auth/login.do?locale=ar_SA', NULL, '2024-02-24 10:53:43', '2024-09-30 06:16:51'),
(4, 3, 'مصرف الراجحي - 645608010000207', '645608010000207', 'SA5980000645608010000207', 'Raj Gen', 'https://www.almubasher.com.sa/portal/auth/login.do?locale=ar_SA', NULL, '2024-02-24 10:53:43', '2024-09-30 06:16:51'),
(5, 3, 'البنك الأهلي السعودي- 13347130005100', '13347130005100', 'SA8410000013347130005100', 'Ahly Genrl', 'https://new.alahlionline.com/ui/#/login/full-login-login', NULL, '2024-02-24 10:53:43', '2024-09-30 06:16:51'),
(6, 3, 'البنك الأهلي السعودي- 13347130005209', '13347130005209', 'SA5110000013347130005209', 'Ahly Masha', 'https://new.alahlionline.com/ui/#/login/full-login-login', NULL, '2024-02-24 10:53:43', '2024-09-30 06:16:51'),
(7, 3, 'البنك الأهلي السعودي- 13656341000206', '13656341000206', 'SA970000013656341000206', 'Ahly Zaka', 'https://new.alahlionline.com/ui/#/login/full-login-login', NULL, '2024-02-24 10:53:43', '2024-09-30 06:16:51'),
(8, 3, 'البنك السعودي للإستثمار  - 202755555007', '202755555007', 'SA4665000000202755555007', 'Esth Masha', 'https://www.saib.com.sa/ar', NULL, '2024-02-24 10:53:43', '2024-09-30 06:16:51'),
(9, 3, 'بنك الرياض', '1363107959940', 'SA3620000001363107959940', 'Riyad Bank', 'https://www.riyadonline.com/ib/login.html', NULL, '2024-02-24 10:53:43', '2024-09-30 06:16:51'),
(10, 3, 'مصرف الإنماء', '68201034574000', 'SA8505000068201034574000', 'Enmaa', 'https://online.alinma.com/ibweb/public/login.jsf?login_section=true&amp;mobile=1&amp;session_locale=ar', NULL, '2024-02-24 10:53:43', '2024-09-30 06:16:51'),
(11, 3, 'البنك السعودي الفرنسي', '98419500134', 'SA5655000000098419500134', 'Francy', 'https://www.alfransi.com.sa/', 'attachments/PaymentMethod/1727699069.jpg', '2024-02-24 10:53:43', '2024-09-30 06:24:30'),
(12, 3, 'البنك العربي الوطني', '108095368800011', 'SA2630400108095368800011', 'ANB Arabi', 'https://onlinebanking.anb.com.sa/RetailBank/app/logon.jsp?englang=en_AR', NULL, '2024-02-24 10:53:43', '2024-09-30 06:16:51'),
(13, 3, 'بنك البلاد', '999120014360015', 'SA6315000999120014360015', 'Belad15', 'https://www.bankalbilad.com/ar/personal/Pages/home.aspx', 'attachments/PaymentMethod/172769916212.jpg', '2024-02-24 10:53:43', '2024-09-30 06:26:03'),
(14, 3, 'البنك السعودي البريطاني', '896042397002', 'SA2745000000896042397002', 'SAB Mashar', 'https://www.sabb.com/ar/', 'attachments/PaymentMethod/172769916313.jpg', '2024-02-24 10:53:43', '2024-09-30 06:26:03'),
(15, 3, 'البنك السعودي البريطاني', '896042397001', 'SA5445000000896042397001', 'SAB Genral', 'https://www.sabb.com/ar/', 'attachments/PaymentMethod/1727699031.jpg', '2024-02-24 10:53:43', '2024-09-30 06:23:52'),
(16, 3, 'tetet', 'etet', 'et', 'etet', 'etetet', 'attachments/PaymentMethod/1739706580114.png', '2025-02-16 09:49:40', '2025-02-16 09:49:40');

-- --------------------------------------------------------

--
-- Table structure for table `payment_methods`
--

CREATE TABLE `payment_methods` (
  `id` bigint UNSIGNED NOT NULL,
  `payment_key` varchar(255) CHARACTER SET utf8mb4 COLLATE utf8mb4_unicode_ci DEFAULT NULL,
  `meta` text CHARACTER SET utf8mb4 COLLATE utf8mb4_unicode_ci,
  `image` varchar(255) CHARACTER SET utf8mb4 COLLATE utf8mb4_unicode_ci DEFAULT NULL,
  `min_price` double DEFAULT NULL,
  `cart_show` tinyint DEFAULT NULL,
  `status` tinyint DEFAULT NULL,
  `type` tinyint DEFAULT '1',
  `created_by` bigint UNSIGNED DEFAULT NULL,
  `updated_by` bigint UNSIGNED DEFAULT NULL,
  `deleted_at` timestamp NULL DEFAULT NULL,
  `created_at` timestamp NULL DEFAULT NULL,
  `updated_at` timestamp NULL DEFAULT NULL,
  `name_holder` varchar(255) COLLATE utf8mb4_unicode_ci DEFAULT NULL
) ENGINE=InnoDB DEFAULT CHARSET=utf8mb4 COLLATE=utf8mb4_unicode_ci;

--
-- Dumping data for table `payment_methods`
--

INSERT INTO `payment_methods` (`id`, `payment_key`, `meta`, `image`, `min_price`, `cart_show`, `status`, `type`, `created_by`, `updated_by`, `deleted_at`, `created_at`, `updated_at`, `name_holder`) VALUES
(1, 'COD', NULL, NULL, NULL, NULL, NULL, 1, NULL, NULL, NULL, '2024-01-01 07:47:54', '2024-01-01 07:47:54', NULL),
(2, 'Visa', NULL, 'attachments/PaymentMethod/1739706605.png', NULL, 0, 1, 1, NULL, 1, NULL, '2024-01-01 07:47:54', '2025-02-16 09:50:05', NULL),
(3, 'Bank Transfer', NULL, 'attachments/PaymentMethod/1739706580.png', NULL, 0, 1, 1, NULL, 1, NULL, '2024-01-01 07:47:54', '2025-02-16 09:49:40', NULL),
(4, 'ApplePay', NULL, 'attachments/PaymentMethod/1739706622.png', NULL, 0, 1, 1, NULL, 1, NULL, '2024-08-31 04:53:34', '2025-02-16 09:50:22', NULL);

-- --------------------------------------------------------

--
-- Table structure for table `payment_method_translations`
--

CREATE TABLE `payment_method_translations` (
  `id` bigint UNSIGNED NOT NULL,
  `payment_id` bigint UNSIGNED NOT NULL,
  `locale` varchar(255) CHARACTER SET utf8mb4 COLLATE utf8mb4_unicode_ci NOT NULL,
  `title` varchar(255) CHARACTER SET utf8mb4 COLLATE utf8mb4_unicode_ci NOT NULL,
  `content` text CHARACTER SET utf8mb4 COLLATE utf8mb4_unicode_ci,
  `created_at` timestamp NULL DEFAULT NULL,
  `updated_at` timestamp NULL DEFAULT NULL
) ENGINE=InnoDB DEFAULT CHARSET=utf8mb4 COLLATE=utf8mb4_unicode_ci;

--
-- Dumping data for table `payment_method_translations`
--

INSERT INTO `payment_method_translations` (`id`, `payment_id`, `locale`, `title`, `content`, `created_at`, `updated_at`) VALUES
(1, 1, 'en', 'COD', NULL, '2024-01-01 07:47:54', '2024-01-01 07:47:54'),
(2, 1, 'ar', 'الدفع عند الاستلام', NULL, '2024-01-01 07:47:54', '2024-01-01 07:47:54'),
(3, 2, 'en', 'Visa', NULL, '2024-01-01 07:47:54', '2024-01-01 07:47:54'),
(4, 2, 'ar', 'فيزا', NULL, '2024-01-01 07:47:54', '2024-09-30 06:10:11'),
(5, 3, 'en', 'Bank Transfer', NULL, '2024-01-01 07:47:54', '2024-01-01 07:47:54'),
(6, 3, 'ar', 'تحويل بنكي', NULL, '2024-01-01 07:47:54', '2024-01-01 07:47:54'),
(7, 4, 'ar', 'ابل باي', NULL, '2024-08-31 07:55:04', '2024-08-31 07:55:04');

-- --------------------------------------------------------

--
-- Table structure for table `permissions`
--

CREATE TABLE `permissions` (
  `id` bigint UNSIGNED NOT NULL,
  `name` varchar(255) CHARACTER SET utf8mb4 COLLATE utf8mb4_unicode_ci NOT NULL,
  `guard_name` varchar(255) CHARACTER SET utf8mb4 COLLATE utf8mb4_unicode_ci NOT NULL,
  `created_at` timestamp NULL DEFAULT NULL,
  `updated_at` timestamp NULL DEFAULT NULL
) ENGINE=InnoDB DEFAULT CHARSET=utf8mb4 COLLATE=utf8mb4_unicode_ci;

--
-- Dumping data for table `permissions`
--

INSERT INTO `permissions` (`id`, `name`, `guard_name`, `created_at`, `updated_at`) VALUES
(1, 'admin.', 'account', '2025-02-16 07:04:01', '2025-02-16 07:04:01'),
(2, 'admin.login', 'account', '2025-02-16 07:04:01', '2025-02-16 07:04:01'),
(3, 'admin.logout', 'account', '2025-02-16 07:04:40', '2025-02-16 07:04:40'),
(4, 'admin.home', 'account', '2025-02-16 07:04:40', '2025-02-16 07:04:40'),
(5, 'admin.switch-dark-mode', 'account', '2025-02-16 07:04:40', '2025-02-16 07:04:40'),
(6, 'admin.update-color-header', 'account', '2025-02-16 07:04:40', '2025-02-16 07:04:40'),
(7, 'admin.update-color-side', 'account', '2025-02-16 07:04:40', '2025-02-16 07:04:40'),
(8, 'admin.profile', 'account', '2025-02-16 07:04:40', '2025-02-16 07:04:40'),
(9, 'admin.profile.update', 'account', '2025-02-16 07:04:40', '2025-02-16 07:04:40'),
(10, 'admin.users.index', 'account', '2025-02-16 07:04:40', '2025-02-16 07:04:40'),
(11, 'admin.users.create', 'account', '2025-02-16 07:04:40', '2025-02-16 07:04:40'),
(12, 'admin.users.store', 'account', '2025-02-16 07:04:40', '2025-02-16 07:04:40'),
(13, 'admin.users.show', 'account', '2025-02-16 07:04:40', '2025-02-16 07:04:40'),
(14, 'admin.users.edit', 'account', '2025-02-16 07:04:40', '2025-02-16 07:04:40'),
(15, 'admin.users.update', 'account', '2025-02-16 07:04:40', '2025-02-16 07:04:40'),
(16, 'admin.users.destroy', 'account', '2025-02-16 07:04:40', '2025-02-16 07:04:40'),
(17, 'admin.users.actions', 'account', '2025-02-16 07:04:40', '2025-02-16 07:04:40'),
(18, 'admin.users.update-status', 'account', '2025-02-16 07:04:40', '2025-02-16 07:04:40'),
(19, 'admin.roles.index', 'account', '2025-02-16 07:04:40', '2025-02-16 07:04:40'),
(20, 'admin.roles.create', 'account', '2025-02-16 07:04:40', '2025-02-16 07:04:40'),
(21, 'admin.roles.store', 'account', '2025-02-16 07:04:40', '2025-02-16 07:04:40'),
(22, 'admin.roles.show', 'account', '2025-02-16 07:04:40', '2025-02-16 07:04:40'),
(23, 'admin.roles.edit', 'account', '2025-02-16 07:04:40', '2025-02-16 07:04:40'),
(24, 'admin.roles.update', 'account', '2025-02-16 07:04:40', '2025-02-16 07:04:40'),
(25, 'admin.roles.destroy', 'account', '2025-02-16 07:04:40', '2025-02-16 07:04:40'),
(26, 'admin.menus.index', 'account', '2025-02-16 07:04:40', '2025-02-16 07:04:40'),
(27, 'admin.menus.create', 'account', '2025-02-16 07:04:40', '2025-02-16 07:04:40'),
(28, 'admin.menus.store', 'account', '2025-02-16 07:04:40', '2025-02-16 07:04:40'),
(29, 'admin.menus.show', 'account', '2025-02-16 07:04:40', '2025-02-16 07:04:40'),
(30, 'admin.menus.edit', 'account', '2025-02-16 07:04:40', '2025-02-16 07:04:40'),
(31, 'admin.menus.update', 'account', '2025-02-16 07:04:40', '2025-02-16 07:04:40'),
(32, 'admin.menus.destroy', 'account', '2025-02-16 07:04:40', '2025-02-16 07:04:40'),
(33, 'admin.menus.show_tree', 'account', '2025-02-16 07:04:40', '2025-02-16 07:04:40'),
(34, 'admin.menus.actions', 'account', '2025-02-16 07:04:40', '2025-02-16 07:04:40'),
(35, 'admin.menus.update-status', 'account', '2025-02-16 07:04:40', '2025-02-16 07:04:40'),
(36, 'admin.menus.getUrl', 'account', '2025-02-16 07:04:40', '2025-02-16 07:04:40'),
(37, 'admin.menus.getMenus', 'account', '2025-02-16 07:04:40', '2025-02-16 07:04:40'),
(38, 'admin.pages.index', 'account', '2025-02-16 07:04:40', '2025-02-16 07:04:40'),
(39, 'admin.pages.create', 'account', '2025-02-16 07:04:40', '2025-02-16 07:04:40'),
(40, 'admin.pages.store', 'account', '2025-02-16 07:04:40', '2025-02-16 07:04:40'),
(41, 'admin.pages.show', 'account', '2025-02-16 07:04:40', '2025-02-16 07:04:40'),
(42, 'admin.pages.edit', 'account', '2025-02-16 07:04:40', '2025-02-16 07:04:40'),
(43, 'admin.pages.update', 'account', '2025-02-16 07:04:40', '2025-02-16 07:04:40'),
(44, 'admin.pages.destroy', 'account', '2025-02-16 07:04:40', '2025-02-16 07:04:40'),
(45, 'admin.pages.update-status', 'account', '2025-02-16 07:04:40', '2025-02-16 07:04:40'),
(46, 'admin.pages.actions', 'account', '2025-02-16 07:04:40', '2025-02-16 07:04:40'),
(47, 'admin.news.index', 'account', '2025-02-16 07:04:40', '2025-02-16 07:04:40'),
(48, 'admin.news.create', 'account', '2025-02-16 07:04:40', '2025-02-16 07:04:40'),
(49, 'admin.news.store', 'account', '2025-02-16 07:04:40', '2025-02-16 07:04:40'),
(50, 'admin.news.show', 'account', '2025-02-16 07:04:41', '2025-02-16 07:04:41'),
(51, 'admin.news.edit', 'account', '2025-02-16 07:04:41', '2025-02-16 07:04:41'),
(52, 'admin.news.update', 'account', '2025-02-16 07:04:41', '2025-02-16 07:04:41'),
(53, 'admin.news.destroy', 'account', '2025-02-16 07:04:41', '2025-02-16 07:04:41'),
(54, 'admin.news.update-status', 'account', '2025-02-16 07:04:41', '2025-02-16 07:04:41'),
(55, 'admin.news.actions', 'account', '2025-02-16 07:04:41', '2025-02-16 07:04:41'),
(56, 'admin.news.update-featured', 'account', '2025-02-16 07:04:41', '2025-02-16 07:04:41'),
(57, 'admin.slider.index', 'account', '2025-02-16 07:04:41', '2025-02-16 07:04:41'),
(58, 'admin.slider.create', 'account', '2025-02-16 07:04:41', '2025-02-16 07:04:41'),
(59, 'admin.slider.store', 'account', '2025-02-16 07:04:41', '2025-02-16 07:04:41'),
(60, 'admin.slider.show', 'account', '2025-02-16 07:04:41', '2025-02-16 07:04:41'),
(61, 'admin.slider.edit', 'account', '2025-02-16 07:04:41', '2025-02-16 07:04:41'),
(62, 'admin.slider.update', 'account', '2025-02-16 07:04:41', '2025-02-16 07:04:41'),
(63, 'admin.slider.destroy', 'account', '2025-02-16 07:04:41', '2025-02-16 07:04:41'),
(64, 'admin.slider.update-status', 'account', '2025-02-16 07:04:41', '2025-02-16 07:04:41'),
(65, 'admin.slider.actions', 'account', '2025-02-16 07:04:41', '2025-02-16 07:04:41'),
(66, 'admin.contact-us.index', 'account', '2025-02-16 07:04:41', '2025-02-16 07:04:41'),
(67, 'admin.contact-us.create', 'account', '2025-02-16 07:04:41', '2025-02-16 07:04:41'),
(68, 'admin.contact-us.store', 'account', '2025-02-16 07:04:41', '2025-02-16 07:04:41'),
(69, 'admin.contact-us.show', 'account', '2025-02-16 07:04:41', '2025-02-16 07:04:41'),
(70, 'admin.contact-us.edit', 'account', '2025-02-16 07:04:41', '2025-02-16 07:04:41'),
(71, 'admin.contact-us.update', 'account', '2025-02-16 07:04:41', '2025-02-16 07:04:41'),
(72, 'admin.contact-us.destroy', 'account', '2025-02-16 07:04:41', '2025-02-16 07:04:41'),
(73, 'admin.contact-us.read', 'account', '2025-02-16 07:04:41', '2025-02-16 07:04:41'),
(74, 'admin.notification.read', 'account', '2025-02-16 07:04:41', '2025-02-16 07:04:41'),
(75, 'admin.subscribes.index', 'account', '2025-02-16 07:04:41', '2025-02-16 07:04:41'),
(76, 'admin.subscribes.create', 'account', '2025-02-16 07:04:41', '2025-02-16 07:04:41'),
(77, 'admin.subscribes.store', 'account', '2025-02-16 07:04:41', '2025-02-16 07:04:41'),
(78, 'admin.subscribes.show', 'account', '2025-02-16 07:04:41', '2025-02-16 07:04:41'),
(79, 'admin.subscribes.edit', 'account', '2025-02-16 07:04:41', '2025-02-16 07:04:41'),
(80, 'admin.subscribes.update', 'account', '2025-02-16 07:04:41', '2025-02-16 07:04:41'),
(81, 'admin.subscribes.destroy', 'account', '2025-02-16 07:04:41', '2025-02-16 07:04:41'),
(82, 'admin.categories.index', 'account', '2025-02-16 07:04:41', '2025-02-16 07:04:41'),
(83, 'admin.categories.create', 'account', '2025-02-16 07:04:41', '2025-02-16 07:04:41'),
(84, 'admin.categories.store', 'account', '2025-02-16 07:04:41', '2025-02-16 07:04:41'),
(85, 'admin.categories.show', 'account', '2025-02-16 07:04:41', '2025-02-16 07:04:41'),
(86, 'admin.categories.edit', 'account', '2025-02-16 07:04:41', '2025-02-16 07:04:41'),
(87, 'admin.categories.update', 'account', '2025-02-16 07:04:41', '2025-02-16 07:04:41'),
(88, 'admin.categories.destroy', 'account', '2025-02-16 07:04:41', '2025-02-16 07:04:41'),
(89, 'admin.categories.show_tree', 'account', '2025-02-16 07:04:41', '2025-02-16 07:04:41'),
(90, 'admin.categories.update-status', 'account', '2025-02-16 07:04:41', '2025-02-16 07:04:41'),
(91, 'admin.categories.actions', 'account', '2025-02-16 07:04:41', '2025-02-16 07:04:41'),
(92, 'admin.categories.update-featured', 'account', '2025-02-16 07:04:41', '2025-02-16 07:04:41'),
(93, 'admin.articles.index', 'account', '2025-02-16 07:04:41', '2025-02-16 07:04:41'),
(94, 'admin.articles.create', 'account', '2025-02-16 07:04:41', '2025-02-16 07:04:41'),
(95, 'admin.articles.store', 'account', '2025-02-16 07:04:41', '2025-02-16 07:04:41'),
(96, 'admin.articles.show', 'account', '2025-02-16 07:04:41', '2025-02-16 07:04:41'),
(97, 'admin.articles.edit', 'account', '2025-02-16 07:04:41', '2025-02-16 07:04:41'),
(98, 'admin.articles.update', 'account', '2025-02-16 07:04:41', '2025-02-16 07:04:41'),
(99, 'admin.articles.destroy', 'account', '2025-02-16 07:04:41', '2025-02-16 07:04:41'),
(100, 'admin.articles.update-status', 'account', '2025-02-16 07:04:41', '2025-02-16 07:04:41'),
(101, 'admin.articles.actions', 'account', '2025-02-16 07:04:41', '2025-02-16 07:04:41'),
(102, 'admin.articles.update-featured', 'account', '2025-02-16 07:04:41', '2025-02-16 07:04:41'),
(103, 'admin.tag.index', 'account', '2025-02-16 07:04:41', '2025-02-16 07:04:41'),
(104, 'admin.tag.create', 'account', '2025-02-16 07:04:41', '2025-02-16 07:04:41'),
(105, 'admin.tag.store', 'account', '2025-02-16 07:04:41', '2025-02-16 07:04:41'),
(106, 'admin.tag.show', 'account', '2025-02-16 07:04:41', '2025-02-16 07:04:41'),
(107, 'admin.tag.edit', 'account', '2025-02-16 07:04:41', '2025-02-16 07:04:41'),
(108, 'admin.tag.update', 'account', '2025-02-16 07:04:42', '2025-02-16 07:04:42'),
(109, 'admin.tag.destroy', 'account', '2025-02-16 07:04:42', '2025-02-16 07:04:42'),
(110, 'admin.tag.update-status', 'account', '2025-02-16 07:04:42', '2025-02-16 07:04:42'),
(111, 'admin.tag.actions', 'account', '2025-02-16 07:04:42', '2025-02-16 07:04:42'),
(112, 'admin.tag.update-featured', 'account', '2025-02-16 07:04:42', '2025-02-16 07:04:42'),
(113, 'admin.portfolio-tags.index', 'account', '2025-02-16 07:04:42', '2025-02-16 07:04:42'),
(114, 'admin.portfolio-tags.create', 'account', '2025-02-16 07:04:42', '2025-02-16 07:04:42'),
(115, 'admin.portfolio-tags.store', 'account', '2025-02-16 07:04:42', '2025-02-16 07:04:42'),
(116, 'admin.portfolio-tags.show', 'account', '2025-02-16 07:04:42', '2025-02-16 07:04:42'),
(117, 'admin.portfolio-tags.edit', 'account', '2025-02-16 07:04:42', '2025-02-16 07:04:42'),
(118, 'admin.portfolio-tags.update', 'account', '2025-02-16 07:04:42', '2025-02-16 07:04:42'),
(119, 'admin.portfolio-tags.destroy', 'account', '2025-02-16 07:04:42', '2025-02-16 07:04:42'),
(120, 'admin.portfolio-tags.update-status', 'account', '2025-02-16 07:04:42', '2025-02-16 07:04:42'),
(121, 'admin.portfolio-tags.actions', 'account', '2025-02-16 07:04:42', '2025-02-16 07:04:42'),
(122, 'admin.portfolio-tags.update-featured', 'account', '2025-02-16 07:04:42', '2025-02-16 07:04:42'),
(123, 'admin.portfolio.index', 'account', '2025-02-16 07:04:42', '2025-02-16 07:04:42'),
(124, 'admin.portfolio.create', 'account', '2025-02-16 07:04:42', '2025-02-16 07:04:42'),
(125, 'admin.portfolio.store', 'account', '2025-02-16 07:04:42', '2025-02-16 07:04:42'),
(126, 'admin.portfolio.show', 'account', '2025-02-16 07:04:42', '2025-02-16 07:04:42'),
(127, 'admin.portfolio.edit', 'account', '2025-02-16 07:04:42', '2025-02-16 07:04:42'),
(128, 'admin.portfolio.update', 'account', '2025-02-16 07:04:42', '2025-02-16 07:04:42'),
(129, 'admin.portfolio.destroy', 'account', '2025-02-16 07:04:42', '2025-02-16 07:04:42'),
(130, 'admin.portfolio.update-status', 'account', '2025-02-16 07:04:42', '2025-02-16 07:04:42'),
(131, 'admin.portfolio.actions', 'account', '2025-02-16 07:04:42', '2025-02-16 07:04:42'),
(132, 'admin.portfolio.update-featured', 'account', '2025-02-16 07:04:42', '2025-02-16 07:04:42'),
(133, 'admin.projects.index', 'account', '2025-02-16 07:04:42', '2025-02-16 07:04:42'),
(134, 'admin.projects.create', 'account', '2025-02-16 07:04:42', '2025-02-16 07:04:42'),
(135, 'admin.projects.store', 'account', '2025-02-16 07:04:42', '2025-02-16 07:04:42'),
(136, 'admin.projects.show', 'account', '2025-02-16 07:04:42', '2025-02-16 07:04:42'),
(137, 'admin.projects.edit', 'account', '2025-02-16 07:04:42', '2025-02-16 07:04:42'),
(138, 'admin.projects.update', 'account', '2025-02-16 07:04:42', '2025-02-16 07:04:42'),
(139, 'admin.projects.destroy', 'account', '2025-02-16 07:04:42', '2025-02-16 07:04:42'),
(140, 'admin.projects.update-status', 'account', '2025-02-16 07:04:42', '2025-02-16 07:04:42'),
(141, 'admin.projects.actions', 'account', '2025-02-16 07:04:42', '2025-02-16 07:04:42'),
(142, 'admin.services.index', 'account', '2025-02-16 07:04:42', '2025-02-16 07:04:42'),
(143, 'admin.services.create', 'account', '2025-02-16 07:04:42', '2025-02-16 07:04:42'),
(144, 'admin.services.store', 'account', '2025-02-16 07:04:42', '2025-02-16 07:04:42'),
(145, 'admin.services.show', 'account', '2025-02-16 07:04:42', '2025-02-16 07:04:42'),
(146, 'admin.services.edit', 'account', '2025-02-16 07:04:42', '2025-02-16 07:04:42'),
(147, 'admin.services.update', 'account', '2025-02-16 07:04:42', '2025-02-16 07:04:42'),
(148, 'admin.services.destroy', 'account', '2025-02-16 07:04:42', '2025-02-16 07:04:42'),
(149, 'admin.services.update-status', 'account', '2025-02-16 07:04:42', '2025-02-16 07:04:42'),
(150, 'admin.services.actions', 'account', '2025-02-16 07:04:42', '2025-02-16 07:04:42'),
(151, 'admin.services.update-featured', 'account', '2025-02-16 07:04:42', '2025-02-16 07:04:42'),
(152, 'admin.settings.index', 'account', '2025-02-16 07:04:42', '2025-02-16 07:04:42'),
(153, 'admin.settings.form', 'account', '2025-02-16 07:04:42', '2025-02-16 07:04:42'),
(154, 'admin.settings.update', 'account', '2025-02-16 07:04:42', '2025-02-16 07:04:42'),
(155, 'admin.settings.update-custom', 'account', '2025-02-16 07:04:42', '2025-02-16 07:04:42'),
(156, 'admin.settings.volunteer', 'account', '2025-02-16 07:04:42', '2025-02-16 07:04:42'),
(157, 'admin.themes.dashboard', 'account', '2025-02-16 07:04:42', '2025-02-16 07:04:42'),
(158, 'admin.themes.update', 'account', '2025-02-16 07:04:42', '2025-02-16 07:04:42'),
(159, 'admin.themes.reset', 'account', '2025-02-16 07:04:42', '2025-02-16 07:04:42'),
(160, 'admin.themes.site', 'account', '2025-02-16 07:04:42', '2025-02-16 07:04:42'),
(161, 'admin.home-settings.index', 'account', '2025-02-16 07:04:43', '2025-02-16 07:04:43'),
(162, 'admin.home-settings.create', 'account', '2025-02-16 07:04:43', '2025-02-16 07:04:43'),
(163, 'admin.home-settings.store', 'account', '2025-02-16 07:04:43', '2025-02-16 07:04:43'),
(164, 'admin.home-settings.show', 'account', '2025-02-16 07:04:43', '2025-02-16 07:04:43'),
(165, 'admin.home-settings.edit', 'account', '2025-02-16 07:04:43', '2025-02-16 07:04:43'),
(166, 'admin.home-settings.update', 'account', '2025-02-16 07:04:43', '2025-02-16 07:04:43'),
(167, 'admin.home-settings.destroy', 'account', '2025-02-16 07:04:43', '2025-02-16 07:04:43'),
(168, 'admin.home-settings.update-status', 'account', '2025-02-16 07:04:43', '2025-02-16 07:04:43'),
(169, 'admin.payment-method.index', 'account', '2025-02-16 07:04:43', '2025-02-16 07:04:43'),
(170, 'admin.payment-method.create', 'account', '2025-02-16 07:04:43', '2025-02-16 07:04:43'),
(171, 'admin.payment-method.store', 'account', '2025-02-16 07:04:43', '2025-02-16 07:04:43'),
(172, 'admin.payment-method.show', 'account', '2025-02-16 07:04:43', '2025-02-16 07:04:43'),
(173, 'admin.payment-method.edit', 'account', '2025-02-16 07:04:43', '2025-02-16 07:04:43'),
(174, 'admin.payment-method.update', 'account', '2025-02-16 07:04:43', '2025-02-16 07:04:43'),
(175, 'admin.payment-method.destroy', 'account', '2025-02-16 07:04:43', '2025-02-16 07:04:43'),
(176, 'admin.payment.update-status', 'account', '2025-02-16 07:04:43', '2025-02-16 07:04:43'),
(177, 'admin.payment.actions', 'account', '2025-02-16 07:04:43', '2025-02-16 07:04:43'),
(178, 'admin.charity.sections.index', 'account', '2025-02-16 07:04:43', '2025-02-16 07:04:43'),
(179, 'admin.charity.sections.create', 'account', '2025-02-16 07:04:43', '2025-02-16 07:04:43'),
(180, 'admin.charity.sections.store', 'account', '2025-02-16 07:04:43', '2025-02-16 07:04:43'),
(181, 'admin.charity.sections.show', 'account', '2025-02-16 07:04:43', '2025-02-16 07:04:43'),
(182, 'admin.charity.sections.edit', 'account', '2025-02-16 07:04:43', '2025-02-16 07:04:43'),
(183, 'admin.charity.sections.update', 'account', '2025-02-16 07:04:43', '2025-02-16 07:04:43'),
(184, 'admin.charity.sections.destroy', 'account', '2025-02-16 07:04:43', '2025-02-16 07:04:43'),
(185, 'admin.charity.categories.index', 'account', '2025-02-16 07:04:43', '2025-02-16 07:04:43'),
(186, 'admin.charity.categories.create', 'account', '2025-02-16 07:04:43', '2025-02-16 07:04:43'),
(187, 'admin.charity.categories.store', 'account', '2025-02-16 07:04:43', '2025-02-16 07:04:43'),
(188, 'admin.charity.categories.show', 'account', '2025-02-16 07:04:43', '2025-02-16 07:04:43'),
(189, 'admin.charity.categories.edit', 'account', '2025-02-16 07:04:43', '2025-02-16 07:04:43'),
(190, 'admin.charity.categories.update', 'account', '2025-02-16 07:04:43', '2025-02-16 07:04:43'),
(191, 'admin.charity.categories.destroy', 'account', '2025-02-16 07:04:43', '2025-02-16 07:04:43'),
(192, 'admin.charity.tag.index', 'account', '2025-02-16 07:04:43', '2025-02-16 07:04:43'),
(193, 'admin.charity.tag.create', 'account', '2025-02-16 07:04:43', '2025-02-16 07:04:43'),
(194, 'admin.charity.tag.store', 'account', '2025-02-16 07:04:43', '2025-02-16 07:04:43'),
(195, 'admin.charity.tag.show', 'account', '2025-02-16 07:04:43', '2025-02-16 07:04:43'),
(196, 'admin.charity.tag.edit', 'account', '2025-02-16 07:04:43', '2025-02-16 07:04:43'),
(197, 'admin.charity.tag.update', 'account', '2025-02-16 07:04:43', '2025-02-16 07:04:43'),
(198, 'admin.charity.tag.destroy', 'account', '2025-02-16 07:04:43', '2025-02-16 07:04:43'),
(199, 'admin.charity.tag.update-status', 'account', '2025-02-16 07:04:43', '2025-02-16 07:04:43'),
(200, 'admin.charity.tag.actions', 'account', '2025-02-16 07:04:43', '2025-02-16 07:04:43'),
(201, 'admin.charity.tag.update-featured', 'account', '2025-02-16 07:04:43', '2025-02-16 07:04:43'),
(202, 'admin.charity.projects.index', 'account', '2025-02-16 07:04:43', '2025-02-16 07:04:43'),
(203, 'admin.charity.projects.create', 'account', '2025-02-16 07:04:43', '2025-02-16 07:04:43'),
(204, 'admin.charity.projects.store', 'account', '2025-02-16 07:04:43', '2025-02-16 07:04:43'),
(205, 'admin.charity.projects.show', 'account', '2025-02-16 07:04:43', '2025-02-16 07:04:43'),
(206, 'admin.charity.projects.edit', 'account', '2025-02-16 07:04:43', '2025-02-16 07:04:43'),
(207, 'admin.charity.projects.update', 'account', '2025-02-16 07:04:43', '2025-02-16 07:04:43'),
(208, 'admin.charity.projects.destroy', 'account', '2025-02-16 07:04:43', '2025-02-16 07:04:43'),
(209, 'admin.charity.project.reviews', 'account', '2025-02-16 07:04:43', '2025-02-16 07:04:43'),
(210, 'admin.charity.reviews.actions', 'account', '2025-02-16 07:04:43', '2025-02-16 07:04:43'),
(211, 'admin.charity.reviews.update-status', 'account', '2025-02-16 07:04:44', '2025-02-16 07:04:44'),
(212, 'admin.charity.reviews.deleteReview', 'account', '2025-02-16 07:04:44', '2025-02-16 07:04:44'),
(213, 'admin.charity.single-projects.index', 'account', '2025-02-16 07:04:44', '2025-02-16 07:04:44'),
(214, 'admin.charity.single-projects.create', 'account', '2025-02-16 07:04:44', '2025-02-16 07:04:44'),
(215, 'admin.charity.single-projects.store', 'account', '2025-02-16 07:04:44', '2025-02-16 07:04:44'),
(216, 'admin.charity.single-projects.show', 'account', '2025-02-16 07:04:44', '2025-02-16 07:04:44'),
(217, 'admin.charity.single-projects.edit', 'account', '2025-02-16 07:04:44', '2025-02-16 07:04:44'),
(218, 'admin.charity.single-projects.update', 'account', '2025-02-16 07:04:44', '2025-02-16 07:04:44'),
(219, 'admin.charity.single-projects.destroy', 'account', '2025-02-16 07:04:44', '2025-02-16 07:04:44'),
(220, 'admin.charity.single-projects.reviews', 'account', '2025-02-16 07:04:44', '2025-02-16 07:04:44'),
(221, 'admin.charity.single-projects.reviews.actions', 'account', '2025-02-16 07:04:44', '2025-02-16 07:04:44'),
(222, 'admin.charity.single-projects.reviews.update-status', 'account', '2025-02-16 07:04:44', '2025-02-16 07:04:44'),
(223, 'admin.charity.single-projects.reviews.deleteReview', 'account', '2025-02-16 07:04:44', '2025-02-16 07:04:44'),
(224, 'admin.charity.managers.index', 'account', '2025-02-16 07:04:44', '2025-02-16 07:04:44'),
(225, 'admin.charity.managers.create', 'account', '2025-02-16 07:04:44', '2025-02-16 07:04:44'),
(226, 'admin.charity.managers.store', 'account', '2025-02-16 07:04:44', '2025-02-16 07:04:44'),
(227, 'admin.charity.managers.show', 'account', '2025-02-16 07:04:44', '2025-02-16 07:04:44'),
(228, 'admin.charity.managers.edit', 'account', '2025-02-16 07:04:44', '2025-02-16 07:04:44'),
(229, 'admin.charity.managers.update', 'account', '2025-02-16 07:04:44', '2025-02-16 07:04:44'),
(230, 'admin.charity.managers.destroy', 'account', '2025-02-16 07:04:44', '2025-02-16 07:04:44'),
(231, 'admin.charity.managers.update-status', 'account', '2025-02-16 07:04:44', '2025-02-16 07:04:44'),
(232, 'admin.charity.managers.actions', 'account', '2025-02-16 07:04:44', '2025-02-16 07:04:44'),
(233, 'admin.charity.refers.index', 'account', '2025-02-16 07:04:44', '2025-02-16 07:04:44'),
(234, 'admin.charity.refers.create', 'account', '2025-02-16 07:04:44', '2025-02-16 07:04:44'),
(235, 'admin.charity.refers.store', 'account', '2025-02-16 07:04:44', '2025-02-16 07:04:44'),
(236, 'admin.charity.refers.show', 'account', '2025-02-16 07:04:44', '2025-02-16 07:04:44'),
(237, 'admin.charity.refers.edit', 'account', '2025-02-16 07:04:44', '2025-02-16 07:04:44'),
(238, 'admin.charity.refers.update', 'account', '2025-02-16 07:04:45', '2025-02-16 07:04:45'),
(239, 'admin.charity.refers.destroy', 'account', '2025-02-16 07:04:45', '2025-02-16 07:04:45'),
(240, 'admin.charity.refers.orders', 'account', '2025-02-16 07:04:45', '2025-02-16 07:04:45'),
(241, 'admin.charity.refers.update-status', 'account', '2025-02-16 07:04:45', '2025-02-16 07:04:45'),
(242, 'admin.charity.refers.actions', 'account', '2025-02-16 07:04:45', '2025-02-16 07:04:45'),
(243, 'admin.deceases.request.index', 'account', '2025-02-16 07:04:45', '2025-02-16 07:04:45'),
(244, 'admin.deceases.request.create', 'account', '2025-02-16 07:04:45', '2025-02-16 07:04:45'),
(245, 'admin.deceases.request.store', 'account', '2025-02-16 07:04:45', '2025-02-16 07:04:45'),
(246, 'admin.deceases.request.show', 'account', '2025-02-16 07:04:45', '2025-02-16 07:04:45'),
(247, 'admin.deceases.request.edit', 'account', '2025-02-16 07:04:45', '2025-02-16 07:04:45'),
(248, 'admin.deceases.request.update', 'account', '2025-02-16 07:04:45', '2025-02-16 07:04:45'),
(249, 'admin.deceases.request.destroy', 'account', '2025-02-16 07:04:45', '2025-02-16 07:04:45'),
(250, 'admin.deceases.request.actions', 'account', '2025-02-16 07:04:45', '2025-02-16 07:04:45'),
(251, 'admin.deceases.request.update-status', 'account', '2025-02-16 07:04:45', '2025-02-16 07:04:45'),
(252, 'admin.deceases.projects.index', 'account', '2025-02-16 07:04:45', '2025-02-16 07:04:45'),
(253, 'admin.deceases.projects.create', 'account', '2025-02-16 07:04:45', '2025-02-16 07:04:45'),
(254, 'admin.deceases.projects.store', 'account', '2025-02-16 07:04:45', '2025-02-16 07:04:45'),
(255, 'admin.deceases.projects.show', 'account', '2025-02-16 07:04:45', '2025-02-16 07:04:45'),
(256, 'admin.deceases.projects.edit', 'account', '2025-02-16 07:04:45', '2025-02-16 07:04:45'),
(257, 'admin.deceases.projects.update', 'account', '2025-02-16 07:04:45', '2025-02-16 07:04:45'),
(258, 'admin.deceases.projects.destroy', 'account', '2025-02-16 07:04:45', '2025-02-16 07:04:45'),
(259, 'admin.gifts.categories.index', 'account', '2025-02-16 07:04:45', '2025-02-16 07:04:45'),
(260, 'admin.gifts.categories.create', 'account', '2025-02-16 07:04:45', '2025-02-16 07:04:45'),
(261, 'admin.gifts.categories.store', 'account', '2025-02-16 07:04:45', '2025-02-16 07:04:45'),
(262, 'admin.gifts.categories.show', 'account', '2025-02-16 07:04:45', '2025-02-16 07:04:45'),
(263, 'admin.gifts.categories.edit', 'account', '2025-02-16 07:04:45', '2025-02-16 07:04:45'),
(264, 'admin.gifts.categories.update', 'account', '2025-02-16 07:04:45', '2025-02-16 07:04:45'),
(265, 'admin.gifts.categories.destroy', 'account', '2025-02-16 07:04:45', '2025-02-16 07:04:45'),
(266, 'admin.gifts.categories.actions', 'account', '2025-02-16 07:04:45', '2025-02-16 07:04:45'),
(267, 'admin.gifts.categories.update-status', 'account', '2025-02-16 07:04:45', '2025-02-16 07:04:45'),
(268, 'admin.gifts.categories.show_tree', 'account', '2025-02-16 07:04:45', '2025-02-16 07:04:45'),
(269, 'admin.gifts.occasions.index', 'account', '2025-02-16 07:04:45', '2025-02-16 07:04:45'),
(270, 'admin.gifts.occasions.create', 'account', '2025-02-16 07:04:45', '2025-02-16 07:04:45'),
(271, 'admin.gifts.occasions.store', 'account', '2025-02-16 07:04:46', '2025-02-16 07:04:46'),
(272, 'admin.gifts.occasions.show', 'account', '2025-02-16 07:04:46', '2025-02-16 07:04:46'),
(273, 'admin.gifts.occasions.edit', 'account', '2025-02-16 07:04:46', '2025-02-16 07:04:46'),
(274, 'admin.gifts.occasions.update', 'account', '2025-02-16 07:04:46', '2025-02-16 07:04:46'),
(275, 'admin.gifts.occasions.destroy', 'account', '2025-02-16 07:04:46', '2025-02-16 07:04:46'),
(276, 'admin.gifts.occasions.actions', 'account', '2025-02-16 07:04:46', '2025-02-16 07:04:46'),
(277, 'admin.gifts.occasions.update-status', 'account', '2025-02-16 07:04:46', '2025-02-16 07:04:46'),
(278, 'admin.gifts.cards.index', 'account', '2025-02-16 07:04:46', '2025-02-16 07:04:46'),
(279, 'admin.gifts.cards.create', 'account', '2025-02-16 07:04:46', '2025-02-16 07:04:46'),
(280, 'admin.gifts.cards.store', 'account', '2025-02-16 07:04:46', '2025-02-16 07:04:46'),
(281, 'admin.gifts.cards.show', 'account', '2025-02-16 07:04:46', '2025-02-16 07:04:46'),
(282, 'admin.gifts.cards.edit', 'account', '2025-02-16 07:04:46', '2025-02-16 07:04:46'),
(283, 'admin.gifts.cards.update', 'account', '2025-02-16 07:04:46', '2025-02-16 07:04:46'),
(284, 'admin.gifts.cards.destroy', 'account', '2025-02-16 07:04:46', '2025-02-16 07:04:46'),
(285, 'admin.gifts.cards.actions', 'account', '2025-02-16 07:04:46', '2025-02-16 07:04:46'),
(286, 'admin.gifts.cards.update-status', 'account', '2025-02-16 07:04:46', '2025-02-16 07:04:46'),
(287, 'admin.badal.projects.index', 'account', '2025-02-16 07:04:46', '2025-02-16 07:04:46'),
(288, 'admin.badal.projects.create', 'account', '2025-02-16 07:04:46', '2025-02-16 07:04:46'),
(289, 'admin.badal.projects.store', 'account', '2025-02-16 07:04:46', '2025-02-16 07:04:46'),
(290, 'admin.badal.projects.show', 'account', '2025-02-16 07:04:46', '2025-02-16 07:04:46'),
(291, 'admin.badal.projects.edit', 'account', '2025-02-16 07:04:46', '2025-02-16 07:04:46'),
(292, 'admin.badal.projects.update', 'account', '2025-02-16 07:04:46', '2025-02-16 07:04:46'),
(293, 'admin.badal.projects.destroy', 'account', '2025-02-16 07:04:46', '2025-02-16 07:04:46'),
(294, 'admin.badal.projects.reviews', 'account', '2025-02-16 07:04:46', '2025-02-16 07:04:46'),
(295, 'admin.badal.projects.reviews.actions', 'account', '2025-02-16 07:04:46', '2025-02-16 07:04:46'),
(296, 'admin.badal.projects.reviews.update-status', 'account', '2025-02-16 07:04:46', '2025-02-16 07:04:46'),
(297, 'admin.badal.projects.reviews.deleteReview', 'account', '2025-02-16 07:04:46', '2025-02-16 07:04:46'),
(298, 'admin.badal.rites.index', 'account', '2025-02-16 07:04:46', '2025-02-16 07:04:46'),
(299, 'admin.badal.rites.create', 'account', '2025-02-16 07:04:46', '2025-02-16 07:04:46'),
(300, 'admin.badal.rites.store', 'account', '2025-02-16 07:04:46', '2025-02-16 07:04:46'),
(301, 'admin.badal.rites.show', 'account', '2025-02-16 07:04:46', '2025-02-16 07:04:46'),
(302, 'admin.badal.rites.edit', 'account', '2025-02-16 07:04:46', '2025-02-16 07:04:46'),
(303, 'admin.badal.rites.update', 'account', '2025-02-16 07:04:46', '2025-02-16 07:04:46'),
(304, 'admin.badal.rites.destroy', 'account', '2025-02-16 07:04:46', '2025-02-16 07:04:46'),
(305, 'admin.badal.rites.update-status', 'account', '2025-02-16 07:04:46', '2025-02-16 07:04:46'),
(306, 'admin.badal.rites.actions', 'account', '2025-02-16 07:04:46', '2025-02-16 07:04:46'),
(307, 'admin.badal.substitutes.index', 'account', '2025-02-16 07:04:46', '2025-02-16 07:04:46'),
(308, 'admin.badal.substitutes.create', 'account', '2025-02-16 07:04:46', '2025-02-16 07:04:46'),
(309, 'admin.badal.substitutes.store', 'account', '2025-02-16 07:04:47', '2025-02-16 07:04:47'),
(310, 'admin.badal.substitutes.show', 'account', '2025-02-16 07:04:47', '2025-02-16 07:04:47'),
(311, 'admin.badal.substitutes.edit', 'account', '2025-02-16 07:04:47', '2025-02-16 07:04:47'),
(312, 'admin.badal.substitutes.update', 'account', '2025-02-16 07:04:47', '2025-02-16 07:04:47'),
(313, 'admin.badal.substitutes.destroy', 'account', '2025-02-16 07:04:47', '2025-02-16 07:04:47'),
(314, 'admin.badal.substitutes.update-status', 'account', '2025-02-16 07:04:47', '2025-02-16 07:04:47'),
(315, 'admin.badal.substitutes.actions', 'account', '2025-02-16 07:04:47', '2025-02-16 07:04:47'),
(316, 'admin.badal.offers.index', 'account', '2025-02-16 07:04:47', '2025-02-16 07:04:47'),
(317, 'admin.badal.suboffersstitutes.actions', 'account', '2025-02-16 07:04:47', '2025-02-16 07:04:47'),
(318, 'admin.app.sections.index', 'account', '2025-02-16 07:04:47', '2025-02-16 07:04:47'),
(319, 'admin.app.sections.create', 'account', '2025-02-16 07:04:47', '2025-02-16 07:04:47'),
(320, 'admin.app.sections.store', 'account', '2025-02-16 07:04:47', '2025-02-16 07:04:47'),
(321, 'admin.app.sections.show', 'account', '2025-02-16 07:04:47', '2025-02-16 07:04:47'),
(322, 'admin.app.sections.edit', 'account', '2025-02-16 07:04:47', '2025-02-16 07:04:47'),
(323, 'admin.app.sections.update', 'account', '2025-02-16 07:04:47', '2025-02-16 07:04:47'),
(324, 'admin.app.sections.destroy', 'account', '2025-02-16 07:04:47', '2025-02-16 07:04:47'),
(325, 'admin.app.sections.update-status', 'account', '2025-02-16 07:04:47', '2025-02-16 07:04:47'),
(326, 'admin.app.sections.actions', 'account', '2025-02-16 07:04:47', '2025-02-16 07:04:47'),
(327, 'admin.app.sections.update-featured', 'account', '2025-02-16 07:04:47', '2025-02-16 07:04:47'),
(328, 'admin.app.articles.index', 'account', '2025-02-16 07:04:47', '2025-02-16 07:04:47'),
(329, 'admin.app.articles.create', 'account', '2025-02-16 07:04:47', '2025-02-16 07:04:47'),
(330, 'admin.app.articles.store', 'account', '2025-02-16 07:04:47', '2025-02-16 07:04:47'),
(331, 'admin.app.articles.show', 'account', '2025-02-16 07:04:47', '2025-02-16 07:04:47'),
(332, 'admin.app.articles.edit', 'account', '2025-02-16 07:04:47', '2025-02-16 07:04:47'),
(333, 'admin.app.articles.update', 'account', '2025-02-16 07:04:47', '2025-02-16 07:04:47'),
(334, 'admin.app.articles.destroy', 'account', '2025-02-16 07:04:47', '2025-02-16 07:04:47'),
(335, 'admin.app.articles.update-status', 'account', '2025-02-16 07:04:47', '2025-02-16 07:04:47'),
(336, 'admin.app.articles.actions', 'account', '2025-02-16 07:04:47', '2025-02-16 07:04:47'),
(337, 'admin.app.articles.update-featured', 'account', '2025-02-16 07:04:47', '2025-02-16 07:04:47'),
(338, 'admin.ads.create', 'account', '2025-02-16 07:04:47', '2025-02-16 07:04:47'),
(339, 'admin.ads.store', 'account', '2025-02-16 07:04:47', '2025-02-16 07:04:47'),
(340, 'admin.ads.edit', 'account', '2025-02-16 07:04:47', '2025-02-16 07:04:47'),
(341, 'admin.ads.show', 'account', '2025-02-16 07:04:47', '2025-02-16 07:04:47'),
(342, 'admin.ads.update', 'account', '2025-02-16 07:04:48', '2025-02-16 07:04:48'),
(343, 'admin.status.index', 'account', '2025-02-16 07:04:48', '2025-02-16 07:04:48'),
(344, 'admin.status.create', 'account', '2025-02-16 07:04:48', '2025-02-16 07:04:48'),
(345, 'admin.status.store', 'account', '2025-02-16 07:04:48', '2025-02-16 07:04:48'),
(346, 'admin.status.show', 'account', '2025-02-16 07:04:48', '2025-02-16 07:04:48'),
(347, 'admin.status.edit', 'account', '2025-02-16 07:04:48', '2025-02-16 07:04:48'),
(348, 'admin.status.update', 'account', '2025-02-16 07:04:48', '2025-02-16 07:04:48'),
(349, 'admin.status.destroy', 'account', '2025-02-16 07:04:48', '2025-02-16 07:04:48'),
(350, 'admin.status.update-status', 'account', '2025-02-16 07:04:48', '2025-02-16 07:04:48'),
(351, 'admin.status.actions', 'account', '2025-02-16 07:04:48', '2025-02-16 07:04:48'),
(352, 'admin.volunteers.index', 'account', '2025-02-16 07:04:48', '2025-02-16 07:04:48'),
(353, 'admin.volunteers.create', 'account', '2025-02-16 07:04:48', '2025-02-16 07:04:48'),
(354, 'admin.volunteers.store', 'account', '2025-02-16 07:04:48', '2025-02-16 07:04:48'),
(355, 'admin.volunteers.show', 'account', '2025-02-16 07:04:48', '2025-02-16 07:04:48'),
(356, 'admin.volunteers.edit', 'account', '2025-02-16 07:04:48', '2025-02-16 07:04:48'),
(357, 'admin.volunteers.update', 'account', '2025-02-16 07:04:48', '2025-02-16 07:04:48'),
(358, 'admin.volunteers.destroy', 'account', '2025-02-16 07:04:48', '2025-02-16 07:04:48'),
(359, 'admin.volunteers.update-status', 'account', '2025-02-16 07:04:48', '2025-02-16 07:04:48'),
(360, 'admin.volunteers.actions', 'account', '2025-02-16 07:04:48', '2025-02-16 07:04:48'),
(361, 'admin.volunteers.update-featured', 'account', '2025-02-16 07:04:48', '2025-02-16 07:04:48'),
(362, 'admin.volunteers-ideas.index', 'account', '2025-02-16 07:04:48', '2025-02-16 07:04:48'),
(363, 'admin.volunteers-ideas.create', 'account', '2025-02-16 07:04:48', '2025-02-16 07:04:48'),
(364, 'admin.volunteers-ideas.store', 'account', '2025-02-16 07:04:48', '2025-02-16 07:04:48'),
(365, 'admin.volunteers-ideas.show', 'account', '2025-02-16 07:04:49', '2025-02-16 07:04:49'),
(366, 'admin.volunteers-ideas.edit', 'account', '2025-02-16 07:04:49', '2025-02-16 07:04:49'),
(367, 'admin.volunteers-ideas.update', 'account', '2025-02-16 07:04:49', '2025-02-16 07:04:49'),
(368, 'admin.volunteers-ideas.destroy', 'account', '2025-02-16 07:04:49', '2025-02-16 07:04:49'),
(369, 'admin.volunteers-ideas.update-status', 'account', '2025-02-16 07:04:49', '2025-02-16 07:04:49'),
(370, 'admin.volunteers-ideas.actions', 'account', '2025-02-16 07:04:49', '2025-02-16 07:04:49'),
(371, 'admin.volunteers-ideas-comment.destroy', 'account', '2025-02-16 07:04:49', '2025-02-16 07:04:49'),
(372, 'admin.volunteerpages.index', 'account', '2025-02-16 07:04:49', '2025-02-16 07:04:49'),
(373, 'admin.volunteerpages.create', 'account', '2025-02-16 07:04:49', '2025-02-16 07:04:49'),
(374, 'admin.volunteerpages.store', 'account', '2025-02-16 07:04:49', '2025-02-16 07:04:49'),
(375, 'admin.volunteerpages.show', 'account', '2025-02-16 07:04:49', '2025-02-16 07:04:49'),
(376, 'admin.volunteerpages.edit', 'account', '2025-02-16 07:04:49', '2025-02-16 07:04:49'),
(377, 'admin.volunteerpages.update', 'account', '2025-02-16 07:04:49', '2025-02-16 07:04:49'),
(378, 'admin.volunteerpages.destroy', 'account', '2025-02-16 07:04:49', '2025-02-16 07:04:49'),
(379, 'admin.volunteerpages.update-status', 'account', '2025-02-16 07:04:49', '2025-02-16 07:04:49'),
(380, 'admin.volunteerpages.actions', 'account', '2025-02-16 07:04:49', '2025-02-16 07:04:49'),
(381, 'admin.donors.index', 'account', '2025-02-16 07:04:49', '2025-02-16 07:04:49'),
(382, 'admin.donors.create', 'account', '2025-02-16 07:04:50', '2025-02-16 07:04:50'),
(383, 'admin.donors.store', 'account', '2025-02-16 07:04:50', '2025-02-16 07:04:50'),
(384, 'admin.donors.show', 'account', '2025-02-16 07:04:50', '2025-02-16 07:04:50'),
(385, 'admin.donors.edit', 'account', '2025-02-16 07:04:50', '2025-02-16 07:04:50'),
(386, 'admin.donors.update', 'account', '2025-02-16 07:04:50', '2025-02-16 07:04:50'),
(387, 'admin.donors.destroy', 'account', '2025-02-16 07:04:50', '2025-02-16 07:04:50'),
(388, 'admin.donors.actions', 'account', '2025-02-16 07:04:50', '2025-02-16 07:04:50'),
(389, 'admin.donors.update-status', 'account', '2025-02-16 07:04:50', '2025-02-16 07:04:50'),
(390, 'admin.store.index', 'account', '2025-02-16 07:04:50', '2025-02-16 07:04:50'),
(391, 'admin.store.create', 'account', '2025-02-16 07:04:50', '2025-02-16 07:04:50'),
(392, 'admin.store.store', 'account', '2025-02-16 07:04:50', '2025-02-16 07:04:50'),
(393, 'admin.store.show', 'account', '2025-02-16 07:04:50', '2025-02-16 07:04:50'),
(394, 'admin.store.edit', 'account', '2025-02-16 07:04:50', '2025-02-16 07:04:50'),
(395, 'admin.store.update', 'account', '2025-02-16 07:04:50', '2025-02-16 07:04:50'),
(396, 'admin.store.destroy', 'account', '2025-02-16 07:04:50', '2025-02-16 07:04:50'),
(397, 'admin.store.actions', 'account', '2025-02-16 07:04:50', '2025-02-16 07:04:50'),
(398, 'admin.store.update-status', 'account', '2025-02-16 07:04:50', '2025-02-16 07:04:50'),
(399, 'admin.eccommerce.categories.index', 'account', '2025-02-16 07:04:50', '2025-02-16 07:04:50'),
(400, 'admin.eccommerce.categories.create', 'account', '2025-02-16 07:04:50', '2025-02-16 07:04:50'),
(401, 'admin.eccommerce.categories.store', 'account', '2025-02-16 07:04:50', '2025-02-16 07:04:50'),
(402, 'admin.eccommerce.categories.show', 'account', '2025-02-16 07:04:50', '2025-02-16 07:04:50'),
(403, 'admin.eccommerce.categories.edit', 'account', '2025-02-16 07:04:50', '2025-02-16 07:04:50'),
(404, 'admin.eccommerce.categories.update', 'account', '2025-02-16 07:04:50', '2025-02-16 07:04:50'),
(405, 'admin.eccommerce.categories.destroy', 'account', '2025-02-16 07:04:50', '2025-02-16 07:04:50'),
(406, 'admin.eccommerce.tags.index', 'account', '2025-02-16 07:04:50', '2025-02-16 07:04:50'),
(407, 'admin.eccommerce.tags.create', 'account', '2025-02-16 07:04:50', '2025-02-16 07:04:50'),
(408, 'admin.eccommerce.tags.store', 'account', '2025-02-16 07:04:50', '2025-02-16 07:04:50'),
(409, 'admin.eccommerce.tags.show', 'account', '2025-02-16 07:04:50', '2025-02-16 07:04:50'),
(410, 'admin.eccommerce.tags.edit', 'account', '2025-02-16 07:04:51', '2025-02-16 07:04:51'),
(411, 'admin.eccommerce.tags.update', 'account', '2025-02-16 07:04:51', '2025-02-16 07:04:51'),
(412, 'admin.eccommerce.tags.destroy', 'account', '2025-02-16 07:04:51', '2025-02-16 07:04:51'),
(413, 'admin.eccommerce.tags.update-status', 'account', '2025-02-16 07:04:51', '2025-02-16 07:04:51'),
(414, 'admin.eccommerce.tags.actions', 'account', '2025-02-16 07:04:51', '2025-02-16 07:04:51'),
(415, 'admin.eccommerce.tags.update-featured', 'account', '2025-02-16 07:04:51', '2025-02-16 07:04:51'),
(416, 'admin.eccommerce.products.index', 'account', '2025-02-16 07:04:51', '2025-02-16 07:04:51'),
(417, 'admin.eccommerce.products.create', 'account', '2025-02-16 07:04:51', '2025-02-16 07:04:51'),
(418, 'admin.eccommerce.products.store', 'account', '2025-02-16 07:04:51', '2025-02-16 07:04:51'),
(419, 'admin.eccommerce.products.show', 'account', '2025-02-16 07:04:51', '2025-02-16 07:04:51'),
(420, 'admin.eccommerce.products.edit', 'account', '2025-02-16 07:04:51', '2025-02-16 07:04:51'),
(421, 'admin.eccommerce.products.update', 'account', '2025-02-16 07:04:51', '2025-02-16 07:04:51'),
(422, 'admin.eccommerce.products.destroy', 'account', '2025-02-16 07:04:51', '2025-02-16 07:04:51'),
(423, 'admin.eccommerce.update-status', 'account', '2025-02-16 07:04:51', '2025-02-16 07:04:51'),
(424, 'admin.eccommerce.actions', 'account', '2025-02-16 07:04:51', '2025-02-16 07:04:51'),
(425, 'admin.eccommerce.update-featured', 'account', '2025-02-16 07:04:51', '2025-02-16 07:04:51'),
(426, 'admin.eccommerce.getAttribute', 'account', '2025-02-16 07:04:51', '2025-02-16 07:04:51'),
(427, 'admin.eccommerce.addNewvariance', 'account', '2025-02-16 07:04:51', '2025-02-16 07:04:51'),
(428, 'admin.eccommerce.reviews', 'account', '2025-02-16 07:04:51', '2025-02-16 07:04:51'),
(429, 'admin.eccommerce.reviews.update-status', 'account', '2025-02-16 07:04:51', '2025-02-16 07:04:51'),
(430, 'admin.eccommerce.reviews.actions', 'account', '2025-02-16 07:04:51', '2025-02-16 07:04:51'),
(431, 'admin.eccommerce.reviews.deleteReview', 'account', '2025-02-16 07:04:51', '2025-02-16 07:04:51'),
(432, 'admin.eccommerce.vendors.index', 'account', '2025-02-16 07:04:51', '2025-02-16 07:04:51'),
(433, 'admin.eccommerce.vendors.create', 'account', '2025-02-16 07:04:51', '2025-02-16 07:04:51'),
(434, 'admin.eccommerce.vendors.store', 'account', '2025-02-16 07:04:52', '2025-02-16 07:04:52'),
(435, 'admin.eccommerce.vendors.show', 'account', '2025-02-16 07:04:52', '2025-02-16 07:04:52'),
(436, 'admin.eccommerce.vendors.edit', 'account', '2025-02-16 07:04:52', '2025-02-16 07:04:52'),
(437, 'admin.eccommerce.vendors.update', 'account', '2025-02-16 07:04:52', '2025-02-16 07:04:52'),
(438, 'admin.eccommerce.vendors.destroy', 'account', '2025-02-16 07:04:52', '2025-02-16 07:04:52'),
(439, 'admin.eccommerce.vendors.actions', 'account', '2025-02-16 07:04:52', '2025-02-16 07:04:52'),
(440, 'admin.eccommerce.vendors.update-status', 'account', '2025-02-16 07:04:52', '2025-02-16 07:04:52'),
(441, 'admin.eccommerce.vendors.update-featured', 'account', '2025-02-16 07:04:52', '2025-02-16 07:04:52'),
(442, 'admin.eccommerce.attributes-set.index', 'account', '2025-02-16 07:04:52', '2025-02-16 07:04:52'),
(443, 'admin.eccommerce.attributes-set.create', 'account', '2025-02-16 07:04:52', '2025-02-16 07:04:52'),
(444, 'admin.eccommerce.attributes-set.store', 'account', '2025-02-16 07:04:52', '2025-02-16 07:04:52'),
(445, 'admin.eccommerce.attributes-set.show', 'account', '2025-02-16 07:04:52', '2025-02-16 07:04:52'),
(446, 'admin.eccommerce.attributes-set.edit', 'account', '2025-02-16 07:04:52', '2025-02-16 07:04:52'),
(447, 'admin.eccommerce.attributes-set.update', 'account', '2025-02-16 07:04:52', '2025-02-16 07:04:52'),
(448, 'admin.eccommerce.attributes-set.destroy', 'account', '2025-02-16 07:04:52', '2025-02-16 07:04:52'),
(449, 'admin.eccommerce.attributes-set.actions', 'account', '2025-02-16 07:04:52', '2025-02-16 07:04:52'),
(450, 'admin.eccommerce.attributes-set.update-status', 'account', '2025-02-16 07:04:52', '2025-02-16 07:04:52'),
(451, 'admin.eccommerce.attributes-set.update-featured', 'account', '2025-02-16 07:04:52', '2025-02-16 07:04:52'),
(452, 'admin.eccommerce.attributes.index', 'account', '2025-02-16 07:04:52', '2025-02-16 07:04:52'),
(453, 'admin.eccommerce.attributes.add', 'account', '2025-02-16 07:04:52', '2025-02-16 07:04:52'),
(454, 'admin.eccommerce.attributes.store', 'account', '2025-02-16 07:04:52', '2025-02-16 07:04:52'),
(455, 'admin.eccommerce.attributes.edit', 'account', '2025-02-16 07:04:52', '2025-02-16 07:04:52'),
(456, 'admin.eccommerce.attributes.update', 'account', '2025-02-16 07:04:52', '2025-02-16 07:04:52'),
(457, 'admin.eccommerce.attributes.actions', 'account', '2025-02-16 07:04:52', '2025-02-16 07:04:52'),
(458, 'admin.eccommerce.attributes.update-status', 'account', '2025-02-16 07:04:52', '2025-02-16 07:04:52'),
(459, 'admin.eccommerce.attributes.destroy', 'account', '2025-02-16 07:04:53', '2025-02-16 07:04:53'),
(460, 'admin.orders.index', 'account', '2025-02-16 07:04:53', '2025-02-16 07:04:53'),
(461, 'admin.orders.show', 'account', '2025-02-16 07:04:53', '2025-02-16 07:04:53'),
(462, 'admin.orders.invoices', 'account', '2025-02-16 07:04:53', '2025-02-16 07:04:53'),
(463, 'admin.reports.order-products', 'account', '2025-02-16 07:04:53', '2025-02-16 07:04:53'),
(464, 'admin.ckeditor.upload', 'account', '2025-02-16 07:04:53', '2025-02-16 07:04:53'),
(465, 'admin.media.index', 'account', '2025-02-16 07:04:53', '2025-02-16 07:04:53'),
(466, 'admin.media.create', 'account', '2025-02-16 07:04:53', '2025-02-16 07:04:53'),
(467, 'admin.media.store', 'account', '2025-02-16 07:04:53', '2025-02-16 07:04:53'),
(468, 'admin.media.show', 'account', '2025-02-16 07:04:53', '2025-02-16 07:04:53'),
(469, 'admin.media.edit', 'account', '2025-02-16 07:04:53', '2025-02-16 07:04:53'),
(470, 'admin.media.update', 'account', '2025-02-16 07:04:53', '2025-02-16 07:04:53'),
(471, 'admin.media.destroy', 'account', '2025-02-16 07:04:53', '2025-02-16 07:04:53'),
(472, 'admin.login_post', 'account', '2025-02-16 07:05:21', '2025-02-16 07:05:21'),
(473, 'admin.visitors', 'account', '2025-07-27 10:28:51', '2025-07-27 10:28:51'),
(474, 'admin.clients', 'account', '2025-07-27 10:28:52', '2025-07-27 10:28:52'),
(475, 'admin.clients.export', 'account', '2025-07-27 10:28:52', '2025-07-27 10:28:52'),
(476, 'admin.beneficiaries.index', 'account', '2025-07-27 10:28:54', '2025-07-27 10:28:54'),
(477, 'admin.beneficiaries.create', 'account', '2025-07-27 10:28:54', '2025-07-27 10:28:54'),
(478, 'admin.beneficiaries.store', 'account', '2025-07-27 10:28:55', '2025-07-27 10:28:55'),
(479, 'admin.beneficiaries.show', 'account', '2025-07-27 10:28:55', '2025-07-27 10:28:55'),
(480, 'admin.beneficiaries.edit', 'account', '2025-07-27 10:28:55', '2025-07-27 10:28:55'),
(481, 'admin.beneficiaries.update', 'account', '2025-07-27 10:28:55', '2025-07-27 10:28:55'),
(482, 'admin.beneficiaries.destroy', 'account', '2025-07-27 10:28:56', '2025-07-27 10:28:56'),
(483, 'admin.beneficiaries.update-status', 'account', '2025-07-27 10:28:56', '2025-07-27 10:28:56'),
(484, 'admin.beneficiaries.actions', 'account', '2025-07-27 10:28:56', '2025-07-27 10:28:56'),
(485, 'admin.clients-carts.index', 'account', '2025-07-27 10:28:56', '2025-07-27 10:28:56'),
(486, 'admin.clients-carts.create', 'account', '2025-07-27 10:28:56', '2025-07-27 10:28:56'),
(487, 'admin.clients-carts.store', 'account', '2025-07-27 10:28:56', '2025-07-27 10:28:56'),
(488, 'admin.clients-carts.show', 'account', '2025-07-27 10:28:56', '2025-07-27 10:28:56'),
(489, 'admin.clients-carts.edit', 'account', '2025-07-27 10:28:57', '2025-07-27 10:28:57'),
(490, 'admin.clients-carts.update', 'account', '2025-07-27 10:28:57', '2025-07-27 10:28:57'),
(491, 'admin.clients-carts.destroy', 'account', '2025-07-27 10:28:57', '2025-07-27 10:28:57'),
(492, 'admin.clients_carts.actions', 'account', '2025-07-27 10:28:57', '2025-07-27 10:28:57'),
(493, 'admin.clients_carts.update-status', 'account', '2025-07-27 10:28:58', '2025-07-27 10:28:58'),
(494, 'admin.reports.donors.index', 'account', '2025-07-27 10:28:59', '2025-07-27 10:28:59'),
(495, 'admin.reports.charity-repots.index', 'account', '2025-07-27 10:28:59', '2025-07-27 10:28:59'),
(496, 'admin.reports.charity-repots.create', 'account', '2025-07-27 10:28:59', '2025-07-27 10:28:59'),
(497, 'admin.reports.charity-repots.store', 'account', '2025-07-27 10:28:59', '2025-07-27 10:28:59'),
(498, 'admin.reports.charity-repots.show', 'account', '2025-07-27 10:29:00', '2025-07-27 10:29:00'),
(499, 'admin.reports.charity-repots.edit', 'account', '2025-07-27 10:29:00', '2025-07-27 10:29:00'),
(500, 'admin.reports.charity-repots.update', 'account', '2025-07-27 10:29:01', '2025-07-27 10:29:01'),
(501, 'admin.reports.charity-repots.destroy', 'account', '2025-07-27 10:29:01', '2025-07-27 10:29:01'),
(502, 'admin.order_details.index', 'account', '2025-08-11 10:08:11', '2025-08-11 10:08:11'),
(503, 'admin.order_details.export', 'account', '2025-08-11 10:08:11', '2025-08-11 10:08:11'),
(504, 'admin.blogs.index', 'account', '2025-08-11 10:08:12', '2025-08-11 10:08:12'),
(505, 'admin.blogs.create', 'account', '2025-08-11 10:08:12', '2025-08-11 10:08:12'),
(506, 'admin.blogs.store', 'account', '2025-08-11 10:08:12', '2025-08-11 10:08:12'),
(507, 'admin.blogs.show', 'account', '2025-08-11 10:08:13', '2025-08-11 10:08:13'),
(508, 'admin.blogs.edit', 'account', '2025-08-11 10:08:13', '2025-08-11 10:08:13'),
(509, 'admin.blogs.update', 'account', '2025-08-11 10:08:13', '2025-08-11 10:08:13'),
(510, 'admin.blogs.destroy', 'account', '2025-08-11 10:08:13', '2025-08-11 10:08:13'),
(511, 'admin.blogs.update-status', 'account', '2025-08-11 10:08:13', '2025-08-11 10:08:13'),
(512, 'admin.blogs.actions', 'account', '2025-08-11 10:08:13', '2025-08-11 10:08:13'),
(513, 'admin.blogs.update-featured', 'account', '2025-08-11 10:08:14', '2025-08-11 10:08:14'),
(514, 'admin.charity.refers.managers', 'account', '2025-08-11 10:08:14', '2025-08-11 10:08:14'),
(515, 'admin.charity.refers.managerrs', 'account', '2025-08-11 10:13:36', '2025-08-11 10:13:36'),
(518, 'admin.charity.refers.supervisor', 'account', '2025-08-11 10:41:00', '2025-08-11 10:41:00');

-- --------------------------------------------------------

--
-- Table structure for table `personal_access_tokens`
--

CREATE TABLE `personal_access_tokens` (
  `id` bigint UNSIGNED NOT NULL,
  `tokenable_type` varchar(255) CHARACTER SET utf8mb4 COLLATE utf8mb4_unicode_ci NOT NULL,
  `tokenable_id` bigint UNSIGNED NOT NULL,
  `name` varchar(255) CHARACTER SET utf8mb4 COLLATE utf8mb4_unicode_ci NOT NULL,
  `token` varchar(64) CHARACTER SET utf8mb4 COLLATE utf8mb4_unicode_ci NOT NULL,
  `abilities` text CHARACTER SET utf8mb4 COLLATE utf8mb4_unicode_ci,
  `last_used_at` timestamp NULL DEFAULT NULL,
  `expires_at` timestamp NULL DEFAULT NULL,
  `created_at` timestamp NULL DEFAULT NULL,
  `updated_at` timestamp NULL DEFAULT NULL
) ENGINE=InnoDB DEFAULT CHARSET=utf8mb4 COLLATE=utf8mb4_unicode_ci;

-- --------------------------------------------------------

--
-- Table structure for table `portfolios`
--

CREATE TABLE `portfolios` (
  `id` bigint UNSIGNED NOT NULL,
  `tag_id` bigint UNSIGNED NOT NULL,
  `image` varchar(255) CHARACTER SET utf8mb4 COLLATE utf8mb4_unicode_ci DEFAULT NULL,
  `sort` int DEFAULT '0',
  `status` tinyint DEFAULT '1',
  `feature` tinyint DEFAULT '1',
  `created_by` bigint UNSIGNED DEFAULT NULL,
  `updated_by` bigint UNSIGNED DEFAULT NULL,
  `deleted_at` timestamp NULL DEFAULT NULL,
  `created_at` timestamp NULL DEFAULT NULL,
  `updated_at` timestamp NULL DEFAULT NULL
) ENGINE=InnoDB DEFAULT CHARSET=utf8mb4 COLLATE=utf8mb4_unicode_ci;

--
-- Dumping data for table `portfolios`
--

INSERT INTO `portfolios` (`id`, `tag_id`, `image`, `sort`, `status`, `feature`, `created_by`, `updated_by`, `deleted_at`, `created_at`, `updated_at`) VALUES
(301, 341, NULL, 68, 1, 2, NULL, NULL, NULL, '2025-02-16 07:19:33', '2025-02-16 07:19:33'),
(302, 384, NULL, 82, 2, 1, NULL, NULL, NULL, '2025-02-16 07:19:33', '2025-02-16 07:19:33'),
(303, 369, NULL, 15, 1, 2, NULL, NULL, NULL, '2025-02-16 07:19:33', '2025-02-16 07:19:33'),
(304, 311, NULL, 73, 2, 2, NULL, NULL, NULL, '2025-02-16 07:19:33', '2025-02-16 07:19:33'),
(305, 306, NULL, 78, 1, 1, NULL, NULL, NULL, '2025-02-16 07:19:33', '2025-02-16 07:19:33'),
(306, 327, NULL, 1, 2, 1, NULL, NULL, NULL, '2025-02-16 07:19:33', '2025-02-16 07:19:33'),
(307, 398, NULL, 51, 2, 2, NULL, NULL, NULL, '2025-02-16 07:19:33', '2025-02-16 07:19:33'),
(308, 340, NULL, 15, 2, 2, NULL, NULL, NULL, '2025-02-16 07:19:33', '2025-02-16 07:19:33'),
(309, 383, NULL, 52, 1, 1, NULL, NULL, NULL, '2025-02-16 07:19:33', '2025-02-16 07:19:33'),
(310, 389, NULL, 93, 2, 2, NULL, NULL, NULL, '2025-02-16 07:19:33', '2025-02-16 07:19:33'),
(311, 338, NULL, 20, 1, 2, NULL, NULL, NULL, '2025-02-16 07:19:33', '2025-02-16 07:19:33'),
(312, 380, NULL, 87, 1, 1, NULL, NULL, NULL, '2025-02-16 07:19:33', '2025-02-16 07:19:33'),
(313, 320, NULL, 9, 2, 1, NULL, NULL, NULL, '2025-02-16 07:19:33', '2025-02-16 07:19:33'),
(314, 321, NULL, 57, 2, 1, NULL, NULL, NULL, '2025-02-16 07:19:33', '2025-02-16 07:19:33'),
(315, 312, NULL, 41, 2, 1, NULL, NULL, NULL, '2025-02-16 07:19:33', '2025-02-16 07:19:33'),
(316, 372, NULL, 43, 1, 1, NULL, NULL, NULL, '2025-02-16 07:19:33', '2025-02-16 07:19:33'),
(317, 395, NULL, 48, 2, 1, NULL, NULL, NULL, '2025-02-16 07:19:33', '2025-02-16 07:19:33'),
(318, 332, NULL, 58, 2, 2, NULL, NULL, NULL, '2025-02-16 07:19:33', '2025-02-16 07:19:33'),
(319, 367, NULL, 54, 2, 2, NULL, NULL, NULL, '2025-02-16 07:19:33', '2025-02-16 07:19:33'),
(320, 308, NULL, 73, 2, 2, NULL, NULL, NULL, '2025-02-16 07:19:33', '2025-02-16 07:19:33'),
(321, 313, NULL, 80, 1, 2, NULL, NULL, NULL, '2025-02-16 07:19:33', '2025-02-16 07:19:33'),
(322, 343, NULL, 49, 1, 2, NULL, NULL, NULL, '2025-02-16 07:19:33', '2025-02-16 07:19:33'),
(323, 376, NULL, 10, 2, 2, NULL, NULL, NULL, '2025-02-16 07:19:33', '2025-02-16 07:19:33'),
(324, 362, NULL, 94, 1, 2, NULL, NULL, NULL, '2025-02-16 07:19:33', '2025-02-16 07:19:33'),
(325, 391, NULL, 52, 1, 1, NULL, NULL, NULL, '2025-02-16 07:19:33', '2025-02-16 07:19:33'),
(326, 313, NULL, 43, 2, 1, NULL, NULL, NULL, '2025-02-16 07:19:33', '2025-02-16 07:19:33'),
(327, 356, NULL, 36, 1, 1, NULL, NULL, NULL, '2025-02-16 07:19:33', '2025-02-16 07:19:33'),
(328, 307, NULL, 34, 2, 2, NULL, NULL, NULL, '2025-02-16 07:19:33', '2025-02-16 07:19:33'),
(329, 333, NULL, 39, 2, 2, NULL, NULL, NULL, '2025-02-16 07:19:33', '2025-02-16 07:19:33'),
(330, 368, NULL, 49, 1, 2, NULL, NULL, NULL, '2025-02-16 07:19:33', '2025-02-16 07:19:33'),
(331, 361, NULL, 39, 2, 1, NULL, NULL, NULL, '2025-02-16 07:19:33', '2025-02-16 07:19:33'),
(332, 390, NULL, 19, 1, 2, NULL, NULL, NULL, '2025-02-16 07:19:33', '2025-02-16 07:19:33'),
(333, 400, NULL, 39, 2, 1, NULL, NULL, NULL, '2025-02-16 07:19:33', '2025-02-16 07:19:33'),
(334, 396, NULL, 2, 1, 2, NULL, NULL, NULL, '2025-02-16 07:19:33', '2025-02-16 07:19:33'),
(335, 386, NULL, 76, 1, 2, NULL, NULL, NULL, '2025-02-16 07:19:33', '2025-02-16 07:19:33'),
(336, 319, NULL, 37, 1, 1, NULL, NULL, NULL, '2025-02-16 07:19:33', '2025-02-16 07:19:33'),
(337, 315, NULL, 96, 1, 2, NULL, NULL, NULL, '2025-02-16 07:19:33', '2025-02-16 07:19:33'),
(338, 312, NULL, 86, 1, 2, NULL, NULL, NULL, '2025-02-16 07:19:33', '2025-02-16 07:19:33'),
(339, 314, NULL, 69, 1, 2, NULL, NULL, NULL, '2025-02-16 07:19:33', '2025-02-16 07:19:33'),
(340, 334, NULL, 98, 1, 1, NULL, NULL, NULL, '2025-02-16 07:19:33', '2025-02-16 07:19:33'),
(341, 363, NULL, 93, 1, 1, NULL, NULL, NULL, '2025-02-16 07:19:33', '2025-02-16 07:19:33'),
(342, 326, NULL, 51, 1, 2, NULL, NULL, NULL, '2025-02-16 07:19:33', '2025-02-16 07:19:33'),
(343, 325, NULL, 83, 1, 1, NULL, NULL, NULL, '2025-02-16 07:19:33', '2025-02-16 07:19:33'),
(344, 354, NULL, 25, 1, 2, NULL, NULL, NULL, '2025-02-16 07:19:33', '2025-02-16 07:19:33'),
(345, 301, NULL, 67, 2, 1, NULL, NULL, NULL, '2025-02-16 07:19:33', '2025-02-16 07:19:33'),
(346, 314, NULL, 90, 1, 2, NULL, NULL, NULL, '2025-02-16 07:19:33', '2025-02-16 07:19:33'),
(347, 329, NULL, 2, 1, 2, NULL, NULL, NULL, '2025-02-16 07:19:33', '2025-02-16 07:19:33'),
(348, 383, NULL, 23, 2, 2, NULL, NULL, NULL, '2025-02-16 07:19:33', '2025-02-16 07:19:33'),
(349, 338, NULL, 27, 2, 2, NULL, NULL, NULL, '2025-02-16 07:19:33', '2025-02-16 07:19:33'),
(350, 392, NULL, 71, 2, 2, NULL, NULL, NULL, '2025-02-16 07:19:33', '2025-02-16 07:19:33'),
(351, 364, NULL, 50, 2, 2, NULL, NULL, NULL, '2025-02-16 07:19:33', '2025-02-16 07:19:33'),
(352, 337, NULL, 83, 2, 2, NULL, NULL, NULL, '2025-02-16 07:19:33', '2025-02-16 07:19:33'),
(353, 391, NULL, 64, 2, 1, NULL, NULL, NULL, '2025-02-16 07:19:33', '2025-02-16 07:19:33'),
(354, 301, NULL, 12, 1, 2, NULL, NULL, NULL, '2025-02-16 07:19:33', '2025-02-16 07:19:33'),
(355, 327, NULL, 43, 1, 2, NULL, NULL, NULL, '2025-02-16 07:19:33', '2025-02-16 07:19:33'),
(356, 327, NULL, 68, 1, 2, NULL, NULL, NULL, '2025-02-16 07:19:33', '2025-02-16 07:19:33'),
(357, 315, NULL, 71, 1, 1, NULL, NULL, NULL, '2025-02-16 07:19:33', '2025-02-16 07:19:33'),
(358, 322, NULL, 26, 1, 2, NULL, NULL, NULL, '2025-02-16 07:19:33', '2025-02-16 07:19:33'),
(359, 376, NULL, 100, 2, 2, NULL, NULL, NULL, '2025-02-16 07:19:33', '2025-02-16 07:19:33'),
(360, 343, NULL, 0, 2, 2, NULL, NULL, NULL, '2025-02-16 07:19:33', '2025-02-16 07:19:33'),
(361, 349, NULL, 71, 1, 1, NULL, NULL, NULL, '2025-02-16 07:19:33', '2025-02-16 07:19:33'),
(362, 394, NULL, 100, 2, 2, NULL, NULL, NULL, '2025-02-16 07:19:33', '2025-02-16 07:19:33'),
(363, 388, NULL, 13, 2, 1, NULL, NULL, NULL, '2025-02-16 07:19:33', '2025-02-16 07:19:33'),
(364, 334, NULL, 67, 1, 2, NULL, NULL, NULL, '2025-02-16 07:19:34', '2025-02-16 07:19:34'),
(365, 392, NULL, 96, 2, 1, NULL, NULL, NULL, '2025-02-16 07:19:34', '2025-02-16 07:19:34'),
(366, 349, NULL, 3, 1, 1, NULL, NULL, NULL, '2025-02-16 07:19:34', '2025-02-16 07:19:34'),
(367, 327, NULL, 38, 2, 2, NULL, NULL, NULL, '2025-02-16 07:19:34', '2025-02-16 07:19:34'),
(368, 350, NULL, 46, 2, 2, NULL, NULL, NULL, '2025-02-16 07:19:34', '2025-02-16 07:19:34'),
(369, 348, NULL, 83, 2, 1, NULL, NULL, NULL, '2025-02-16 07:19:34', '2025-02-16 07:19:34'),
(370, 379, NULL, 68, 2, 1, NULL, NULL, NULL, '2025-02-16 07:19:34', '2025-02-16 07:19:34'),
(371, 372, NULL, 89, 1, 2, NULL, NULL, NULL, '2025-02-16 07:19:34', '2025-02-16 07:19:34'),
(372, 326, NULL, 44, 2, 1, NULL, NULL, NULL, '2025-02-16 07:19:34', '2025-02-16 07:19:34'),
(373, 323, NULL, 97, 1, 2, NULL, NULL, NULL, '2025-02-16 07:19:34', '2025-02-16 07:19:34'),
(374, 387, NULL, 43, 2, 2, NULL, NULL, NULL, '2025-02-16 07:19:34', '2025-02-16 07:19:34'),
(375, 325, NULL, 61, 1, 1, NULL, NULL, NULL, '2025-02-16 07:19:34', '2025-02-16 07:19:34'),
(376, 383, NULL, 23, 2, 2, NULL, NULL, NULL, '2025-02-16 07:19:34', '2025-02-16 07:19:34'),
(377, 309, NULL, 67, 1, 2, NULL, NULL, NULL, '2025-02-16 07:19:34', '2025-02-16 07:19:34'),
(378, 347, NULL, 4, 1, 2, NULL, NULL, NULL, '2025-02-16 07:19:34', '2025-02-16 07:19:34'),
(379, 326, NULL, 11, 2, 2, NULL, NULL, NULL, '2025-02-16 07:19:34', '2025-02-16 07:19:34'),
(380, 368, NULL, 17, 2, 1, NULL, NULL, NULL, '2025-02-16 07:19:34', '2025-02-16 07:19:34'),
(381, 382, NULL, 8, 2, 1, NULL, NULL, NULL, '2025-02-16 07:19:34', '2025-02-16 07:19:34'),
(382, 349, NULL, 40, 2, 1, NULL, NULL, NULL, '2025-02-16 07:19:34', '2025-02-16 07:19:34'),
(383, 398, NULL, 31, 1, 2, NULL, NULL, NULL, '2025-02-16 07:19:34', '2025-02-16 07:19:34'),
(384, 394, NULL, 96, 2, 2, NULL, NULL, NULL, '2025-02-16 07:19:34', '2025-02-16 07:19:34'),
(385, 317, NULL, 56, 1, 2, NULL, NULL, NULL, '2025-02-16 07:19:34', '2025-02-16 07:19:34'),
(386, 313, NULL, 27, 1, 2, NULL, NULL, NULL, '2025-02-16 07:19:34', '2025-02-16 07:19:34'),
(387, 375, NULL, 83, 1, 1, NULL, NULL, NULL, '2025-02-16 07:19:34', '2025-02-16 07:19:34'),
(388, 396, NULL, 48, 1, 2, NULL, NULL, NULL, '2025-02-16 07:19:34', '2025-02-16 07:19:34'),
(389, 319, NULL, 26, 1, 2, NULL, NULL, NULL, '2025-02-16 07:19:34', '2025-02-16 07:19:34'),
(390, 382, NULL, 53, 2, 1, NULL, NULL, NULL, '2025-02-16 07:19:34', '2025-02-16 07:19:34'),
(391, 369, NULL, 77, 1, 1, NULL, NULL, NULL, '2025-02-16 07:19:34', '2025-02-16 07:19:34'),
(392, 312, NULL, 94, 2, 1, NULL, NULL, NULL, '2025-02-16 07:19:34', '2025-02-16 07:19:34'),
(393, 363, NULL, 50, 1, 1, NULL, NULL, NULL, '2025-02-16 07:19:34', '2025-02-16 07:19:34'),
(394, 302, NULL, 99, 2, 2, NULL, NULL, NULL, '2025-02-16 07:19:34', '2025-02-16 07:19:34'),
(395, 365, NULL, 85, 2, 1, NULL, NULL, NULL, '2025-02-16 07:19:34', '2025-02-16 07:19:34'),
(396, 320, NULL, 18, 1, 1, NULL, NULL, NULL, '2025-02-16 07:19:34', '2025-02-16 07:19:34'),
(397, 320, NULL, 67, 2, 1, NULL, NULL, NULL, '2025-02-16 07:19:34', '2025-02-16 07:19:34'),
(398, 362, NULL, 82, 1, 2, NULL, NULL, NULL, '2025-02-16 07:19:34', '2025-02-16 07:19:34'),
(399, 339, NULL, 39, 1, 1, NULL, NULL, NULL, '2025-02-16 07:19:34', '2025-02-16 07:19:34'),
(400, 378, NULL, 21, 1, 2, NULL, NULL, NULL, '2025-02-16 07:19:34', '2025-02-16 07:19:34');

-- --------------------------------------------------------

--
-- Table structure for table `portfolios_translations`
--

CREATE TABLE `portfolios_translations` (
  `id` bigint UNSIGNED NOT NULL,
  `portfolio_id` bigint UNSIGNED NOT NULL,
  `locale` varchar(255) CHARACTER SET utf8mb4 COLLATE utf8mb4_unicode_ci NOT NULL,
  `title` varchar(255) CHARACTER SET utf8mb4 COLLATE utf8mb4_unicode_ci NOT NULL,
  `slug` varchar(255) CHARACTER SET utf8mb4 COLLATE utf8mb4_unicode_ci DEFAULT NULL,
  `description` longtext CHARACTER SET utf8mb4 COLLATE utf8mb4_unicode_ci,
  `meta_title` varchar(255) CHARACTER SET utf8mb4 COLLATE utf8mb4_unicode_ci DEFAULT NULL,
  `meta_description` longtext CHARACTER SET utf8mb4 COLLATE utf8mb4_unicode_ci,
  `meta_key` longtext CHARACTER SET utf8mb4 COLLATE utf8mb4_unicode_ci,
  `created_at` timestamp NULL DEFAULT NULL,
  `updated_at` timestamp NULL DEFAULT NULL
) ENGINE=InnoDB DEFAULT CHARSET=utf8mb4 COLLATE=utf8mb4_unicode_ci;

--
-- Dumping data for table `portfolios_translations`
--

INSERT INTO `portfolios_translations` (`id`, `portfolio_id`, `locale`, `title`, `slug`, `description`, `meta_title`, `meta_description`, `meta_key`, `created_at`, `updated_at`) VALUES
(301, 301, 'ar', 'Dr. Demarco Mills PhD', 'dr.-demarco-mills-phd', 'Quo numquam eveniet et dolor sed est. Dolorem totam itaque voluptas pariatur quo omnis ea. Adipisci nostrum incidunt magnam est.', NULL, NULL, NULL, '2025-02-16 07:19:33', '2025-02-16 07:19:33'),
(302, 302, 'ar', 'Flo Buckridge', 'flo-buckridge', 'Non quo ratione optio sed vel. Qui dolores impedit et non iure vero et. Asperiores inventore totam dolorem id asperiores reprehenderit. Iste voluptate ut eveniet.', NULL, NULL, NULL, '2025-02-16 07:19:33', '2025-02-16 07:19:33'),
(303, 303, 'ar', 'Prof. Emelie Bechtelar Sr.', 'prof.-emelie-bechtelar-sr.', 'Quam vero et magnam sequi enim ut in. Et corporis quia porro at tempore quidem. Distinctio soluta qui odit modi aperiam id. Eius alias ducimus rerum dolorem officiis illo. Beatae omnis cupiditate laboriosam aut tempora ratione consequatur.', NULL, NULL, NULL, '2025-02-16 07:19:33', '2025-02-16 07:19:33'),
(304, 304, 'ar', 'Yesenia Reynolds', 'yesenia-reynolds', 'Doloremque molestiae nihil unde illum sit fugiat sed. Molestiae eum reiciendis earum aut harum quo.', NULL, NULL, NULL, '2025-02-16 07:19:33', '2025-02-16 07:19:33'),
(305, 305, 'ar', 'Jordy Dare', 'jordy-dare', 'Illum occaecati voluptatem dolorem esse qui et debitis. Eveniet quo rerum nihil ea velit. Sunt perspiciatis maxime dolores autem necessitatibus repellat.', NULL, NULL, NULL, '2025-02-16 07:19:33', '2025-02-16 07:19:33'),
(306, 306, 'ar', 'Dr. Shanna Kovacek', 'dr.-shanna-kovacek', 'Sunt enim enim aspernatur rerum ullam omnis. Hic et consequatur fugiat deleniti ut. Tempora corrupti fuga dolorem omnis dignissimos ullam. Perferendis rerum in voluptatibus excepturi doloribus.', NULL, NULL, NULL, '2025-02-16 07:19:33', '2025-02-16 07:19:33'),
(307, 307, 'ar', 'Ryleigh Jacobs', 'ryleigh-jacobs', 'Dolores tempore tenetur optio possimus nulla tempore consequuntur. Qui non a eos quia hic maiores quibusdam. Voluptatem provident sed hic quo.', NULL, NULL, NULL, '2025-02-16 07:19:33', '2025-02-16 07:19:33'),
(308, 308, 'ar', 'Brianne Hahn', 'brianne-hahn', 'Amet eius beatae tempore. Odio architecto minus et quibusdam ipsam alias. Aut doloremque omnis ipsum voluptatem.', NULL, NULL, NULL, '2025-02-16 07:19:33', '2025-02-16 07:19:33'),
(309, 309, 'ar', 'George Ondricka', 'george-ondricka', 'Fugit magni magni voluptas veritatis. Dolorem est sunt debitis exercitationem molestiae ut voluptas nemo. Sint possimus quibusdam sed aut et.', NULL, NULL, NULL, '2025-02-16 07:19:33', '2025-02-16 07:19:33'),
(310, 310, 'ar', 'Dr. Oswald Strosin V', 'dr.-oswald-strosin-v', 'Dolorum voluptas fugiat illum nam. Et sapiente recusandae beatae velit.', NULL, NULL, NULL, '2025-02-16 07:19:33', '2025-02-16 07:19:33'),
(311, 311, 'ar', 'Dr. Kellen Grant', 'dr.-kellen-grant', 'Recusandae ut enim vel qui aut dolores temporibus. Cumque quo quod est iusto sed velit ipsam. Reprehenderit voluptatem et error tenetur.', NULL, NULL, NULL, '2025-02-16 07:19:33', '2025-02-16 07:19:33'),
(312, 312, 'ar', 'Reilly Fahey', 'reilly-fahey', 'Aut delectus aperiam velit. Totam laboriosam vel sunt consequatur aut. Vero recusandae aut consequatur ipsum qui sapiente. Aspernatur sint ut ratione asperiores voluptas voluptas. Nesciunt odit beatae asperiores nihil velit voluptas molestiae.', NULL, NULL, NULL, '2025-02-16 07:19:33', '2025-02-16 07:19:33'),
(313, 313, 'ar', 'Marcelino VonRueden', 'marcelino-vonrueden', 'Sunt et odit sint. Et facere sed dignissimos odio a ut. Reiciendis a voluptates praesentium necessitatibus.', NULL, NULL, NULL, '2025-02-16 07:19:33', '2025-02-16 07:19:33'),
(314, 314, 'ar', 'Jakayla Zulauf', 'jakayla-zulauf', 'Ut enim nihil repellat nam. Ut eveniet sunt dolorem porro qui cumque. Aut voluptatem quibusdam qui in optio rem. Minima eaque blanditiis rerum aliquid quo voluptatem dicta.', NULL, NULL, NULL, '2025-02-16 07:19:33', '2025-02-16 07:19:33'),
(315, 315, 'ar', 'Ms. Libbie Franecki MD', 'ms.-libbie-franecki-md', 'Eos eos eaque sed fugit. Doloremque aut est inventore. Magni odio quae maiores enim est sequi blanditiis.', NULL, NULL, NULL, '2025-02-16 07:19:33', '2025-02-16 07:19:33'),
(316, 316, 'ar', 'Prof. Wellington Spinka III', 'prof.-wellington-spinka-iii', 'Sequi ut enim provident velit. Assumenda ipsam occaecati ducimus ipsa accusamus quia. Excepturi expedita et animi unde.', NULL, NULL, NULL, '2025-02-16 07:19:33', '2025-02-16 07:19:33'),
(317, 317, 'ar', 'Maxie Daugherty', 'maxie-daugherty', 'Nihil maiores ut veritatis vel quam. Sequi laudantium nemo autem maiores voluptate repudiandae. Vero ea ea voluptatum iure et saepe doloribus et. Aut nihil error recusandae qui doloremque ut tenetur est.', NULL, NULL, NULL, '2025-02-16 07:19:33', '2025-02-16 07:19:33'),
(318, 318, 'ar', 'Mr. Oscar Schmidt', 'mr.-oscar-schmidt', 'Voluptatum omnis qui dolorem ducimus. Et consectetur et possimus maxime minima inventore nam. Voluptas in eos tenetur officia numquam dolores.', NULL, NULL, NULL, '2025-02-16 07:19:33', '2025-02-16 07:19:33'),
(319, 319, 'ar', 'Ms. Meta Upton MD', 'ms.-meta-upton-md', 'Exercitationem unde excepturi voluptatibus dicta et. Non mollitia temporibus similique ipsa. Iste architecto asperiores quia id adipisci quia quasi. Eum corporis voluptate in non quia. Et et et reprehenderit.', NULL, NULL, NULL, '2025-02-16 07:19:33', '2025-02-16 07:19:33'),
(320, 320, 'ar', 'Dr. Jalen Conroy Jr.', 'dr.-jalen-conroy-jr.', 'Consequuntur et culpa reprehenderit et voluptatum. Quia quia deserunt officiis architecto nihil corporis. Enim quis debitis placeat labore iusto. Sed voluptate a dignissimos illum aut.', NULL, NULL, NULL, '2025-02-16 07:19:33', '2025-02-16 07:19:33'),
(321, 321, 'ar', 'Jameson Konopelski', 'jameson-konopelski', 'Quidem id sint blanditiis modi aut est omnis. Nobis at et est dolor ducimus et.', NULL, NULL, NULL, '2025-02-16 07:19:33', '2025-02-16 07:19:33'),
(322, 322, 'ar', 'Mrs. Assunta Schiller Sr.', 'mrs.-assunta-schiller-sr.', 'Itaque non optio perferendis reiciendis voluptatibus possimus veritatis. Neque voluptate recusandae quisquam modi dolores. Assumenda ipsa vero dignissimos.', NULL, NULL, NULL, '2025-02-16 07:19:33', '2025-02-16 07:19:33'),
(323, 323, 'ar', 'Gilberto Hansen', 'gilberto-hansen', 'Libero nobis ut consequatur quam architecto. Atque odio ut ut labore ut molestiae. Nobis dolorem harum quasi veniam cumque ut qui inventore. Est quam atque quos sunt. Id eius quibusdam et ex omnis nihil ad fugit.', NULL, NULL, NULL, '2025-02-16 07:19:33', '2025-02-16 07:19:33'),
(324, 324, 'ar', 'Prof. Rebecca Ryan I', 'prof.-rebecca-ryan-i', 'Et aliquid eligendi porro labore. Beatae est dolorum debitis ut vel aut. Quia quia sed veniam sed id ut recusandae. Fuga autem ut qui nihil. Et alias ipsum alias a ut modi.', NULL, NULL, NULL, '2025-02-16 07:19:33', '2025-02-16 07:19:33'),
(325, 325, 'ar', 'Caterina Bergstrom', 'caterina-bergstrom', 'Laborum omnis itaque itaque atque eum veritatis. Et amet aperiam rem aperiam qui ut. Harum tempore officiis quis tempore earum dolorem quia. Iste ea nulla velit optio laboriosam.', NULL, NULL, NULL, '2025-02-16 07:19:33', '2025-02-16 07:19:33'),
(326, 326, 'ar', 'Loy Schimmel', 'loy-schimmel', 'Exercitationem accusantium ut explicabo sapiente adipisci exercitationem quo. Ipsum dolores odio cum ad tempora nemo est. Odit ad consequatur perferendis atque inventore iusto.', NULL, NULL, NULL, '2025-02-16 07:19:33', '2025-02-16 07:19:33'),
(327, 327, 'ar', 'Jaylon Zboncak', 'jaylon-zboncak', 'Iusto qui eveniet voluptates sapiente similique. Fugiat qui ut expedita officia iste id. Ut praesentium eius maxime sed adipisci et nisi. Ea voluptates iste possimus similique rerum est qui. Expedita animi reprehenderit placeat iste.', NULL, NULL, NULL, '2025-02-16 07:19:33', '2025-02-16 07:19:33'),
(328, 328, 'ar', 'Prof. Rupert Upton DVM', 'prof.-rupert-upton-dvm', 'Officia necessitatibus perferendis eum id molestiae ut rerum ut. Veritatis assumenda sunt accusantium quae recusandae asperiores a. Sunt rerum voluptas sed rerum. Explicabo est autem voluptatem dolorem fugiat eius numquam molestias.', NULL, NULL, NULL, '2025-02-16 07:19:33', '2025-02-16 07:19:33'),
(329, 329, 'ar', 'Freda Brown', 'freda-brown', 'Iure accusamus voluptas est soluta esse nemo. Aliquam labore repellendus hic quae. Minus dicta et voluptates dolor possimus labore.', NULL, NULL, NULL, '2025-02-16 07:19:33', '2025-02-16 07:19:33'),
(330, 330, 'ar', 'Jovan Streich IV', 'jovan-streich-iv', 'Voluptas qui aliquid voluptatem enim deleniti. Voluptas autem sit est sint consequatur. Nihil delectus expedita debitis vel incidunt voluptatem molestiae officiis.', NULL, NULL, NULL, '2025-02-16 07:19:33', '2025-02-16 07:19:33'),
(331, 331, 'ar', 'Jovanny Reichel', 'jovanny-reichel', 'Aut nemo voluptas doloremque corporis laboriosam. Qui sint maxime explicabo. Odit ipsam eos id. Veritatis mollitia doloribus quia tempora soluta quod omnis.', NULL, NULL, NULL, '2025-02-16 07:19:33', '2025-02-16 07:19:33'),
(332, 332, 'ar', 'Fatima Boyle', 'fatima-boyle', 'Nisi suscipit qui vero culpa atque dolorem et. Qui ut ipsam accusantium eos laborum consequatur qui. Quas aut occaecati nostrum ut maxime.', NULL, NULL, NULL, '2025-02-16 07:19:33', '2025-02-16 07:19:33'),
(333, 333, 'ar', 'Dr. Amy Hoeger DVM', 'dr.-amy-hoeger-dvm', 'Provident quis nam et ratione harum. Modi id et consequatur eum. Repudiandae maiores iusto qui est delectus est ut. Necessitatibus modi aut et id.', NULL, NULL, NULL, '2025-02-16 07:19:33', '2025-02-16 07:19:33'),
(334, 334, 'ar', 'Miss Aurelia Sauer', 'miss-aurelia-sauer', 'Accusamus cumque aut soluta non quo. Eaque nam adipisci suscipit aliquid quo fugiat non. Maxime sint quia sit molestiae veniam voluptate. Rerum numquam et enim porro odio ut.', NULL, NULL, NULL, '2025-02-16 07:19:33', '2025-02-16 07:19:33'),
(335, 335, 'ar', 'Giovanni Cormier', 'giovanni-cormier', 'Vel itaque earum illo rerum fugiat delectus. Dolorem ullam repellendus non aspernatur et. Asperiores inventore ab saepe qui aperiam.', NULL, NULL, NULL, '2025-02-16 07:19:33', '2025-02-16 07:19:33'),
(336, 336, 'ar', 'Alisha Davis', 'alisha-davis', 'Veniam molestias beatae atque aut. Unde ipsa sed iste nostrum et molestiae qui voluptates. Libero illo aliquam quaerat consectetur. Libero voluptatibus sequi quaerat sed et.', NULL, NULL, NULL, '2025-02-16 07:19:33', '2025-02-16 07:19:33'),
(337, 337, 'ar', 'Axel Wolf', 'axel-wolf', 'Error beatae officiis illum reprehenderit ratione praesentium. Ut nostrum consequatur reiciendis rerum. Fugiat quasi aut est ullam fugit ab ut. Laudantium molestiae voluptatem culpa.', NULL, NULL, NULL, '2025-02-16 07:19:33', '2025-02-16 07:19:33'),
(338, 338, 'ar', 'Mr. Mason Schuster', 'mr.-mason-schuster', 'Autem doloremque quod soluta nihil aut. Totam consequuntur esse qui autem. Quis veniam officia est id reiciendis. Suscipit rerum sit ea neque ipsa mollitia sunt sit. Corporis odit dolore rerum dolor repellat illo nobis voluptates.', NULL, NULL, NULL, '2025-02-16 07:19:33', '2025-02-16 07:19:33'),
(339, 339, 'ar', 'Mrs. Michelle Haley Jr.', 'mrs.-michelle-haley-jr.', 'Quis libero rerum velit alias modi. Cumque sapiente est nesciunt alias ut est.', NULL, NULL, NULL, '2025-02-16 07:19:33', '2025-02-16 07:19:33'),
(340, 340, 'ar', 'Jackeline Jones V', 'jackeline-jones-v', 'In incidunt magnam vero quis sed rem. Et incidunt sed minima aperiam ut occaecati ea. Earum est voluptatem omnis quisquam. Excepturi illum recusandae et harum nam.', NULL, NULL, NULL, '2025-02-16 07:19:33', '2025-02-16 07:19:33'),
(341, 341, 'ar', 'Bertha Considine', 'bertha-considine', 'Sapiente nihil nisi ipsa numquam repellendus rerum. Cumque in perferendis et odit quis eius. Perspiciatis vel dolorum excepturi maxime nostrum qui.', NULL, NULL, NULL, '2025-02-16 07:19:33', '2025-02-16 07:19:33'),
(342, 342, 'ar', 'Mr. Easton Gibson', 'mr.-easton-gibson', 'Veritatis consequatur quae ut non. Enim impedit ut vero reiciendis. Fugit praesentium at doloribus vel maxime velit eius. Sint ut non totam eaque error aut.', NULL, NULL, NULL, '2025-02-16 07:19:33', '2025-02-16 07:19:33'),
(343, 343, 'ar', 'Barbara Goodwin DDS', 'barbara-goodwin-dds', 'Minus voluptatem repellendus omnis consequatur quisquam. Qui sit velit qui in. Aut velit nihil illo porro. Qui mollitia sint officiis alias doloremque.', NULL, NULL, NULL, '2025-02-16 07:19:33', '2025-02-16 07:19:33'),
(344, 344, 'ar', 'Cristobal Blanda', 'cristobal-blanda', 'Beatae fugiat nam eum commodi non illo. Repellat voluptatem a non vel ab voluptates nostrum. Veniam labore excepturi eveniet provident assumenda temporibus.', NULL, NULL, NULL, '2025-02-16 07:19:33', '2025-02-16 07:19:33'),
(345, 345, 'ar', 'Prof. Benton Beahan', 'prof.-benton-beahan', 'Ea explicabo totam et et consequuntur in ipsam. Id nisi incidunt impedit eos nostrum. Esse voluptatem ullam quae. Quia earum in qui non. Ad omnis iste officia officia.', NULL, NULL, NULL, '2025-02-16 07:19:33', '2025-02-16 07:19:33'),
(346, 346, 'ar', 'Ivah Barton V', 'ivah-barton-v', 'Non perferendis quo quis culpa. Amet quia ut nesciunt eaque ipsum dignissimos aut laudantium. Aut velit provident voluptas aut dolor enim. Et eos et suscipit temporibus dolorum voluptates in.', NULL, NULL, NULL, '2025-02-16 07:19:33', '2025-02-16 07:19:33'),
(347, 347, 'ar', 'Armand Bartoletti', 'armand-bartoletti', 'Sit omnis similique tempora sunt quis ad. Officiis magni optio tenetur odit tenetur enim. Laudantium at fuga ab dolorem est accusantium qui. Quaerat id soluta voluptate amet quod molestiae asperiores.', NULL, NULL, NULL, '2025-02-16 07:19:33', '2025-02-16 07:19:33'),
(348, 348, 'ar', 'D\'angelo Dicki', 'd\'angelo-dicki', 'Aut dolores enim rerum labore consectetur minus. Inventore nesciunt dicta deserunt sint. Voluptatibus numquam reiciendis iure laudantium est quis. Eaque esse et possimus corrupti.', NULL, NULL, NULL, '2025-02-16 07:19:33', '2025-02-16 07:19:33'),
(349, 349, 'ar', 'Osvaldo Bins', 'osvaldo-bins', 'Enim quisquam omnis et quo. Eum ipsum neque ipsa officiis. Deleniti nisi totam facilis alias dicta harum.', NULL, NULL, NULL, '2025-02-16 07:19:33', '2025-02-16 07:19:33'),
(350, 350, 'ar', 'Dominique Olson', 'dominique-olson', 'Consequatur nulla voluptas sed distinctio fugiat. Nesciunt odit dolor exercitationem voluptate corrupti debitis mollitia eos. Blanditiis sapiente cumque molestiae earum cumque nulla. Recusandae eveniet molestias aperiam quia.', NULL, NULL, NULL, '2025-02-16 07:19:33', '2025-02-16 07:19:33'),
(351, 351, 'ar', 'Rosalia Block', 'rosalia-block', 'Omnis architecto rerum aspernatur sit minima fuga. Qui rerum est quidem voluptate enim. Iste veritatis vel reiciendis exercitationem sequi fugiat sit. Id et quaerat tempora adipisci possimus.', NULL, NULL, NULL, '2025-02-16 07:19:33', '2025-02-16 07:19:33'),
(352, 352, 'ar', 'Prof. Alberta Huels', 'prof.-alberta-huels', 'Quaerat dolores eos omnis hic. Provident nesciunt quidem dolorum.', NULL, NULL, NULL, '2025-02-16 07:19:33', '2025-02-16 07:19:33'),
(353, 353, 'ar', 'Justina Hirthe', 'justina-hirthe', 'Molestiae est repellat autem consequatur rerum libero. Quae impedit consequatur nam consequuntur laudantium. Omnis dolores minima ipsum quisquam sed.', NULL, NULL, NULL, '2025-02-16 07:19:33', '2025-02-16 07:19:33'),
(354, 354, 'ar', 'Kyle McDermott', 'kyle-mcdermott', 'Et et consequatur aspernatur eum. Aliquid molestiae et est expedita est amet quasi nobis. Illum ea ut nam. In officiis dolor ut vitae et est et.', NULL, NULL, NULL, '2025-02-16 07:19:33', '2025-02-16 07:19:33'),
(355, 355, 'ar', 'Maude Schumm MD', 'maude-schumm-md', 'Et atque nam tenetur qui enim voluptas. Vitae maiores voluptatem aspernatur rem distinctio mollitia. At esse hic explicabo et adipisci repellat. Mollitia recusandae molestiae et nulla consequatur rem. Dolore id expedita repellat est eum nesciunt.', NULL, NULL, NULL, '2025-02-16 07:19:33', '2025-02-16 07:19:33'),
(356, 356, 'ar', 'Alvis Rice', 'alvis-rice', 'Eligendi inventore id ipsa quas. Laborum illo laudantium voluptatem optio consequatur quis laudantium quos. Eligendi aspernatur quia autem qui.', NULL, NULL, NULL, '2025-02-16 07:19:33', '2025-02-16 07:19:33'),
(357, 357, 'ar', 'Jaime Johnston', 'jaime-johnston', 'Provident quidem enim nam dicta qui ut incidunt. Omnis velit dolor consequuntur sunt. Aliquid magni aliquid ut id non. Sunt qui et quaerat omnis earum.', NULL, NULL, NULL, '2025-02-16 07:19:33', '2025-02-16 07:19:33'),
(358, 358, 'ar', 'Michel Torp', 'michel-torp', 'Ut sequi non deleniti sed eveniet saepe tempore sed. Quia libero eum sit quia. Aut quo ut exercitationem dignissimos odio. Qui est et sunt maxime.', NULL, NULL, NULL, '2025-02-16 07:19:33', '2025-02-16 07:19:33'),
(359, 359, 'ar', 'Blaze Sawayn IV', 'blaze-sawayn-iv', 'Cumque vero voluptate autem qui. Et ut quia magnam quidem rerum. Sunt porro qui aperiam qui. Explicabo vero reprehenderit iusto enim qui quo sunt eum.', NULL, NULL, NULL, '2025-02-16 07:19:33', '2025-02-16 07:19:33'),
(360, 360, 'ar', 'Nayeli Kutch', 'nayeli-kutch', 'Deserunt consequatur quod tempore ut. Aliquid et accusamus cupiditate debitis consequatur.', NULL, NULL, NULL, '2025-02-16 07:19:33', '2025-02-16 07:19:33'),
(361, 361, 'ar', 'Gunner Little', 'gunner-little', 'Et placeat aliquam aut accusamus libero non architecto. Delectus quod velit dicta quia. Amet quas saepe earum ducimus et in qui. Eligendi reiciendis et deserunt et. Sunt vel laudantium praesentium praesentium assumenda fugiat sunt.', NULL, NULL, NULL, '2025-02-16 07:19:33', '2025-02-16 07:19:33'),
(362, 362, 'ar', 'Lazaro Sauer PhD', 'lazaro-sauer-phd', 'Molestiae eos voluptatum voluptate. Architecto aut voluptatem officiis exercitationem eos.', NULL, NULL, NULL, '2025-02-16 07:19:33', '2025-02-16 07:19:33'),
(363, 363, 'ar', 'Ms. Myrna Torp Jr.', 'ms.-myrna-torp-jr.', 'Quam voluptatem quo aut nostrum. Rem impedit est esse suscipit quia. Aut a sed laboriosam et dolores neque.', NULL, NULL, NULL, '2025-02-16 07:19:34', '2025-02-16 07:19:34'),
(364, 364, 'ar', 'Ms. Stephania Leuschke Sr.', 'ms.-stephania-leuschke-sr.', 'Et at rerum delectus pariatur nam dolor pariatur. Omnis ex saepe eius harum consequatur. Vero vitae earum adipisci sint sit quia. Omnis dolorum et consequuntur ipsam.', NULL, NULL, NULL, '2025-02-16 07:19:34', '2025-02-16 07:19:34'),
(365, 365, 'ar', 'Ayana Powlowski', 'ayana-powlowski', 'Et quos laborum quod nihil veniam culpa quis est. Molestias tempora molestias et nulla eveniet odio.', NULL, NULL, NULL, '2025-02-16 07:19:34', '2025-02-16 07:19:34'),
(366, 366, 'ar', 'Mrs. Dahlia Sauer DVM', 'mrs.-dahlia-sauer-dvm', 'Eaque ipsam laudantium ipsa. Cumque dolores eum at rerum deleniti ipsum rem. Eligendi eligendi eligendi aperiam dolor magni culpa.', NULL, NULL, NULL, '2025-02-16 07:19:34', '2025-02-16 07:19:34'),
(367, 367, 'ar', 'Dr. Vince Hodkiewicz', 'dr.-vince-hodkiewicz', 'Quaerat eveniet animi quas qui voluptatum dolor sequi culpa. Recusandae reiciendis sunt quas enim voluptas rerum. Ea temporibus et et commodi rem est magnam. Itaque quam qui sit ut tempora aspernatur. Qui molestiae vero adipisci et provident maiores magnam.', NULL, NULL, NULL, '2025-02-16 07:19:34', '2025-02-16 07:19:34'),
(368, 368, 'ar', 'Mrs. Brionna Walker PhD', 'mrs.-brionna-walker-phd', 'Atque libero possimus occaecati et et dolores. Quo et et dolor velit cumque ut facilis. Quod nihil aspernatur illum ea natus. Voluptatem similique enim tempora expedita.', NULL, NULL, NULL, '2025-02-16 07:19:34', '2025-02-16 07:19:34'),
(369, 369, 'ar', 'Mr. Lafayette Oberbrunner', 'mr.-lafayette-oberbrunner', 'Velit dolores occaecati omnis quam et asperiores. Non et et maiores quis quisquam ratione laboriosam repellat. Dolores ea architecto id architecto. Sed delectus sint dicta non.', NULL, NULL, NULL, '2025-02-16 07:19:34', '2025-02-16 07:19:34'),
(370, 370, 'ar', 'Josiane Miller', 'josiane-miller', 'Et ea quia et est delectus non dolorum. Nulla non sit nisi in vel in eligendi nihil. Aperiam aut illum animi maiores officiis.', NULL, NULL, NULL, '2025-02-16 07:19:34', '2025-02-16 07:19:34'),
(371, 371, 'ar', 'Dr. Aaliyah Lueilwitz DDS', 'dr.-aaliyah-lueilwitz-dds', 'Explicabo quae eius occaecati dolorem sit hic. Sunt ex debitis voluptas pariatur sequi eaque dolorem dolor. Dolorum voluptatibus vero cumque autem et commodi. Quis sint aut fuga veritatis.', NULL, NULL, NULL, '2025-02-16 07:19:34', '2025-02-16 07:19:34'),
(372, 372, 'ar', 'Prof. Ines Schmidt', 'prof.-ines-schmidt', 'Ea at occaecati aut et sapiente suscipit. Cumque tempore ut sint tempore. Similique quis et deleniti nostrum.', NULL, NULL, NULL, '2025-02-16 07:19:34', '2025-02-16 07:19:34'),
(373, 373, 'ar', 'Maude Cummerata', 'maude-cummerata', 'Velit non exercitationem consequatur voluptas architecto dicta. Et cumque repudiandae in error voluptas. Magni esse labore commodi voluptas ea ea aliquam. Et fugit suscipit quae quis nobis quia.', NULL, NULL, NULL, '2025-02-16 07:19:34', '2025-02-16 07:19:34'),
(374, 374, 'ar', 'Theo D\'Amore', 'theo-d\'amore', 'Minus sapiente quo repudiandae distinctio. Voluptatem vitae perferendis quas ad aliquid. Maiores cupiditate qui ut voluptatibus. Provident sit expedita earum voluptatem omnis error earum qui.', NULL, NULL, NULL, '2025-02-16 07:19:34', '2025-02-16 07:19:34'),
(375, 375, 'ar', 'Jaydon Murazik', 'jaydon-murazik', 'Id doloribus et qui reiciendis. Incidunt sunt et omnis quos fuga impedit mollitia. Ratione aut qui voluptas officia. Nostrum illum ea molestiae nesciunt assumenda quam sunt.', NULL, NULL, NULL, '2025-02-16 07:19:34', '2025-02-16 07:19:34'),
(376, 376, 'ar', 'Dr. Cruz Kuphal', 'dr.-cruz-kuphal', 'Quas eos est vel quasi. Nesciunt velit ipsam aut incidunt quam quod nobis. Molestiae quia omnis veniam perspiciatis quibusdam dolore.', NULL, NULL, NULL, '2025-02-16 07:19:34', '2025-02-16 07:19:34'),
(377, 377, 'ar', 'Bianka Little DDS', 'bianka-little-dds', 'Et totam dolor ea sint quia facilis. Nihil velit sint officia. Aut et eum facere non. Est nobis et officiis aut.', NULL, NULL, NULL, '2025-02-16 07:19:34', '2025-02-16 07:19:34'),
(378, 378, 'ar', 'Alfredo Smith', 'alfredo-smith', 'Ad ut quod dignissimos sed est id illum itaque. Velit eos laborum ex ratione et. Minus non aliquid eveniet.', NULL, NULL, NULL, '2025-02-16 07:19:34', '2025-02-16 07:19:34'),
(379, 379, 'ar', 'Baylee Crooks', 'baylee-crooks', 'Voluptatem culpa ipsum et doloribus molestiae eligendi quia. Sit nihil voluptatem ipsam quia.', NULL, NULL, NULL, '2025-02-16 07:19:34', '2025-02-16 07:19:34'),
(380, 380, 'ar', 'Francesco Veum', 'francesco-veum', 'Autem necessitatibus commodi excepturi sed ea doloremque aut. Perspiciatis et sit ipsa dignissimos earum in. Molestiae harum nulla eaque quaerat tempora est at.', NULL, NULL, NULL, '2025-02-16 07:19:34', '2025-02-16 07:19:34'),
(381, 381, 'ar', 'Florida Wyman', 'florida-wyman', 'Dolor ducimus voluptas voluptatem quod voluptatem atque omnis neque. Quidem ducimus nemo nihil impedit quia aut. Error expedita dolore blanditiis est quis nulla earum.', NULL, NULL, NULL, '2025-02-16 07:19:34', '2025-02-16 07:19:34'),
(382, 382, 'ar', 'Brittany Mosciski', 'brittany-mosciski', 'Aut velit ut ab quidem debitis fuga velit ut. Natus est aut a qui tempore commodi. Et est enim aut unde fuga ut. Qui et beatae aut nihil velit iusto.', NULL, NULL, NULL, '2025-02-16 07:19:34', '2025-02-16 07:19:34'),
(383, 383, 'ar', 'Jarrell Feest', 'jarrell-feest', 'Possimus eligendi qui iusto aut. Deserunt omnis voluptatum eaque minima. Ex dolores rerum dolor cum fugiat dolores labore. Eveniet reprehenderit reprehenderit asperiores similique repellendus nostrum ipsa.', NULL, NULL, NULL, '2025-02-16 07:19:34', '2025-02-16 07:19:34'),
(384, 384, 'ar', 'Cathy Durgan', 'cathy-durgan', 'Architecto ea impedit doloribus odit qui vel omnis sunt. Doloribus ipsa tenetur sint et.', NULL, NULL, NULL, '2025-02-16 07:19:34', '2025-02-16 07:19:34'),
(385, 385, 'ar', 'Jarrell Nicolas', 'jarrell-nicolas', 'Ea in temporibus placeat nobis. Magnam quidem sunt ipsa nemo occaecati rerum. Aspernatur ipsum ut est molestiae. Quas ea corrupti sequi et.', NULL, NULL, NULL, '2025-02-16 07:19:34', '2025-02-16 07:19:34'),
(386, 386, 'ar', 'Dr. Emilio White', 'dr.-emilio-white', 'Neque natus omnis id necessitatibus molestiae. Tempore voluptatem odit excepturi qui. Earum doloribus nulla consectetur voluptatum eos sed consectetur. Cumque tempora vel necessitatibus aut.', NULL, NULL, NULL, '2025-02-16 07:19:34', '2025-02-16 07:19:34'),
(387, 387, 'ar', 'Porter Klein', 'porter-klein', 'Magnam adipisci itaque dolor dolorum. Ut quis nemo aspernatur. Delectus et aut eligendi amet ducimus. Eaque et iusto fuga quibusdam ad. Doloremque aut quidem ut incidunt ea quia.', NULL, NULL, NULL, '2025-02-16 07:19:34', '2025-02-16 07:19:34'),
(388, 388, 'ar', 'Graham Lowe', 'graham-lowe', 'Accusantium asperiores voluptatem aut quibusdam corporis facere quae commodi. Sint facilis culpa voluptas quis suscipit. At aliquid provident dolor pariatur ullam impedit.', NULL, NULL, NULL, '2025-02-16 07:19:34', '2025-02-16 07:19:34'),
(389, 389, 'ar', 'Mr. Kevin Brakus Sr.', 'mr.-kevin-brakus-sr.', 'Ut adipisci nihil quis aspernatur et recusandae quasi nam. Pariatur quos sapiente repellat sed consequatur. A saepe ut quo consequatur facilis quas qui omnis. Enim odio animi nobis beatae minima iste atque.', NULL, NULL, NULL, '2025-02-16 07:19:34', '2025-02-16 07:19:34'),
(390, 390, 'ar', 'Elouise Kihn', 'elouise-kihn', 'Sequi saepe sit quia quis. Quae ipsam porro laboriosam minima. Ut temporibus ut veniam quis. Dolores eius enim sint eum facere quia.', NULL, NULL, NULL, '2025-02-16 07:19:34', '2025-02-16 07:19:34'),
(391, 391, 'ar', 'Aditya Crooks', 'aditya-crooks', 'Unde cupiditate qui eos non dolores rerum accusamus. Minus doloremque maxime sed animi quia maxime quibusdam. Labore et quia minima labore officiis. Maxime deserunt magni ut nulla quibusdam.', NULL, NULL, NULL, '2025-02-16 07:19:34', '2025-02-16 07:19:34'),
(392, 392, 'ar', 'Kaya Weber', 'kaya-weber', 'Sapiente et ipsum ex laboriosam. Molestiae veritatis corporis beatae laboriosam sit dolor. Sint magni voluptates iure quasi.', NULL, NULL, NULL, '2025-02-16 07:19:34', '2025-02-16 07:19:34'),
(393, 393, 'ar', 'Morris Carroll', 'morris-carroll', 'Quam reprehenderit quia omnis assumenda eum rem. Ad dolorem temporibus rem expedita assumenda doloremque. Animi pariatur non et at qui. Nihil enim ratione voluptatem eaque sit qui dolor iusto.', NULL, NULL, NULL, '2025-02-16 07:19:34', '2025-02-16 07:19:34'),
(394, 394, 'ar', 'Kyle Mayert', 'kyle-mayert', 'Magni totam aut ab qui. Consequatur expedita possimus totam voluptatem iusto et qui. Reprehenderit repudiandae magnam voluptatem tempora. Assumenda voluptatibus et sit id. Molestiae impedit ullam aspernatur aut.', NULL, NULL, NULL, '2025-02-16 07:19:34', '2025-02-16 07:19:34'),
(395, 395, 'ar', 'Mrs. Era Gislason', 'mrs.-era-gislason', 'Itaque aut aut molestiae facere amet. Earum similique ab quis veritatis provident sit. Quo sit vel ut. Sunt a nisi aut mollitia. Ipsam ratione voluptatibus laboriosam laudantium.', NULL, NULL, NULL, '2025-02-16 07:19:34', '2025-02-16 07:19:34'),
(396, 396, 'ar', 'Mrs. Hollie Bartoletti DVM', 'mrs.-hollie-bartoletti-dvm', 'Eligendi voluptatem aut ad voluptatem voluptates aut fugiat inventore. Reprehenderit omnis cum ut voluptas repudiandae numquam. Quae nemo provident commodi accusantium. Consequuntur error dolorem autem perferendis omnis aut.', NULL, NULL, NULL, '2025-02-16 07:19:34', '2025-02-16 07:19:34'),
(397, 397, 'ar', 'Alejandra Fritsch', 'alejandra-fritsch', 'Repudiandae voluptatibus ea dicta est sunt id voluptatem. Impedit reiciendis eum quam qui aut distinctio. Et eveniet voluptatem harum officia non deleniti. Veritatis quia temporibus non magni accusantium.', NULL, NULL, NULL, '2025-02-16 07:19:34', '2025-02-16 07:19:34'),
(398, 398, 'ar', 'Theodore Jacobs', 'theodore-jacobs', 'Aut impedit qui recusandae dolores quo debitis voluptate animi. Et quia deleniti accusamus. Velit qui ea sit distinctio qui esse sit.', NULL, NULL, NULL, '2025-02-16 07:19:34', '2025-02-16 07:19:34'),
(399, 399, 'ar', 'Kane Gerhold', 'kane-gerhold', 'Alias libero qui laudantium sed quia nihil qui dolores. Aut quo adipisci consectetur. Ipsam omnis quisquam voluptate consequatur veritatis.', NULL, NULL, NULL, '2025-02-16 07:19:34', '2025-02-16 07:19:34'),
(400, 400, 'ar', 'Leora Greenfelder', 'leora-greenfelder', 'Omnis nemo et numquam qui. Reprehenderit omnis deleniti adipisci asperiores veniam sed. Voluptatem facere vel voluptatem rem. Aut sed suscipit vero fuga vitae non.', NULL, NULL, NULL, '2025-02-16 07:19:34', '2025-02-16 07:19:34');

-- --------------------------------------------------------

--
-- Table structure for table `portfolio_tags`
--

CREATE TABLE `portfolio_tags` (
  `id` bigint UNSIGNED NOT NULL,
  `sort` int DEFAULT NULL,
  `feature` tinyint DEFAULT NULL,
  `status` tinyint DEFAULT NULL,
  `created_by` bigint UNSIGNED DEFAULT NULL,
  `updated_by` bigint UNSIGNED DEFAULT NULL,
  `deleted_at` timestamp NULL DEFAULT NULL,
  `created_at` timestamp NULL DEFAULT NULL,
  `updated_at` timestamp NULL DEFAULT NULL
) ENGINE=InnoDB DEFAULT CHARSET=utf8mb4 COLLATE=utf8mb4_unicode_ci;

--
-- Dumping data for table `portfolio_tags`
--

INSERT INTO `portfolio_tags` (`id`, `sort`, `feature`, `status`, `created_by`, `updated_by`, `deleted_at`, `created_at`, `updated_at`) VALUES
(301, 65, 2, 1, NULL, NULL, NULL, '2025-02-16 07:19:32', '2025-02-16 07:19:32'),
(302, 7, 1, 1, NULL, NULL, NULL, '2025-02-16 07:19:33', '2025-02-16 07:19:33'),
(303, 22, 1, 2, NULL, NULL, NULL, '2025-02-16 07:19:33', '2025-02-16 07:19:33'),
(304, 33, 2, 2, NULL, NULL, NULL, '2025-02-16 07:19:33', '2025-02-16 07:19:33'),
(305, 80, 1, 2, NULL, NULL, NULL, '2025-02-16 07:19:33', '2025-02-16 07:19:33'),
(306, 58, 2, 1, NULL, NULL, NULL, '2025-02-16 07:19:33', '2025-02-16 07:19:33'),
(307, 34, 1, 2, NULL, NULL, NULL, '2025-02-16 07:19:33', '2025-02-16 07:19:33'),
(308, 67, 2, 1, NULL, NULL, NULL, '2025-02-16 07:19:33', '2025-02-16 07:19:33'),
(309, 74, 2, 1, NULL, NULL, NULL, '2025-02-16 07:19:33', '2025-02-16 07:19:33'),
(310, 13, 2, 2, NULL, NULL, NULL, '2025-02-16 07:19:33', '2025-02-16 07:19:33'),
(311, 9, 1, 1, NULL, NULL, NULL, '2025-02-16 07:19:33', '2025-02-16 07:19:33'),
(312, 15, 1, 1, NULL, NULL, NULL, '2025-02-16 07:19:33', '2025-02-16 07:19:33'),
(313, 81, 2, 1, NULL, NULL, NULL, '2025-02-16 07:19:33', '2025-02-16 07:19:33'),
(314, 17, 2, 2, NULL, NULL, NULL, '2025-02-16 07:19:33', '2025-02-16 07:19:33'),
(315, 35, 2, 1, NULL, NULL, NULL, '2025-02-16 07:19:33', '2025-02-16 07:19:33'),
(316, 83, 1, 2, NULL, NULL, NULL, '2025-02-16 07:19:33', '2025-02-16 07:19:33'),
(317, 44, 2, 1, NULL, NULL, NULL, '2025-02-16 07:19:33', '2025-02-16 07:19:33'),
(318, 1, 2, 1, NULL, NULL, NULL, '2025-02-16 07:19:33', '2025-02-16 07:19:33'),
(319, 15, 2, 1, NULL, NULL, NULL, '2025-02-16 07:19:33', '2025-02-16 07:19:33'),
(320, 48, 1, 1, NULL, NULL, NULL, '2025-02-16 07:19:33', '2025-02-16 07:19:33'),
(321, 26, 2, 1, NULL, NULL, NULL, '2025-02-16 07:19:33', '2025-02-16 07:19:33'),
(322, 28, 2, 1, NULL, NULL, NULL, '2025-02-16 07:19:33', '2025-02-16 07:19:33'),
(323, 33, 2, 1, NULL, NULL, NULL, '2025-02-16 07:19:33', '2025-02-16 07:19:33'),
(324, 68, 1, 2, NULL, NULL, NULL, '2025-02-16 07:19:33', '2025-02-16 07:19:33'),
(325, 78, 2, 2, NULL, NULL, NULL, '2025-02-16 07:19:33', '2025-02-16 07:19:33'),
(326, 95, 1, 1, NULL, NULL, NULL, '2025-02-16 07:19:33', '2025-02-16 07:19:33'),
(327, 21, 2, 2, NULL, NULL, NULL, '2025-02-16 07:19:33', '2025-02-16 07:19:33'),
(328, 30, 1, 2, NULL, NULL, NULL, '2025-02-16 07:19:33', '2025-02-16 07:19:33'),
(329, 3, 2, 2, NULL, NULL, NULL, '2025-02-16 07:19:33', '2025-02-16 07:19:33'),
(330, 5, 2, 1, NULL, NULL, NULL, '2025-02-16 07:19:33', '2025-02-16 07:19:33'),
(331, 75, 2, 2, NULL, NULL, NULL, '2025-02-16 07:19:33', '2025-02-16 07:19:33'),
(332, 14, 2, 1, NULL, NULL, NULL, '2025-02-16 07:19:33', '2025-02-16 07:19:33'),
(333, 61, 2, 2, NULL, NULL, NULL, '2025-02-16 07:19:33', '2025-02-16 07:19:33'),
(334, 98, 2, 1, NULL, NULL, NULL, '2025-02-16 07:19:33', '2025-02-16 07:19:33'),
(335, 14, 1, 2, NULL, NULL, NULL, '2025-02-16 07:19:33', '2025-02-16 07:19:33'),
(336, 7, 1, 2, NULL, NULL, NULL, '2025-02-16 07:19:33', '2025-02-16 07:19:33'),
(337, 69, 1, 1, NULL, NULL, NULL, '2025-02-16 07:19:33', '2025-02-16 07:19:33'),
(338, 88, 1, 2, NULL, NULL, NULL, '2025-02-16 07:19:33', '2025-02-16 07:19:33'),
(339, 31, 1, 1, NULL, NULL, NULL, '2025-02-16 07:19:33', '2025-02-16 07:19:33'),
(340, 65, 2, 2, NULL, NULL, NULL, '2025-02-16 07:19:33', '2025-02-16 07:19:33'),
(341, 88, 1, 2, NULL, NULL, NULL, '2025-02-16 07:19:33', '2025-02-16 07:19:33'),
(342, 73, 1, 2, NULL, NULL, NULL, '2025-02-16 07:19:33', '2025-02-16 07:19:33'),
(343, 93, 2, 1, NULL, NULL, NULL, '2025-02-16 07:19:33', '2025-02-16 07:19:33'),
(344, 15, 2, 1, NULL, NULL, NULL, '2025-02-16 07:19:33', '2025-02-16 07:19:33'),
(345, 54, 1, 1, NULL, NULL, NULL, '2025-02-16 07:19:33', '2025-02-16 07:19:33'),
(346, 58, 2, 1, NULL, NULL, NULL, '2025-02-16 07:19:33', '2025-02-16 07:19:33'),
(347, 28, 2, 2, NULL, NULL, NULL, '2025-02-16 07:19:33', '2025-02-16 07:19:33'),
(348, 98, 1, 1, NULL, NULL, NULL, '2025-02-16 07:19:33', '2025-02-16 07:19:33'),
(349, 79, 1, 1, NULL, NULL, NULL, '2025-02-16 07:19:33', '2025-02-16 07:19:33'),
(350, 51, 1, 2, NULL, NULL, NULL, '2025-02-16 07:19:33', '2025-02-16 07:19:33'),
(351, 98, 1, 1, NULL, NULL, NULL, '2025-02-16 07:19:33', '2025-02-16 07:19:33'),
(352, 67, 1, 2, NULL, NULL, NULL, '2025-02-16 07:19:33', '2025-02-16 07:19:33'),
(353, 19, 1, 2, NULL, NULL, NULL, '2025-02-16 07:19:33', '2025-02-16 07:19:33'),
(354, 26, 2, 1, NULL, NULL, NULL, '2025-02-16 07:19:33', '2025-02-16 07:19:33'),
(355, 34, 1, 2, NULL, NULL, NULL, '2025-02-16 07:19:33', '2025-02-16 07:19:33'),
(356, 43, 2, 1, NULL, NULL, NULL, '2025-02-16 07:19:33', '2025-02-16 07:19:33'),
(357, 90, 2, 2, NULL, NULL, NULL, '2025-02-16 07:19:33', '2025-02-16 07:19:33'),
(358, 34, 2, 2, NULL, NULL, NULL, '2025-02-16 07:19:33', '2025-02-16 07:19:33'),
(359, 8, 2, 2, NULL, NULL, NULL, '2025-02-16 07:19:33', '2025-02-16 07:19:33'),
(360, 87, 1, 1, NULL, NULL, NULL, '2025-02-16 07:19:33', '2025-02-16 07:19:33'),
(361, 66, 1, 1, NULL, NULL, NULL, '2025-02-16 07:19:33', '2025-02-16 07:19:33'),
(362, 70, 1, 1, NULL, NULL, NULL, '2025-02-16 07:19:33', '2025-02-16 07:19:33'),
(363, 28, 1, 2, NULL, NULL, NULL, '2025-02-16 07:19:33', '2025-02-16 07:19:33'),
(364, 51, 2, 2, NULL, NULL, NULL, '2025-02-16 07:19:33', '2025-02-16 07:19:33'),
(365, 11, 2, 2, NULL, NULL, NULL, '2025-02-16 07:19:33', '2025-02-16 07:19:33'),
(366, 9, 1, 2, NULL, NULL, NULL, '2025-02-16 07:19:33', '2025-02-16 07:19:33'),
(367, 51, 2, 2, NULL, NULL, NULL, '2025-02-16 07:19:33', '2025-02-16 07:19:33'),
(368, 47, 2, 1, NULL, NULL, NULL, '2025-02-16 07:19:33', '2025-02-16 07:19:33'),
(369, 38, 2, 1, NULL, NULL, NULL, '2025-02-16 07:19:33', '2025-02-16 07:19:33'),
(370, 98, 1, 1, NULL, NULL, NULL, '2025-02-16 07:19:33', '2025-02-16 07:19:33'),
(371, 58, 2, 2, NULL, NULL, NULL, '2025-02-16 07:19:33', '2025-02-16 07:19:33'),
(372, 21, 1, 2, NULL, NULL, NULL, '2025-02-16 07:19:33', '2025-02-16 07:19:33'),
(373, 53, 1, 2, NULL, NULL, NULL, '2025-02-16 07:19:33', '2025-02-16 07:19:33'),
(374, 7, 1, 2, NULL, NULL, NULL, '2025-02-16 07:19:33', '2025-02-16 07:19:33'),
(375, 88, 1, 2, NULL, NULL, NULL, '2025-02-16 07:19:33', '2025-02-16 07:19:33'),
(376, 92, 2, 1, NULL, NULL, NULL, '2025-02-16 07:19:33', '2025-02-16 07:19:33'),
(377, 41, 2, 2, NULL, NULL, NULL, '2025-02-16 07:19:33', '2025-02-16 07:19:33'),
(378, 56, 2, 1, NULL, NULL, NULL, '2025-02-16 07:19:33', '2025-02-16 07:19:33'),
(379, 80, 1, 1, NULL, NULL, NULL, '2025-02-16 07:19:33', '2025-02-16 07:19:33'),
(380, 67, 2, 1, NULL, NULL, NULL, '2025-02-16 07:19:33', '2025-02-16 07:19:33'),
(381, 74, 2, 2, NULL, NULL, NULL, '2025-02-16 07:19:33', '2025-02-16 07:19:33'),
(382, 65, 1, 1, NULL, NULL, NULL, '2025-02-16 07:19:33', '2025-02-16 07:19:33'),
(383, 33, 1, 2, NULL, NULL, NULL, '2025-02-16 07:19:33', '2025-02-16 07:19:33'),
(384, 40, 1, 2, NULL, NULL, NULL, '2025-02-16 07:19:33', '2025-02-16 07:19:33'),
(385, 9, 2, 2, NULL, NULL, NULL, '2025-02-16 07:19:33', '2025-02-16 07:19:33'),
(386, 34, 1, 1, NULL, NULL, NULL, '2025-02-16 07:19:33', '2025-02-16 07:19:33'),
(387, 17, 2, 2, NULL, NULL, NULL, '2025-02-16 07:19:33', '2025-02-16 07:19:33'),
(388, 56, 1, 1, NULL, NULL, NULL, '2025-02-16 07:19:33', '2025-02-16 07:19:33'),
(389, 81, 1, 2, NULL, NULL, NULL, '2025-02-16 07:19:33', '2025-02-16 07:19:33'),
(390, 25, 2, 2, NULL, NULL, NULL, '2025-02-16 07:19:33', '2025-02-16 07:19:33'),
(391, 22, 1, 1, NULL, NULL, NULL, '2025-02-16 07:19:33', '2025-02-16 07:19:33'),
(392, 56, 1, 2, NULL, NULL, NULL, '2025-02-16 07:19:33', '2025-02-16 07:19:33'),
(393, 27, 1, 2, NULL, NULL, NULL, '2025-02-16 07:19:33', '2025-02-16 07:19:33'),
(394, 80, 1, 1, NULL, NULL, NULL, '2025-02-16 07:19:33', '2025-02-16 07:19:33'),
(395, 49, 2, 2, NULL, NULL, NULL, '2025-02-16 07:19:33', '2025-02-16 07:19:33'),
(396, 94, 2, 2, NULL, NULL, NULL, '2025-02-16 07:19:33', '2025-02-16 07:19:33'),
(397, 32, 2, 1, NULL, NULL, NULL, '2025-02-16 07:19:33', '2025-02-16 07:19:33'),
(398, 22, 2, 2, NULL, NULL, NULL, '2025-02-16 07:19:33', '2025-02-16 07:19:33'),
(399, 63, 1, 2, NULL, NULL, NULL, '2025-02-16 07:19:33', '2025-02-16 07:19:33'),
(400, 75, 2, 1, NULL, NULL, NULL, '2025-02-16 07:19:33', '2025-02-16 07:19:33');

-- --------------------------------------------------------

--
-- Table structure for table `portfolio_tags_translations`
--

CREATE TABLE `portfolio_tags_translations` (
  `id` bigint UNSIGNED NOT NULL,
  `tag_id` bigint UNSIGNED NOT NULL,
  `locale` varchar(255) CHARACTER SET utf8mb4 COLLATE utf8mb4_unicode_ci NOT NULL,
  `title` varchar(255) CHARACTER SET utf8mb4 COLLATE utf8mb4_unicode_ci NOT NULL,
  `slug` varchar(255) CHARACTER SET utf8mb4 COLLATE utf8mb4_unicode_ci DEFAULT NULL,
  `created_at` timestamp NULL DEFAULT NULL,
  `updated_at` timestamp NULL DEFAULT NULL
) ENGINE=InnoDB DEFAULT CHARSET=utf8mb4 COLLATE=utf8mb4_unicode_ci;

--
-- Dumping data for table `portfolio_tags_translations`
--

INSERT INTO `portfolio_tags_translations` (`id`, `tag_id`, `locale`, `title`, `slug`, `created_at`, `updated_at`) VALUES
(301, 301, 'ar', 'Dr. Wilma Becker DDS', 'dr.-wilma-becker-dds', '2025-02-16 07:19:32', '2025-02-16 07:19:32'),
(302, 302, 'ar', 'Burley Ratke', 'burley-ratke', '2025-02-16 07:19:33', '2025-02-16 07:19:33'),
(303, 303, 'ar', 'Mrs. Estell Wuckert', 'mrs.-estell-wuckert', '2025-02-16 07:19:33', '2025-02-16 07:19:33'),
(304, 304, 'ar', 'Mr. Derek Bogisich IV', 'mr.-derek-bogisich-iv', '2025-02-16 07:19:33', '2025-02-16 07:19:33'),
(305, 305, 'ar', 'Ms. Crystel Haag III', 'ms.-crystel-haag-iii', '2025-02-16 07:19:33', '2025-02-16 07:19:33'),
(306, 306, 'ar', 'Tamara Rau', 'tamara-rau', '2025-02-16 07:19:33', '2025-02-16 07:19:33'),
(307, 307, 'ar', 'Noble Windler', 'noble-windler', '2025-02-16 07:19:33', '2025-02-16 07:19:33'),
(308, 308, 'ar', 'Heber Miller', 'heber-miller', '2025-02-16 07:19:33', '2025-02-16 07:19:33'),
(309, 309, 'ar', 'Merritt Nikolaus I', 'merritt-nikolaus-i', '2025-02-16 07:19:33', '2025-02-16 07:19:33'),
(310, 310, 'ar', 'Maxime Gottlieb', 'maxime-gottlieb', '2025-02-16 07:19:33', '2025-02-16 07:19:33'),
(311, 311, 'ar', 'Prof. Garland Feeney IV', 'prof.-garland-feeney-iv', '2025-02-16 07:19:33', '2025-02-16 07:19:33'),
(312, 312, 'ar', 'Alexis Greenholt', 'alexis-greenholt', '2025-02-16 07:19:33', '2025-02-16 07:19:33'),
(313, 313, 'ar', 'Morris Bernier', 'morris-bernier', '2025-02-16 07:19:33', '2025-02-16 07:19:33'),
(314, 314, 'ar', 'Mrs. Bridie Kuhlman', 'mrs.-bridie-kuhlman', '2025-02-16 07:19:33', '2025-02-16 07:19:33'),
(315, 315, 'ar', 'Percy Hickle', 'percy-hickle', '2025-02-16 07:19:33', '2025-02-16 07:19:33'),
(316, 316, 'ar', 'Miss Adrienne Koss DDS', 'miss-adrienne-koss-dds', '2025-02-16 07:19:33', '2025-02-16 07:19:33'),
(317, 317, 'ar', 'Sydni Hoppe IV', 'sydni-hoppe-iv', '2025-02-16 07:19:33', '2025-02-16 07:19:33'),
(318, 318, 'ar', 'Rachel Smith IV', 'rachel-smith-iv', '2025-02-16 07:19:33', '2025-02-16 07:19:33'),
(319, 319, 'ar', 'Ivah Parisian', 'ivah-parisian', '2025-02-16 07:19:33', '2025-02-16 07:19:33'),
(320, 320, 'ar', 'Hollie Jast', 'hollie-jast', '2025-02-16 07:19:33', '2025-02-16 07:19:33'),
(321, 321, 'ar', 'Mrs. Ashly Goldner PhD', 'mrs.-ashly-goldner-phd', '2025-02-16 07:19:33', '2025-02-16 07:19:33'),
(322, 322, 'ar', 'Albin Bednar PhD', 'albin-bednar-phd', '2025-02-16 07:19:33', '2025-02-16 07:19:33'),
(323, 323, 'ar', 'Ms. Crystel Stiedemann Jr.', 'ms.-crystel-stiedemann-jr.', '2025-02-16 07:19:33', '2025-02-16 07:19:33'),
(324, 324, 'ar', 'Jovan McGlynn', 'jovan-mcglynn', '2025-02-16 07:19:33', '2025-02-16 07:19:33'),
(325, 325, 'ar', 'Cheyenne Bruen', 'cheyenne-bruen', '2025-02-16 07:19:33', '2025-02-16 07:19:33'),
(326, 326, 'ar', 'Alanis Schultz', 'alanis-schultz', '2025-02-16 07:19:33', '2025-02-16 07:19:33'),
(327, 327, 'ar', 'Maud Wilkinson', 'maud-wilkinson', '2025-02-16 07:19:33', '2025-02-16 07:19:33'),
(328, 328, 'ar', 'Unique Gulgowski V', 'unique-gulgowski-v', '2025-02-16 07:19:33', '2025-02-16 07:19:33'),
(329, 329, 'ar', 'Prof. Quincy Lehner Sr.', 'prof.-quincy-lehner-sr.', '2025-02-16 07:19:33', '2025-02-16 07:19:33'),
(330, 330, 'ar', 'Haven Auer', 'haven-auer', '2025-02-16 07:19:33', '2025-02-16 07:19:33'),
(331, 331, 'ar', 'Cortney Cummerata', 'cortney-cummerata', '2025-02-16 07:19:33', '2025-02-16 07:19:33'),
(332, 332, 'ar', 'Miss Wilhelmine Schulist', 'miss-wilhelmine-schulist', '2025-02-16 07:19:33', '2025-02-16 07:19:33'),
(333, 333, 'ar', 'Dr. Paolo Hintz V', 'dr.-paolo-hintz-v', '2025-02-16 07:19:33', '2025-02-16 07:19:33'),
(334, 334, 'ar', 'Dr. Louisa Schowalter MD', 'dr.-louisa-schowalter-md', '2025-02-16 07:19:33', '2025-02-16 07:19:33'),
(335, 335, 'ar', 'Bo Armstrong', 'bo-armstrong', '2025-02-16 07:19:33', '2025-02-16 07:19:33'),
(336, 336, 'ar', 'Newell Cruickshank', 'newell-cruickshank', '2025-02-16 07:19:33', '2025-02-16 07:19:33'),
(337, 337, 'ar', 'Mr. Bart Pollich', 'mr.-bart-pollich', '2025-02-16 07:19:33', '2025-02-16 07:19:33'),
(338, 338, 'ar', 'Prof. Therese Langworth', 'prof.-therese-langworth', '2025-02-16 07:19:33', '2025-02-16 07:19:33'),
(339, 339, 'ar', 'Cleora Lubowitz', 'cleora-lubowitz', '2025-02-16 07:19:33', '2025-02-16 07:19:33'),
(340, 340, 'ar', 'Dr. Issac Runte', 'dr.-issac-runte', '2025-02-16 07:19:33', '2025-02-16 07:19:33'),
(341, 341, 'ar', 'Ethelyn Blanda', 'ethelyn-blanda', '2025-02-16 07:19:33', '2025-02-16 07:19:33'),
(342, 342, 'ar', 'Zackery Kilback', 'zackery-kilback', '2025-02-16 07:19:33', '2025-02-16 07:19:33'),
(343, 343, 'ar', 'Ewell Emard', 'ewell-emard', '2025-02-16 07:19:33', '2025-02-16 07:19:33'),
(344, 344, 'ar', 'Madaline Ledner', 'madaline-ledner', '2025-02-16 07:19:33', '2025-02-16 07:19:33'),
(345, 345, 'ar', 'Prof. Katlynn Skiles V', 'prof.-katlynn-skiles-v', '2025-02-16 07:19:33', '2025-02-16 07:19:33'),
(346, 346, 'ar', 'Sincere Simonis', 'sincere-simonis', '2025-02-16 07:19:33', '2025-02-16 07:19:33'),
(347, 347, 'ar', 'Ora Satterfield', 'ora-satterfield', '2025-02-16 07:19:33', '2025-02-16 07:19:33'),
(348, 348, 'ar', 'Christian Hills', 'christian-hills', '2025-02-16 07:19:33', '2025-02-16 07:19:33'),
(349, 349, 'ar', 'Miss Eryn Schmitt II', 'miss-eryn-schmitt-ii', '2025-02-16 07:19:33', '2025-02-16 07:19:33'),
(350, 350, 'ar', 'Luis Ledner', 'luis-ledner', '2025-02-16 07:19:33', '2025-02-16 07:19:33'),
(351, 351, 'ar', 'Murl Lind', 'murl-lind', '2025-02-16 07:19:33', '2025-02-16 07:19:33'),
(352, 352, 'ar', 'Lorine Jacobs', 'lorine-jacobs', '2025-02-16 07:19:33', '2025-02-16 07:19:33'),
(353, 353, 'ar', 'Glenda Cronin V', 'glenda-cronin-v', '2025-02-16 07:19:33', '2025-02-16 07:19:33'),
(354, 354, 'ar', 'Carmella Hermiston', 'carmella-hermiston', '2025-02-16 07:19:33', '2025-02-16 07:19:33'),
(355, 355, 'ar', 'Ramona Prohaska', 'ramona-prohaska', '2025-02-16 07:19:33', '2025-02-16 07:19:33'),
(356, 356, 'ar', 'Sandy Kunde DVM', 'sandy-kunde-dvm', '2025-02-16 07:19:33', '2025-02-16 07:19:33'),
(357, 357, 'ar', 'Ned Connelly', 'ned-connelly', '2025-02-16 07:19:33', '2025-02-16 07:19:33'),
(358, 358, 'ar', 'Breana Zieme PhD', 'breana-zieme-phd', '2025-02-16 07:19:33', '2025-02-16 07:19:33'),
(359, 359, 'ar', 'Grace Boehm', 'grace-boehm', '2025-02-16 07:19:33', '2025-02-16 07:19:33'),
(360, 360, 'ar', 'Dr. Simeon Pacocha PhD', 'dr.-simeon-pacocha-phd', '2025-02-16 07:19:33', '2025-02-16 07:19:33'),
(361, 361, 'ar', 'Prof. Idella Boehm', 'prof.-idella-boehm', '2025-02-16 07:19:33', '2025-02-16 07:19:33'),
(362, 362, 'ar', 'Ezequiel Haley V', 'ezequiel-haley-v', '2025-02-16 07:19:33', '2025-02-16 07:19:33'),
(363, 363, 'ar', 'Andy Koss DVM', 'andy-koss-dvm', '2025-02-16 07:19:33', '2025-02-16 07:19:33'),
(364, 364, 'ar', 'Claudie Price', 'claudie-price', '2025-02-16 07:19:33', '2025-02-16 07:19:33'),
(365, 365, 'ar', 'Kade Schimmel', 'kade-schimmel', '2025-02-16 07:19:33', '2025-02-16 07:19:33'),
(366, 366, 'ar', 'Kaya Torphy Sr.', 'kaya-torphy-sr.', '2025-02-16 07:19:33', '2025-02-16 07:19:33'),
(367, 367, 'ar', 'Ervin Ritchie', 'ervin-ritchie', '2025-02-16 07:19:33', '2025-02-16 07:19:33'),
(368, 368, 'ar', 'Lennie Gorczany IV', 'lennie-gorczany-iv', '2025-02-16 07:19:33', '2025-02-16 07:19:33'),
(369, 369, 'ar', 'Cordie Aufderhar Jr.', 'cordie-aufderhar-jr.', '2025-02-16 07:19:33', '2025-02-16 07:19:33'),
(370, 370, 'ar', 'Devin Stanton Sr.', 'devin-stanton-sr.', '2025-02-16 07:19:33', '2025-02-16 07:19:33'),
(371, 371, 'ar', 'Ms. Willa Murphy II', 'ms.-willa-murphy-ii', '2025-02-16 07:19:33', '2025-02-16 07:19:33'),
(372, 372, 'ar', 'Alysson Powlowski', 'alysson-powlowski', '2025-02-16 07:19:33', '2025-02-16 07:19:33'),
(373, 373, 'ar', 'Mr. Easter Zieme', 'mr.-easter-zieme', '2025-02-16 07:19:33', '2025-02-16 07:19:33'),
(374, 374, 'ar', 'Ewald Brown', 'ewald-brown', '2025-02-16 07:19:33', '2025-02-16 07:19:33'),
(375, 375, 'ar', 'Cyrus Boyle III', 'cyrus-boyle-iii', '2025-02-16 07:19:33', '2025-02-16 07:19:33'),
(376, 376, 'ar', 'Winona Tremblay DDS', 'winona-tremblay-dds', '2025-02-16 07:19:33', '2025-02-16 07:19:33'),
(377, 377, 'ar', 'Blake Koelpin Jr.', 'blake-koelpin-jr.', '2025-02-16 07:19:33', '2025-02-16 07:19:33'),
(378, 378, 'ar', 'Aditya Beier', 'aditya-beier', '2025-02-16 07:19:33', '2025-02-16 07:19:33'),
(379, 379, 'ar', 'Guido Ledner', 'guido-ledner', '2025-02-16 07:19:33', '2025-02-16 07:19:33'),
(380, 380, 'ar', 'Clemmie Reinger II', 'clemmie-reinger-ii', '2025-02-16 07:19:33', '2025-02-16 07:19:33'),
(381, 381, 'ar', 'Malachi Kub DVM', 'malachi-kub-dvm', '2025-02-16 07:19:33', '2025-02-16 07:19:33'),
(382, 382, 'ar', 'Alena Gibson V', 'alena-gibson-v', '2025-02-16 07:19:33', '2025-02-16 07:19:33'),
(383, 383, 'ar', 'Prof. Julio Terry', 'prof.-julio-terry', '2025-02-16 07:19:33', '2025-02-16 07:19:33'),
(384, 384, 'ar', 'John Simonis', 'john-simonis', '2025-02-16 07:19:33', '2025-02-16 07:19:33'),
(385, 385, 'ar', 'Dr. Blair Zieme III', 'dr.-blair-zieme-iii', '2025-02-16 07:19:33', '2025-02-16 07:19:33'),
(386, 386, 'ar', 'Princess Feest', 'princess-feest', '2025-02-16 07:19:33', '2025-02-16 07:19:33'),
(387, 387, 'ar', 'Kaitlyn Denesik', 'kaitlyn-denesik', '2025-02-16 07:19:33', '2025-02-16 07:19:33'),
(388, 388, 'ar', 'Dr. Kylie Purdy I', 'dr.-kylie-purdy-i', '2025-02-16 07:19:33', '2025-02-16 07:19:33'),
(389, 389, 'ar', 'Russ Bogisich', 'russ-bogisich', '2025-02-16 07:19:33', '2025-02-16 07:19:33'),
(390, 390, 'ar', 'Mariela Dickens DVM', 'mariela-dickens-dvm', '2025-02-16 07:19:33', '2025-02-16 07:19:33'),
(391, 391, 'ar', 'Johnpaul Russel', 'johnpaul-russel', '2025-02-16 07:19:33', '2025-02-16 07:19:33'),
(392, 392, 'ar', 'Mr. Danial Upton PhD', 'mr.-danial-upton-phd', '2025-02-16 07:19:33', '2025-02-16 07:19:33'),
(393, 393, 'ar', 'Israel Olson', 'israel-olson', '2025-02-16 07:19:33', '2025-02-16 07:19:33'),
(394, 394, 'ar', 'Emile Reichert', 'emile-reichert', '2025-02-16 07:19:33', '2025-02-16 07:19:33'),
(395, 395, 'ar', 'Prof. Velva Kuphal', 'prof.-velva-kuphal', '2025-02-16 07:19:33', '2025-02-16 07:19:33'),
(396, 396, 'ar', 'Mr. Milo Purdy Sr.', 'mr.-milo-purdy-sr.', '2025-02-16 07:19:33', '2025-02-16 07:19:33'),
(397, 397, 'ar', 'Dr. Martine Upton', 'dr.-martine-upton', '2025-02-16 07:19:33', '2025-02-16 07:19:33'),
(398, 398, 'ar', 'Beulah Cartwright', 'beulah-cartwright', '2025-02-16 07:19:33', '2025-02-16 07:19:33'),
(399, 399, 'ar', 'Mrs. Jenifer Sauer DVM', 'mrs.-jenifer-sauer-dvm', '2025-02-16 07:19:33', '2025-02-16 07:19:33'),
(400, 400, 'ar', 'Mr. Emmitt Barton', 'mr.-emmitt-barton', '2025-02-16 07:19:33', '2025-02-16 07:19:33');

-- --------------------------------------------------------

--
-- Table structure for table `products`
--

CREATE TABLE `products` (
  `id` bigint UNSIGNED NOT NULL,
  `sort` int DEFAULT NULL,
  `price` double(8,2) DEFAULT NULL,
  `donation_type` longtext CHARACTER SET utf8mb4 COLLATE utf8mb4_unicode_ci,
  `vendor_price` double(8,2) DEFAULT NULL,
  `sku` varchar(255) CHARACTER SET utf8mb4 COLLATE utf8mb4_unicode_ci DEFAULT NULL,
  `image` text CHARACTER SET utf8mb4 COLLATE utf8mb4_unicode_ci,
  `cover_image` varchar(255) CHARACTER SET utf8mb4 COLLATE utf8mb4_unicode_ci DEFAULT NULL,
  `quantity` varchar(255) CHARACTER SET utf8mb4 COLLATE utf8mb4_unicode_ci DEFAULT NULL,
  `start_at` varchar(255) CHARACTER SET utf8mb4 COLLATE utf8mb4_unicode_ci DEFAULT NULL,
  `end_at` varchar(255) CHARACTER SET utf8mb4 COLLATE utf8mb4_unicode_ci DEFAULT NULL,
  `sale_price` double(8,2) DEFAULT NULL,
  `is_variance` tinyint DEFAULT '0',
  `feature` tinyint DEFAULT NULL,
  `is_cheacked` tinyint DEFAULT NULL,
  `created_by` bigint UNSIGNED DEFAULT NULL,
  `updated_by` bigint UNSIGNED DEFAULT NULL,
  `status` enum('published','draft','pending','approved','unpublished','review','rejected') CHARACTER SET utf8mb4 COLLATE utf8mb4_unicode_ci NOT NULL DEFAULT 'unpublished' COMMENT 'pulished, draft,pending,approved,upublished,review,rejected',
  `vendor_id` bigint UNSIGNED NOT NULL,
  `category_id` bigint UNSIGNED NOT NULL,
  `deleted_at` timestamp NULL DEFAULT NULL,
  `created_at` timestamp NULL DEFAULT NULL,
  `updated_at` timestamp NULL DEFAULT NULL
) ENGINE=InnoDB DEFAULT CHARSET=utf8mb4 COLLATE=utf8mb4_unicode_ci;

-- --------------------------------------------------------

--
-- Table structure for table `product_attributes_vales`
--

CREATE TABLE `product_attributes_vales` (
  `id` bigint UNSIGNED NOT NULL,
  `variance_id` bigint UNSIGNED NOT NULL,
  `attribute_value_id` bigint UNSIGNED NOT NULL,
  `created_at` timestamp NULL DEFAULT NULL,
  `updated_at` timestamp NULL DEFAULT NULL
) ENGINE=InnoDB DEFAULT CHARSET=utf8mb4 COLLATE=utf8mb4_unicode_ci;

-- --------------------------------------------------------

--
-- Table structure for table `product_attribute_sets`
--

CREATE TABLE `product_attribute_sets` (
  `id` bigint UNSIGNED NOT NULL,
  `product_id` bigint UNSIGNED NOT NULL,
  `attribute_id` bigint UNSIGNED NOT NULL,
  `created_at` timestamp NULL DEFAULT NULL,
  `updated_at` timestamp NULL DEFAULT NULL
) ENGINE=InnoDB DEFAULT CHARSET=utf8mb4 COLLATE=utf8mb4_unicode_ci;

-- --------------------------------------------------------

--
-- Table structure for table `product_categories`
--

CREATE TABLE `product_categories` (
  `id` bigint UNSIGNED NOT NULL,
  `parent_id` bigint UNSIGNED DEFAULT NULL,
  `level` int DEFAULT '1',
  `sort` int DEFAULT '0',
  `feature` tinyint DEFAULT '1',
  `status` tinyint DEFAULT '1',
  `image` varchar(255) CHARACTER SET utf8mb4 COLLATE utf8mb4_unicode_ci DEFAULT NULL,
  `bcakground_image` varchar(255) CHARACTER SET utf8mb4 COLLATE utf8mb4_unicode_ci DEFAULT NULL,
  `background_color` varchar(255) CHARACTER SET utf8mb4 COLLATE utf8mb4_unicode_ci DEFAULT NULL,
  `created_by` bigint UNSIGNED DEFAULT NULL,
  `updated_by` bigint UNSIGNED DEFAULT NULL,
  `deleted_at` timestamp NULL DEFAULT NULL,
  `created_at` timestamp NULL DEFAULT NULL,
  `updated_at` timestamp NULL DEFAULT NULL
) ENGINE=InnoDB DEFAULT CHARSET=utf8mb4 COLLATE=utf8mb4_unicode_ci;

-- --------------------------------------------------------

--
-- Table structure for table `product_category_translations`
--

CREATE TABLE `product_category_translations` (
  `id` bigint UNSIGNED NOT NULL,
  `category_id` bigint UNSIGNED NOT NULL,
  `locale` varchar(255) CHARACTER SET utf8mb4 COLLATE utf8mb4_unicode_ci NOT NULL,
  `title` varchar(255) CHARACTER SET utf8mb4 COLLATE utf8mb4_unicode_ci NOT NULL,
  `slug` varchar(255) CHARACTER SET utf8mb4 COLLATE utf8mb4_unicode_ci DEFAULT NULL,
  `description` longtext CHARACTER SET utf8mb4 COLLATE utf8mb4_unicode_ci,
  `content` longtext CHARACTER SET utf8mb4 COLLATE utf8mb4_unicode_ci,
  `meta_title` varchar(255) CHARACTER SET utf8mb4 COLLATE utf8mb4_unicode_ci DEFAULT NULL,
  `meta_description` varchar(255) CHARACTER SET utf8mb4 COLLATE utf8mb4_unicode_ci DEFAULT NULL,
  `meta_key` varchar(255) CHARACTER SET utf8mb4 COLLATE utf8mb4_unicode_ci DEFAULT NULL,
  `created_at` timestamp NULL DEFAULT NULL,
  `updated_at` timestamp NULL DEFAULT NULL
) ENGINE=InnoDB DEFAULT CHARSET=utf8mb4 COLLATE=utf8mb4_unicode_ci;

-- --------------------------------------------------------

--
-- Table structure for table `product_tag_pivots`
--

CREATE TABLE `product_tag_pivots` (
  `id` bigint UNSIGNED NOT NULL,
  `product_id` bigint UNSIGNED NOT NULL,
  `tag_id` bigint UNSIGNED NOT NULL,
  `deleted_at` timestamp NULL DEFAULT NULL,
  `created_at` timestamp NULL DEFAULT NULL,
  `updated_at` timestamp NULL DEFAULT NULL
) ENGINE=InnoDB DEFAULT CHARSET=utf8mb4 COLLATE=utf8mb4_unicode_ci;

-- --------------------------------------------------------

--
-- Table structure for table `product_translations`
--

CREATE TABLE `product_translations` (
  `id` bigint UNSIGNED NOT NULL,
  `product_id` bigint UNSIGNED NOT NULL,
  `locale` varchar(255) CHARACTER SET utf8mb4 COLLATE utf8mb4_unicode_ci NOT NULL,
  `title` varchar(255) CHARACTER SET utf8mb4 COLLATE utf8mb4_unicode_ci NOT NULL,
  `slug` varchar(255) CHARACTER SET utf8mb4 COLLATE utf8mb4_unicode_ci DEFAULT NULL,
  `description` longtext CHARACTER SET utf8mb4 COLLATE utf8mb4_unicode_ci,
  `content` longtext CHARACTER SET utf8mb4 COLLATE utf8mb4_unicode_ci,
  `meta_title` varchar(255) CHARACTER SET utf8mb4 COLLATE utf8mb4_unicode_ci DEFAULT NULL,
  `meta_description` longtext CHARACTER SET utf8mb4 COLLATE utf8mb4_unicode_ci,
  `meta_key` varchar(255) CHARACTER SET utf8mb4 COLLATE utf8mb4_unicode_ci DEFAULT NULL,
  `created_at` timestamp NULL DEFAULT NULL,
  `updated_at` timestamp NULL DEFAULT NULL
) ENGINE=InnoDB DEFAULT CHARSET=utf8mb4 COLLATE=utf8mb4_unicode_ci;

-- --------------------------------------------------------

--
-- Table structure for table `product_variances`
--

CREATE TABLE `product_variances` (
  `id` bigint UNSIGNED NOT NULL,
  `product_id` bigint UNSIGNED NOT NULL,
  `variance_id` bigint UNSIGNED NOT NULL,
  `default` tinyint DEFAULT '0',
  `deleted_at` timestamp NULL DEFAULT NULL,
  `created_at` timestamp NULL DEFAULT NULL,
  `updated_at` timestamp NULL DEFAULT NULL
) ENGINE=InnoDB DEFAULT CHARSET=utf8mb4 COLLATE=utf8mb4_unicode_ci;

-- --------------------------------------------------------

--
-- Table structure for table `projects`
--

CREATE TABLE `projects` (
  `id` bigint UNSIGNED NOT NULL,
  `portfolio_id` bigint UNSIGNED NOT NULL,
  `image` varchar(255) CHARACTER SET utf8mb4 COLLATE utf8mb4_unicode_ci DEFAULT NULL,
  `sort` int DEFAULT '0',
  `status` tinyint DEFAULT '1',
  `created_by` bigint UNSIGNED DEFAULT NULL,
  `updated_by` bigint UNSIGNED DEFAULT NULL,
  `deleted_at` timestamp NULL DEFAULT NULL,
  `created_at` timestamp NULL DEFAULT NULL,
  `updated_at` timestamp NULL DEFAULT NULL
) ENGINE=InnoDB DEFAULT CHARSET=utf8mb4 COLLATE=utf8mb4_unicode_ci;

-- --------------------------------------------------------

--
-- Table structure for table `projects_translations`
--

CREATE TABLE `projects_translations` (
  `id` bigint UNSIGNED NOT NULL,
  `project_id` bigint UNSIGNED NOT NULL,
  `locale` varchar(255) CHARACTER SET utf8mb4 COLLATE utf8mb4_unicode_ci NOT NULL,
  `title` varchar(255) CHARACTER SET utf8mb4 COLLATE utf8mb4_unicode_ci NOT NULL,
  `slug` varchar(255) CHARACTER SET utf8mb4 COLLATE utf8mb4_unicode_ci DEFAULT NULL,
  `meta_title` varchar(255) CHARACTER SET utf8mb4 COLLATE utf8mb4_unicode_ci DEFAULT NULL,
  `meta_description` longtext CHARACTER SET utf8mb4 COLLATE utf8mb4_unicode_ci,
  `meta_key` longtext CHARACTER SET utf8mb4 COLLATE utf8mb4_unicode_ci,
  `created_at` timestamp NULL DEFAULT NULL,
  `updated_at` timestamp NULL DEFAULT NULL
) ENGINE=InnoDB DEFAULT CHARSET=utf8mb4 COLLATE=utf8mb4_unicode_ci;

-- --------------------------------------------------------

--
-- Table structure for table `refers`
--

CREATE TABLE `refers` (
  `id` bigint UNSIGNED NOT NULL,
  `code` varchar(6) COLLATE utf8mb4_unicode_ci NOT NULL,
  `account_id` bigint UNSIGNED NOT NULL,
  `slug` varchar(255) CHARACTER SET utf8mb4 COLLATE utf8mb4_unicode_ci NOT NULL,
  `name` varchar(255) CHARACTER SET utf8mb4 COLLATE utf8mb4_unicode_ci NOT NULL,
  `employee_name` varchar(255) CHARACTER SET utf8mb4 COLLATE utf8mb4_unicode_ci DEFAULT NULL,
  `employee_number` varchar(255) CHARACTER SET utf8mb4 COLLATE utf8mb4_unicode_ci DEFAULT NULL,
  `employee_image` varchar(255) CHARACTER SET utf8mb4 COLLATE utf8mb4_unicode_ci DEFAULT NULL,
  `employee_department` varchar(255) CHARACTER SET utf8mb4 COLLATE utf8mb4_unicode_ci DEFAULT NULL,
  `ax_store_name` varchar(255) CHARACTER SET utf8mb4 COLLATE utf8mb4_unicode_ci DEFAULT NULL,
  `job` varchar(255) CHARACTER SET utf8mb4 COLLATE utf8mb4_unicode_ci DEFAULT NULL,
  `whatsapp` varchar(255) CHARACTER SET utf8mb4 COLLATE utf8mb4_unicode_ci DEFAULT NULL,
  `location` varchar(255) CHARACTER SET utf8mb4 COLLATE utf8mb4_unicode_ci DEFAULT NULL,
  `details` varchar(255) CHARACTER SET utf8mb4 COLLATE utf8mb4_unicode_ci DEFAULT NULL,
  `status` tinyint DEFAULT NULL,
  `is_cashier` tinyint(1) NOT NULL DEFAULT '0',
  `is_group_manager` tinyint(1) NOT NULL DEFAULT '0',
  `deleted_at` timestamp NULL DEFAULT NULL,
  `created_at` timestamp NULL DEFAULT NULL,
  `updated_at` timestamp NULL DEFAULT NULL
) ENGINE=InnoDB DEFAULT CHARSET=utf8mb4 COLLATE=utf8mb4_unicode_ci;

--
-- Dumping data for table `refers`
--

INSERT INTO `refers` (`id`, `code`, `account_id`, `slug`, `name`, `employee_name`, `employee_number`, `employee_image`, `employee_department`, `ax_store_name`, `job`, `whatsapp`, `location`, `details`, `status`, `is_cashier`, `is_group_manager`, `deleted_at`, `created_at`, `updated_at`) VALUES
(1, '', 2, 'Francisco Monahan DDS', 'Francisco Monahan DDS', 'Glenda O\'Hara', NULL, NULL, 'Cielo Strosin', NULL, NULL, NULL, NULL, NULL, 1, 0, 0, NULL, '2025-02-16 07:19:49', '2025-08-10 09:20:27'),
(2, '', 3, 'Clifford Pagac', 'Clifford Pagac', 'Miss Stacy Jast', NULL, NULL, 'Queenie Wolf', NULL, NULL, NULL, NULL, NULL, NULL, 0, 0, NULL, '2025-02-16 07:19:49', '2025-02-16 07:19:49'),
(3, '', 4, 'Clyde Maggio', 'Clyde Maggio', 'Miss Sunny Marquardt', NULL, NULL, 'Deron Legros', NULL, NULL, NULL, NULL, NULL, NULL, 0, 0, NULL, '2025-02-16 07:19:49', '2025-02-16 07:19:49'),
(4, '', 5, 'Athena Hegmann', 'Athena Hegmann', 'Ottis Romaguera', NULL, NULL, 'Everardo Jones', NULL, NULL, NULL, NULL, NULL, NULL, 0, 0, NULL, '2025-02-16 07:19:49', '2025-02-16 07:19:49'),
(5, '', 6, 'Eric Mosciski DVM', 'Eric Mosciski DVM', 'Novella Reinger', NULL, NULL, 'Aletha Conn', NULL, NULL, NULL, NULL, NULL, NULL, 0, 0, NULL, '2025-02-16 07:19:49', '2025-02-16 07:19:49'),
(6, '', 7, 'Kacey Reichert', 'Kacey Reichert', 'Aaron Effertz', NULL, NULL, 'Sonia Schinner', NULL, NULL, NULL, NULL, NULL, NULL, 0, 0, NULL, '2025-02-16 07:19:49', '2025-02-16 07:19:49'),
(7, '', 8, 'Raymond Lowe', 'Raymond Lowe', 'Destiny Waelchi', NULL, NULL, 'Marjolaine Altenwerth Sr.', NULL, NULL, NULL, NULL, NULL, NULL, 0, 0, NULL, '2025-02-16 07:19:49', '2025-02-16 07:19:49'),
(8, '', 9, 'Kelly Haag', 'Kelly Haag', 'Dr. Marvin Wiegand II', NULL, NULL, 'Sheila Zemlak', NULL, NULL, NULL, NULL, NULL, NULL, 0, 0, NULL, '2025-02-16 07:19:49', '2025-02-16 07:19:49'),
(9, '', 10, 'Amari Rogahn IV', 'Amari Rogahn IV', 'Alyce Murray', NULL, NULL, 'Pamela Hagenes II', NULL, NULL, NULL, NULL, NULL, NULL, 0, 0, NULL, '2025-02-16 07:19:49', '2025-02-16 07:19:49'),
(10, '', 11, 'Mr. Perry Leannon', 'Mr. Perry Leannon', 'Mr. Keagan Cremin', NULL, NULL, 'Chasity Robel', NULL, NULL, NULL, NULL, NULL, NULL, 0, 0, NULL, '2025-02-16 07:19:49', '2025-02-16 07:19:49'),
(11, '', 12, 'Max Casper', 'Max Casper', 'Jose Pagac Sr.', NULL, NULL, 'Mrs. Delpha Boyle Jr.', NULL, NULL, NULL, NULL, NULL, NULL, 0, 0, NULL, '2025-02-16 07:19:49', '2025-02-16 07:19:49'),
(12, '', 13, 'Prof. Genoveva Strosin', 'Prof. Genoveva Strosin', 'Dr. Jameson Corwin', NULL, NULL, 'Sierra McGlynn', NULL, NULL, NULL, NULL, NULL, NULL, 0, 0, NULL, '2025-02-16 07:19:49', '2025-02-16 07:19:49'),
(13, '', 14, 'Dr. Hardy Miller', 'Dr. Hardy Miller', 'Mr. Devonte Cruickshank IV', NULL, NULL, 'Hollis Boehm', NULL, NULL, NULL, NULL, NULL, NULL, 0, 0, NULL, '2025-02-16 07:19:49', '2025-02-16 07:19:49'),
(14, '', 15, 'Carmelo Hessel', 'Carmelo Hessel', 'Prof. Kelley Ruecker Jr.', NULL, NULL, 'Prof. Deangelo Conroy', NULL, NULL, NULL, NULL, NULL, NULL, 0, 0, NULL, '2025-02-16 07:19:49', '2025-02-16 07:19:49'),
(15, '', 16, 'Faustino Bauch', 'Faustino Bauch', 'Mariana Brakus', NULL, NULL, 'Mr. Fausto Abshire', NULL, NULL, NULL, NULL, NULL, NULL, 0, 0, NULL, '2025-02-16 07:19:49', '2025-02-16 07:19:49'),
(16, '', 17, 'Dr. Gail Cartwright V', 'Dr. Gail Cartwright V', 'Elliot Corwin', NULL, NULL, 'Samson Jerde V', NULL, NULL, NULL, NULL, NULL, NULL, 0, 0, NULL, '2025-02-16 07:19:49', '2025-02-16 07:19:49'),
(17, '', 18, 'Jamaal Spinka', 'Jamaal Spinka', 'Dedrick Nolan', NULL, NULL, 'Prof. Jerald Bode', NULL, NULL, NULL, NULL, NULL, NULL, 0, 0, NULL, '2025-02-16 07:19:49', '2025-02-16 07:19:49'),
(18, '', 19, 'Jacinthe Stroman III', 'Jacinthe Stroman III', 'Nora Feest', NULL, NULL, 'Deangelo Trantow', NULL, NULL, NULL, NULL, NULL, NULL, 0, 0, NULL, '2025-02-16 07:19:49', '2025-02-16 07:19:49'),
(19, '', 20, 'Hellen Kuphal', 'Hellen Kuphal', 'Jaeden Huel', NULL, NULL, 'Dr. Giovani Wilderman Sr.', NULL, NULL, NULL, NULL, NULL, NULL, 0, 0, NULL, '2025-02-16 07:19:49', '2025-02-16 07:19:49'),
(20, '', 21, 'Rowena Kessler', 'Rowena Kessler', 'Baron Cassin', NULL, NULL, 'Miss Kianna Conroy Jr.', NULL, NULL, NULL, NULL, NULL, NULL, 0, 0, NULL, '2025-02-16 07:19:49', '2025-02-16 07:19:49'),
(21, '', 22, 'Timothy Thompson', 'Timothy Thompson', 'Harry Witting', NULL, NULL, 'Miss Madeline Howe V', NULL, NULL, NULL, NULL, NULL, NULL, 0, 0, NULL, '2025-02-16 07:19:49', '2025-02-16 07:19:49'),
(22, '', 23, 'Javon Raynor V', 'Javon Raynor V', 'Emerald Wuckert III', NULL, NULL, 'Orlando Borer I', NULL, NULL, NULL, NULL, NULL, NULL, 0, 0, NULL, '2025-02-16 07:19:49', '2025-02-16 07:19:49'),
(23, '', 24, 'Rosie Gislason', 'Rosie Gislason', 'Prof. Drew Jacobson', NULL, NULL, 'Prof. Madaline Hirthe II', NULL, NULL, NULL, NULL, NULL, NULL, 0, 0, NULL, '2025-02-16 07:19:49', '2025-02-16 07:19:49'),
(24, '', 25, 'Marilyne Treutel', 'Marilyne Treutel', 'Edyth Huels', NULL, NULL, 'Guido Spinka MD', NULL, NULL, NULL, NULL, NULL, NULL, 0, 0, NULL, '2025-02-16 07:19:49', '2025-02-16 07:19:49'),
(25, '', 26, 'Gabriel Gerhold I', 'Gabriel Gerhold I', 'Ms. Alvera Schultz', NULL, NULL, 'Horacio Medhurst', NULL, NULL, NULL, NULL, NULL, NULL, 0, 0, NULL, '2025-02-16 07:19:49', '2025-02-16 07:19:49'),
(26, '', 27, 'Miss Roslyn Bechtelar', 'Miss Roslyn Bechtelar', 'Mrs. Aubrey Flatley I', NULL, NULL, 'Amparo West', NULL, NULL, NULL, NULL, NULL, NULL, 0, 0, NULL, '2025-02-16 07:19:49', '2025-02-16 07:19:49'),
(27, '', 28, 'Miss Berneice Halvorson', 'Miss Berneice Halvorson', 'Myrtis Dare', NULL, NULL, 'Mr. Efren Bruen', NULL, NULL, NULL, NULL, NULL, NULL, 0, 0, NULL, '2025-02-16 07:19:49', '2025-02-16 07:19:49'),
(28, '', 29, 'Haylee Renner Jr.', 'Haylee Renner Jr.', 'Everette Towne', NULL, NULL, 'Terry Wolff', NULL, NULL, NULL, NULL, NULL, NULL, 0, 0, NULL, '2025-02-16 07:19:49', '2025-02-16 07:19:49'),
(29, '', 30, 'Eva Nitzsche', 'Eva Nitzsche', 'Alvis Schumm', NULL, NULL, 'Dr. Kevon Brakus DDS', NULL, NULL, NULL, NULL, NULL, NULL, 0, 0, NULL, '2025-02-16 07:19:49', '2025-02-16 07:19:49'),
(30, '', 31, 'Stefan Witting', 'Stefan Witting', 'Mrs. Josianne Spencer Sr.', NULL, NULL, 'Murray Bartoletti I', NULL, NULL, NULL, NULL, NULL, NULL, 0, 0, NULL, '2025-02-16 07:19:49', '2025-02-16 07:19:49'),
(31, '', 32, 'Jaunita Hane', 'Jaunita Hane', 'Dr. Amelia Beier IV', NULL, NULL, 'Dr. Phoebe Graham', NULL, NULL, NULL, NULL, NULL, NULL, 0, 0, NULL, '2025-02-16 07:19:49', '2025-02-16 07:19:49'),
(32, '', 33, 'Zane Lubowitz', 'Zane Lubowitz', 'Orion Reinger', NULL, NULL, 'Dr. Berry O\'Hara II', NULL, NULL, NULL, NULL, NULL, NULL, 0, 0, NULL, '2025-02-16 07:19:49', '2025-02-16 07:19:49'),
(33, '', 34, 'Antonio Boehm', 'Antonio Boehm', 'Dr. Halle Jaskolski', NULL, NULL, 'Prof. Shana Daugherty Jr.', NULL, NULL, NULL, NULL, NULL, NULL, 0, 0, NULL, '2025-02-16 07:19:49', '2025-02-16 07:19:49'),
(34, '', 35, 'Miss Maida Ebert', 'Miss Maida Ebert', 'Keagan Kozey', NULL, NULL, 'Kelly Gulgowski', NULL, NULL, NULL, NULL, NULL, NULL, 0, 0, NULL, '2025-02-16 07:19:49', '2025-02-16 07:19:49'),
(35, '', 36, 'Janie Wiegand PhD', 'Janie Wiegand PhD', 'Owen Hermiston DDS', NULL, NULL, 'Noe Stracke Sr.', NULL, NULL, NULL, NULL, NULL, NULL, 0, 0, NULL, '2025-02-16 07:19:49', '2025-02-16 07:19:49'),
(36, '', 37, 'Randal Hill', 'Randal Hill', 'Raina Hagenes', NULL, NULL, 'Rae Lesch DDS', NULL, NULL, NULL, NULL, NULL, NULL, 0, 0, NULL, '2025-02-16 07:19:49', '2025-02-16 07:19:49'),
(37, '', 38, 'Rogers Gottlieb', 'Rogers Gottlieb', 'Hoyt Cassin', NULL, NULL, 'Dixie Smith', NULL, NULL, NULL, NULL, NULL, NULL, 0, 0, NULL, '2025-02-16 07:19:49', '2025-02-16 07:19:49'),
(38, '', 39, 'Nicklaus Goodwin', 'Nicklaus Goodwin', 'Markus Aufderhar', NULL, NULL, 'Mr. Orin Block', NULL, NULL, NULL, NULL, NULL, NULL, 0, 0, NULL, '2025-02-16 07:19:49', '2025-02-16 07:19:49'),
(39, '', 40, 'Garret Lindgren', 'Garret Lindgren', 'Mr. Isaias Sanford MD', NULL, NULL, 'Damian Kohler', NULL, NULL, NULL, NULL, NULL, NULL, 0, 0, NULL, '2025-02-16 07:19:49', '2025-02-16 07:19:49'),
(40, '', 41, 'Ariane Bechtelar', 'Ariane Bechtelar', 'Clint McKenzie', NULL, NULL, 'Domenico Ledner', NULL, NULL, NULL, NULL, NULL, NULL, 0, 0, NULL, '2025-02-16 07:19:49', '2025-02-16 07:19:49'),
(41, '', 42, 'Kevon Bailey', 'Kevon Bailey', 'Lafayette Satterfield', NULL, NULL, 'Dr. Webster Lemke', NULL, NULL, NULL, NULL, NULL, NULL, 0, 0, NULL, '2025-02-16 07:19:49', '2025-02-16 07:19:49'),
(42, '', 43, 'Dr. Triston Witting', 'Dr. Triston Witting', 'Felicia Sanford', NULL, NULL, 'Adonis Zboncak', NULL, NULL, NULL, NULL, NULL, NULL, 0, 0, NULL, '2025-02-16 07:19:49', '2025-02-16 07:19:49'),
(43, '', 44, 'Anabel Rice DDS', 'Anabel Rice DDS', 'Oleta Kozey', NULL, NULL, 'Miguel Hills', NULL, NULL, NULL, NULL, NULL, NULL, 0, 0, NULL, '2025-02-16 07:19:49', '2025-02-16 07:19:49'),
(44, '', 45, 'Laverna Keebler', 'Laverna Keebler', 'Meaghan Cummings IV', NULL, NULL, 'Jedediah Leuschke', NULL, NULL, NULL, NULL, NULL, NULL, 0, 0, NULL, '2025-02-16 07:19:49', '2025-02-16 07:19:49'),
(45, '', 46, 'Kayden Schuster DVM', 'Kayden Schuster DVM', 'Ms. Kaia Jerde Jr.', NULL, NULL, 'Prof. Leonora Mraz', NULL, NULL, NULL, NULL, NULL, NULL, 0, 0, NULL, '2025-02-16 07:19:49', '2025-02-16 07:19:49'),
(46, '', 47, 'Ward Lehner Jr.', 'Ward Lehner Jr.', 'Jeffry Christiansen', NULL, NULL, 'Prof. Laverne Mante', NULL, NULL, NULL, NULL, NULL, NULL, 0, 0, NULL, '2025-02-16 07:19:49', '2025-02-16 07:19:49'),
(47, '', 48, 'Dale Keeling', 'Dale Keeling', 'Kaci Kautzer', NULL, NULL, 'Sebastian Graham', NULL, NULL, NULL, NULL, NULL, NULL, 0, 0, NULL, '2025-02-16 07:19:49', '2025-02-16 07:19:49'),
(48, '', 49, 'Lorna Medhurst', 'Lorna Medhurst', 'Carole Dietrich', NULL, NULL, 'Chasity Feil', NULL, NULL, NULL, NULL, NULL, NULL, 0, 0, NULL, '2025-02-16 07:19:49', '2025-02-16 07:19:49'),
(49, '', 50, 'Lia Daniel', 'Lia Daniel', 'Ryder Rempel', NULL, NULL, 'Ephraim Fadel', NULL, NULL, NULL, NULL, NULL, NULL, 0, 0, NULL, '2025-02-16 07:19:49', '2025-02-16 07:19:49'),
(50, '', 51, 'Augustine Goodwin', 'Augustine Goodwin', 'Dwight Hodkiewicz', NULL, NULL, 'Eve Padberg', NULL, NULL, NULL, NULL, NULL, NULL, 0, 0, NULL, '2025-02-16 07:19:49', '2025-02-16 07:19:49'),
(51, '', 52, 'Dr. Abigail Brekke DVM', 'Dr. Abigail Brekke DVM', 'Magnolia Yundt IV', NULL, NULL, 'Urban Walter', NULL, NULL, NULL, NULL, NULL, NULL, 0, 0, NULL, '2025-02-16 07:19:49', '2025-02-16 07:19:49'),
(52, '', 53, 'Lorna Wyman', 'Lorna Wyman', 'Mr. Robert Volkman', NULL, NULL, 'Cristal Quigley', NULL, NULL, NULL, NULL, NULL, NULL, 0, 0, NULL, '2025-02-16 07:19:49', '2025-02-16 07:19:49'),
(53, '', 54, 'Burnice Predovic', 'Burnice Predovic', 'Noemi Roberts', NULL, NULL, 'Dr. Wilma Kulas Sr.', NULL, NULL, NULL, NULL, NULL, NULL, 0, 0, NULL, '2025-02-16 07:19:49', '2025-02-16 07:19:49'),
(54, '', 55, 'Mr. Olaf Bauch', 'Mr. Olaf Bauch', 'Felix Cormier', NULL, NULL, 'Maryse Champlin', NULL, NULL, NULL, NULL, NULL, NULL, 0, 0, NULL, '2025-02-16 07:19:49', '2025-02-16 07:19:49'),
(55, '', 56, 'Laury Gerhold IV', 'Laury Gerhold IV', 'Dr. Marina Reichel PhD', NULL, NULL, 'Emiliano Ryan', NULL, NULL, NULL, NULL, NULL, NULL, 0, 0, NULL, '2025-02-16 07:19:49', '2025-02-16 07:19:49'),
(56, '', 57, 'Dr. Claudie Grimes IV', 'Dr. Claudie Grimes IV', 'Chesley Heathcote', NULL, NULL, 'Olin Stehr', NULL, NULL, NULL, NULL, NULL, NULL, 0, 0, NULL, '2025-02-16 07:19:49', '2025-02-16 07:19:49'),
(57, '', 58, 'Roosevelt Stanton II', 'Roosevelt Stanton II', 'Mr. Jay Jones Jr.', NULL, NULL, 'Mrs. Nicole Fadel V', NULL, NULL, NULL, NULL, NULL, NULL, 0, 0, NULL, '2025-02-16 07:19:49', '2025-02-16 07:19:49'),
(58, '', 59, 'Mireille Cummings', 'Mireille Cummings', 'Miss Eveline Prohaska', NULL, NULL, 'Sigmund Glover', NULL, NULL, NULL, NULL, NULL, NULL, 0, 0, NULL, '2025-02-16 07:19:49', '2025-02-16 07:19:49'),
(59, '', 60, 'Randy Hudson', 'Randy Hudson', 'Mike Considine', NULL, NULL, 'Antonetta Ryan', NULL, NULL, NULL, NULL, NULL, NULL, 0, 0, NULL, '2025-02-16 07:19:49', '2025-02-16 07:19:49'),
(60, '', 61, 'Granville Schowalter', 'Granville Schowalter', 'Lauriane Greenfelder Sr.', NULL, NULL, 'Dr. Effie Stehr', NULL, NULL, NULL, NULL, NULL, NULL, 0, 0, NULL, '2025-02-16 07:19:49', '2025-02-16 07:19:49'),
(61, '', 62, 'Prof. Jayda Kirlin I', 'Prof. Jayda Kirlin I', 'Payton Jacobs', NULL, NULL, 'Jesse Lesch', NULL, NULL, NULL, NULL, NULL, NULL, 0, 0, NULL, '2025-02-16 07:19:49', '2025-02-16 07:19:49'),
(62, '', 63, 'Hildegard Johnston', 'Hildegard Johnston', 'Leonel Monahan', NULL, NULL, 'Miss Aleen Medhurst', NULL, NULL, NULL, NULL, NULL, NULL, 0, 0, NULL, '2025-02-16 07:19:49', '2025-02-16 07:19:49'),
(63, '', 64, 'Norwood Lindgren Jr.', 'Norwood Lindgren Jr.', 'Hermann Goodwin', NULL, NULL, 'Ressie Brakus', NULL, NULL, NULL, NULL, NULL, NULL, 0, 0, NULL, '2025-02-16 07:19:49', '2025-02-16 07:19:49'),
(64, '', 65, 'Prof. Marlon McLaughlin', 'Prof. Marlon McLaughlin', 'Mr. Ward Von', NULL, NULL, 'Deonte Powlowski IV', NULL, NULL, NULL, NULL, NULL, NULL, 0, 0, NULL, '2025-02-16 07:19:49', '2025-02-16 07:19:49'),
(65, '', 66, 'Tyree Marquardt', 'Tyree Marquardt', 'Calista Keeling Jr.', NULL, NULL, 'Nola Hill I', NULL, NULL, NULL, NULL, NULL, NULL, 0, 0, NULL, '2025-02-16 07:19:49', '2025-02-16 07:19:49'),
(66, '', 67, 'Cayla Lind Sr.', 'Cayla Lind Sr.', 'Mrs. Eliza Crist', NULL, NULL, 'Jerome Steuber', NULL, NULL, NULL, NULL, NULL, NULL, 0, 0, NULL, '2025-02-16 07:19:49', '2025-02-16 07:19:49'),
(67, '', 68, 'Colin Tremblay IV', 'Colin Tremblay IV', 'Raleigh Schmitt I', NULL, NULL, 'Elwyn Purdy', NULL, NULL, NULL, NULL, NULL, NULL, 0, 0, NULL, '2025-02-16 07:19:49', '2025-02-16 07:19:49'),
(68, '', 69, 'Jules Mohr', 'Jules Mohr', 'Priscilla Wuckert', NULL, NULL, 'Patrick Blick', NULL, NULL, NULL, NULL, NULL, NULL, 0, 0, NULL, '2025-02-16 07:19:49', '2025-02-16 07:19:49'),
(69, '', 70, 'Presley Harris', 'Presley Harris', 'Ernie Bogisich', NULL, NULL, 'Henri Little PhD', NULL, NULL, NULL, NULL, NULL, NULL, 0, 0, NULL, '2025-02-16 07:19:49', '2025-02-16 07:19:49'),
(70, '', 71, 'Nyasia Kemmer DVM', 'Nyasia Kemmer DVM', 'Kali Bashirian Jr.', NULL, NULL, 'Jasmin Jones', NULL, NULL, NULL, NULL, NULL, NULL, 0, 0, NULL, '2025-02-16 07:19:49', '2025-02-16 07:19:49'),
(71, '', 72, 'Orval Klein', 'Orval Klein', 'Braeden Durgan', NULL, NULL, 'Myles Yost PhD', NULL, NULL, NULL, NULL, NULL, NULL, 0, 0, NULL, '2025-02-16 07:19:49', '2025-02-16 07:19:49'),
(72, '', 73, 'Wilburn Christiansen', 'Wilburn Christiansen', 'Ethyl Morar', NULL, NULL, 'Adeline Kulas III', NULL, NULL, NULL, NULL, NULL, NULL, 0, 0, NULL, '2025-02-16 07:19:49', '2025-02-16 07:19:49'),
(73, '', 74, 'Jedediah Bogan', 'Jedediah Bogan', 'Gideon Ratke', NULL, NULL, 'Annamarie Wehner', NULL, NULL, NULL, NULL, NULL, NULL, 0, 0, NULL, '2025-02-16 07:19:49', '2025-02-16 07:19:49'),
(74, '', 75, 'Marjolaine Schaefer', 'Marjolaine Schaefer', 'Julie Howell', NULL, NULL, 'Leanna Parisian', NULL, NULL, NULL, NULL, NULL, NULL, 0, 0, NULL, '2025-02-16 07:19:49', '2025-02-16 07:19:49'),
(75, '', 76, 'Mr. Mckenna Okuneva V', 'Mr. Mckenna Okuneva V', 'Mr. Daryl White PhD', NULL, NULL, 'Helga Keebler', NULL, NULL, NULL, NULL, NULL, NULL, 0, 0, NULL, '2025-02-16 07:19:49', '2025-02-16 07:19:49'),
(76, '', 77, 'Allison Gislason', 'Allison Gislason', 'Doug Becker', NULL, NULL, 'Johathan Kutch', NULL, NULL, NULL, NULL, NULL, NULL, 0, 0, NULL, '2025-02-16 07:19:49', '2025-02-16 07:19:49'),
(77, '', 78, 'Keven Smith', 'Keven Smith', 'Doyle Barrows', NULL, NULL, 'Deondre Davis', NULL, NULL, NULL, NULL, NULL, NULL, 0, 0, NULL, '2025-02-16 07:19:49', '2025-02-16 07:19:49'),
(78, '', 79, 'Jazmyn Buckridge IV', 'Jazmyn Buckridge IV', 'Adelbert Hartmann', NULL, NULL, 'Elinor Heidenreich', NULL, NULL, NULL, NULL, NULL, NULL, 0, 0, NULL, '2025-02-16 07:19:49', '2025-02-16 07:19:49'),
(79, '', 80, 'Prof. Dolly Renner', 'Prof. Dolly Renner', 'Benton Watsica', NULL, NULL, 'Prof. Malachi Hoeger', NULL, NULL, NULL, NULL, NULL, NULL, 0, 0, NULL, '2025-02-16 07:19:49', '2025-02-16 07:19:49'),
(80, '', 81, 'Sarah Hettinger', 'Sarah Hettinger', 'Ms. Alene Bauch MD', NULL, NULL, 'Sophie Feil', NULL, NULL, NULL, NULL, NULL, NULL, 0, 0, NULL, '2025-02-16 07:19:49', '2025-02-16 07:19:49'),
(81, '', 82, 'Caroline Parker', 'Caroline Parker', 'Gilberto Lindgren', NULL, NULL, 'Santos Prohaska V', NULL, NULL, NULL, NULL, NULL, NULL, 0, 0, NULL, '2025-02-16 07:19:49', '2025-02-16 07:19:49'),
(82, '', 83, 'Wilfredo Hauck', 'Wilfredo Hauck', 'Frederik Kihn PhD', NULL, NULL, 'Prof. Janice Boehm PhD', NULL, NULL, NULL, NULL, NULL, NULL, 0, 0, NULL, '2025-02-16 07:19:49', '2025-02-16 07:19:49'),
(83, '', 84, 'Tamara Will Sr.', 'Tamara Will Sr.', 'Miss Vilma Davis', NULL, NULL, 'Mr. Wilbert Gaylord IV', NULL, NULL, NULL, NULL, NULL, NULL, 0, 0, NULL, '2025-02-16 07:19:49', '2025-02-16 07:19:49'),
(84, '', 85, 'Brenna Hartmann Sr.', 'Brenna Hartmann Sr.', 'Ms. Sydnie Connelly III', NULL, NULL, 'Misael Runte', NULL, NULL, NULL, NULL, NULL, NULL, 0, 0, NULL, '2025-02-16 07:19:49', '2025-02-16 07:19:49'),
(85, '', 86, 'Drake Thompson', 'Drake Thompson', 'Ila Emmerich V', NULL, NULL, 'Helene Connelly', NULL, NULL, NULL, NULL, NULL, NULL, 0, 0, NULL, '2025-02-16 07:19:49', '2025-02-16 07:19:49'),
(86, '', 87, 'Syble Haag', 'Syble Haag', 'Otto Smith', NULL, NULL, 'Abraham Stoltenberg DDS', NULL, NULL, NULL, NULL, NULL, NULL, 0, 0, NULL, '2025-02-16 07:19:49', '2025-02-16 07:19:49'),
(87, '', 88, 'Alvena Runolfsson', 'Alvena Runolfsson', 'Ms. Marilyne Legros', NULL, NULL, 'Concepcion Nienow', NULL, NULL, NULL, NULL, NULL, NULL, 0, 0, NULL, '2025-02-16 07:19:49', '2025-02-16 07:19:49'),
(88, '', 89, 'Denis Cronin', 'Denis Cronin', 'Joe Marks', NULL, NULL, 'Horace Ziemann', NULL, NULL, NULL, NULL, NULL, NULL, 0, 0, NULL, '2025-02-16 07:19:49', '2025-02-16 07:19:49'),
(89, '', 90, 'Prof. Jessyca Denesik', 'Prof. Jessyca Denesik', 'Curt Skiles', NULL, NULL, 'Leilani Dach', NULL, NULL, NULL, NULL, NULL, NULL, 0, 0, NULL, '2025-02-16 07:19:49', '2025-02-16 07:19:49'),
(90, '', 91, 'Esta Lebsack', 'Esta Lebsack', 'Tomasa Monahan', NULL, NULL, 'Russell Zieme DVM', NULL, NULL, NULL, NULL, NULL, NULL, 0, 0, NULL, '2025-02-16 07:19:49', '2025-02-16 07:19:49'),
(91, '', 92, 'Ms. Otilia Fay I', 'Ms. Otilia Fay I', 'Ms. Hosea Mosciski', NULL, NULL, 'Judge Schowalter I', NULL, NULL, NULL, NULL, NULL, NULL, 0, 0, NULL, '2025-02-16 07:19:49', '2025-02-16 07:19:49'),
(92, '', 93, 'Carson Armstrong', 'Carson Armstrong', 'Lavinia Koss', NULL, NULL, 'Mr. Buford Rau II', NULL, NULL, NULL, NULL, NULL, NULL, 0, 0, NULL, '2025-02-16 07:19:49', '2025-02-16 07:19:49'),
(93, '', 94, 'Odell Kohler', 'Odell Kohler', 'Jaydon Ferry', NULL, NULL, 'Savanah Von', NULL, NULL, NULL, NULL, NULL, NULL, 0, 0, NULL, '2025-02-16 07:19:49', '2025-02-16 07:19:49'),
(94, '', 95, 'Mr. Demarco Collier', 'Mr. Demarco Collier', 'Jabari Runolfsson', NULL, NULL, 'Mafalda Goldner', NULL, NULL, NULL, NULL, NULL, NULL, 0, 0, NULL, '2025-02-16 07:19:49', '2025-02-16 07:19:49'),
(95, '', 96, 'Kristin Ritchie', 'Kristin Ritchie', 'Lemuel Eichmann', NULL, NULL, 'Alena Schaefer', NULL, NULL, NULL, NULL, NULL, NULL, 0, 0, NULL, '2025-02-16 07:19:49', '2025-02-16 07:19:49'),
(96, '', 97, 'Madison Roberts', 'Madison Roberts', 'Enrique Roob', NULL, NULL, 'Dr. Zachary Schmitt I', NULL, NULL, NULL, NULL, NULL, NULL, 0, 0, NULL, '2025-02-16 07:19:49', '2025-02-16 07:19:49'),
(97, '', 98, 'Mrs. Dandre Kessler', 'Mrs. Dandre Kessler', 'Henri Parisian DVM', NULL, NULL, 'Viola Stracke', NULL, NULL, NULL, NULL, NULL, NULL, 0, 0, NULL, '2025-02-16 07:19:49', '2025-02-16 07:19:49'),
(98, '', 99, 'Adrien Hansen', 'Adrien Hansen', 'Loy Renner', NULL, NULL, 'Dr. Demetris Spinka', NULL, NULL, NULL, NULL, NULL, NULL, 0, 0, NULL, '2025-02-16 07:19:49', '2025-02-16 07:19:49'),
(99, '', 100, 'Dr. Shanel Morar DVM', 'Dr. Shanel Morar DVM', 'Rubye Reynolds I', NULL, NULL, 'Efren McCullough', NULL, NULL, NULL, NULL, NULL, NULL, 0, 0, NULL, '2025-02-16 07:19:49', '2025-02-16 07:19:49'),
(100, '', 101, 'Hilda West I', 'Hilda West I', 'Ms. Romaine Hammes', NULL, NULL, 'Summer Yundt', NULL, NULL, NULL, NULL, NULL, NULL, 0, 0, NULL, '2025-02-16 07:19:49', '2025-02-16 07:19:49'),
(101, '', 102, 'Kallie Farrell III', 'Kallie Farrell III', 'Jakayla Kozey', NULL, NULL, 'Samanta Spencer', NULL, NULL, NULL, NULL, NULL, NULL, 0, 0, NULL, '2025-02-16 07:19:49', '2025-02-16 07:19:49'),
(102, '', 103, 'Tyrese Robel DDS', 'Tyrese Robel DDS', 'Miss Elissa Lemke', NULL, NULL, 'Marianne Prohaska II', NULL, NULL, NULL, NULL, NULL, NULL, 0, 0, NULL, '2025-02-16 07:19:49', '2025-02-16 07:19:49'),
(103, '', 104, 'Kayley Donnelly', 'Kayley Donnelly', 'Lonie Casper Jr.', NULL, NULL, 'Brice Dietrich', NULL, NULL, NULL, NULL, NULL, NULL, 0, 0, NULL, '2025-02-16 07:19:49', '2025-02-16 07:19:49'),
(104, '', 105, 'Missouri Crooks', 'Missouri Crooks', 'Miss Lonie Sauer Jr.', NULL, NULL, 'Dr. Matteo Glover IV', NULL, NULL, NULL, NULL, NULL, NULL, 0, 0, NULL, '2025-02-16 07:19:49', '2025-02-16 07:19:49'),
(105, '', 106, 'Dr. Saul Deckow', 'Dr. Saul Deckow', 'Ezra Gerhold', NULL, NULL, 'Prof. Augustus Kihn V', NULL, NULL, NULL, NULL, NULL, NULL, 0, 0, NULL, '2025-02-16 07:19:49', '2025-02-16 07:19:49'),
(106, '', 107, 'Verna Schimmel', 'Verna Schimmel', 'Mrs. Loma Smith V', NULL, NULL, 'Loma Quitzon III', NULL, NULL, NULL, NULL, NULL, NULL, 0, 0, NULL, '2025-02-16 07:19:49', '2025-02-16 07:19:49'),
(107, '', 108, 'Mrs. Frida Pfeffer I', 'Mrs. Frida Pfeffer I', 'Elroy Reichert', NULL, NULL, 'Jacinthe Goodwin', NULL, NULL, NULL, NULL, NULL, NULL, 0, 0, NULL, '2025-02-16 07:19:49', '2025-02-16 07:19:49'),
(108, '', 109, 'Prof. Hallie Will', 'Prof. Hallie Will', 'Joanne Ferry', NULL, NULL, 'Kamryn Leuschke', NULL, NULL, NULL, NULL, NULL, NULL, 0, 0, NULL, '2025-02-16 07:19:49', '2025-02-16 07:19:49'),
(109, '', 110, 'Alex Krajcik', 'Alex Krajcik', 'Silas Koss', NULL, NULL, 'Kellen Eichmann II', NULL, NULL, NULL, NULL, NULL, NULL, 0, 0, NULL, '2025-02-16 07:19:49', '2025-02-16 07:19:49'),
(110, '', 111, 'Lexie Cremin II', 'Lexie Cremin II', 'Destini Schneider', NULL, NULL, 'Gust Paucek', NULL, NULL, NULL, NULL, NULL, NULL, 0, 0, NULL, '2025-02-16 07:19:49', '2025-02-16 07:19:49'),
(111, '', 112, 'Kavon Schulist', 'Kavon Schulist', 'Alexandra Schuster I', NULL, NULL, 'Herminia Kihn', NULL, NULL, NULL, NULL, NULL, NULL, 0, 0, NULL, '2025-02-16 07:19:49', '2025-02-16 07:19:49'),
(112, '', 113, 'Prof. Eveline Bashirian', 'Prof. Eveline Bashirian', 'Mrs. Tiana Stanton', NULL, NULL, 'Justen Roob', NULL, NULL, NULL, NULL, NULL, NULL, 0, 0, NULL, '2025-02-16 07:19:49', '2025-02-16 07:19:49'),
(113, '', 114, 'Lorena Moore', 'Lorena Moore', 'Blair Sporer', NULL, NULL, 'Kellie Tremblay', NULL, NULL, NULL, NULL, NULL, NULL, 0, 0, NULL, '2025-02-16 07:19:49', '2025-02-16 07:19:49'),
(114, '', 115, 'Emelia Macejkovic', 'Emelia Macejkovic', 'Deontae Reynolds', NULL, NULL, 'Anabelle Frami Sr.', NULL, NULL, NULL, NULL, NULL, NULL, 0, 0, NULL, '2025-02-16 07:19:49', '2025-02-16 07:19:49'),
(115, '', 116, 'Prof. Darrell King', 'Prof. Darrell King', 'Prof. Osbaldo Herzog', NULL, NULL, 'Miss Shannon Wolff PhD', NULL, NULL, NULL, NULL, NULL, NULL, 0, 0, NULL, '2025-02-16 07:19:49', '2025-02-16 07:19:49'),
(116, '', 117, 'Brisa Smith', 'Brisa Smith', 'Prof. Duncan Dicki IV', NULL, NULL, 'Lawson Bogan', NULL, NULL, NULL, NULL, NULL, NULL, 0, 0, NULL, '2025-02-16 07:19:49', '2025-02-16 07:19:49'),
(117, '', 118, 'Noelia Witting', 'Noelia Witting', 'Angela Heidenreich', NULL, NULL, 'Miss Ally Sporer', NULL, NULL, NULL, NULL, NULL, NULL, 0, 0, NULL, '2025-02-16 07:19:49', '2025-02-16 07:19:49'),
(118, '', 119, 'Trey Spinka', 'Trey Spinka', 'Dr. Edwina Weissnat I', NULL, NULL, 'Nicola Hoeger', NULL, NULL, NULL, NULL, NULL, NULL, 0, 0, NULL, '2025-02-16 07:19:49', '2025-02-16 07:19:49'),
(119, '', 120, 'Prof. Amelie Bailey II', 'Prof. Amelie Bailey II', 'Fern Moen', NULL, NULL, 'Fermin Hermiston DVM', NULL, NULL, NULL, NULL, NULL, NULL, 0, 0, NULL, '2025-02-16 07:19:49', '2025-02-16 07:19:49'),
(120, '', 121, 'Raina Botsford', 'Raina Botsford', 'Cade Greenholt', NULL, NULL, 'Renee Dach III', NULL, NULL, NULL, NULL, NULL, NULL, 0, 0, NULL, '2025-02-16 07:19:49', '2025-02-16 07:19:49'),
(121, '', 122, 'Tito Schiller', 'Tito Schiller', 'Monroe Walter', NULL, NULL, 'Eldora McLaughlin', NULL, NULL, NULL, NULL, NULL, NULL, 0, 0, NULL, '2025-02-16 07:19:49', '2025-02-16 07:19:49'),
(122, '', 123, 'London Hirthe IV', 'London Hirthe IV', 'Steve Wilderman', NULL, NULL, 'Marcel O\'Connell', NULL, NULL, NULL, NULL, NULL, NULL, 0, 0, NULL, '2025-02-16 07:19:49', '2025-02-16 07:19:49'),
(123, '', 124, 'Norbert Beatty', 'Norbert Beatty', 'Wyatt Cartwright III', NULL, NULL, 'Miss Autumn Armstrong V', NULL, NULL, NULL, NULL, NULL, NULL, 0, 0, NULL, '2025-02-16 07:19:49', '2025-02-16 07:19:49'),
(124, '', 125, 'Ruthe Runte', 'Ruthe Runte', 'Darion Little', NULL, NULL, 'Adrianna Runolfsson', NULL, NULL, NULL, NULL, NULL, NULL, 0, 0, NULL, '2025-02-16 07:19:49', '2025-02-16 07:19:49'),
(125, '', 126, 'Prof. Gaylord Connelly', 'Prof. Gaylord Connelly', 'Derrick Larson DDS', NULL, NULL, 'Dr. Judd Friesen MD', NULL, NULL, NULL, NULL, NULL, NULL, 0, 0, NULL, '2025-02-16 07:19:49', '2025-02-16 07:19:49'),
(126, '', 127, 'Ms. Abigayle Huel', 'Ms. Abigayle Huel', 'Ms. Kasandra Muller Jr.', NULL, NULL, 'Ms. Providenci Batz', NULL, NULL, NULL, NULL, NULL, NULL, 0, 0, NULL, '2025-02-16 07:19:49', '2025-02-16 07:19:49'),
(127, '', 128, 'Delphia Stehr', 'Delphia Stehr', 'Steve Armstrong', NULL, NULL, 'Prof. Oceane Walsh', NULL, NULL, NULL, NULL, NULL, NULL, 0, 0, NULL, '2025-02-16 07:19:49', '2025-02-16 07:19:49'),
(128, '', 129, 'Miss Twila Kozey PhD', 'Miss Twila Kozey PhD', 'Prof. Leila Hill DVM', NULL, NULL, 'Blaise Bergstrom', NULL, NULL, NULL, NULL, NULL, NULL, 0, 0, NULL, '2025-02-16 07:19:49', '2025-02-16 07:19:49'),
(129, '', 130, 'Felix Bahringer', 'Felix Bahringer', 'Prof. Tobin Schuppe', NULL, NULL, 'Frances Beier', NULL, NULL, NULL, NULL, NULL, NULL, 0, 0, NULL, '2025-02-16 07:19:49', '2025-02-16 07:19:49'),
(130, '', 131, 'Sandra Kihn', 'Sandra Kihn', 'Rowland Satterfield', NULL, NULL, 'Dr. Kyla Ernser', NULL, NULL, NULL, NULL, NULL, NULL, 0, 0, NULL, '2025-02-16 07:19:49', '2025-02-16 07:19:49'),
(131, '', 132, 'Melba Harris I', 'Melba Harris I', 'Hester Russel', NULL, NULL, 'Graham Heaney', NULL, NULL, NULL, NULL, NULL, NULL, 0, 0, NULL, '2025-02-16 07:19:49', '2025-02-16 07:19:49'),
(132, '', 133, 'Mittie Emard', 'Mittie Emard', 'May Stiedemann', NULL, NULL, 'Lane Schultz', NULL, NULL, NULL, NULL, NULL, NULL, 0, 0, NULL, '2025-02-16 07:19:49', '2025-02-16 07:19:49'),
(133, '', 134, 'Braden Jast V', 'Braden Jast V', 'Prof. Benton Powlowski', NULL, NULL, 'Mrs. Ida Halvorson Jr.', NULL, NULL, NULL, NULL, NULL, NULL, 0, 0, NULL, '2025-02-16 07:19:49', '2025-02-16 07:19:49'),
(134, '', 135, 'Johnpaul Swaniawski', 'Johnpaul Swaniawski', 'Hal Hermiston', NULL, NULL, 'Maximo Walsh MD', NULL, NULL, NULL, NULL, NULL, NULL, 0, 0, NULL, '2025-02-16 07:19:49', '2025-02-16 07:19:49'),
(135, '', 136, 'Troy Lockman', 'Troy Lockman', 'Gwendolyn Grimes', NULL, NULL, 'Dr. Misael Wehner V', NULL, NULL, NULL, NULL, NULL, NULL, 0, 0, NULL, '2025-02-16 07:19:49', '2025-02-16 07:19:49'),
(136, '', 137, 'Eleanore Reichert', 'Eleanore Reichert', 'Pattie Oberbrunner DVM', NULL, NULL, 'Miss Jakayla Cartwright IV', NULL, NULL, NULL, NULL, NULL, NULL, 0, 0, NULL, '2025-02-16 07:19:49', '2025-02-16 07:19:49'),
(137, '', 138, 'Arno Daugherty', 'Arno Daugherty', 'Brian Ullrich', NULL, NULL, 'Berta Friesen DVM', NULL, NULL, NULL, NULL, NULL, NULL, 0, 0, NULL, '2025-02-16 07:19:49', '2025-02-16 07:19:49'),
(138, '', 139, 'Mertie Pouros', 'Mertie Pouros', 'Letha Walter', NULL, NULL, 'Joanny Walter', NULL, NULL, NULL, NULL, NULL, NULL, 0, 0, NULL, '2025-02-16 07:19:49', '2025-02-16 07:19:49'),
(139, '', 140, 'Adolfo Lueilwitz', 'Adolfo Lueilwitz', 'Diamond Windler', NULL, NULL, 'Anabelle Lueilwitz', NULL, NULL, NULL, NULL, NULL, NULL, 0, 0, NULL, '2025-02-16 07:19:49', '2025-02-16 07:19:49'),
(140, '', 141, 'Jordane Hettinger', 'Jordane Hettinger', 'Ms. Loraine Luettgen', NULL, NULL, 'Jabari Graham', NULL, NULL, NULL, NULL, NULL, NULL, 0, 0, NULL, '2025-02-16 07:19:49', '2025-02-16 07:19:49'),
(141, '', 142, 'Araceli Barrows', 'Araceli Barrows', 'Mrs. Molly Wehner V', NULL, NULL, 'Terry King IV', NULL, NULL, NULL, NULL, NULL, NULL, 0, 0, NULL, '2025-02-16 07:19:49', '2025-02-16 07:19:49'),
(142, '', 143, 'Arlene Runolfsson III', 'Arlene Runolfsson III', 'Mrs. Christelle O\'Kon', NULL, NULL, 'Prof. Furman Friesen DVM', NULL, NULL, NULL, NULL, NULL, NULL, 0, 0, NULL, '2025-02-16 07:19:49', '2025-02-16 07:19:49'),
(143, '', 144, 'Mr. Chad Boyle IV', 'Mr. Chad Boyle IV', 'Prof. Kailyn Gorczany Sr.', NULL, NULL, 'Else Kshlerin', NULL, NULL, NULL, NULL, NULL, NULL, 0, 0, NULL, '2025-02-16 07:19:49', '2025-02-16 07:19:49'),
(144, '', 145, 'Kimberly Jenkins', 'Kimberly Jenkins', 'Celine Kessler', NULL, NULL, 'Celia Sipes', NULL, NULL, NULL, NULL, NULL, NULL, 0, 0, NULL, '2025-02-16 07:19:49', '2025-02-16 07:19:49'),
(145, '', 146, 'Betsy Gaylord', 'Betsy Gaylord', 'Janice Jast', NULL, NULL, 'Dayton Daniel PhD', NULL, NULL, NULL, NULL, NULL, NULL, 0, 0, NULL, '2025-02-16 07:19:49', '2025-02-16 07:19:49'),
(146, '', 147, 'Lorna Towne', 'Lorna Towne', 'Delta Barrows', NULL, NULL, 'Santos Cartwright', NULL, NULL, NULL, NULL, NULL, NULL, 0, 0, NULL, '2025-02-16 07:19:49', '2025-02-16 07:19:49'),
(147, '', 148, 'Mr. Jayde Baumbach I', 'Mr. Jayde Baumbach I', 'Marjory Thompson', NULL, NULL, 'Prof. Delphia Schowalter Sr.', NULL, NULL, NULL, NULL, NULL, NULL, 0, 0, NULL, '2025-02-16 07:19:49', '2025-02-16 07:19:49'),
(148, '', 149, 'Kareem Koelpin', 'Kareem Koelpin', 'Alfreda Gusikowski', NULL, NULL, 'Sonya Quigley MD', NULL, NULL, NULL, NULL, NULL, NULL, 0, 0, NULL, '2025-02-16 07:19:49', '2025-02-16 07:19:49'),
(149, '', 150, 'Dr. Cary Bernier DDS', 'Dr. Cary Bernier DDS', 'Loraine Okuneva', NULL, NULL, 'Zelda Bradtke', NULL, NULL, NULL, NULL, NULL, NULL, 0, 0, NULL, '2025-02-16 07:19:49', '2025-02-16 07:19:49'),
(150, '', 151, 'Jacques Mills PhD', 'Jacques Mills PhD', 'Dr. Timmothy Lesch', NULL, NULL, 'Federico Bayer V', NULL, NULL, NULL, NULL, NULL, NULL, 0, 0, NULL, '2025-02-16 07:19:49', '2025-02-16 07:19:49'),
(151, '', 152, 'Mr. Richie Schaefer PhD', 'Mr. Richie Schaefer PhD', 'Gillian Carter', NULL, NULL, 'Humberto Russel', NULL, NULL, NULL, NULL, NULL, NULL, 0, 0, NULL, '2025-02-16 07:19:49', '2025-02-16 07:19:49'),
(152, '', 153, 'Kim D\'Amore II', 'Kim D\'Amore II', 'Peter Kiehn', NULL, NULL, 'Crystel Daniel', NULL, NULL, NULL, NULL, NULL, NULL, 0, 0, NULL, '2025-02-16 07:19:49', '2025-02-16 07:19:49'),
(153, '', 154, 'Prof. Lucinda Steuber', 'Prof. Lucinda Steuber', 'Bryce Ferry', NULL, NULL, 'Lauren Littel', NULL, NULL, NULL, NULL, NULL, NULL, 0, 0, NULL, '2025-02-16 07:19:49', '2025-02-16 07:19:49'),
(154, '', 155, 'Prof. Bud Kertzmann Sr.', 'Prof. Bud Kertzmann Sr.', 'Prof. Mya Gerhold', NULL, NULL, 'Mark Beatty', NULL, NULL, NULL, NULL, NULL, NULL, 0, 0, NULL, '2025-02-16 07:19:49', '2025-02-16 07:19:49'),
(155, '', 156, 'Reina Purdy III', 'Reina Purdy III', 'Mrs. Kendra Veum', NULL, NULL, 'Lea Orn', NULL, NULL, NULL, NULL, NULL, NULL, 0, 0, NULL, '2025-02-16 07:19:49', '2025-02-16 07:19:49'),
(156, '', 157, 'Domenick Reinger', 'Domenick Reinger', 'Prof. Jose Legros DDS', NULL, NULL, 'Joyce Little', NULL, NULL, NULL, NULL, NULL, NULL, 0, 0, NULL, '2025-02-16 07:19:49', '2025-02-16 07:19:49'),
(157, '', 158, 'Mr. Tavares Murphy', 'Mr. Tavares Murphy', 'Noelia Feeney MD', NULL, NULL, 'Eriberto Parker', NULL, NULL, NULL, NULL, NULL, NULL, 0, 0, NULL, '2025-02-16 07:19:49', '2025-02-16 07:19:49'),
(158, '', 159, 'Gina Wolf', 'Gina Wolf', 'Laverna Morar', NULL, NULL, 'Noe Doyle', NULL, NULL, NULL, NULL, NULL, NULL, 0, 0, NULL, '2025-02-16 07:19:49', '2025-02-16 07:19:49'),
(159, '', 160, 'Margaret Jacobson MD', 'Margaret Jacobson MD', 'Mr. Jerry Spinka IV', NULL, NULL, 'Hortense Ruecker', NULL, NULL, NULL, NULL, NULL, NULL, 0, 0, NULL, '2025-02-16 07:19:49', '2025-02-16 07:19:49'),
(160, '', 161, 'Allene Mosciski', 'Allene Mosciski', 'Mr. Sigurd Stroman DDS', NULL, NULL, 'Edna Connelly', NULL, NULL, NULL, NULL, NULL, NULL, 0, 0, NULL, '2025-02-16 07:19:49', '2025-02-16 07:19:49'),
(161, '', 162, 'Prof. Horacio Stamm', 'Prof. Horacio Stamm', 'Mrs. Lempi Wisoky MD', NULL, NULL, 'Hilma Herzog', NULL, NULL, NULL, NULL, NULL, NULL, 0, 0, NULL, '2025-02-16 07:19:49', '2025-02-16 07:19:49'),
(162, '', 163, 'Nels Tillman', 'Nels Tillman', 'Felton Lowe', NULL, NULL, 'Vincenza Hansen DDS', NULL, NULL, NULL, NULL, NULL, NULL, 0, 0, NULL, '2025-02-16 07:19:49', '2025-02-16 07:19:49'),
(163, '', 164, 'Salvatore Cremin', 'Salvatore Cremin', 'Jeramy Jenkins', NULL, NULL, 'Mariane Wyman', NULL, NULL, NULL, NULL, NULL, NULL, 0, 0, NULL, '2025-02-16 07:19:49', '2025-02-16 07:19:49'),
(164, '', 165, 'Brenden Abshire', 'Brenden Abshire', 'Dr. Concepcion Schaefer MD', NULL, NULL, 'Mr. Raven Bayer', NULL, NULL, NULL, NULL, NULL, NULL, 0, 0, NULL, '2025-02-16 07:19:49', '2025-02-16 07:19:49'),
(165, '', 166, 'Maximillian Weber', 'Maximillian Weber', 'Mr. Ulises Muller IV', NULL, NULL, 'Kevon Gusikowski', NULL, NULL, NULL, NULL, NULL, NULL, 0, 0, NULL, '2025-02-16 07:19:49', '2025-02-16 07:19:49'),
(166, '', 167, 'Mae Schoen V', 'Mae Schoen V', 'Amber Terry', NULL, NULL, 'Evan Ondricka', NULL, NULL, NULL, NULL, NULL, NULL, 0, 0, NULL, '2025-02-16 07:19:49', '2025-02-16 07:19:49'),
(167, '', 168, 'Rosalyn Koepp', 'Rosalyn Koepp', 'Dr. Mozell Stroman I', NULL, NULL, 'Ewell Torp PhD', NULL, NULL, NULL, NULL, NULL, NULL, 0, 0, NULL, '2025-02-16 07:19:49', '2025-02-16 07:19:49'),
(168, '', 169, 'Hilton Zieme', 'Hilton Zieme', 'Mr. Dylan Senger V', NULL, NULL, 'Prof. Rahul Glover', NULL, NULL, NULL, NULL, NULL, NULL, 0, 0, NULL, '2025-02-16 07:19:49', '2025-02-16 07:19:49'),
(169, '', 170, 'Luigi Sanford', 'Luigi Sanford', 'Miss Carlotta Harvey II', NULL, NULL, 'Ana Stamm MD', NULL, NULL, NULL, NULL, NULL, NULL, 0, 0, NULL, '2025-02-16 07:19:49', '2025-02-16 07:19:49'),
(170, '', 171, 'Brent Lubowitz', 'Brent Lubowitz', 'Lesley Considine DVM', NULL, NULL, 'Robbie Schaefer', NULL, NULL, NULL, NULL, NULL, NULL, 0, 0, NULL, '2025-02-16 07:19:49', '2025-02-16 07:19:49'),
(171, '', 172, 'Carter Thiel II', 'Carter Thiel II', 'Brock Lueilwitz', NULL, NULL, 'Dr. Giuseppe Flatley IV', NULL, NULL, NULL, NULL, NULL, NULL, 0, 0, NULL, '2025-02-16 07:19:49', '2025-02-16 07:19:49'),
(172, '', 173, 'Dr. Milan Orn Sr.', 'Dr. Milan Orn Sr.', 'Janie Stamm', NULL, NULL, 'Mr. Johathan Zulauf', NULL, NULL, NULL, NULL, NULL, NULL, 0, 0, NULL, '2025-02-16 07:19:49', '2025-02-16 07:19:49'),
(173, '', 174, 'Loyal Fahey', 'Loyal Fahey', 'Russel Schiller', NULL, NULL, 'Keshawn Sanford', NULL, NULL, NULL, NULL, NULL, NULL, 0, 0, NULL, '2025-02-16 07:19:49', '2025-02-16 07:19:49'),
(174, '', 175, 'Mr. Robbie Von', 'Mr. Robbie Von', 'Prof. Chanel Cole MD', NULL, NULL, 'Prof. Bruce Sanford IV', NULL, NULL, NULL, NULL, NULL, NULL, 0, 0, NULL, '2025-02-16 07:19:49', '2025-02-16 07:19:49'),
(175, '', 176, 'Myron Bode', 'Myron Bode', 'Yesenia Schroeder', NULL, NULL, 'Kayleigh Blanda', NULL, NULL, NULL, NULL, NULL, NULL, 0, 0, NULL, '2025-02-16 07:19:49', '2025-02-16 07:19:49'),
(176, '', 177, 'Joannie Simonis', 'Joannie Simonis', 'Annamarie Zieme Jr.', NULL, NULL, 'Timmy Marks', NULL, NULL, NULL, NULL, NULL, NULL, 0, 0, NULL, '2025-02-16 07:19:49', '2025-02-16 07:19:49'),
(177, '', 178, 'Miss Robyn Moen', 'Miss Robyn Moen', 'Alvah Ebert III', NULL, NULL, 'Patsy Kuhlman', NULL, NULL, NULL, NULL, NULL, NULL, 0, 0, NULL, '2025-02-16 07:19:49', '2025-02-16 07:19:49'),
(178, '', 179, 'Domenic Leuschke', 'Domenic Leuschke', 'Prof. Henri Kiehn', NULL, NULL, 'Mrs. Alysa Boyer PhD', NULL, NULL, NULL, NULL, NULL, NULL, 0, 0, NULL, '2025-02-16 07:19:49', '2025-02-16 07:19:49'),
(179, '', 180, 'Harmony Prohaska II', 'Harmony Prohaska II', 'Haley Ratke', NULL, NULL, 'Roxane Jacobs I', NULL, NULL, NULL, NULL, NULL, NULL, 0, 0, NULL, '2025-02-16 07:19:49', '2025-02-16 07:19:49'),
(180, '', 181, 'Sigrid Marvin', 'Sigrid Marvin', 'Meda Hilpert II', NULL, NULL, 'Travis Ankunding', NULL, NULL, NULL, NULL, NULL, NULL, 0, 0, NULL, '2025-02-16 07:19:49', '2025-02-16 07:19:49'),
(181, '', 182, 'Juanita Hagenes IV', 'Juanita Hagenes IV', 'Ena Boyer', NULL, NULL, 'Sterling Schulist', NULL, NULL, NULL, NULL, NULL, NULL, 0, 0, NULL, '2025-02-16 07:19:49', '2025-02-16 07:19:49'),
(182, '', 183, 'Dr. Margaretta Herman I', 'Dr. Margaretta Herman I', 'Americo Considine', NULL, NULL, 'Jace Mosciski', NULL, NULL, NULL, NULL, NULL, NULL, 0, 0, NULL, '2025-02-16 07:19:49', '2025-02-16 07:19:49'),
(183, '', 184, 'Joan Senger', 'Joan Senger', 'Jannie Larkin', NULL, NULL, 'Dr. Vince Lakin', NULL, NULL, NULL, NULL, NULL, NULL, 0, 0, NULL, '2025-02-16 07:19:49', '2025-02-16 07:19:49'),
(184, '', 185, 'Mr. Destin Pacocha DVM', 'Mr. Destin Pacocha DVM', 'Jadon Barton', NULL, NULL, 'Clair Cremin', NULL, NULL, NULL, NULL, NULL, NULL, 0, 0, NULL, '2025-02-16 07:19:49', '2025-02-16 07:19:49'),
(185, '', 186, 'Ms. Jane O\'Hara', 'Ms. Jane O\'Hara', 'Jadyn Renner', NULL, NULL, 'Scot Beatty', NULL, NULL, NULL, NULL, NULL, NULL, 0, 0, NULL, '2025-02-16 07:19:49', '2025-02-16 07:19:49'),
(186, '', 187, 'Alejandra Harris', 'Alejandra Harris', 'Lawson Miller', NULL, NULL, 'Prof. Genesis Douglas Sr.', NULL, NULL, NULL, NULL, NULL, NULL, 0, 0, NULL, '2025-02-16 07:19:49', '2025-02-16 07:19:49'),
(187, '', 188, 'Allison Gulgowski', 'Allison Gulgowski', 'Elizabeth Connelly MD', NULL, NULL, 'Emmett Bogan Sr.', NULL, NULL, NULL, NULL, NULL, NULL, 0, 0, NULL, '2025-02-16 07:19:49', '2025-02-16 07:19:49'),
(188, '', 189, 'Karine Schroeder', 'Karine Schroeder', 'Kiera D\'Amore', NULL, NULL, 'Ms. Jade Wilderman', NULL, NULL, NULL, NULL, NULL, NULL, 0, 0, NULL, '2025-02-16 07:19:49', '2025-02-16 07:19:49'),
(189, '', 190, 'Kraig Fahey', 'Kraig Fahey', 'Martin Corwin', NULL, NULL, 'Nyasia Schmitt', NULL, NULL, NULL, NULL, NULL, NULL, 0, 0, NULL, '2025-02-16 07:19:49', '2025-02-16 07:19:49'),
(190, '', 191, 'Joan Wiegand', 'Joan Wiegand', 'Dr. Keshawn Schaefer', NULL, NULL, 'Vern Bailey', NULL, NULL, NULL, NULL, NULL, NULL, 0, 0, NULL, '2025-02-16 07:19:49', '2025-02-16 07:19:49'),
(191, '', 192, 'Carey Larkin', 'Carey Larkin', 'Winston Sauer', NULL, NULL, 'Garfield Cormier V', NULL, NULL, NULL, NULL, NULL, NULL, 0, 0, NULL, '2025-02-16 07:19:49', '2025-02-16 07:19:49'),
(192, '', 193, 'Mr. Everett Rosenbaum IV', 'Mr. Everett Rosenbaum IV', 'Gilda Gerhold', NULL, NULL, 'Mikayla Hermiston Sr.', NULL, NULL, NULL, NULL, NULL, NULL, 0, 0, NULL, '2025-02-16 07:19:49', '2025-02-16 07:19:49'),
(193, '', 194, 'Mrs. Veronica Medhurst DDS', 'Mrs. Veronica Medhurst DDS', 'Prof. Margarita Smith MD', NULL, NULL, 'Kenyon Durgan', NULL, NULL, NULL, NULL, NULL, NULL, 0, 0, NULL, '2025-02-16 07:19:49', '2025-02-16 07:19:49'),
(194, '', 195, 'Prof. Elton Gibson DDS', 'Prof. Elton Gibson DDS', 'Brenna Jaskolski', NULL, NULL, 'Mrs. Tomasa Ortiz V', NULL, NULL, NULL, NULL, NULL, NULL, 0, 0, NULL, '2025-02-16 07:19:49', '2025-02-16 07:19:49'),
(195, '', 196, 'Alfreda Pfannerstill', 'Alfreda Pfannerstill', 'Nick Predovic', NULL, NULL, 'Prof. Mozelle Casper I', NULL, NULL, NULL, NULL, NULL, NULL, 0, 0, NULL, '2025-02-16 07:19:49', '2025-02-16 07:19:49'),
(196, '', 197, 'Amely Bernhard', 'Amely Bernhard', 'Mrs. Camylle Sipes DDS', NULL, NULL, 'Leo Nolan', NULL, NULL, NULL, NULL, NULL, 0, 0, 1, NULL, '2025-02-16 07:19:49', '2025-08-11 06:41:34'),
(197, '', 198, 'Paris Bosco', 'Paris Bosco', 'Odessa Lockman', NULL, NULL, 'Miss Shakira Yundt', NULL, NULL, NULL, NULL, NULL, 0, 0, 1, NULL, '2025-02-16 07:19:49', '2025-08-11 06:39:38'),
(198, '', 199, 'Westley Homenick', 'Westley Homenick', 'Mr. Markus Christiansen', NULL, NULL, 'Craig Willms', NULL, NULL, NULL, NULL, NULL, NULL, 0, 0, NULL, '2025-02-16 07:19:49', '2025-02-16 07:19:49'),
(199, '', 200, 'Henderson Gleichner', 'Henderson Gleichner', 'Eleanore Auer', NULL, NULL, 'Abagail Barton', NULL, NULL, NULL, NULL, NULL, 0, 0, 1, NULL, '2025-02-16 07:19:49', '2025-08-11 06:15:40'),
(200, '', 204, 'hand-by-hand', 'hand by hand', 'Reba Flatley I', NULL, NULL, 'Wilton Dach', NULL, NULL, NULL, NULL, NULL, 1, 0, 1, NULL, '2025-02-16 07:19:49', '2025-08-11 06:14:08'),
(202, '', 214, '-islam-loma', 'islam  loma', 'islam  loma', '01122071593', NULL, 'Wilton Dach', 'hgff', 'ggg', '01020197066', 'egy', 'ddd', 1, 0, 1, NULL, '2025-08-01 12:38:08', '2025-08-11 11:27:19'),
(205, '', 223, 'islam-osman', 'Islam osman', 'issslllamm', '01122071593', NULL, NULL, NULL, NULL, '01122071593', NULL, NULL, 1, 0, 0, NULL, '2025-08-11 11:55:42', '2025-08-11 12:20:40'),
(206, 'RVPQRB', 224, 'islam-osman', 'Islam osman', 'issslllamm', '01122071593', NULL, 'Wilton Dach', NULL, NULL, '01122071593', NULL, NULL, 1, 0, 0, NULL, '2025-08-12 06:04:07', '2025-08-12 06:04:07'),
(207, 'QJBVQI', 225, 'islam-osman', 'Islam osman', 'loma152', '01122071598', NULL, 'Wilton Dach', NULL, NULL, '01122071598', NULL, NULL, 1, 0, 0, NULL, '2025-08-12 09:25:44', '2025-09-01 06:53:55'),
(208, 'VHXAKT', 226, 'islam-abdo', 'islam abdo', NULL, NULL, NULL, NULL, NULL, NULL, NULL, NULL, NULL, 1, 1, 0, NULL, '2025-09-01 07:00:44', '2025-09-01 07:00:44');

-- --------------------------------------------------------

--
-- Table structure for table `refer_refer`
--

CREATE TABLE `refer_refer` (
  `parent_id` bigint UNSIGNED NOT NULL,
  `child_id` bigint UNSIGNED NOT NULL,
  `created_at` timestamp NULL DEFAULT NULL,
  `updated_at` timestamp NULL DEFAULT NULL
) ENGINE=InnoDB DEFAULT CHARSET=utf8mb4 COLLATE=utf8mb4_unicode_ci;

--
-- Dumping data for table `refer_refer`
--

INSERT INTO `refer_refer` (`parent_id`, `child_id`, `created_at`, `updated_at`) VALUES
(1, 200, NULL, NULL),
(1, 202, NULL, NULL),
(197, 196, NULL, NULL),
(197, 205, NULL, NULL),
(200, 199, NULL, NULL),
(202, 206, NULL, NULL),
(202, 207, NULL, NULL),
(202, 208, NULL, NULL);

-- --------------------------------------------------------

--
-- Table structure for table `reviews`
--

CREATE TABLE `reviews` (
  `id` bigint UNSIGNED NOT NULL,
  `reviewable_type` varchar(255) CHARACTER SET utf8mb4 COLLATE utf8mb4_unicode_ci NOT NULL,
  `reviewable_id` bigint UNSIGNED NOT NULL,
  `description` text CHARACTER SET utf8mb4 COLLATE utf8mb4_unicode_ci,
  `rate` int DEFAULT NULL,
  `status` tinyint DEFAULT NULL,
  `created_by` bigint UNSIGNED DEFAULT NULL,
  `updated_by` bigint UNSIGNED DEFAULT NULL,
  `deleted_at` timestamp NULL DEFAULT NULL,
  `created_at` timestamp NULL DEFAULT NULL,
  `updated_at` timestamp NULL DEFAULT NULL
) ENGINE=InnoDB DEFAULT CHARSET=utf8mb4 COLLATE=utf8mb4_unicode_ci;

-- --------------------------------------------------------

--
-- Table structure for table `ritestranslations`
--

CREATE TABLE `ritestranslations` (
  `id` bigint UNSIGNED NOT NULL,
  `rites_id` bigint UNSIGNED NOT NULL,
  `locale` varchar(255) CHARACTER SET utf8mb4 COLLATE utf8mb4_unicode_ci NOT NULL,
  `title` varchar(255) CHARACTER SET utf8mb4 COLLATE utf8mb4_unicode_ci NOT NULL,
  `created_at` timestamp NULL DEFAULT NULL,
  `updated_at` timestamp NULL DEFAULT NULL
) ENGINE=InnoDB DEFAULT CHARSET=utf8mb4 COLLATE=utf8mb4_unicode_ci;

-- --------------------------------------------------------

--
-- Table structure for table `roles`
--

CREATE TABLE `roles` (
  `id` bigint UNSIGNED NOT NULL,
  `name` varchar(255) CHARACTER SET utf8mb4 COLLATE utf8mb4_unicode_ci NOT NULL,
  `guard_name` varchar(255) CHARACTER SET utf8mb4 COLLATE utf8mb4_unicode_ci NOT NULL,
  `created_at` timestamp NULL DEFAULT NULL,
  `updated_at` timestamp NULL DEFAULT NULL
) ENGINE=InnoDB DEFAULT CHARSET=utf8mb4 COLLATE=utf8mb4_unicode_ci;

--
-- Dumping data for table `roles`
--

INSERT INTO `roles` (`id`, `name`, `guard_name`, `created_at`, `updated_at`) VALUES
(1, 'administrator', 'account', '2025-02-16 07:05:30', '2025-02-16 07:05:30');

-- --------------------------------------------------------

--
-- Table structure for table `role_has_permissions`
--

CREATE TABLE `role_has_permissions` (
  `permission_id` bigint UNSIGNED NOT NULL,
  `role_id` bigint UNSIGNED NOT NULL
) ENGINE=InnoDB DEFAULT CHARSET=utf8mb4 COLLATE=utf8mb4_unicode_ci;

--
-- Dumping data for table `role_has_permissions`
--

INSERT INTO `role_has_permissions` (`permission_id`, `role_id`) VALUES
(1, 1),
(2, 1),
(3, 1),
(4, 1),
(5, 1),
(6, 1),
(7, 1),
(8, 1),
(9, 1),
(10, 1),
(11, 1),
(12, 1),
(13, 1),
(14, 1),
(15, 1),
(16, 1),
(17, 1),
(18, 1),
(26, 1),
(27, 1),
(28, 1),
(29, 1),
(30, 1),
(31, 1),
(32, 1),
(33, 1),
(34, 1),
(35, 1),
(36, 1),
(37, 1),
(38, 1),
(39, 1),
(40, 1),
(41, 1),
(42, 1),
(43, 1),
(44, 1),
(45, 1),
(46, 1),
(47, 1),
(48, 1),
(49, 1),
(50, 1),
(51, 1),
(52, 1),
(53, 1),
(54, 1),
(55, 1),
(56, 1),
(57, 1),
(58, 1),
(59, 1),
(60, 1),
(61, 1),
(62, 1),
(63, 1),
(64, 1),
(65, 1),
(66, 1),
(67, 1),
(68, 1),
(69, 1),
(70, 1),
(71, 1),
(72, 1),
(73, 1),
(74, 1),
(75, 1),
(76, 1),
(77, 1),
(78, 1),
(79, 1),
(80, 1),
(81, 1),
(82, 1),
(83, 1),
(84, 1),
(85, 1),
(86, 1),
(87, 1),
(88, 1),
(89, 1),
(90, 1),
(91, 1),
(92, 1),
(93, 1),
(94, 1),
(95, 1),
(96, 1),
(97, 1),
(98, 1),
(99, 1),
(100, 1),
(101, 1),
(102, 1),
(103, 1),
(104, 1),
(105, 1),
(106, 1),
(107, 1),
(108, 1),
(109, 1),
(110, 1),
(111, 1),
(112, 1),
(113, 1),
(114, 1),
(115, 1),
(116, 1),
(117, 1),
(118, 1),
(119, 1),
(120, 1),
(121, 1),
(122, 1),
(123, 1),
(124, 1),
(125, 1),
(126, 1),
(127, 1),
(128, 1),
(129, 1),
(130, 1),
(131, 1),
(132, 1),
(133, 1),
(134, 1),
(135, 1),
(136, 1),
(137, 1),
(138, 1),
(139, 1),
(140, 1),
(141, 1),
(142, 1),
(143, 1),
(144, 1),
(145, 1),
(146, 1),
(147, 1),
(148, 1),
(149, 1),
(150, 1),
(151, 1),
(152, 1),
(153, 1),
(154, 1),
(155, 1),
(156, 1),
(157, 1),
(158, 1),
(159, 1),
(160, 1),
(161, 1),
(162, 1),
(163, 1),
(164, 1),
(165, 1),
(166, 1),
(167, 1),
(168, 1),
(169, 1),
(170, 1),
(171, 1),
(172, 1),
(173, 1),
(174, 1),
(175, 1),
(176, 1),
(177, 1),
(178, 1),
(179, 1),
(180, 1),
(181, 1),
(182, 1),
(183, 1),
(184, 1),
(185, 1),
(186, 1),
(187, 1),
(188, 1),
(189, 1),
(190, 1),
(191, 1),
(192, 1),
(193, 1),
(194, 1),
(195, 1),
(196, 1),
(197, 1),
(198, 1),
(199, 1),
(200, 1),
(201, 1),
(202, 1),
(203, 1),
(204, 1),
(205, 1),
(206, 1),
(207, 1),
(208, 1),
(209, 1),
(210, 1),
(211, 1),
(212, 1),
(213, 1),
(214, 1),
(215, 1),
(216, 1),
(217, 1),
(218, 1),
(219, 1),
(220, 1),
(221, 1),
(222, 1),
(223, 1),
(224, 1),
(225, 1),
(226, 1),
(227, 1),
(228, 1),
(229, 1),
(230, 1),
(231, 1),
(232, 1),
(233, 1),
(234, 1),
(235, 1),
(236, 1),
(237, 1),
(238, 1),
(239, 1),
(240, 1),
(241, 1),
(242, 1),
(243, 1),
(244, 1),
(245, 1),
(246, 1),
(247, 1),
(248, 1),
(249, 1),
(250, 1),
(251, 1),
(252, 1),
(253, 1),
(254, 1),
(255, 1),
(256, 1),
(257, 1),
(258, 1),
(259, 1),
(260, 1),
(261, 1),
(262, 1),
(263, 1),
(264, 1),
(265, 1),
(266, 1),
(267, 1),
(268, 1),
(269, 1),
(270, 1),
(271, 1),
(272, 1),
(273, 1),
(274, 1),
(275, 1),
(276, 1),
(277, 1),
(278, 1),
(279, 1),
(280, 1),
(281, 1),
(282, 1),
(283, 1),
(284, 1),
(285, 1),
(286, 1),
(287, 1),
(288, 1),
(289, 1),
(290, 1),
(291, 1),
(292, 1),
(293, 1),
(294, 1),
(295, 1),
(296, 1),
(297, 1),
(298, 1),
(299, 1),
(300, 1),
(301, 1),
(302, 1),
(303, 1),
(304, 1),
(305, 1),
(306, 1),
(307, 1),
(308, 1),
(309, 1),
(310, 1),
(311, 1),
(312, 1),
(313, 1),
(314, 1),
(315, 1),
(316, 1),
(317, 1),
(318, 1),
(319, 1),
(320, 1),
(321, 1),
(322, 1),
(323, 1),
(324, 1),
(325, 1),
(326, 1),
(327, 1),
(328, 1),
(329, 1),
(330, 1),
(331, 1),
(332, 1),
(333, 1),
(334, 1),
(335, 1),
(336, 1),
(337, 1),
(338, 1),
(339, 1),
(340, 1),
(341, 1),
(342, 1),
(343, 1),
(344, 1),
(345, 1),
(346, 1),
(347, 1),
(348, 1),
(349, 1),
(350, 1),
(351, 1),
(352, 1),
(353, 1),
(354, 1),
(355, 1),
(356, 1),
(357, 1),
(358, 1),
(359, 1),
(360, 1),
(361, 1),
(362, 1),
(363, 1),
(364, 1),
(365, 1),
(366, 1),
(367, 1),
(368, 1),
(369, 1),
(370, 1),
(371, 1),
(372, 1),
(373, 1),
(374, 1),
(375, 1),
(376, 1),
(377, 1),
(378, 1),
(379, 1),
(380, 1),
(381, 1),
(382, 1),
(383, 1),
(384, 1),
(385, 1),
(386, 1),
(387, 1),
(388, 1),
(389, 1),
(390, 1),
(391, 1),
(392, 1),
(393, 1),
(394, 1),
(395, 1),
(396, 1),
(397, 1),
(398, 1),
(399, 1),
(400, 1),
(401, 1),
(402, 1),
(403, 1),
(404, 1),
(405, 1),
(406, 1),
(407, 1),
(408, 1),
(409, 1),
(410, 1),
(411, 1),
(412, 1),
(413, 1),
(414, 1),
(415, 1),
(416, 1),
(417, 1),
(418, 1),
(419, 1),
(420, 1),
(421, 1),
(422, 1),
(423, 1),
(424, 1),
(425, 1),
(426, 1),
(427, 1),
(428, 1),
(429, 1),
(430, 1),
(431, 1),
(432, 1),
(433, 1),
(434, 1),
(435, 1),
(436, 1),
(437, 1),
(438, 1),
(439, 1),
(440, 1),
(441, 1),
(442, 1),
(443, 1),
(444, 1),
(445, 1),
(446, 1),
(447, 1),
(448, 1),
(449, 1),
(450, 1),
(451, 1),
(452, 1),
(453, 1),
(454, 1),
(455, 1),
(456, 1),
(457, 1),
(458, 1),
(459, 1),
(460, 1),
(461, 1),
(462, 1),
(463, 1),
(464, 1),
(465, 1),
(466, 1),
(467, 1),
(468, 1),
(469, 1),
(470, 1),
(471, 1),
(472, 1),
(473, 1),
(474, 1),
(475, 1),
(514, 1),
(515, 1),
(518, 1);

-- --------------------------------------------------------

--
-- Table structure for table `services`
--

CREATE TABLE `services` (
  `id` bigint UNSIGNED NOT NULL,
  `image` varchar(255) CHARACTER SET utf8mb4 COLLATE utf8mb4_unicode_ci DEFAULT NULL,
  `sort` int DEFAULT '0',
  `status` tinyint DEFAULT '1',
  `feature` tinyint DEFAULT '1',
  `news_ticker` tinyint DEFAULT '1',
  `created_by` bigint UNSIGNED DEFAULT NULL,
  `updated_by` bigint UNSIGNED DEFAULT NULL,
  `deleted_at` timestamp NULL DEFAULT NULL,
  `created_at` timestamp NULL DEFAULT NULL,
  `updated_at` timestamp NULL DEFAULT NULL
) ENGINE=InnoDB DEFAULT CHARSET=utf8mb4 COLLATE=utf8mb4_unicode_ci;

--
-- Dumping data for table `services`
--

INSERT INTO `services` (`id`, `image`, `sort`, `status`, `feature`, `news_ticker`, `created_by`, `updated_by`, `deleted_at`, `created_at`, `updated_at`) VALUES
(601, NULL, 91, 2, 1, 1, NULL, NULL, NULL, '2025-02-16 07:19:34', '2025-02-16 07:19:34'),
(602, NULL, 60, 2, 1, 1, NULL, NULL, NULL, '2025-02-16 07:19:34', '2025-02-16 07:19:34'),
(603, NULL, 75, 2, 1, 1, NULL, NULL, NULL, '2025-02-16 07:19:34', '2025-02-16 07:19:34'),
(604, NULL, 44, 1, 2, 1, NULL, NULL, NULL, '2025-02-16 07:19:34', '2025-02-16 07:19:34'),
(605, NULL, 41, 1, 1, 1, NULL, NULL, NULL, '2025-02-16 07:19:34', '2025-02-16 07:19:34'),
(606, NULL, 68, 2, 1, 1, NULL, NULL, NULL, '2025-02-16 07:19:34', '2025-02-16 07:19:34'),
(607, NULL, 13, 1, 2, 1, NULL, NULL, NULL, '2025-02-16 07:19:34', '2025-02-16 07:19:34'),
(608, NULL, 49, 1, 2, 1, NULL, NULL, NULL, '2025-02-16 07:19:34', '2025-02-16 07:19:34'),
(609, NULL, 11, 1, 1, 1, NULL, NULL, NULL, '2025-02-16 07:19:34', '2025-02-16 07:19:34'),
(610, NULL, 51, 2, 1, 1, NULL, NULL, NULL, '2025-02-16 07:19:34', '2025-02-16 07:19:34'),
(611, NULL, 85, 1, 1, 1, NULL, NULL, NULL, '2025-02-16 07:19:34', '2025-02-16 07:19:34'),
(612, NULL, 7, 2, 1, 1, NULL, NULL, NULL, '2025-02-16 07:19:34', '2025-02-16 07:19:34'),
(613, NULL, 64, 1, 2, 1, NULL, NULL, NULL, '2025-02-16 07:19:34', '2025-02-16 07:19:34'),
(614, NULL, 53, 1, 1, 1, NULL, NULL, NULL, '2025-02-16 07:19:34', '2025-02-16 07:19:34'),
(615, NULL, 18, 2, 1, 1, NULL, NULL, NULL, '2025-02-16 07:19:34', '2025-02-16 07:19:34'),
(616, NULL, 11, 2, 2, 1, NULL, NULL, NULL, '2025-02-16 07:19:34', '2025-02-16 07:19:34'),
(617, NULL, 6, 1, 1, 1, NULL, NULL, NULL, '2025-02-16 07:19:34', '2025-02-16 07:19:34'),
(618, NULL, 99, 1, 1, 1, NULL, NULL, NULL, '2025-02-16 07:19:34', '2025-02-16 07:19:34'),
(619, NULL, 57, 2, 2, 1, NULL, NULL, NULL, '2025-02-16 07:19:34', '2025-02-16 07:19:34'),
(620, NULL, 79, 2, 1, 1, NULL, NULL, NULL, '2025-02-16 07:19:34', '2025-02-16 07:19:34'),
(621, NULL, 2, 1, 1, 1, NULL, NULL, NULL, '2025-02-16 07:19:34', '2025-02-16 07:19:34'),
(622, NULL, 49, 2, 2, 1, NULL, NULL, NULL, '2025-02-16 07:19:34', '2025-02-16 07:19:34'),
(623, NULL, 2, 2, 1, 1, NULL, NULL, NULL, '2025-02-16 07:19:34', '2025-02-16 07:19:34'),
(624, NULL, 30, 2, 1, 1, NULL, NULL, NULL, '2025-02-16 07:19:34', '2025-02-16 07:19:34'),
(625, NULL, 51, 1, 1, 1, NULL, NULL, NULL, '2025-02-16 07:19:34', '2025-02-16 07:19:34'),
(626, NULL, 56, 2, 2, 1, NULL, NULL, NULL, '2025-02-16 07:19:34', '2025-02-16 07:19:34'),
(627, NULL, 1, 2, 1, 1, NULL, NULL, NULL, '2025-02-16 07:19:34', '2025-02-16 07:19:34'),
(628, NULL, 83, 1, 2, 1, NULL, NULL, NULL, '2025-02-16 07:19:34', '2025-02-16 07:19:34'),
(629, NULL, 21, 1, 2, 1, NULL, NULL, NULL, '2025-02-16 07:19:34', '2025-02-16 07:19:34'),
(630, NULL, 90, 2, 1, 1, NULL, NULL, NULL, '2025-02-16 07:19:34', '2025-02-16 07:19:34'),
(631, NULL, 52, 2, 1, 1, NULL, NULL, NULL, '2025-02-16 07:19:34', '2025-02-16 07:19:34'),
(632, NULL, 83, 1, 1, 1, NULL, NULL, NULL, '2025-02-16 07:19:34', '2025-02-16 07:19:34'),
(633, NULL, 29, 1, 1, 1, NULL, NULL, NULL, '2025-02-16 07:19:34', '2025-02-16 07:19:34'),
(634, NULL, 53, 1, 2, 1, NULL, NULL, NULL, '2025-02-16 07:19:34', '2025-02-16 07:19:34'),
(635, NULL, 74, 1, 2, 1, NULL, NULL, NULL, '2025-02-16 07:19:34', '2025-02-16 07:19:34'),
(636, NULL, 41, 1, 1, 1, NULL, NULL, NULL, '2025-02-16 07:19:34', '2025-02-16 07:19:34'),
(637, NULL, 28, 1, 2, 1, NULL, NULL, NULL, '2025-02-16 07:19:34', '2025-02-16 07:19:34'),
(638, NULL, 47, 1, 2, 1, NULL, NULL, NULL, '2025-02-16 07:19:34', '2025-02-16 07:19:34'),
(639, NULL, 18, 2, 2, 1, NULL, NULL, NULL, '2025-02-16 07:19:34', '2025-02-16 07:19:34'),
(640, NULL, 69, 1, 2, 1, NULL, NULL, NULL, '2025-02-16 07:19:34', '2025-02-16 07:19:34'),
(641, NULL, 93, 1, 1, 1, NULL, NULL, NULL, '2025-02-16 07:19:34', '2025-02-16 07:19:34'),
(642, NULL, 71, 1, 1, 1, NULL, NULL, NULL, '2025-02-16 07:19:34', '2025-02-16 07:19:34'),
(643, NULL, 65, 1, 1, 1, NULL, NULL, NULL, '2025-02-16 07:19:34', '2025-02-16 07:19:34'),
(644, NULL, 16, 1, 1, 1, NULL, NULL, NULL, '2025-02-16 07:19:34', '2025-02-16 07:19:34'),
(645, NULL, 59, 2, 1, 1, NULL, NULL, NULL, '2025-02-16 07:19:34', '2025-02-16 07:19:34'),
(646, NULL, 65, 2, 1, 1, NULL, NULL, NULL, '2025-02-16 07:19:34', '2025-02-16 07:19:34'),
(647, NULL, 65, 1, 1, 1, NULL, NULL, NULL, '2025-02-16 07:19:34', '2025-02-16 07:19:34'),
(648, NULL, 19, 2, 2, 1, NULL, NULL, NULL, '2025-02-16 07:19:34', '2025-02-16 07:19:34'),
(649, NULL, 17, 2, 1, 1, NULL, NULL, NULL, '2025-02-16 07:19:34', '2025-02-16 07:19:34'),
(650, NULL, 3, 1, 1, 1, NULL, NULL, NULL, '2025-02-16 07:19:34', '2025-02-16 07:19:34'),
(651, NULL, 44, 2, 1, 1, NULL, NULL, NULL, '2025-02-16 07:19:34', '2025-02-16 07:19:34'),
(652, NULL, 84, 1, 2, 1, NULL, NULL, NULL, '2025-02-16 07:19:34', '2025-02-16 07:19:34'),
(653, NULL, 14, 2, 1, 1, NULL, NULL, NULL, '2025-02-16 07:19:34', '2025-02-16 07:19:34'),
(654, NULL, 12, 2, 2, 1, NULL, NULL, NULL, '2025-02-16 07:19:34', '2025-02-16 07:19:34'),
(655, NULL, 53, 2, 1, 1, NULL, NULL, NULL, '2025-02-16 07:19:34', '2025-02-16 07:19:34'),
(656, NULL, 68, 1, 1, 1, NULL, NULL, NULL, '2025-02-16 07:19:34', '2025-02-16 07:19:34'),
(657, NULL, 91, 1, 2, 1, NULL, NULL, NULL, '2025-02-16 07:19:34', '2025-02-16 07:19:34'),
(658, NULL, 64, 2, 1, 1, NULL, NULL, NULL, '2025-02-16 07:19:34', '2025-02-16 07:19:34'),
(659, NULL, 37, 2, 1, 1, NULL, NULL, NULL, '2025-02-16 07:19:34', '2025-02-16 07:19:34'),
(660, NULL, 95, 1, 1, 1, NULL, NULL, NULL, '2025-02-16 07:19:34', '2025-02-16 07:19:34'),
(661, NULL, 67, 2, 1, 1, NULL, NULL, NULL, '2025-02-16 07:19:34', '2025-02-16 07:19:34'),
(662, NULL, 15, 2, 2, 1, NULL, NULL, NULL, '2025-02-16 07:19:34', '2025-02-16 07:19:34'),
(663, NULL, 13, 1, 1, 1, NULL, NULL, NULL, '2025-02-16 07:19:34', '2025-02-16 07:19:34'),
(664, NULL, 16, 1, 2, 1, NULL, NULL, NULL, '2025-02-16 07:19:34', '2025-02-16 07:19:34'),
(665, NULL, 75, 1, 2, 1, NULL, NULL, NULL, '2025-02-16 07:19:34', '2025-02-16 07:19:34'),
(666, NULL, 11, 1, 1, 1, NULL, NULL, NULL, '2025-02-16 07:19:34', '2025-02-16 07:19:34'),
(667, NULL, 64, 2, 2, 1, NULL, NULL, NULL, '2025-02-16 07:19:34', '2025-02-16 07:19:34'),
(668, NULL, 1, 2, 2, 1, NULL, NULL, NULL, '2025-02-16 07:19:34', '2025-02-16 07:19:34'),
(669, NULL, 34, 2, 1, 1, NULL, NULL, NULL, '2025-02-16 07:19:34', '2025-02-16 07:19:34'),
(670, NULL, 38, 1, 1, 1, NULL, NULL, NULL, '2025-02-16 07:19:34', '2025-02-16 07:19:34'),
(671, NULL, 66, 1, 2, 1, NULL, NULL, NULL, '2025-02-16 07:19:34', '2025-02-16 07:19:34'),
(672, NULL, 41, 1, 2, 1, NULL, NULL, NULL, '2025-02-16 07:19:34', '2025-02-16 07:19:34'),
(673, NULL, 9, 1, 1, 1, NULL, NULL, NULL, '2025-02-16 07:19:34', '2025-02-16 07:19:34'),
(674, NULL, 98, 1, 1, 1, NULL, NULL, NULL, '2025-02-16 07:19:34', '2025-02-16 07:19:34'),
(675, NULL, 16, 2, 2, 1, NULL, NULL, NULL, '2025-02-16 07:19:34', '2025-02-16 07:19:34'),
(676, NULL, 58, 1, 1, 1, NULL, NULL, NULL, '2025-02-16 07:19:34', '2025-02-16 07:19:34'),
(677, NULL, 42, 2, 1, 1, NULL, NULL, NULL, '2025-02-16 07:19:34', '2025-02-16 07:19:34'),
(678, NULL, 55, 1, 2, 1, NULL, NULL, NULL, '2025-02-16 07:19:34', '2025-02-16 07:19:34'),
(679, NULL, 29, 2, 1, 1, NULL, NULL, NULL, '2025-02-16 07:19:34', '2025-02-16 07:19:34'),
(680, NULL, 16, 2, 1, 1, NULL, NULL, NULL, '2025-02-16 07:19:34', '2025-02-16 07:19:34'),
(681, NULL, 1, 1, 2, 1, NULL, NULL, NULL, '2025-02-16 07:19:34', '2025-02-16 07:19:34'),
(682, NULL, 21, 2, 1, 1, NULL, NULL, NULL, '2025-02-16 07:19:34', '2025-02-16 07:19:34'),
(683, NULL, 0, 2, 2, 1, NULL, NULL, NULL, '2025-02-16 07:19:34', '2025-02-16 07:19:34'),
(684, NULL, 84, 1, 2, 1, NULL, NULL, NULL, '2025-02-16 07:19:34', '2025-02-16 07:19:34'),
(685, NULL, 93, 1, 1, 1, NULL, NULL, NULL, '2025-02-16 07:19:34', '2025-02-16 07:19:34'),
(686, NULL, 58, 1, 2, 1, NULL, NULL, NULL, '2025-02-16 07:19:34', '2025-02-16 07:19:34'),
(687, NULL, 23, 1, 2, 1, NULL, NULL, NULL, '2025-02-16 07:19:34', '2025-02-16 07:19:34'),
(688, NULL, 16, 1, 2, 1, NULL, NULL, NULL, '2025-02-16 07:19:34', '2025-02-16 07:19:34'),
(689, NULL, 36, 2, 1, 1, NULL, NULL, NULL, '2025-02-16 07:19:34', '2025-02-16 07:19:34'),
(690, NULL, 71, 2, 1, 1, NULL, NULL, NULL, '2025-02-16 07:19:34', '2025-02-16 07:19:34'),
(691, NULL, 20, 1, 1, 1, NULL, NULL, NULL, '2025-02-16 07:19:34', '2025-02-16 07:19:34'),
(692, NULL, 47, 1, 2, 1, NULL, NULL, NULL, '2025-02-16 07:19:34', '2025-02-16 07:19:34'),
(693, NULL, 70, 1, 2, 1, NULL, NULL, NULL, '2025-02-16 07:19:34', '2025-02-16 07:19:34'),
(694, NULL, 94, 2, 1, 1, NULL, NULL, NULL, '2025-02-16 07:19:34', '2025-02-16 07:19:34'),
(695, NULL, 0, 2, 2, 1, NULL, NULL, NULL, '2025-02-16 07:19:34', '2025-02-16 07:19:34'),
(696, NULL, 52, 2, 1, 1, NULL, NULL, NULL, '2025-02-16 07:19:34', '2025-02-16 07:19:34'),
(697, NULL, 86, 2, 1, 1, NULL, NULL, NULL, '2025-02-16 07:19:34', '2025-02-16 07:19:34'),
(698, NULL, 99, 2, 2, 1, NULL, NULL, NULL, '2025-02-16 07:19:34', '2025-02-16 07:19:34'),
(699, NULL, 14, 1, 2, 1, NULL, NULL, NULL, '2025-02-16 07:19:34', '2025-02-16 07:19:34'),
(700, NULL, 88, 1, 1, 1, NULL, NULL, NULL, '2025-02-16 07:19:34', '2025-02-16 07:19:34'),
(701, NULL, 81, 2, 1, 1, NULL, NULL, NULL, '2025-02-16 07:19:34', '2025-02-16 07:19:34'),
(702, NULL, 62, 1, 1, 1, NULL, NULL, NULL, '2025-02-16 07:19:34', '2025-02-16 07:19:34'),
(703, NULL, 75, 1, 2, 1, NULL, NULL, NULL, '2025-02-16 07:19:34', '2025-02-16 07:19:34'),
(704, NULL, 59, 1, 2, 1, NULL, NULL, NULL, '2025-02-16 07:19:34', '2025-02-16 07:19:34'),
(705, NULL, 95, 1, 2, 1, NULL, NULL, NULL, '2025-02-16 07:19:34', '2025-02-16 07:19:34'),
(706, NULL, 38, 1, 2, 1, NULL, NULL, NULL, '2025-02-16 07:19:34', '2025-02-16 07:19:34'),
(707, NULL, 11, 2, 1, 1, NULL, NULL, NULL, '2025-02-16 07:19:34', '2025-02-16 07:19:34'),
(708, NULL, 9, 2, 2, 1, NULL, NULL, NULL, '2025-02-16 07:19:34', '2025-02-16 07:19:34'),
(709, NULL, 9, 1, 2, 1, NULL, NULL, NULL, '2025-02-16 07:19:34', '2025-02-16 07:19:34'),
(710, NULL, 28, 2, 2, 1, NULL, NULL, NULL, '2025-02-16 07:19:34', '2025-02-16 07:19:34'),
(711, NULL, 83, 1, 2, 1, NULL, NULL, NULL, '2025-02-16 07:19:34', '2025-02-16 07:19:34'),
(712, NULL, 87, 1, 1, 1, NULL, NULL, NULL, '2025-02-16 07:19:34', '2025-02-16 07:19:34'),
(713, NULL, 3, 1, 2, 1, NULL, NULL, NULL, '2025-02-16 07:19:34', '2025-02-16 07:19:34'),
(714, NULL, 8, 1, 1, 1, NULL, NULL, NULL, '2025-02-16 07:19:34', '2025-02-16 07:19:34'),
(715, NULL, 99, 2, 2, 1, NULL, NULL, NULL, '2025-02-16 07:19:34', '2025-02-16 07:19:34'),
(716, NULL, 96, 2, 2, 1, NULL, NULL, NULL, '2025-02-16 07:19:34', '2025-02-16 07:19:34'),
(717, NULL, 67, 1, 1, 1, NULL, NULL, NULL, '2025-02-16 07:19:34', '2025-02-16 07:19:34'),
(718, NULL, 69, 1, 2, 1, NULL, NULL, NULL, '2025-02-16 07:19:34', '2025-02-16 07:19:34'),
(719, NULL, 22, 1, 1, 1, NULL, NULL, NULL, '2025-02-16 07:19:34', '2025-02-16 07:19:34'),
(720, NULL, 45, 2, 2, 1, NULL, NULL, NULL, '2025-02-16 07:19:34', '2025-02-16 07:19:34'),
(721, NULL, 37, 2, 1, 1, NULL, NULL, NULL, '2025-02-16 07:19:34', '2025-02-16 07:19:34'),
(722, NULL, 76, 2, 2, 1, NULL, NULL, NULL, '2025-02-16 07:19:34', '2025-02-16 07:19:34'),
(723, NULL, 89, 2, 2, 1, NULL, NULL, NULL, '2025-02-16 07:19:34', '2025-02-16 07:19:34'),
(724, NULL, 50, 2, 1, 1, NULL, NULL, NULL, '2025-02-16 07:19:34', '2025-02-16 07:19:34'),
(725, NULL, 35, 2, 2, 1, NULL, NULL, NULL, '2025-02-16 07:19:34', '2025-02-16 07:19:34'),
(726, NULL, 22, 2, 2, 1, NULL, NULL, NULL, '2025-02-16 07:19:34', '2025-02-16 07:19:34'),
(727, NULL, 100, 1, 1, 1, NULL, NULL, NULL, '2025-02-16 07:19:34', '2025-02-16 07:19:34'),
(728, NULL, 62, 2, 2, 1, NULL, NULL, NULL, '2025-02-16 07:19:34', '2025-02-16 07:19:34'),
(729, NULL, 92, 1, 1, 1, NULL, NULL, NULL, '2025-02-16 07:19:34', '2025-02-16 07:19:34'),
(730, NULL, 65, 1, 2, 1, NULL, NULL, NULL, '2025-02-16 07:19:34', '2025-02-16 07:19:34'),
(731, NULL, 21, 2, 1, 1, NULL, NULL, NULL, '2025-02-16 07:19:34', '2025-02-16 07:19:34'),
(732, NULL, 85, 1, 2, 1, NULL, NULL, NULL, '2025-02-16 07:19:34', '2025-02-16 07:19:34'),
(733, NULL, 51, 1, 1, 1, NULL, NULL, NULL, '2025-02-16 07:19:34', '2025-02-16 07:19:34'),
(734, NULL, 60, 2, 2, 1, NULL, NULL, NULL, '2025-02-16 07:19:34', '2025-02-16 07:19:34'),
(735, NULL, 10, 2, 1, 1, NULL, NULL, NULL, '2025-02-16 07:19:34', '2025-02-16 07:19:34'),
(736, NULL, 83, 2, 1, 1, NULL, NULL, NULL, '2025-02-16 07:19:34', '2025-02-16 07:19:34'),
(737, NULL, 6, 2, 2, 1, NULL, NULL, NULL, '2025-02-16 07:19:34', '2025-02-16 07:19:34'),
(738, NULL, 64, 2, 2, 1, NULL, NULL, NULL, '2025-02-16 07:19:34', '2025-02-16 07:19:34'),
(739, NULL, 44, 1, 2, 1, NULL, NULL, NULL, '2025-02-16 07:19:34', '2025-02-16 07:19:34'),
(740, NULL, 92, 1, 1, 1, NULL, NULL, NULL, '2025-02-16 07:19:34', '2025-02-16 07:19:34'),
(741, NULL, 49, 2, 2, 1, NULL, NULL, NULL, '2025-02-16 07:19:34', '2025-02-16 07:19:34'),
(742, NULL, 63, 2, 2, 1, NULL, NULL, NULL, '2025-02-16 07:19:34', '2025-02-16 07:19:34'),
(743, NULL, 97, 1, 2, 1, NULL, NULL, NULL, '2025-02-16 07:19:34', '2025-02-16 07:19:34'),
(744, NULL, 82, 2, 2, 1, NULL, NULL, NULL, '2025-02-16 07:19:34', '2025-02-16 07:19:34'),
(745, NULL, 67, 1, 2, 1, NULL, NULL, NULL, '2025-02-16 07:19:34', '2025-02-16 07:19:34'),
(746, NULL, 38, 1, 2, 1, NULL, NULL, NULL, '2025-02-16 07:19:34', '2025-02-16 07:19:34'),
(747, NULL, 57, 2, 1, 1, NULL, NULL, NULL, '2025-02-16 07:19:34', '2025-02-16 07:19:34'),
(748, NULL, 81, 2, 1, 1, NULL, NULL, NULL, '2025-02-16 07:19:34', '2025-02-16 07:19:34'),
(749, NULL, 98, 1, 2, 1, NULL, NULL, NULL, '2025-02-16 07:19:34', '2025-02-16 07:19:34'),
(750, NULL, 21, 2, 1, 1, NULL, NULL, NULL, '2025-02-16 07:19:34', '2025-02-16 07:19:34'),
(751, NULL, 88, 2, 1, 1, NULL, NULL, NULL, '2025-02-16 07:19:34', '2025-02-16 07:19:34'),
(752, NULL, 20, 1, 2, 1, NULL, NULL, NULL, '2025-02-16 07:19:34', '2025-02-16 07:19:34'),
(753, NULL, 73, 1, 2, 1, NULL, NULL, NULL, '2025-02-16 07:19:34', '2025-02-16 07:19:34'),
(754, NULL, 54, 2, 1, 1, NULL, NULL, NULL, '2025-02-16 07:19:34', '2025-02-16 07:19:34'),
(755, NULL, 59, 2, 2, 1, NULL, NULL, NULL, '2025-02-16 07:19:34', '2025-02-16 07:19:34'),
(756, NULL, 2, 1, 2, 1, NULL, NULL, NULL, '2025-02-16 07:19:34', '2025-02-16 07:19:34'),
(757, NULL, 96, 1, 1, 1, NULL, NULL, NULL, '2025-02-16 07:19:34', '2025-02-16 07:19:34'),
(758, NULL, 83, 2, 1, 1, NULL, NULL, NULL, '2025-02-16 07:19:34', '2025-02-16 07:19:34'),
(759, NULL, 11, 1, 2, 1, NULL, NULL, NULL, '2025-02-16 07:19:34', '2025-02-16 07:19:34'),
(760, NULL, 60, 1, 2, 1, NULL, NULL, NULL, '2025-02-16 07:19:34', '2025-02-16 07:19:34'),
(761, NULL, 17, 1, 2, 1, NULL, NULL, NULL, '2025-02-16 07:19:34', '2025-02-16 07:19:34'),
(762, NULL, 81, 2, 2, 1, NULL, NULL, NULL, '2025-02-16 07:19:34', '2025-02-16 07:19:34'),
(763, NULL, 61, 1, 2, 1, NULL, NULL, NULL, '2025-02-16 07:19:34', '2025-02-16 07:19:34'),
(764, NULL, 31, 2, 2, 1, NULL, NULL, NULL, '2025-02-16 07:19:34', '2025-02-16 07:19:34'),
(765, NULL, 95, 1, 1, 1, NULL, NULL, NULL, '2025-02-16 07:19:34', '2025-02-16 07:19:34'),
(766, NULL, 35, 2, 2, 1, NULL, NULL, NULL, '2025-02-16 07:19:34', '2025-02-16 07:19:34'),
(767, NULL, 77, 1, 1, 1, NULL, NULL, NULL, '2025-02-16 07:19:34', '2025-02-16 07:19:34'),
(768, NULL, 89, 1, 1, 1, NULL, NULL, NULL, '2025-02-16 07:19:34', '2025-02-16 07:19:34'),
(769, NULL, 30, 1, 2, 1, NULL, NULL, NULL, '2025-02-16 07:19:34', '2025-02-16 07:19:34'),
(770, NULL, 77, 1, 2, 1, NULL, NULL, NULL, '2025-02-16 07:19:34', '2025-02-16 07:19:34'),
(771, NULL, 57, 1, 1, 1, NULL, NULL, NULL, '2025-02-16 07:19:34', '2025-02-16 07:19:34'),
(772, NULL, 42, 1, 2, 1, NULL, NULL, NULL, '2025-02-16 07:19:34', '2025-02-16 07:19:34'),
(773, NULL, 5, 2, 1, 1, NULL, NULL, NULL, '2025-02-16 07:19:34', '2025-02-16 07:19:34'),
(774, NULL, 69, 1, 1, 1, NULL, NULL, NULL, '2025-02-16 07:19:35', '2025-02-16 07:19:35'),
(775, NULL, 78, 1, 1, 1, NULL, NULL, NULL, '2025-02-16 07:19:35', '2025-02-16 07:19:35'),
(776, NULL, 38, 2, 2, 1, NULL, NULL, NULL, '2025-02-16 07:19:35', '2025-02-16 07:19:35'),
(777, NULL, 63, 1, 1, 1, NULL, NULL, NULL, '2025-02-16 07:19:35', '2025-02-16 07:19:35'),
(778, NULL, 25, 1, 2, 1, NULL, NULL, NULL, '2025-02-16 07:19:35', '2025-02-16 07:19:35'),
(779, NULL, 66, 1, 2, 1, NULL, NULL, NULL, '2025-02-16 07:19:35', '2025-02-16 07:19:35'),
(780, NULL, 59, 1, 2, 1, NULL, NULL, NULL, '2025-02-16 07:19:35', '2025-02-16 07:19:35'),
(781, NULL, 49, 1, 2, 1, NULL, NULL, NULL, '2025-02-16 07:19:35', '2025-02-16 07:19:35'),
(782, NULL, 46, 2, 1, 1, NULL, NULL, NULL, '2025-02-16 07:19:35', '2025-02-16 07:19:35'),
(783, NULL, 48, 1, 1, 1, NULL, NULL, NULL, '2025-02-16 07:19:35', '2025-02-16 07:19:35'),
(784, NULL, 20, 2, 1, 1, NULL, NULL, NULL, '2025-02-16 07:19:35', '2025-02-16 07:19:35'),
(785, NULL, 62, 1, 1, 1, NULL, NULL, NULL, '2025-02-16 07:19:35', '2025-02-16 07:19:35'),
(786, NULL, 65, 2, 1, 1, NULL, NULL, NULL, '2025-02-16 07:19:35', '2025-02-16 07:19:35'),
(787, NULL, 39, 1, 1, 1, NULL, NULL, NULL, '2025-02-16 07:19:35', '2025-02-16 07:19:35'),
(788, NULL, 80, 1, 2, 1, NULL, NULL, NULL, '2025-02-16 07:19:35', '2025-02-16 07:19:35'),
(789, NULL, 89, 1, 2, 1, NULL, NULL, NULL, '2025-02-16 07:19:35', '2025-02-16 07:19:35'),
(790, NULL, 81, 1, 2, 1, NULL, NULL, NULL, '2025-02-16 07:19:35', '2025-02-16 07:19:35'),
(791, NULL, 46, 1, 1, 1, NULL, NULL, NULL, '2025-02-16 07:19:35', '2025-02-16 07:19:35'),
(792, NULL, 58, 2, 2, 1, NULL, NULL, NULL, '2025-02-16 07:19:35', '2025-02-16 07:19:35'),
(793, NULL, 23, 1, 2, 1, NULL, NULL, NULL, '2025-02-16 07:19:35', '2025-02-16 07:19:35'),
(794, NULL, 42, 2, 1, 1, NULL, NULL, NULL, '2025-02-16 07:19:35', '2025-02-16 07:19:35'),
(795, NULL, 73, 2, 2, 1, NULL, NULL, NULL, '2025-02-16 07:19:35', '2025-02-16 07:19:35'),
(796, NULL, 16, 1, 1, 1, NULL, NULL, NULL, '2025-02-16 07:19:35', '2025-02-16 07:19:35'),
(797, NULL, 95, 2, 1, 1, NULL, NULL, NULL, '2025-02-16 07:19:35', '2025-02-16 07:19:35'),
(798, NULL, 6, 2, 2, 1, NULL, NULL, NULL, '2025-02-16 07:19:35', '2025-02-16 07:19:35'),
(799, NULL, 67, 2, 2, 1, NULL, NULL, NULL, '2025-02-16 07:19:35', '2025-02-16 07:19:35'),
(800, NULL, 9, 2, 2, 1, NULL, NULL, NULL, '2025-02-16 07:19:35', '2025-02-16 07:19:35');

-- --------------------------------------------------------

--
-- Table structure for table `services_translations`
--

CREATE TABLE `services_translations` (
  `id` bigint UNSIGNED NOT NULL,
  `service_id` bigint UNSIGNED NOT NULL,
  `locale` varchar(255) CHARACTER SET utf8mb4 COLLATE utf8mb4_unicode_ci NOT NULL,
  `title` varchar(255) CHARACTER SET utf8mb4 COLLATE utf8mb4_unicode_ci NOT NULL,
  `slug` varchar(255) CHARACTER SET utf8mb4 COLLATE utf8mb4_unicode_ci DEFAULT NULL,
  `description` longtext CHARACTER SET utf8mb4 COLLATE utf8mb4_unicode_ci,
  `content` longtext CHARACTER SET utf8mb4 COLLATE utf8mb4_unicode_ci,
  `meta_title` varchar(255) CHARACTER SET utf8mb4 COLLATE utf8mb4_unicode_ci DEFAULT NULL,
  `meta_description` longtext CHARACTER SET utf8mb4 COLLATE utf8mb4_unicode_ci,
  `meta_key` longtext CHARACTER SET utf8mb4 COLLATE utf8mb4_unicode_ci,
  `created_at` timestamp NULL DEFAULT NULL,
  `updated_at` timestamp NULL DEFAULT NULL
) ENGINE=InnoDB DEFAULT CHARSET=utf8mb4 COLLATE=utf8mb4_unicode_ci;

--
-- Dumping data for table `services_translations`
--

INSERT INTO `services_translations` (`id`, `service_id`, `locale`, `title`, `slug`, `description`, `content`, `meta_title`, `meta_description`, `meta_key`, `created_at`, `updated_at`) VALUES
(601, 601, 'ar', 'Mr. Monty Jakubowski', 'mr.-monty-jakubowski', 'Iusto cumque ut impedit qui dolor iusto. Fuga at quibusdam aliquid delectus nobis qui. Et eius nostrum quam voluptatem aperiam. Soluta ut tempore incidunt voluptas. Doloremque praesentium possimus est.', 'In quasi accusantium magnam itaque quod ipsa. Et et neque atque sint. Dolor nihil facilis quia vero omnis id. Occaecati nihil quam ipsam consectetur quasi recusandae repellat rerum.', NULL, NULL, NULL, '2025-02-16 07:19:34', '2025-02-16 07:19:34'),
(602, 602, 'ar', 'Lynn Fahey V', 'lynn-fahey-v', 'Qui recusandae non alias non. Quis in odit iusto esse quasi. Quod repudiandae soluta ea facere possimus.', 'Sunt repellat voluptatem qui nesciunt et. Sunt perferendis ratione nam totam nemo doloremque voluptate facere. Doloribus et accusamus expedita voluptates quia. Sit vitae quis numquam vel voluptate voluptas ea.', NULL, NULL, NULL, '2025-02-16 07:19:34', '2025-02-16 07:19:34'),
(603, 603, 'ar', 'Dr. Janet Stracke Jr.', 'dr.-janet-stracke-jr.', 'Eos est voluptatibus officia eum delectus officia neque. Deserunt nulla voluptates aut voluptas veniam similique consectetur. Deleniti hic sequi repudiandae fugit impedit explicabo laborum. Ratione quia sapiente aut fugiat non.', 'Voluptatum excepturi aperiam qui itaque sit. Cumque omnis sapiente aut voluptatem. Et eum harum est blanditiis consequatur consequatur. Reiciendis et nostrum assumenda dolor distinctio. Doloremque vel quibusdam aliquam repudiandae.', NULL, NULL, NULL, '2025-02-16 07:19:34', '2025-02-16 07:19:34'),
(604, 604, 'ar', 'Mrs. Aisha Cole IV', 'mrs.-aisha-cole-iv', 'Possimus praesentium ratione ut sunt nesciunt ut. Atque quidem omnis quo voluptates molestiae deleniti non. Veniam sint qui id voluptatem veniam quia aliquid. Aut aliquam quo dolores incidunt aut aut.', 'Unde voluptatibus porro nostrum numquam sunt illum. Pariatur ut omnis omnis dolores. Autem est vel tempora cumque perspiciatis accusantium. Similique veritatis blanditiis debitis quibusdam consequatur et.', NULL, NULL, NULL, '2025-02-16 07:19:34', '2025-02-16 07:19:34'),
(605, 605, 'ar', 'Prof. Alan Rodriguez', 'prof.-alan-rodriguez', 'Aperiam ullam ipsa quasi quam molestiae. Et ea nisi facere fugiat. Quasi cum repellendus nihil corporis dolor et et et. Rerum aut ipsa aut sit sunt voluptate aut.', 'Dignissimos tempore adipisci rem porro. Et ut non iste qui ut nihil consequatur quo. Quam consequatur nihil inventore nobis rerum architecto quidem. Quis occaecati facere sunt inventore occaecati id.', NULL, NULL, NULL, '2025-02-16 07:19:34', '2025-02-16 07:19:34'),
(606, 606, 'ar', 'Destany Sanford', 'destany-sanford', 'Magnam praesentium quibusdam ad dolore laudantium. Ut natus distinctio et accusamus. Voluptates qui hic quia repellendus consectetur.', 'Et eligendi ut aperiam voluptas eius. Sapiente consequatur et rerum veritatis. Et ea vel provident ut nostrum.', NULL, NULL, NULL, '2025-02-16 07:19:34', '2025-02-16 07:19:34'),
(607, 607, 'ar', 'Miss Coralie Schuppe', 'miss-coralie-schuppe', 'Dolorem cum ad voluptatem repudiandae. Eligendi et tenetur quibusdam. Rerum animi est sunt eos delectus adipisci atque.', 'Sed ipsam fugiat ut molestiae nemo laborum corporis. Tempora dolor impedit animi explicabo. Velit aut eos architecto et deserunt nobis. Et necessitatibus quae minus distinctio ea.', NULL, NULL, NULL, '2025-02-16 07:19:34', '2025-02-16 07:19:34'),
(608, 608, 'ar', 'Dr. Cara Harber DVM', 'dr.-cara-harber-dvm', 'Dolor quis saepe itaque expedita ut doloribus dolores. Consequatur architecto eos et in pariatur. Voluptate id est fuga officiis.', 'Quae earum modi maxime laborum dolores optio est. Nihil qui est porro voluptas. Eligendi quasi nobis aut facere dicta non assumenda quam.', NULL, NULL, NULL, '2025-02-16 07:19:34', '2025-02-16 07:19:34'),
(609, 609, 'ar', 'Giles Corkery', 'giles-corkery', 'Omnis et est quo ea est tenetur laborum. Quia dolor sequi omnis facere. Soluta et illum eius. Quaerat qui quia qui fugit quod repellendus.', 'Rerum sint excepturi inventore in cumque. Veniam ducimus doloribus qui eveniet. Illo est impedit et soluta quia. Ipsa est eaque optio perspiciatis.', NULL, NULL, NULL, '2025-02-16 07:19:34', '2025-02-16 07:19:34'),
(610, 610, 'ar', 'Prof. Samir Goyette III', 'prof.-samir-goyette-iii', 'Placeat et aut illum reprehenderit provident velit. Corporis qui assumenda est. Doloremque voluptatem quia quo quis officia aut.', 'Tempora et eligendi numquam. Placeat ipsam beatae velit doloribus. Blanditiis sed cumque maxime laboriosam sapiente est repellat.', NULL, NULL, NULL, '2025-02-16 07:19:34', '2025-02-16 07:19:34'),
(611, 611, 'ar', 'Miss Dolores Kassulke II', 'miss-dolores-kassulke-ii', 'Reprehenderit facere architecto labore quos aut. Sunt qui autem dolor voluptatum nulla aut numquam laboriosam. Iusto vel cupiditate et iure. Officia veritatis illo molestiae iure inventore.', 'Odio ut asperiores quo architecto illum maxime accusantium. Modi cupiditate temporibus animi excepturi assumenda laboriosam. Aut nobis hic est nihil eos ab consequatur est.', NULL, NULL, NULL, '2025-02-16 07:19:34', '2025-02-16 07:19:34'),
(612, 612, 'ar', 'Jammie Lang', 'jammie-lang', 'Dolor eos hic minus expedita vero. Voluptatem numquam dignissimos illum ut et ea veniam. Minus quibusdam et quibusdam magnam dolore quia.', 'Incidunt et voluptatem itaque sed. Dignissimos iusto est assumenda. Et blanditiis nihil alias. Quibusdam repellat asperiores reprehenderit et quia iure.', NULL, NULL, NULL, '2025-02-16 07:19:34', '2025-02-16 07:19:34'),
(613, 613, 'ar', 'Alvah Quigley', 'alvah-quigley', 'Accusamus facere excepturi qui consequatur molestias fugiat et. Dicta corrupti eaque facilis velit. Laboriosam et fuga temporibus quas voluptatibus molestiae quod. Sit illum voluptas in fugit nihil possimus.', 'Cumque excepturi enim aspernatur veritatis. Sunt pariatur eaque deleniti sed pariatur. Beatae molestiae repellat sed eos mollitia. Autem voluptatem sequi enim reprehenderit laudantium odit veniam quia.', NULL, NULL, NULL, '2025-02-16 07:19:34', '2025-02-16 07:19:34'),
(614, 614, 'ar', 'Geo Kuvalis', 'geo-kuvalis', 'Molestiae in beatae autem et dolorem placeat quis. Et eius qui ab tempore facere voluptatibus. Modi sint laudantium corporis voluptates ex veniam. Qui porro repellat illum doloribus quidem vel consequatur.', 'Quisquam et voluptatem qui non illo similique quia. Eum ut corrupti aspernatur similique qui id.', NULL, NULL, NULL, '2025-02-16 07:19:34', '2025-02-16 07:19:34'),
(615, 615, 'ar', 'Dayne White', 'dayne-white', 'Saepe nulla est repellat inventore. Ad eaque eum voluptate aliquid. Quis non eius ipsam consequatur quasi consectetur. Aut eos quos aliquid voluptas provident sit quibusdam.', 'Dolores aut rerum soluta qui. Modi fuga et harum in. Consequatur sed consequatur harum ut fugiat dolorum non corporis. Dolorem rem et assumenda mollitia aut.', NULL, NULL, NULL, '2025-02-16 07:19:34', '2025-02-16 07:19:34'),
(616, 616, 'ar', 'Saul Quigley II', 'saul-quigley-ii', 'Esse debitis impedit dolore qui. Animi qui hic exercitationem itaque. Ut magni ut porro quia eum ad iste.', 'Iste et exercitationem nam et autem voluptatem. Quisquam reiciendis sequi quia sint.', NULL, NULL, NULL, '2025-02-16 07:19:34', '2025-02-16 07:19:34'),
(617, 617, 'ar', 'Hector Mraz', 'hector-mraz', 'Recusandae beatae temporibus aliquam dignissimos ea laboriosam. Nisi quas ad iste laborum ut adipisci officiis. Quia assumenda sed ullam ea unde asperiores vel. Et consectetur dignissimos et.', 'Odio suscipit eum inventore dicta modi. Et saepe qui ut saepe fugit qui. Vero dolorum et quae qui accusamus.', NULL, NULL, NULL, '2025-02-16 07:19:34', '2025-02-16 07:19:34'),
(618, 618, 'ar', 'Darien O\'Hara', 'darien-o\'hara', 'Eveniet commodi ipsum quis dolorum nisi repellat illo adipisci. Deserunt pariatur assumenda dolores possimus suscipit aut. Et quisquam dolor et et id cum.', 'Aut quia debitis aliquid ducimus iste hic sed. Et blanditiis doloremque et ab autem voluptatem.', NULL, NULL, NULL, '2025-02-16 07:19:34', '2025-02-16 07:19:34'),
(619, 619, 'ar', 'Miss Raegan Gleichner', 'miss-raegan-gleichner', 'Excepturi et soluta fugit eum ea officia nihil. Illo ad molestias maxime rerum sunt provident quos. Ut velit optio facere cupiditate qui aut.', 'Eos qui optio ex fugiat dignissimos repudiandae sit vel. Nobis ea enim ducimus non et exercitationem eos vitae. Molestiae et aperiam eligendi hic quos aut.', NULL, NULL, NULL, '2025-02-16 07:19:34', '2025-02-16 07:19:34'),
(620, 620, 'ar', 'Lloyd Kuhn', 'lloyd-kuhn', 'Unde possimus sunt architecto et ut consequatur. Accusamus voluptas est veniam.', 'Deserunt ipsa eius quia odio. Possimus qui explicabo voluptatem aperiam vitae. Dicta qui dicta harum doloremque recusandae earum.', NULL, NULL, NULL, '2025-02-16 07:19:34', '2025-02-16 07:19:34'),
(621, 621, 'ar', 'Irwin Eichmann', 'irwin-eichmann', 'Libero necessitatibus nostrum culpa rerum et aperiam eos ad. Totam quasi ut qui eaque. Atque asperiores rerum dolor error consequatur ut pariatur. Explicabo rerum ad exercitationem et nesciunt repudiandae quis. Dolores rem ipsa necessitatibus consequatur.', 'Ut dolore id velit laudantium minus. Dolores incidunt deleniti rerum dicta non corrupti minus. Harum ut dolores accusamus enim earum amet.', NULL, NULL, NULL, '2025-02-16 07:19:34', '2025-02-16 07:19:34'),
(622, 622, 'ar', 'Lulu Boyle', 'lulu-boyle', 'Aspernatur ut nam reiciendis in repudiandae sit vel. Et veritatis eligendi qui architecto cumque. Ea dicta quis reiciendis praesentium dolores impedit rerum.', 'Incidunt sunt voluptates beatae praesentium. Praesentium repellat dicta et sed saepe porro est aliquam. Dolorem vero assumenda ea a consectetur et excepturi. Quod aperiam molestiae non quia qui sunt qui.', NULL, NULL, NULL, '2025-02-16 07:19:34', '2025-02-16 07:19:34'),
(623, 623, 'ar', 'Jovany Reinger', 'jovany-reinger', 'Eos impedit itaque autem quas voluptatum odit sapiente. Officiis est quam asperiores molestiae et. Nulla ut nesciunt sit quo tempora sint unde delectus.', 'Iure fugiat voluptates aspernatur. Et officiis odio consequuntur incidunt qui quo. Voluptate labore vero id aut quia repellendus.', NULL, NULL, NULL, '2025-02-16 07:19:34', '2025-02-16 07:19:34'),
(624, 624, 'ar', 'Stephania Lemke', 'stephania-lemke', 'Nostrum illo fugit et nisi et quo repudiandae ea. Atque harum qui dolorem officia. Dignissimos saepe est excepturi ut perferendis asperiores. Consequuntur molestias autem corrupti aperiam consectetur.', 'Reiciendis excepturi voluptatum qui quis. Nostrum mollitia omnis porro repellendus dolores nam. Quia natus minus nam voluptatum minus qui.', NULL, NULL, NULL, '2025-02-16 07:19:34', '2025-02-16 07:19:34'),
(625, 625, 'ar', 'Kyle Fay DDS', 'kyle-fay-dds', 'Quis ratione autem illum et. Est asperiores ea in vel dolor provident. Soluta exercitationem iusto qui dolores autem explicabo.', 'Quasi qui voluptas ipsam dolorum officia inventore. Id sed animi maxime ut veniam. Impedit consequatur sapiente fuga et. Qui id ullam quaerat.', NULL, NULL, NULL, '2025-02-16 07:19:34', '2025-02-16 07:19:34'),
(626, 626, 'ar', 'Davion Lubowitz', 'davion-lubowitz', 'Necessitatibus iste pariatur ut est corrupti. Ipsum illo et sunt omnis libero. Voluptatem dignissimos a laudantium officia. Dignissimos nihil eum quidem vel dolorem distinctio nesciunt. Consequatur animi quam consequatur.', 'Quia eos aut consequuntur omnis ea veritatis repellat. Magnam molestiae qui omnis ut ut sit. Cumque aut necessitatibus molestiae ipsam ab sed sit.', NULL, NULL, NULL, '2025-02-16 07:19:34', '2025-02-16 07:19:34'),
(627, 627, 'ar', 'Rozella Padberg V', 'rozella-padberg-v', 'Aut quisquam fuga consequatur. Velit cumque veritatis vel voluptatem quas voluptatibus adipisci. Blanditiis quae nihil dolore. Error placeat est natus nemo rem.', 'Vitae excepturi quaerat dolores quaerat sed nemo quo quod. Similique non enim omnis explicabo. Aut impedit nemo autem sed.', NULL, NULL, NULL, '2025-02-16 07:19:34', '2025-02-16 07:19:34'),
(628, 628, 'ar', 'Mr. Anastacio Hand', 'mr.-anastacio-hand', 'Assumenda eveniet cum consectetur quia. Magni nihil ducimus at perspiciatis nostrum ex nam eos. Voluptas quia amet temporibus.', 'Ducimus cupiditate consequatur autem sed in excepturi sit. Eum sunt sunt dicta dolorum. Dolorem placeat harum est ad voluptas accusantium sunt vel.', NULL, NULL, NULL, '2025-02-16 07:19:34', '2025-02-16 07:19:34'),
(629, 629, 'ar', 'Lucinda Wolf V', 'lucinda-wolf-v', 'Temporibus molestias quia consectetur repudiandae quisquam quis. Facere officia dolor accusamus voluptas cupiditate consectetur maiores. Nam non consequatur minus similique voluptatum distinctio.', 'Adipisci doloremque nulla nemo delectus. Ea ad earum aut quia fugit quam. Natus sunt dolor non non nulla dolorum.', NULL, NULL, NULL, '2025-02-16 07:19:34', '2025-02-16 07:19:34'),
(630, 630, 'ar', 'Javier Russel II', 'javier-russel-ii', 'Quia officia id magni debitis illum ad. Et et eum quibusdam veritatis. Quod libero at et modi est vero quia. Consequatur aut autem pariatur itaque facilis libero magnam.', 'Et praesentium distinctio sapiente omnis deserunt natus. Sapiente molestias aliquam qui porro velit illo. Qui asperiores libero recusandae.', NULL, NULL, NULL, '2025-02-16 07:19:34', '2025-02-16 07:19:34'),
(631, 631, 'ar', 'Creola Parisian', 'creola-parisian', 'Consequuntur ut ut est voluptatem vero eligendi. Sunt sint quaerat numquam eveniet dolor suscipit consequatur sunt.', 'Sunt totam quibusdam impedit exercitationem quaerat ad deserunt qui. Nemo ab nihil odit accusamus voluptate. Ad sit qui reiciendis ducimus aut. Ipsam asperiores dolores eveniet iste.', NULL, NULL, NULL, '2025-02-16 07:19:34', '2025-02-16 07:19:34'),
(632, 632, 'ar', 'Blaise Wisozk MD', 'blaise-wisozk-md', 'Quisquam sit molestias vel sint ut. Voluptate quia eveniet provident cum est ea sed maxime. Consectetur esse aperiam rem qui ea doloremque. Numquam qui nemo impedit.', 'Odit corporis culpa nihil explicabo quae ut. Quis quo sit dolorum ea ipsum. Voluptas aliquam excepturi corporis aperiam nulla nobis.', NULL, NULL, NULL, '2025-02-16 07:19:34', '2025-02-16 07:19:34'),
(633, 633, 'ar', 'Clementina Doyle I', 'clementina-doyle-i', 'Porro et et sapiente error esse laudantium omnis. Dolorem amet non iusto. Sit in doloribus nam iusto excepturi nobis.', 'Sint est et suscipit. Placeat saepe consequatur aut tempora.', NULL, NULL, NULL, '2025-02-16 07:19:34', '2025-02-16 07:19:34'),
(634, 634, 'ar', 'Dr. Ervin Paucek V', 'dr.-ervin-paucek-v', 'Esse officiis ducimus numquam vel. Fugit et consequuntur sit quibusdam aut. Sit omnis et non repellat omnis odio et consectetur. Iure quis nemo dolores.', 'Et velit amet rem laborum rerum sed. Libero voluptatem enim sed consequatur est qui ut et.', NULL, NULL, NULL, '2025-02-16 07:19:34', '2025-02-16 07:19:34'),
(635, 635, 'ar', 'Mr. Chauncey Goyette', 'mr.-chauncey-goyette', 'Est et molestiae fugiat qui id pariatur. Excepturi est sed suscipit ex qui. Voluptas nemo illo sequi. Cum sint quod quis excepturi sit tenetur aut. Laboriosam et commodi aut eaque id enim qui eos.', 'Distinctio et suscipit aut quam laboriosam vero ipsam. Libero consequatur tenetur aspernatur accusantium. Quis sit culpa officiis fugit id. Est consequatur et enim et aut sed.', NULL, NULL, NULL, '2025-02-16 07:19:34', '2025-02-16 07:19:34'),
(636, 636, 'ar', 'Angela Kemmer', 'angela-kemmer', 'Amet itaque deleniti at. Quas sed quos velit blanditiis illum et. Sed nam minus eos.', 'Amet odit consectetur similique laboriosam et similique illum. Sint enim beatae qui dolorum voluptatem. Est accusamus voluptas molestiae nihil occaecati.', NULL, NULL, NULL, '2025-02-16 07:19:34', '2025-02-16 07:19:34'),
(637, 637, 'ar', 'Vivienne Harvey', 'vivienne-harvey', 'Omnis impedit similique assumenda. Quaerat ex quas atque blanditiis. Rem harum esse sed corrupti illo. Placeat nulla consequuntur vel repellat sit doloribus. Sint laboriosam numquam pariatur debitis.', 'Non quidem saepe dolor ut quisquam. A voluptatem et qui qui sit. Neque culpa sapiente id aut. Accusantium voluptas animi et.', NULL, NULL, NULL, '2025-02-16 07:19:34', '2025-02-16 07:19:34'),
(638, 638, 'ar', 'Jeanette Hoppe', 'jeanette-hoppe', 'Animi nobis soluta maiores aperiam voluptatum aut. Molestiae dignissimos odit molestiae quos velit ut. Facilis vero rerum quae. Hic quibusdam dignissimos eum inventore similique aspernatur dolor iure.', 'Ut maiores qui veniam sapiente sint beatae. Est ut in asperiores placeat aut id quidem. Earum optio impedit sunt dignissimos dolorem ea quaerat.', NULL, NULL, NULL, '2025-02-16 07:19:34', '2025-02-16 07:19:34'),
(639, 639, 'ar', 'Giles Stroman', 'giles-stroman', 'Voluptatem consequatur eum porro autem alias. At maiores architecto omnis enim est. Minus placeat aut ut.', 'Consectetur labore et explicabo est sit reprehenderit sit. Modi ut nemo explicabo nesciunt alias dolor provident in. Qui aspernatur cupiditate nemo velit incidunt repudiandae.', NULL, NULL, NULL, '2025-02-16 07:19:34', '2025-02-16 07:19:34'),
(640, 640, 'ar', 'Leonora Howell', 'leonora-howell', 'Minus quo autem ipsam et aut est unde. Maiores iure similique voluptas et tempora. Quas officiis quia qui dolorem eaque. Iste voluptatem amet blanditiis tenetur eum.', 'Veniam illum consequatur quia repudiandae laudantium explicabo. Perspiciatis ut ipsam dignissimos velit quo consequatur asperiores. Dignissimos mollitia veniam autem et.', NULL, NULL, NULL, '2025-02-16 07:19:34', '2025-02-16 07:19:34'),
(641, 641, 'ar', 'Dr. Angelina Kertzmann Jr.', 'dr.-angelina-kertzmann-jr.', 'Eos cupiditate voluptatem laborum vel dolores ut dolores. Aut quis et sed eligendi libero nostrum. Et dolorem assumenda nam id.', 'Est nisi ut eum repudiandae. Optio aliquid provident voluptate officia eum. Quo ab voluptas debitis aut aut dolorem qui. Neque eum eos commodi. Accusantium molestias a impedit illo sunt ex autem.', NULL, NULL, NULL, '2025-02-16 07:19:34', '2025-02-16 07:19:34'),
(642, 642, 'ar', 'Garfield Quitzon', 'garfield-quitzon', 'Consequatur doloremque aut saepe amet omnis quo. Delectus et adipisci odit vel qui rerum. Illum voluptatibus necessitatibus laboriosam architecto voluptates iure.', 'Dolores et accusamus temporibus voluptas. Quidem praesentium eum facilis beatae veniam quo. Suscipit sint cumque totam quo consectetur amet. Totam odit beatae et fugiat dolores quia.', NULL, NULL, NULL, '2025-02-16 07:19:34', '2025-02-16 07:19:34'),
(643, 643, 'ar', 'Sebastian Effertz', 'sebastian-effertz', 'Ipsam hic qui numquam aut quasi. Officiis cumque laboriosam maiores dolor dolor. Cum nesciunt ducimus nam quia dignissimos saepe consequatur. Ut quam quasi molestias ipsum quaerat consequatur id. Dolorem blanditiis quas eligendi amet.', 'Incidunt quos molestiae ab sit architecto maiores perferendis. Pariatur explicabo consequuntur sed.', NULL, NULL, NULL, '2025-02-16 07:19:34', '2025-02-16 07:19:34'),
(644, 644, 'ar', 'Prof. Eleanore Schuppe', 'prof.-eleanore-schuppe', 'Omnis ipsam rerum alias et quia excepturi. Consequatur quae rerum amet est recusandae at ut. Perferendis exercitationem laborum nihil. Ratione sit harum qui praesentium. Ea error explicabo alias impedit aut.', 'Voluptatem enim consequatur veritatis nobis non et praesentium. Nulla aperiam rerum assumenda. Reprehenderit est est sed officiis recusandae similique. Officiis voluptas excepturi consequatur voluptate aut corrupti occaecati.', NULL, NULL, NULL, '2025-02-16 07:19:34', '2025-02-16 07:19:34'),
(645, 645, 'ar', 'Morgan Mitchell', 'morgan-mitchell', 'Deserunt dicta ipsa similique ut veniam sequi ullam. Voluptate vero ut enim et. Cum exercitationem neque id quos alias. Voluptatem numquam sequi non eligendi qui eum et dolor.', 'Sit dolor laborum distinctio et ad. Quia iusto est voluptates et et eum nulla et. Praesentium nulla omnis et fuga.', NULL, NULL, NULL, '2025-02-16 07:19:34', '2025-02-16 07:19:34'),
(646, 646, 'ar', 'Miss Karlee Bosco IV', 'miss-karlee-bosco-iv', 'Quasi et vel corrupti ea minima sed. Numquam laboriosam et nesciunt autem inventore perferendis. Nisi rerum nihil facere eveniet molestias. Excepturi eaque iure ipsam quis cupiditate exercitationem rerum.', 'Reprehenderit accusantium nisi officia ad. Aliquid suscipit consequatur et ullam repellat exercitationem. Earum nulla quaerat ut et quaerat. Molestias ut aut ea in facilis.', NULL, NULL, NULL, '2025-02-16 07:19:34', '2025-02-16 07:19:34'),
(647, 647, 'ar', 'Prof. Giovanny Bins', 'prof.-giovanny-bins', 'Qui dolores ducimus assumenda consequuntur incidunt provident error. Quis earum veritatis nemo libero qui id modi. Et et officiis vel fugiat. Quis sit maiores aut culpa corrupti ut sequi.', 'Cupiditate incidunt nisi debitis quasi qui sint non. Dolore tempore qui excepturi ullam id qui illum. Voluptatem at quidem repellat. Deserunt quisquam ratione eum. Nesciunt itaque molestias neque voluptas porro amet.', NULL, NULL, NULL, '2025-02-16 07:19:34', '2025-02-16 07:19:34'),
(648, 648, 'ar', 'Erik Abernathy', 'erik-abernathy', 'Quam adipisci non quo impedit. Earum aut itaque ex ipsum. Id fugit id voluptates quam corporis.', 'Alias quas recusandae tempore eos magni. Sunt ea est eum quos et est. Qui nobis vel accusamus at enim enim illo. Doloribus dolores dolor occaecati nostrum voluptas ea alias commodi.', NULL, NULL, NULL, '2025-02-16 07:19:34', '2025-02-16 07:19:34'),
(649, 649, 'ar', 'Curt Brown', 'curt-brown', 'Totam qui aut asperiores ex excepturi. Est officia ducimus quia et tempore. Blanditiis odit dolor provident adipisci omnis optio repudiandae. Earum ducimus magnam laudantium a quo architecto autem.', 'Omnis atque omnis quia. Minima vel eaque possimus odit ut alias eos sed. Eaque voluptatem facilis qui reiciendis. Quae error doloremque et at ratione facere.', NULL, NULL, NULL, '2025-02-16 07:19:34', '2025-02-16 07:19:34'),
(650, 650, 'ar', 'Dr. Lexi Heaney', 'dr.-lexi-heaney', 'Tempore sit error sit quaerat explicabo. Expedita eligendi perspiciatis similique beatae pariatur magnam ut. Et odit ipsam aut facilis perferendis autem.', 'Et eos et optio nobis quisquam necessitatibus ut. Saepe dignissimos est natus cum. Ut fugit minima consequatur aperiam debitis et. Asperiores optio nisi voluptas.', NULL, NULL, NULL, '2025-02-16 07:19:34', '2025-02-16 07:19:34'),
(651, 651, 'ar', 'Meghan Walker', 'meghan-walker', 'Suscipit explicabo vel tenetur facere illum. Ipsum et et reprehenderit soluta ut eaque. Aut qui odio corporis corrupti et necessitatibus. Rem et dolor perferendis qui et dolore enim et. Nihil in qui fugit dolore.', 'Sunt illum voluptas aliquid tenetur nobis laboriosam vel. Aut necessitatibus explicabo maiores qui. Eos dolorem aut consequuntur aliquam et est omnis qui. Repellendus sunt excepturi molestiae.', NULL, NULL, NULL, '2025-02-16 07:19:34', '2025-02-16 07:19:34'),
(652, 652, 'ar', 'Willard Jerde', 'willard-jerde', 'Ea voluptatem fugit sequi officia autem. Dolorem consequatur eum occaecati dolores ipsa maxime quo. Voluptatem sit dolore saepe nulla voluptatem iusto quam exercitationem. Voluptates maxime explicabo voluptatem qui.', 'Mollitia amet amet magnam vero. Nobis praesentium neque voluptatum neque quas. Sit ipsa dolores aliquid nobis voluptates consequatur corrupti.', NULL, NULL, NULL, '2025-02-16 07:19:34', '2025-02-16 07:19:34'),
(653, 653, 'ar', 'Ezequiel Wuckert', 'ezequiel-wuckert', 'Accusantium aliquid velit temporibus exercitationem in iusto natus. Aut voluptates accusamus sunt sapiente in dolore voluptatum. Excepturi deserunt in odit aliquam molestias blanditiis harum. Quas quia similique suscipit molestiae a.', 'Illum cum ratione est aut quos dolor. Ad voluptatem consectetur rerum tempore ea. Ut aperiam ipsum id minus provident enim. Tenetur nostrum quia ad velit est vel.', NULL, NULL, NULL, '2025-02-16 07:19:34', '2025-02-16 07:19:34'),
(654, 654, 'ar', 'Llewellyn Denesik', 'llewellyn-denesik', 'Aut rem facere eos eum. Voluptas mollitia modi at quia iure. Veritatis ex fuga animi provident nihil.', 'Quia enim sed impedit dolorem facilis magni. Possimus vel inventore iure unde ut. Aut rerum ex facere aliquam ut. Rerum id assumenda molestiae commodi totam.', NULL, NULL, NULL, '2025-02-16 07:19:34', '2025-02-16 07:19:34'),
(655, 655, 'ar', 'D\'angelo Nikolaus', 'd\'angelo-nikolaus', 'Dolorem ipsum molestias culpa. Unde asperiores natus sed qui accusamus quos. Ipsam numquam eius ex natus dolore asperiores saepe.', 'Qui est explicabo non aliquam similique sit. Quod mollitia totam velit sed porro officia. Molestias perferendis et id saepe dolorem.', NULL, NULL, NULL, '2025-02-16 07:19:34', '2025-02-16 07:19:34'),
(656, 656, 'ar', 'Jared Barrows', 'jared-barrows', 'Cum eveniet vero ratione est quasi aliquam voluptatem pariatur. Eveniet illo explicabo est autem perferendis exercitationem.', 'Magni nihil necessitatibus culpa consequatur. Aut repellat aliquid asperiores et non. Incidunt recusandae repellat magnam. Deserunt molestiae tempora eveniet ut ipsum commodi.', NULL, NULL, NULL, '2025-02-16 07:19:34', '2025-02-16 07:19:34'),
(657, 657, 'ar', 'Karen Hettinger', 'karen-hettinger', 'Et distinctio asperiores in assumenda. Fugiat architecto non eligendi voluptatum est ipsum. Ab sit optio eum et architecto.', 'Corrupti magnam voluptatem distinctio dolores quia labore atque. Sapiente optio vel voluptates delectus. Esse qui natus quod amet harum non nulla.', NULL, NULL, NULL, '2025-02-16 07:19:34', '2025-02-16 07:19:34'),
(658, 658, 'ar', 'Keshaun Willms', 'keshaun-willms', 'Modi voluptates nostrum illo harum voluptatem aliquam libero. Dolores voluptatem vel et consequuntur cupiditate. Qui non in est sapiente qui atque.', 'Veniam occaecati culpa ad velit. Iusto et delectus voluptas fugit perspiciatis odit est. Enim ex et consequatur eos ut enim nisi. Fugit voluptates ducimus ut nisi ex quae. Porro voluptas distinctio cupiditate culpa in recusandae.', NULL, NULL, NULL, '2025-02-16 07:19:34', '2025-02-16 07:19:34'),
(659, 659, 'ar', 'Marcella Halvorson', 'marcella-halvorson', 'Maiores laborum et qui libero. Et dolorum excepturi quasi fugiat qui cumque. Animi consequatur repellat ipsam id rerum.', 'Quia aspernatur non quod ipsum. Rerum nulla maxime error qui unde incidunt. Sed nesciunt occaecati et pariatur aliquid animi voluptas. Est fugit deserunt vitae at deleniti voluptatem.', NULL, NULL, NULL, '2025-02-16 07:19:34', '2025-02-16 07:19:34'),
(660, 660, 'ar', 'Isai Mosciski', 'isai-mosciski', 'Exercitationem ea et doloribus ut est. Qui rerum eum expedita amet animi. Eos ut sit exercitationem velit accusantium. Unde rerum ipsam alias porro suscipit.', 'Provident reiciendis consectetur voluptatem voluptatem assumenda eos. Et quia explicabo eius et expedita aut. Sapiente hic vitae sed aut quae beatae. Ipsa unde in itaque.', NULL, NULL, NULL, '2025-02-16 07:19:34', '2025-02-16 07:19:34'),
(661, 661, 'ar', 'Bell Schmeler I', 'bell-schmeler-i', 'Omnis enim sed deleniti cum praesentium atque. Molestiae quam veritatis id expedita tenetur. Incidunt dignissimos est maiores distinctio illum reprehenderit rerum.', 'Minus dolor sunt et quia dignissimos aspernatur consequatur. Quae eligendi vitae nostrum in. Soluta nemo quia quam eos excepturi voluptas sit. Ducimus illo alias ducimus corporis dolor.', NULL, NULL, NULL, '2025-02-16 07:19:34', '2025-02-16 07:19:34'),
(662, 662, 'ar', 'Mrs. Magdalena Wisoky PhD', 'mrs.-magdalena-wisoky-phd', 'Omnis laboriosam ut non ut molestiae quidem. Eum quos a excepturi. Nostrum eaque tenetur quia assumenda aut optio.', 'Unde eum minima necessitatibus maiores saepe accusantium cum. Magni fugit voluptatibus rerum itaque dicta aliquam et. Beatae aut est quidem non qui. Dolor odit natus nihil iste illum voluptatibus.', NULL, NULL, NULL, '2025-02-16 07:19:34', '2025-02-16 07:19:34'),
(663, 663, 'ar', 'Bobby Stroman', 'bobby-stroman', 'Corrupti similique consequatur enim veritatis reprehenderit. Cupiditate voluptatibus rerum velit culpa ducimus est omnis. Cupiditate tenetur laborum sequi dolores.', 'Accusantium voluptatem ullam maxime architecto numquam. Mollitia sed asperiores debitis incidunt ad.', NULL, NULL, NULL, '2025-02-16 07:19:34', '2025-02-16 07:19:34'),
(664, 664, 'ar', 'Ms. Shanelle Schumm DVM', 'ms.-shanelle-schumm-dvm', 'Sit reprehenderit est qui qui velit voluptas repellendus sed. Iure nihil quam autem et ea sit. Expedita ducimus iure quas a ut culpa voluptas. Quia totam aut et.', 'Natus et id qui adipisci provident. Eum perferendis cum quia atque atque. Reprehenderit quibusdam saepe eaque ipsam soluta repellat.', NULL, NULL, NULL, '2025-02-16 07:19:34', '2025-02-16 07:19:34'),
(665, 665, 'ar', 'Guiseppe Glover MD', 'guiseppe-glover-md', 'Non aliquam totam et commodi magnam. Sunt et harum sed accusantium voluptas. Expedita fugiat harum repudiandae vel quia consequuntur earum consequatur. Nihil et nostrum neque occaecati.', 'Ipsum et dolorum sed. Voluptatem dolor dolorum aut sint omnis. Omnis quo necessitatibus assumenda at vitae. Quo aut animi aut hic sed.', NULL, NULL, NULL, '2025-02-16 07:19:34', '2025-02-16 07:19:34'),
(666, 666, 'ar', 'Ms. Rhianna Morar II', 'ms.-rhianna-morar-ii', 'Reiciendis vel in praesentium sunt commodi est. Est totam dolor qui et. Perspiciatis reiciendis ut ut nam et impedit.', 'Et voluptas nemo dignissimos quia provident doloribus consequatur porro. Est possimus inventore ullam nihil. Voluptate illo mollitia nam ut sint.', NULL, NULL, NULL, '2025-02-16 07:19:34', '2025-02-16 07:19:34'),
(667, 667, 'ar', 'Dolores Collier', 'dolores-collier', 'Sint et in voluptate placeat doloribus id consectetur voluptas. Fugit voluptatem minima cum ullam ut explicabo non amet. Aspernatur aliquam laboriosam distinctio molestias. Dolor beatae omnis velit possimus ipsum dicta voluptate.', 'Nulla ut animi est placeat hic nihil quas. Ab et quia aut enim quam molestiae est. Id fugit fugiat vitae. Aspernatur natus aut quas quia ut.', NULL, NULL, NULL, '2025-02-16 07:19:34', '2025-02-16 07:19:34'),
(668, 668, 'ar', 'Nadia Leffler IV', 'nadia-leffler-iv', 'In ut praesentium in fuga sit. Voluptatem sunt maxime alias ea et. Enim autem repudiandae amet saepe voluptatibus eveniet. Sint reprehenderit nobis labore qui.', 'Quidem quo aperiam nihil placeat aut voluptatem aliquid. Nesciunt incidunt ut libero eius. Culpa asperiores ratione nesciunt ab eaque rerum dolor. Eos corrupti odio inventore voluptatum.', NULL, NULL, NULL, '2025-02-16 07:19:34', '2025-02-16 07:19:34'),
(669, 669, 'ar', 'Prof. Dillan Batz', 'prof.-dillan-batz', 'Incidunt repellat maiores animi esse veritatis molestiae. Id quod esse excepturi quod illo consequuntur laudantium. Fuga adipisci minima rem nulla qui.', 'Earum optio voluptatem et dolorum eaque et fugit. Sequi nobis hic ipsum incidunt quo fugiat. Modi sit aspernatur maxime error voluptates.', NULL, NULL, NULL, '2025-02-16 07:19:34', '2025-02-16 07:19:34'),
(670, 670, 'ar', 'Mrs. Dorothea Volkman', 'mrs.-dorothea-volkman', 'Repudiandae voluptatem quo blanditiis quisquam. Doloremque blanditiis est eligendi veniam. Laboriosam ut eos est ut pariatur quisquam. A expedita quam architecto est quam.', 'Sed non iste fugiat est aspernatur voluptatem. Aliquid qui tenetur aut quibusdam.', NULL, NULL, NULL, '2025-02-16 07:19:34', '2025-02-16 07:19:34'),
(671, 671, 'ar', 'Miss Natasha Runolfsdottir', 'miss-natasha-runolfsdottir', 'Occaecati sed sunt aut reprehenderit. Maxime voluptate et beatae at vitae. Inventore voluptas non cupiditate est nemo.', 'Qui doloribus exercitationem quia veniam. Consequatur dolores in quia perferendis dignissimos repellendus quo et. Voluptatem tenetur id voluptatum aperiam nesciunt a. Velit qui reprehenderit dolor distinctio eius.', NULL, NULL, NULL, '2025-02-16 07:19:34', '2025-02-16 07:19:34'),
(672, 672, 'ar', 'Zachery Wehner', 'zachery-wehner', 'At nobis molestiae quaerat accusamus occaecati totam nobis. Laudantium iure aut ut iure perferendis dolorum doloribus. Fuga natus eius ut architecto rerum soluta.', 'Incidunt accusantium repudiandae non qui et exercitationem. Nostrum fugiat sunt sed et.', NULL, NULL, NULL, '2025-02-16 07:19:34', '2025-02-16 07:19:34'),
(673, 673, 'ar', 'Daren Williamson', 'daren-williamson', 'Amet ipsa id autem dolorum hic placeat. Deleniti laboriosam voluptatibus unde quia corrupti sint soluta. Voluptate omnis saepe odit vitae debitis rerum rerum. Nesciunt fuga fuga non dolores doloribus.', 'Cupiditate et impedit omnis quibusdam. Voluptatibus veritatis voluptas reiciendis impedit sit. Nulla qui totam incidunt veritatis eius. Aut ducimus nostrum sunt distinctio qui aperiam. Tempore explicabo officiis officia quam qui.', NULL, NULL, NULL, '2025-02-16 07:19:34', '2025-02-16 07:19:34'),
(674, 674, 'ar', 'Prof. Aiyana Deckow I', 'prof.-aiyana-deckow-i', 'Aut sunt animi et rerum sapiente. Sed et aut soluta rem pariatur repellendus. Libero voluptate dolorem vel reprehenderit corrupti dolores. Impedit doloribus voluptatem voluptas sapiente.', 'Explicabo minima optio cumque eum. Modi eius blanditiis omnis blanditiis voluptatem est neque in. At eos sapiente voluptatem quisquam velit quasi praesentium.', NULL, NULL, NULL, '2025-02-16 07:19:34', '2025-02-16 07:19:34'),
(675, 675, 'ar', 'Abigayle Kautzer', 'abigayle-kautzer', 'Et magni eos consequatur et nisi nemo in. Est deleniti dolorem distinctio molestiae fuga quis. Beatae repellendus voluptas eius perspiciatis velit in neque.', 'Quo sed dolores voluptatem quia aut iure quis facere. Id aliquam qui consequatur. Et voluptatibus itaque culpa quibusdam perferendis iure nobis veniam. Aspernatur voluptatem ab incidunt totam.', NULL, NULL, NULL, '2025-02-16 07:19:34', '2025-02-16 07:19:34'),
(676, 676, 'ar', 'Dr. Amari Leuschke DVM', 'dr.-amari-leuschke-dvm', 'Sed soluta et error ut voluptatibus. Porro quis earum aut adipisci nam natus perspiciatis possimus. Sequi in numquam accusamus facilis.', 'Nobis est non aperiam dolores. Quo veniam vero doloribus illo esse id. Omnis beatae saepe voluptatem debitis.', NULL, NULL, NULL, '2025-02-16 07:19:34', '2025-02-16 07:19:34'),
(677, 677, 'ar', 'Johann Yundt', 'johann-yundt', 'Dolores et harum sed et incidunt quo doloribus. Omnis facilis culpa saepe itaque voluptatibus eum consectetur.', 'Impedit itaque atque et veritatis delectus est similique aut. Velit hic corrupti nemo quam fuga. Aliquam nisi saepe in aut fugit sit. Fugit ut est non soluta sint nisi ad.', NULL, NULL, NULL, '2025-02-16 07:19:34', '2025-02-16 07:19:34'),
(678, 678, 'ar', 'Prof. Mandy Jakubowski', 'prof.-mandy-jakubowski', 'Et sit quisquam quo ex culpa optio. Ratione illo in ad omnis quia doloribus et reprehenderit. Excepturi vel aliquam sit provident voluptatem.', 'Libero qui quisquam ipsum molestiae rerum. Cupiditate nemo exercitationem recusandae aut pariatur. Sapiente et quis corporis aut qui.', NULL, NULL, NULL, '2025-02-16 07:19:34', '2025-02-16 07:19:34'),
(679, 679, 'ar', 'Jay Emmerich', 'jay-emmerich', 'Qui et tempora quibusdam ex. Perferendis eum dolores praesentium eius. Autem incidunt assumenda voluptas at fugiat eius. Eum laudantium sed corrupti.', 'Incidunt provident omnis distinctio quis. Mollitia vero quia reprehenderit nostrum dignissimos dolore excepturi. Consequatur sequi itaque nihil hic non aliquid. Tempore voluptates nisi libero eaque enim.', NULL, NULL, NULL, '2025-02-16 07:19:34', '2025-02-16 07:19:34'),
(680, 680, 'ar', 'Prof. Chyna Hegmann DVM', 'prof.-chyna-hegmann-dvm', 'Aliquid necessitatibus aut et. Ipsam esse non aliquid adipisci eaque delectus. Dolorum et et nemo fuga. Delectus commodi fugit id rerum doloremque aliquid.', 'Voluptas porro esse aut ipsam quis. Est ex sit et id aliquam sint eius. Vel voluptates quos earum.', NULL, NULL, NULL, '2025-02-16 07:19:34', '2025-02-16 07:19:34'),
(681, 681, 'ar', 'Mrs. Laura Beer DDS', 'mrs.-laura-beer-dds', 'Enim ut delectus est mollitia. Dolorum vel temporibus porro aut ipsum ratione. Consequatur est ut deleniti est ea.', 'Beatae et est quam sed delectus eligendi nemo. Accusamus reiciendis est ut consequatur sit excepturi odit illo. Nihil nisi voluptatem eveniet. Omnis cum dolorum totam nemo.', NULL, NULL, NULL, '2025-02-16 07:19:34', '2025-02-16 07:19:34'),
(682, 682, 'ar', 'Dr. Johnson Boyer', 'dr.-johnson-boyer', 'Nihil autem fugit dicta ex architecto. Aut exercitationem impedit optio et quia reiciendis nulla. Et itaque soluta accusamus neque aspernatur et. Asperiores iste beatae nulla et consequatur similique consectetur.', 'Amet veritatis doloribus quisquam ut. Tempora iste molestiae laudantium amet tenetur dolorem provident. Fugit non rerum porro pariatur.', NULL, NULL, NULL, '2025-02-16 07:19:34', '2025-02-16 07:19:34'),
(683, 683, 'ar', 'Emery Jaskolski', 'emery-jaskolski', 'Qui culpa ut nobis dolor aliquid molestiae ut hic. Et molestias facere repellat. Doloremque debitis et voluptas labore tempora. Quidem aut molestiae qui praesentium est quisquam.', 'Eum ut repudiandae neque dolore. Veniam voluptatem ut rem possimus voluptates aut impedit. Praesentium optio reprehenderit eaque cupiditate distinctio voluptas iusto.', NULL, NULL, NULL, '2025-02-16 07:19:34', '2025-02-16 07:19:34'),
(684, 684, 'ar', 'Abagail Ernser', 'abagail-ernser', 'Enim aliquid laboriosam error incidunt sit. Voluptas a excepturi rerum minus. Velit quod qui officiis libero.', 'Quaerat repellendus illum doloribus incidunt tenetur modi autem. Nostrum libero ut et rerum eius et.', NULL, NULL, NULL, '2025-02-16 07:19:34', '2025-02-16 07:19:34'),
(685, 685, 'ar', 'Amara Stokes Jr.', 'amara-stokes-jr.', 'Nobis magnam minus recusandae magnam perferendis sequi ea. Odio repellendus itaque non. Qui voluptas ut praesentium dolor.', 'Dolore mollitia eos neque doloremque praesentium ut vel. Vel tempore tempora et sit assumenda quo vero. Praesentium magni expedita mollitia sint commodi aut eius. Asperiores adipisci maiores ut. In eligendi ad molestiae dolores dolores pariatur.', NULL, NULL, NULL, '2025-02-16 07:19:34', '2025-02-16 07:19:34'),
(686, 686, 'ar', 'Laurine Kreiger', 'laurine-kreiger', 'Fugiat suscipit repudiandae ipsa et nostrum ea sed. Quos ut temporibus omnis quos tempore consequatur. Ut vel eos autem corporis odit quasi quia tempora. Iste sunt vero iure odit dolor quis.', 'Repellendus aut sed sint totam. Assumenda excepturi excepturi quia. Aut nam neque et accusamus.', NULL, NULL, NULL, '2025-02-16 07:19:34', '2025-02-16 07:19:34'),
(687, 687, 'ar', 'Miss Roslyn Flatley', 'miss-roslyn-flatley', 'Rerum velit temporibus aut autem hic ut ducimus. Recusandae sapiente error fugiat accusamus praesentium pariatur consequatur. Ab vitae est accusantium quas velit magnam. Maxime cupiditate nam voluptate aut non iusto eius.', 'Et debitis voluptatibus unde dicta soluta qui laboriosam ipsam. Porro nesciunt deserunt qui veritatis nemo voluptatum eos. Debitis iure omnis sit ut qui et. Veniam tenetur ad id blanditiis quia.', NULL, NULL, NULL, '2025-02-16 07:19:34', '2025-02-16 07:19:34'),
(688, 688, 'ar', 'Cleo Hansen Jr.', 'cleo-hansen-jr.', 'Aliquid voluptas velit vitae quaerat eum quo possimus. Aut similique quia omnis corrupti quasi. Explicabo sit corrupti consequatur asperiores laudantium ut temporibus. Esse consectetur temporibus ratione odit voluptatem voluptas.', 'Enim corrupti iste et dignissimos temporibus nostrum. Iste recusandae ut nesciunt neque et hic similique. Nisi dolore harum vero odit beatae itaque nobis.', NULL, NULL, NULL, '2025-02-16 07:19:34', '2025-02-16 07:19:34'),
(689, 689, 'ar', 'Mrs. Shanna Ullrich', 'mrs.-shanna-ullrich', 'Velit sunt fuga unde aspernatur cumque. Id labore culpa voluptatem. Sapiente fugiat adipisci fugiat doloribus.', 'Sit perferendis dolores vero ullam. Veniam sint dolores commodi doloremque non laboriosam. Quae error eum molestiae dolorem cupiditate ipsa laboriosam. Quo qui nobis tempora est.', NULL, NULL, NULL, '2025-02-16 07:19:34', '2025-02-16 07:19:34'),
(690, 690, 'ar', 'Hiram Bins', 'hiram-bins', 'Tempora et ea dolores. Et dolor reiciendis corporis sequi laborum consequatur. Sunt temporibus nam delectus unde rerum.', 'Sint placeat est voluptatibus aut est blanditiis voluptatem. Ea at quia eaque aspernatur hic odit neque. Id ex delectus nesciunt aut voluptatibus repellat velit.', NULL, NULL, NULL, '2025-02-16 07:19:34', '2025-02-16 07:19:34'),
(691, 691, 'ar', 'Lamar Marquardt', 'lamar-marquardt', 'Laborum consequuntur eos rerum pariatur illo facilis maxime. Aliquam ut id dolores. Nam similique est similique sit sunt eos.', 'Consequatur ducimus repellendus non sit architecto. Dolores sit eius suscipit neque. Sunt totam alias est laboriosam ipsam iste.', NULL, NULL, NULL, '2025-02-16 07:19:34', '2025-02-16 07:19:34'),
(692, 692, 'ar', 'Derick Conn V', 'derick-conn-v', 'Occaecati est sequi sint sapiente rerum ut qui. Rerum qui cum rerum ut non. Ratione laudantium ut soluta et rem impedit. Voluptate placeat commodi qui et velit et quam blanditiis.', 'Eaque consequuntur doloribus nihil culpa magnam sit iusto. Numquam quo sit id odio velit libero incidunt vel. Qui nostrum aut quidem eos quod laudantium recusandae officia.', NULL, NULL, NULL, '2025-02-16 07:19:34', '2025-02-16 07:19:34'),
(693, 693, 'ar', 'Prof. Ludwig Wunsch', 'prof.-ludwig-wunsch', 'Autem sed reprehenderit doloribus quos possimus sed. Hic molestiae quae voluptate. Aut voluptatem minima est laboriosam numquam et. Quo quisquam debitis aut.', 'Sunt beatae sapiente rerum reprehenderit blanditiis explicabo. Maiores fugiat id et voluptas dolores.', NULL, NULL, NULL, '2025-02-16 07:19:34', '2025-02-16 07:19:34'),
(694, 694, 'ar', 'Dr. Felix Cremin IV', 'dr.-felix-cremin-iv', 'Repudiandae et aspernatur qui praesentium et molestiae rerum. Esse suscipit velit quia voluptas in molestiae. Necessitatibus voluptas enim consequatur voluptatem illo quasi.', 'A officia suscipit aut minus. Ducimus expedita ea sint voluptatibus quidem reiciendis nesciunt. Repellendus eos aspernatur necessitatibus deserunt debitis laborum. Quisquam sed voluptas magni numquam sunt.', NULL, NULL, NULL, '2025-02-16 07:19:34', '2025-02-16 07:19:34'),
(695, 695, 'ar', 'Paul Turner', 'paul-turner', 'Cumque sapiente sint adipisci velit culpa est. Vero odit repellendus ipsam voluptatem aliquam. Amet ut sit inventore velit et harum. Quia dolorem in earum quos accusamus id.', 'Reiciendis aut perferendis similique maxime voluptatem. Voluptas quis aliquam deserunt nulla autem. Minus ipsa culpa laudantium vitae repudiandae.', NULL, NULL, NULL, '2025-02-16 07:19:34', '2025-02-16 07:19:34'),
(696, 696, 'ar', 'Dr. Lucienne Hettinger III', 'dr.-lucienne-hettinger-iii', 'Officia consequatur voluptatibus omnis qui recusandae et. Itaque sunt aut id amet sunt cupiditate qui. Ut et vitae autem quos. Cumque vel repellat temporibus eaque itaque quis eaque.', 'Et qui molestiae non et. At nisi consequatur sit possimus perferendis. Magni nihil qui voluptas aliquam voluptatibus distinctio recusandae non.', NULL, NULL, NULL, '2025-02-16 07:19:34', '2025-02-16 07:19:34'),
(697, 697, 'ar', 'Sven Leannon', 'sven-leannon', 'Minima soluta nulla nihil nihil. Maxime eligendi et ut magnam odit enim cupiditate. Qui voluptas neque quasi quam. Autem aut itaque quo corporis neque dignissimos. Voluptatem eum minima non consectetur omnis laborum rerum sed.', 'Et similique ipsa voluptas provident harum fugiat. Id consequuntur itaque et. Doloremque qui provident ut cupiditate vel eaque.', NULL, NULL, NULL, '2025-02-16 07:19:34', '2025-02-16 07:19:34'),
(698, 698, 'ar', 'Santiago Volkman', 'santiago-volkman', 'Culpa quo odio eum. Et maiores et earum. Et enim dignissimos placeat reiciendis et.', 'Incidunt totam voluptate alias est omnis veniam. Quibusdam molestias impedit porro et nulla. Est nemo molestiae odit perspiciatis. Voluptas aut illum quaerat impedit. Aperiam et est ratione.', NULL, NULL, NULL, '2025-02-16 07:19:34', '2025-02-16 07:19:34'),
(699, 699, 'ar', 'Brigitte Stracke', 'brigitte-stracke', 'Et cupiditate omnis perspiciatis et. Deserunt aut voluptatem sed autem eos. Illum cupiditate qui laboriosam dolore occaecati voluptas. Consectetur dolores dignissimos blanditiis.', 'Unde error ut libero culpa deleniti nostrum qui. Temporibus sequi quidem sed sunt. Voluptatem fugiat qui voluptatem dolores. Veniam nam qui sapiente consequuntur quia earum tempora fugit.', NULL, NULL, NULL, '2025-02-16 07:19:34', '2025-02-16 07:19:34'),
(700, 700, 'ar', 'Harley Willms DDS', 'harley-willms-dds', 'Velit quasi quibusdam voluptatum dolores reiciendis est. Ducimus sequi explicabo ut nemo et facere accusantium. Recusandae aut ea cum ullam. Odit et et fuga.', 'Quisquam enim eum qui voluptas et eius ex quaerat. Quae aut explicabo vel earum quia. Eos qui porro quos rerum.', NULL, NULL, NULL, '2025-02-16 07:19:34', '2025-02-16 07:19:34'),
(701, 701, 'ar', 'Prof. Chadrick Frami', 'prof.-chadrick-frami', 'Repellendus quam aperiam reprehenderit. At omnis maxime nisi accusantium aut. Consequatur velit illo assumenda est vel.', 'Et voluptatem animi nostrum rerum recusandae aut quos. Et quam iste in facere qui nihil. Aliquid quia vel ut dolor doloribus. Aut est voluptas et totam nostrum hic perspiciatis.', NULL, NULL, NULL, '2025-02-16 07:19:34', '2025-02-16 07:19:34'),
(702, 702, 'ar', 'Zena Rogahn', 'zena-rogahn', 'Magni iusto quo quae enim debitis. Officiis iure mollitia quia quia ut. Libero nam labore ipsa omnis nihil ratione voluptatibus.', 'Doloribus voluptatem recusandae qui et. Tenetur earum dicta rerum eaque saepe ipsum doloremque. Est asperiores animi eum mollitia ipsam. Magni vel ut dolorem quod enim quam animi.', NULL, NULL, NULL, '2025-02-16 07:19:34', '2025-02-16 07:19:34'),
(703, 703, 'ar', 'Dr. Faustino Baumbach Jr.', 'dr.-faustino-baumbach-jr.', 'Vel iure aperiam nobis sed. Nobis laborum qui corporis delectus molestiae ut. Aut qui et dolor eveniet saepe.', 'Cum aliquam asperiores molestias maiores dolor. Numquam minus laudantium nisi ratione. Ut animi veritatis omnis repellat eligendi maiores voluptates. Libero vitae sapiente esse incidunt. Debitis voluptatibus nam et vel voluptas.', NULL, NULL, NULL, '2025-02-16 07:19:34', '2025-02-16 07:19:34'),
(704, 704, 'ar', 'Kim Wilkinson', 'kim-wilkinson', 'Et sunt accusantium inventore facilis. Itaque rerum ad molestiae et sint eius sint ipsa.', 'Quo aperiam rerum adipisci reiciendis. Atque eius sint quia tempore. Velit expedita aliquid minima atque.', NULL, NULL, NULL, '2025-02-16 07:19:34', '2025-02-16 07:19:34'),
(705, 705, 'ar', 'Ms. Juliana Morissette', 'ms.-juliana-morissette', 'Accusantium hic ab sit modi soluta qui aut. Numquam autem cum totam consectetur doloremque excepturi. Aut qui quia voluptates. Voluptatem aut voluptatibus quia corrupti nesciunt est.', 'Reiciendis occaecati modi delectus facere voluptatibus excepturi. A ipsa officiis quibusdam debitis.', NULL, NULL, NULL, '2025-02-16 07:19:34', '2025-02-16 07:19:34'),
(706, 706, 'ar', 'Dr. Guiseppe West', 'dr.-guiseppe-west', 'Distinctio velit reiciendis consequatur accusantium. Eaque ex officia porro aut et eos sunt eligendi. Ipsam delectus modi odio rem voluptate.', 'Voluptate explicabo sed autem possimus doloremque. Rerum vero omnis harum ut. Necessitatibus iure natus officiis repellendus voluptatem veniam natus. Itaque ipsa ex facilis laudantium qui non minima.', NULL, NULL, NULL, '2025-02-16 07:19:34', '2025-02-16 07:19:34'),
(707, 707, 'ar', 'Prof. Remington Kihn', 'prof.-remington-kihn', 'Et voluptatem beatae officia nulla quod. Necessitatibus consequatur eum voluptas quibusdam dolorum reiciendis. Repellat laudantium facilis et maiores totam.', 'Voluptas quia dicta accusamus velit eaque. Nihil ea dicta consectetur eum ad illum ut. Aperiam sit laboriosam fuga. Fugiat impedit provident quo sequi quisquam sit.', NULL, NULL, NULL, '2025-02-16 07:19:34', '2025-02-16 07:19:34'),
(708, 708, 'ar', 'Felipe Paucek', 'felipe-paucek', 'Delectus aut deleniti id molestiae architecto velit et. Et sit aut molestiae porro. Itaque qui aspernatur nisi consequatur.', 'Libero et ut expedita. Ipsam asperiores assumenda neque ullam. Non nihil ea dolor dolorem. Quia fugiat ullam aliquam quia aut. Et voluptatem cumque quam culpa reprehenderit pariatur inventore.', NULL, NULL, NULL, '2025-02-16 07:19:34', '2025-02-16 07:19:34'),
(709, 709, 'ar', 'Alfonzo Green', 'alfonzo-green', 'Quos placeat illo cupiditate voluptatum autem. Tenetur neque nihil corporis amet. Quasi amet ab quasi maxime velit.', 'Hic dolor necessitatibus ut praesentium sit. Optio consequatur id recusandae labore placeat est rerum minus. Ut quisquam architecto sit qui ex architecto accusantium.', NULL, NULL, NULL, '2025-02-16 07:19:34', '2025-02-16 07:19:34'),
(710, 710, 'ar', 'Frida Jones', 'frida-jones', 'Et dolor voluptatum corporis dolorem repudiandae nam. Facilis sint voluptatem qui vero. Repellat a voluptatem modi architecto. Recusandae est dignissimos illo eos officia qui velit.', 'Ratione aliquid officiis officia minima. Et neque qui fugit. In in aut voluptatum dolorem tempora quo at.', NULL, NULL, NULL, '2025-02-16 07:19:34', '2025-02-16 07:19:34'),
(711, 711, 'ar', 'Dr. Ladarius Dickinson III', 'dr.-ladarius-dickinson-iii', 'Sit et ut nulla aut. Qui voluptates rerum veniam ut. Est in autem atque doloribus.', 'Perferendis odit quam explicabo dignissimos. Fuga voluptas repellendus dolor praesentium esse doloremque delectus. Facilis ipsa atque vel asperiores. Maiores possimus magnam doloribus atque.', NULL, NULL, NULL, '2025-02-16 07:19:34', '2025-02-16 07:19:34'),
(712, 712, 'ar', 'Laney Friesen', 'laney-friesen', 'Deserunt accusamus quia consequatur est. Minus fugit omnis dolor nisi quis similique. Aspernatur aut eaque libero ipsum enim. Quibusdam ipsa blanditiis dolor.', 'Iste sed voluptas consequatur recusandae alias et unde. Aliquid est et omnis dolores unde aut. Sint rerum alias consequuntur rerum dolore velit. Esse dolore dolore deleniti deserunt.', NULL, NULL, NULL, '2025-02-16 07:19:34', '2025-02-16 07:19:34');
INSERT INTO `services_translations` (`id`, `service_id`, `locale`, `title`, `slug`, `description`, `content`, `meta_title`, `meta_description`, `meta_key`, `created_at`, `updated_at`) VALUES
(713, 713, 'ar', 'Miss Berneice Marks PhD', 'miss-berneice-marks-phd', 'Quidem et provident eaque nihil praesentium. Quis ut impedit id labore minus. Blanditiis impedit magni nihil molestiae. Et minima possimus non mollitia harum sed.', 'Inventore eveniet placeat aut est cumque. Voluptatem dolorem ullam dolor accusantium. Sunt et aut animi labore et fuga. Adipisci vel repellendus fugit sequi nesciunt.', NULL, NULL, NULL, '2025-02-16 07:19:34', '2025-02-16 07:19:34'),
(714, 714, 'ar', 'Ashton Pagac II', 'ashton-pagac-ii', 'Corrupti aut unde ea possimus. Et quia delectus et ipsam voluptatum velit earum. Quis tenetur reprehenderit sapiente voluptatem voluptates.', 'Ut fugit expedita qui deleniti. Dolor voluptatem et qui quas. Ratione aliquam perspiciatis nobis corporis.', NULL, NULL, NULL, '2025-02-16 07:19:34', '2025-02-16 07:19:34'),
(715, 715, 'ar', 'Marco Runolfsson I', 'marco-runolfsson-i', 'Quam et quos doloribus dolores expedita suscipit. Ea rerum officia et. Et nihil voluptas quia repudiandae.', 'Neque quod sed quisquam sint molestiae corrupti. Dignissimos praesentium occaecati tempore nulla consequatur. Dolores ut ad veniam quaerat quis officia.', NULL, NULL, NULL, '2025-02-16 07:19:34', '2025-02-16 07:19:34'),
(716, 716, 'ar', 'Mr. Hazle Lang MD', 'mr.-hazle-lang-md', 'Aut hic aut nostrum aut fugiat id numquam. Nihil iusto animi officia eum sunt distinctio quia ut. Sit est quos velit tenetur et sit dolor. Et est quaerat molestiae nulla molestiae unde omnis.', 'Dolor vero ea dolores voluptas voluptas ea. Ex blanditiis reiciendis illum rerum est sint fugiat. Voluptate tenetur rerum itaque.', NULL, NULL, NULL, '2025-02-16 07:19:34', '2025-02-16 07:19:34'),
(717, 717, 'ar', 'Maureen Senger', 'maureen-senger', 'Sequi voluptas eum ducimus ad. Animi consequatur ducimus quia consequatur odio quia voluptate. Laborum placeat expedita voluptas ex in laboriosam.', 'Labore vero quaerat consequatur pariatur. Natus atque cumque est omnis ut earum. Consequatur quia et quidem nobis.', NULL, NULL, NULL, '2025-02-16 07:19:34', '2025-02-16 07:19:34'),
(718, 718, 'ar', 'Belle O\'Connell I', 'belle-o\'connell-i', 'In est omnis error omnis ut et. Praesentium sed iure ipsa hic. Eligendi blanditiis numquam quidem non unde placeat vero. Odit consequuntur repellendus velit provident et.', 'Sunt est laudantium veniam odio provident aut dolore. Nihil suscipit facilis et unde rem eius commodi. A est laboriosam provident facere sequi. Provident eum optio quia et iure qui.', NULL, NULL, NULL, '2025-02-16 07:19:34', '2025-02-16 07:19:34'),
(719, 719, 'ar', 'Jackson Bartoletti II', 'jackson-bartoletti-ii', 'Incidunt iusto voluptatem ut qui et. At et eligendi quidem eos eius aut. Iure in qui ipsam odit. Eaque ut esse et aperiam.', 'Error est dolores incidunt. Dicta laboriosam vel ipsum maxime vitae. Ratione dolorem vel deleniti occaecati quam non qui.', NULL, NULL, NULL, '2025-02-16 07:19:34', '2025-02-16 07:19:34'),
(720, 720, 'ar', 'Tommie Connelly', 'tommie-connelly', 'Alias odit omnis voluptatum nesciunt. Consequatur ea omnis earum est. Eos vel autem aperiam provident vitae corporis eum sit.', 'Aspernatur pariatur nisi officiis laborum dolor voluptatem. Exercitationem quibusdam hic ut explicabo cum. Aut esse eos sit officiis. Voluptatem facere laboriosam dolorem aliquam aperiam magnam ut quis.', NULL, NULL, NULL, '2025-02-16 07:19:34', '2025-02-16 07:19:34'),
(721, 721, 'ar', 'Maye Hirthe Jr.', 'maye-hirthe-jr.', 'Sequi nesciunt id alias vel illo. Laborum enim rerum ipsum dignissimos cum illum necessitatibus. Hic molestias est nulla qui accusamus.', 'Amet et dolorem sequi vel fugiat. Cupiditate animi quis unde eum id. Tenetur incidunt molestiae minus et perferendis.', NULL, NULL, NULL, '2025-02-16 07:19:34', '2025-02-16 07:19:34'),
(722, 722, 'ar', 'Mr. Mackenzie Abbott', 'mr.-mackenzie-abbott', 'Est necessitatibus aspernatur omnis fuga adipisci dicta dicta. Est quam et ea maxime porro hic dolore. Quisquam voluptas vitae officiis dolore itaque.', 'Nisi natus quam ut voluptas. A voluptates ducimus qui vel voluptatem.', NULL, NULL, NULL, '2025-02-16 07:19:34', '2025-02-16 07:19:34'),
(723, 723, 'ar', 'Bert Reinger III', 'bert-reinger-iii', 'Quia ipsam sit vitae reprehenderit at. Id est quia architecto tempora sed explicabo. Fuga omnis voluptatem sunt ut enim quo. Ea quidem aut esse eos.', 'Impedit animi culpa cumque harum nihil. Facilis quod quisquam quia ea. Id facilis et aut. Officiis et sed nihil et atque occaecati voluptatem.', NULL, NULL, NULL, '2025-02-16 07:19:34', '2025-02-16 07:19:34'),
(724, 724, 'ar', 'Zackary Corwin', 'zackary-corwin', 'Quasi soluta praesentium quasi aut. Sed quia non voluptatibus nam unde illum. Eaque consequatur aut laudantium ducimus eaque ut.', 'Dicta nihil labore maiores expedita. Nobis harum adipisci ea sapiente sint veniam ut. Similique voluptatem quo velit et numquam aut minus nam. Accusamus enim vel non et.', NULL, NULL, NULL, '2025-02-16 07:19:34', '2025-02-16 07:19:34'),
(725, 725, 'ar', 'Jamil Thompson', 'jamil-thompson', 'Voluptas at harum dicta quis eum non. Doloremque eos eligendi quia dolor. Nam laborum sint ut est itaque. Ducimus consequatur vitae ea optio repellendus.', 'Dicta et et nam est. Aliquid nam dolores id quasi sint. Quasi et beatae fugiat aliquid.', NULL, NULL, NULL, '2025-02-16 07:19:34', '2025-02-16 07:19:34'),
(726, 726, 'ar', 'Santos Schulist', 'santos-schulist', 'Molestiae iusto eos magnam eaque error eum tempora. Qui eum libero a soluta. Et nam soluta aut laborum ipsum.', 'Dolor quia asperiores tempore. Id est rem quasi. Mollitia sunt voluptates quo autem occaecati quia voluptatem quis. Debitis sit maiores quis tenetur unde aut ut.', NULL, NULL, NULL, '2025-02-16 07:19:34', '2025-02-16 07:19:34'),
(727, 727, 'ar', 'Vince Runolfsdottir II', 'vince-runolfsdottir-ii', 'Adipisci sunt adipisci consequatur qui at rerum labore illo. Qui sint illum debitis quos facere doloremque. Quia possimus dolores non blanditiis deleniti nihil illo. Hic et commodi doloribus repellat qui eveniet nisi vel.', 'In laborum dolore ipsa. Voluptatibus culpa minus eos itaque. Ut quis blanditiis architecto aliquid minima minima.', NULL, NULL, NULL, '2025-02-16 07:19:34', '2025-02-16 07:19:34'),
(728, 728, 'ar', 'Zaria Schmitt II', 'zaria-schmitt-ii', 'Dolores ut quis sit nam illo ipsum consequatur. Incidunt ut aut et ut blanditiis eum eos.', 'Debitis qui qui deleniti sint ut sint. Impedit excepturi facilis eos iste. Neque sit enim sint aut molestiae labore repellendus. Laborum nihil aliquam ab.', NULL, NULL, NULL, '2025-02-16 07:19:34', '2025-02-16 07:19:34'),
(729, 729, 'ar', 'Edwardo Zulauf Jr.', 'edwardo-zulauf-jr.', 'Et in magnam error asperiores quis nam et. Vero quia ut unde esse corrupti impedit dolor. Explicabo sapiente omnis ipsa nostrum et.', 'Adipisci sint repellat molestiae et voluptate. Voluptas quas quia omnis animi voluptatibus similique id maxime.', NULL, NULL, NULL, '2025-02-16 07:19:34', '2025-02-16 07:19:34'),
(730, 730, 'ar', 'Dr. Carter Brakus', 'dr.-carter-brakus', 'Culpa molestias suscipit natus itaque repellendus. Dolorem magni omnis earum et eum dolores rerum enim. Aut pariatur quos exercitationem provident. Officiis ut aut et assumenda voluptatem rerum sit ut. Dolore deserunt quod asperiores enim ullam iusto asperiores.', 'Reprehenderit sint ipsam et libero quos omnis. Quod expedita consectetur qui incidunt sunt magnam. Illum veritatis sed quis laboriosam facere corrupti natus.', NULL, NULL, NULL, '2025-02-16 07:19:34', '2025-02-16 07:19:34'),
(731, 731, 'ar', 'Ms. Adriana Schaden MD', 'ms.-adriana-schaden-md', 'Aut voluptatem ut ea nihil vel cum aut. Quasi dicta tempore ut libero et quidem. Odit sed nulla laboriosam doloribus a. Illo id velit aut et adipisci dolor iure.', 'Qui cum aut veritatis odio esse quisquam. Magnam hic et dolorum blanditiis perspiciatis veritatis id aut.', NULL, NULL, NULL, '2025-02-16 07:19:34', '2025-02-16 07:19:34'),
(732, 732, 'ar', 'Ned Robel', 'ned-robel', 'Omnis sit eum aut. Beatae magni velit blanditiis alias animi sequi non. Et laborum quasi rerum modi. Vero qui sit eos ab aliquam vero quia.', 'Voluptatum ut omnis quod sequi praesentium. Consequatur voluptates porro aut qui ut voluptate.', NULL, NULL, NULL, '2025-02-16 07:19:34', '2025-02-16 07:19:34'),
(733, 733, 'ar', 'Mr. Jamison Effertz', 'mr.-jamison-effertz', 'Sunt ducimus nulla maiores sapiente mollitia incidunt exercitationem. In dolore dolor animi nobis reiciendis eius. Dolorem exercitationem eius nihil rem possimus laborum.', 'Dolor laudantium numquam ea architecto rerum est quia provident. Sit quis et animi aliquam nemo dignissimos. Voluptas fugit in est numquam modi debitis. Voluptas enim quia et aspernatur saepe eum non.', NULL, NULL, NULL, '2025-02-16 07:19:34', '2025-02-16 07:19:34'),
(734, 734, 'ar', 'Alvis Goodwin', 'alvis-goodwin', 'Quia omnis omnis molestias facere perspiciatis. Corporis saepe inventore adipisci fugit illo voluptatem. Quo non voluptatem omnis non possimus temporibus.', 'Id culpa ex aut a et. Error neque sit officia quia adipisci totam. Sed sed qui quia omnis. Sit eaque ut ea expedita.', NULL, NULL, NULL, '2025-02-16 07:19:34', '2025-02-16 07:19:34'),
(735, 735, 'ar', 'Madelyn Swaniawski', 'madelyn-swaniawski', 'Beatae ab at reiciendis cumque sed. Aut sunt aut et non excepturi qui. Autem qui enim doloremque atque inventore.', 'Nesciunt quam officiis necessitatibus ipsa totam soluta maxime. Consequatur sapiente est aliquam et. Amet repellendus ut magni consequatur magni error deleniti. Non perferendis omnis laborum ipsa error labore id.', NULL, NULL, NULL, '2025-02-16 07:19:34', '2025-02-16 07:19:34'),
(736, 736, 'ar', 'Cecile Wyman I', 'cecile-wyman-i', 'Iure omnis et dolor. Facilis quisquam sequi consequatur eos. Corporis molestiae mollitia voluptates sed. Non laboriosam doloribus veritatis cupiditate sed.', 'Omnis autem eum sed excepturi aliquid ab. Nobis aut architecto aut voluptatem sapiente. Molestias ut accusantium sunt accusantium corrupti. Sit ea numquam numquam. Provident velit quia aliquam sint.', NULL, NULL, NULL, '2025-02-16 07:19:34', '2025-02-16 07:19:34'),
(737, 737, 'ar', 'Nora Leuschke DVM', 'nora-leuschke-dvm', 'Asperiores atque non alias. Ut veritatis nihil quae temporibus natus.', 'Sed et ut sequi ut aut. Voluptas id nihil quasi molestias quibusdam non blanditiis. Optio accusantium explicabo rerum iure sint non velit. Vel voluptas voluptatem perspiciatis.', NULL, NULL, NULL, '2025-02-16 07:19:34', '2025-02-16 07:19:34'),
(738, 738, 'ar', 'Mable Ernser', 'mable-ernser', 'Sequi exercitationem voluptatem quis excepturi molestias. Ducimus incidunt nisi rerum dolorem eius ipsa. Qui ut ea quisquam ut. Sunt voluptatem commodi quas est ut similique.', 'Unde sit possimus sit perspiciatis ut. Eveniet sed architecto sapiente est sit laboriosam. Quia enim magni enim eveniet illo. Labore accusantium perspiciatis illum qui at.', NULL, NULL, NULL, '2025-02-16 07:19:34', '2025-02-16 07:19:34'),
(739, 739, 'ar', 'Mr. Guy Dibbert Jr.', 'mr.-guy-dibbert-jr.', 'Aut sit exercitationem nulla sed. Omnis accusamus perspiciatis id et animi eaque consequatur architecto. Eius laborum sed eveniet odio odio et est.', 'Ut dolores ab assumenda voluptatem nam. Omnis enim consequatur commodi et est.', NULL, NULL, NULL, '2025-02-16 07:19:34', '2025-02-16 07:19:34'),
(740, 740, 'ar', 'Wilfrid Hagenes', 'wilfrid-hagenes', 'Qui similique sit rerum doloribus modi vel. Omnis natus dolor nam occaecati velit reiciendis delectus. Quibusdam omnis est ab. Ullam eaque in quibusdam quasi. Id porro sequi amet quod accusantium corporis incidunt.', 'Dolorum repellat officia qui fugit. Voluptatem eaque itaque ut reiciendis error. Quod consequuntur aut quos.', NULL, NULL, NULL, '2025-02-16 07:19:34', '2025-02-16 07:19:34'),
(741, 741, 'ar', 'Miss Harmony Schneider MD', 'miss-harmony-schneider-md', 'Non iste nisi omnis facere dolores. Et saepe sed nihil. Nam expedita omnis recusandae tenetur beatae quia. Quaerat esse illum voluptatem perferendis atque architecto quod.', 'Et pariatur deserunt esse alias. Et optio ut nobis dolorum harum est et autem. Occaecati suscipit dolores nobis non est quibusdam natus. Aut aut laboriosam voluptas saepe ut quibusdam.', NULL, NULL, NULL, '2025-02-16 07:19:34', '2025-02-16 07:19:34'),
(742, 742, 'ar', 'Rico Hyatt', 'rico-hyatt', 'Quo quis ullam debitis facilis voluptates et necessitatibus. Dolore aperiam quia molestias. Atque quia ex voluptas aspernatur. Et consequuntur quo odit id culpa laudantium aut.', 'Incidunt sit dolorem magni asperiores. Tempora veniam officiis aperiam voluptas. Nihil omnis ab praesentium voluptatem.', NULL, NULL, NULL, '2025-02-16 07:19:34', '2025-02-16 07:19:34'),
(743, 743, 'ar', 'Ayden Beier', 'ayden-beier', 'Nulla aut illum possimus tempore. Voluptas sequi quia dolor aut quasi quis. Maxime doloremque non iste. Ea vel est neque quaerat beatae. Magni sequi ratione est atque.', 'Qui ratione molestiae nemo commodi earum. Et voluptates natus totam alias. Pariatur autem eum impedit quia similique doloremque occaecati.', NULL, NULL, NULL, '2025-02-16 07:19:34', '2025-02-16 07:19:34'),
(744, 744, 'ar', 'Tyshawn Raynor', 'tyshawn-raynor', 'Et iure consequatur atque earum laboriosam doloribus eum. Voluptatibus sunt debitis consequuntur dolorum et dolores ex. Nulla aut sapiente officia deserunt odio.', 'Quae ea non fuga nemo magni eum. Voluptatem ut corrupti repellendus ut. Tempore facilis animi porro et magni sequi.', NULL, NULL, NULL, '2025-02-16 07:19:34', '2025-02-16 07:19:34'),
(745, 745, 'ar', 'Toy Howell PhD', 'toy-howell-phd', 'Qui alias minima esse voluptatem nihil. Nihil minus aspernatur dolorem dolorum omnis consectetur voluptate. Adipisci cum fuga unde aliquid.', 'Accusantium natus sed ut deserunt laborum quae omnis vel. Ut ut nam reprehenderit qui non numquam. Eaque natus minima voluptatem.', NULL, NULL, NULL, '2025-02-16 07:19:34', '2025-02-16 07:19:34'),
(746, 746, 'ar', 'Edythe Glover', 'edythe-glover', 'Sed enim dolorem fuga numquam voluptates id est. Laborum quo blanditiis voluptatibus deserunt. Non voluptatum quia quae expedita adipisci ratione.', 'Animi at eos ut consequatur veniam sint. Magnam aut aliquid rerum dolores ipsam beatae modi aliquam. Delectus incidunt reiciendis odit doloremque.', NULL, NULL, NULL, '2025-02-16 07:19:34', '2025-02-16 07:19:34'),
(747, 747, 'ar', 'Vinnie Jacobi', 'vinnie-jacobi', 'Similique dolorem cumque molestias natus officiis. Dolor in aut exercitationem quidem molestiae quisquam. Qui eius ut vel eligendi possimus doloribus. Nemo deleniti magni provident et adipisci totam qui.', 'Ullam ut architecto officia cupiditate. Explicabo fuga inventore est iste quisquam eos et voluptatem. Id asperiores provident consequuntur numquam. Voluptatem temporibus ut quia nemo exercitationem veniam voluptatum.', NULL, NULL, NULL, '2025-02-16 07:19:34', '2025-02-16 07:19:34'),
(748, 748, 'ar', 'Dr. Estevan Beer PhD', 'dr.-estevan-beer-phd', 'Et ex neque ex et. Ut qui molestiae vitae. Temporibus quia rerum rerum quia modi cum. Illum nostrum non ut suscipit ex consequatur impedit.', 'Ratione quas nemo praesentium ipsam ut dolores. Natus eum magnam occaecati accusantium non. Qui maxime quae iusto voluptatibus occaecati odit.', NULL, NULL, NULL, '2025-02-16 07:19:34', '2025-02-16 07:19:34'),
(749, 749, 'ar', 'Nelda Kreiger V', 'nelda-kreiger-v', 'Ipsum accusantium quisquam ullam ea. Officia eveniet aut ratione enim enim velit et.', 'Porro laudantium veritatis facere qui blanditiis. Saepe fugiat iste recusandae earum atque.', NULL, NULL, NULL, '2025-02-16 07:19:34', '2025-02-16 07:19:34'),
(750, 750, 'ar', 'Thelma Halvorson', 'thelma-halvorson', 'Voluptatem hic error nihil voluptatem. Repellat unde est aut ea sapiente corporis. Sit et iusto possimus nostrum quis ut mollitia.', 'A labore quibusdam animi blanditiis iste doloremque. Aut vel voluptas magnam consectetur omnis quis. Iusto quod ipsa repellat ducimus sequi.', NULL, NULL, NULL, '2025-02-16 07:19:34', '2025-02-16 07:19:34'),
(751, 751, 'ar', 'Mrs. Lenna Labadie', 'mrs.-lenna-labadie', 'Architecto veniam iure sint eveniet. Reiciendis qui alias autem in ut. Sed perspiciatis et fugit voluptate impedit quibusdam ex provident. Sed dicta deleniti et sunt quisquam inventore deserunt.', 'Dolorem autem aut repellat omnis. Ea illo ipsa id sint. Quam perferendis quod dolor libero facilis est nihil.', NULL, NULL, NULL, '2025-02-16 07:19:34', '2025-02-16 07:19:34'),
(752, 752, 'ar', 'Prof. Wilburn Connelly', 'prof.-wilburn-connelly', 'Illum in sapiente autem inventore totam. Libero quis vero sed et tempora ea aliquam. Ducimus rem quaerat exercitationem vero architecto accusamus. Sequi eos est accusantium quae nihil.', 'Atque quia repudiandae laudantium facilis molestiae. Voluptate doloribus fugiat perspiciatis et. Doloribus blanditiis et fugit voluptatem occaecati quia error.', NULL, NULL, NULL, '2025-02-16 07:19:34', '2025-02-16 07:19:34'),
(753, 753, 'ar', 'Wyman Parker', 'wyman-parker', 'Autem molestias fuga rerum at dolorem. Et non alias impedit a quos vel mollitia ad. Rerum voluptatibus doloremque dolor omnis incidunt dignissimos ut.', 'Laborum odio odio occaecati quaerat ratione ut. Similique vitae sequi eum nihil qui sit ut.', NULL, NULL, NULL, '2025-02-16 07:19:34', '2025-02-16 07:19:34'),
(754, 754, 'ar', 'Dr. Morton Kuvalis', 'dr.-morton-kuvalis', 'Aperiam dicta quo ipsam. Commodi culpa ea dolorem omnis. Dolorem assumenda illo accusamus nihil nam.', 'Aperiam ullam esse corporis eius. Quaerat deleniti quasi dolor maiores atque corrupti iste. Modi eos eum laudantium omnis.', NULL, NULL, NULL, '2025-02-16 07:19:34', '2025-02-16 07:19:34'),
(755, 755, 'ar', 'Lilla Mayert', 'lilla-mayert', 'Esse enim ut maiores. Beatae consequatur impedit libero. Aut eum blanditiis corrupti quaerat ut numquam excepturi corrupti.', 'Laborum iure sed consequatur consequuntur. Nulla excepturi illum omnis amet illum eaque et aut. Ut ea incidunt assumenda molestiae quis expedita.', NULL, NULL, NULL, '2025-02-16 07:19:34', '2025-02-16 07:19:34'),
(756, 756, 'ar', 'Theron Kunze MD', 'theron-kunze-md', 'Incidunt iusto et qui dolores officia adipisci. Quas qui occaecati quia molestias. Eos hic beatae corporis veritatis voluptas reiciendis atque veniam. Architecto sunt nisi facere voluptate.', 'Ea ut et quia nesciunt dolor ab fuga. Ducimus totam qui ipsum est et tempora vitae. Tenetur aut repudiandae consectetur sit reiciendis.', NULL, NULL, NULL, '2025-02-16 07:19:34', '2025-02-16 07:19:34'),
(757, 757, 'ar', 'Ayden Schuppe II', 'ayden-schuppe-ii', 'Recusandae et commodi voluptates et saepe aspernatur. Provident et laboriosam nam fugit placeat eaque vel. Soluta nostrum asperiores minus aliquid error natus.', 'Ducimus id harum eos quia odio. Ut ducimus doloribus consectetur doloremque vero ut.', NULL, NULL, NULL, '2025-02-16 07:19:34', '2025-02-16 07:19:34'),
(758, 758, 'ar', 'Prof. Chandler Marvin Jr.', 'prof.-chandler-marvin-jr.', 'Adipisci error corrupti quidem repellat. Odio est reprehenderit veritatis voluptas consequatur consequatur. Quis consequatur placeat et incidunt quod. Magnam explicabo ut provident dolorum voluptatem. Autem earum incidunt sed soluta tempora quia officia.', 'Aut voluptatem molestiae occaecati in. Perferendis eius et aliquid eum. In tempore exercitationem veniam adipisci sed autem quos.', NULL, NULL, NULL, '2025-02-16 07:19:34', '2025-02-16 07:19:34'),
(759, 759, 'ar', 'Prof. Gregorio Hudson V', 'prof.-gregorio-hudson-v', 'Magnam sint qui assumenda et eum ab architecto. Illo veniam maiores officiis enim magnam illo. Dolorum et et recusandae quaerat est rerum. Hic nulla qui et.', 'Laboriosam earum molestias id cupiditate dolorem consectetur rem eum. Nihil molestias maiores corrupti voluptatem at sequi rem. Rerum omnis sed unde modi animi.', NULL, NULL, NULL, '2025-02-16 07:19:34', '2025-02-16 07:19:34'),
(760, 760, 'ar', 'Ms. Lempi Roob IV', 'ms.-lempi-roob-iv', 'Distinctio repudiandae perspiciatis omnis sit. Voluptates quos excepturi reiciendis rerum quisquam. Est voluptatum distinctio labore amet excepturi. Esse et enim nihil assumenda tempore aliquam.', 'Animi aut veritatis sunt consequatur cum non non rerum. Debitis ipsum id eum illo. Qui non maiores minima ut quidem repellendus est.', NULL, NULL, NULL, '2025-02-16 07:19:34', '2025-02-16 07:19:34'),
(761, 761, 'ar', 'Ms. Carrie Reilly Sr.', 'ms.-carrie-reilly-sr.', 'Qui voluptatibus est eius placeat. Et qui et quidem. Nihil quo voluptatem at praesentium.', 'Et accusamus repudiandae deserunt vitae laborum voluptas ipsum. Odio possimus eveniet perspiciatis quibusdam dolor in voluptatem sunt.', NULL, NULL, NULL, '2025-02-16 07:19:34', '2025-02-16 07:19:34'),
(762, 762, 'ar', 'Lavinia Paucek DDS', 'lavinia-paucek-dds', 'Cum laudantium eos et adipisci. Odit rerum natus quia voluptatum perferendis sunt. Deserunt aliquam rerum architecto excepturi et. Quasi id nulla dolore fugit quisquam sint vel.', 'Sunt architecto natus officiis ipsa nihil alias dolore. Adipisci nulla itaque et recusandae rerum et possimus ut. Unde voluptas neque ut vel. Suscipit quia aliquid rerum harum vel et est.', NULL, NULL, NULL, '2025-02-16 07:19:34', '2025-02-16 07:19:34'),
(763, 763, 'ar', 'Neoma Glover', 'neoma-glover', 'Quas blanditiis nam velit. Magni et molestias molestias consequuntur ut distinctio. Sunt odit consequatur et rerum iste dolores. Inventore quaerat quis quae saepe quaerat.', 'Temporibus provident sed inventore. Temporibus autem id est est. Natus ducimus est fuga illum iure ut.', NULL, NULL, NULL, '2025-02-16 07:19:34', '2025-02-16 07:19:34'),
(764, 764, 'ar', 'Kennith Fahey Sr.', 'kennith-fahey-sr.', 'Veniam corrupti aut nesciunt commodi sunt ipsum occaecati sit. Eos qui et sint corporis mollitia quae. Dolorem voluptas dolor odio eaque omnis.', 'Ducimus commodi non sed sed omnis consequatur. Repudiandae esse deleniti possimus dolore reiciendis voluptatem deleniti et. Cum eaque itaque nobis aut ipsum.', NULL, NULL, NULL, '2025-02-16 07:19:34', '2025-02-16 07:19:34'),
(765, 765, 'ar', 'Jameson Murphy', 'jameson-murphy', 'Molestiae atque cum rerum sed ea. Fuga dicta similique necessitatibus sit. Dolor praesentium iure qui qui. Autem non est natus reiciendis doloremque nostrum ut dolorem.', 'Nisi non aut explicabo fuga. Sit aut voluptatem culpa officia sequi minus aut. Quia sit nobis nisi aut illum. Autem quos architecto id molestiae non.', NULL, NULL, NULL, '2025-02-16 07:19:34', '2025-02-16 07:19:34'),
(766, 766, 'ar', 'Leslie DuBuque', 'leslie-dubuque', 'Facere eligendi dolor velit. Numquam praesentium ut velit repellat voluptatum delectus perferendis pariatur. Ut laboriosam dolorem autem quo.', 'Voluptas qui autem quo veritatis qui voluptas quo. Pariatur iusto qui quas. Dolor optio est optio consequatur velit dolorem minus. Rerum rem sed est sint et.', NULL, NULL, NULL, '2025-02-16 07:19:34', '2025-02-16 07:19:34'),
(767, 767, 'ar', 'Wilfred Lang', 'wilfred-lang', 'Assumenda harum est vitae rerum veritatis ducimus atque. Facere ex in dolores sed alias ut consequatur. Quo consectetur porro voluptas hic consequatur. Quod dolor vero suscipit fuga.', 'Dignissimos sed nisi at nobis. Temporibus nemo molestias natus quos. Temporibus velit excepturi vel ut ratione. Quis nam natus excepturi.', NULL, NULL, NULL, '2025-02-16 07:19:34', '2025-02-16 07:19:34'),
(768, 768, 'ar', 'Joana Dooley DDS', 'joana-dooley-dds', 'Magnam sed est sed ab expedita unde. Quo ut est nihil sed. Quos reiciendis omnis fuga ut. Similique error maxime animi maxime voluptatem.', 'Voluptates voluptate voluptates aliquid odit. Natus suscipit excepturi similique beatae accusantium. Modi vero molestiae velit quo repellat.', NULL, NULL, NULL, '2025-02-16 07:19:34', '2025-02-16 07:19:34'),
(769, 769, 'ar', 'Prof. Jaiden McKenzie III', 'prof.-jaiden-mckenzie-iii', 'Cumque magnam dolorum ipsa eaque tempora doloremque beatae. Sint nemo rerum quisquam veritatis et incidunt tempore incidunt.', 'Eligendi velit accusantium dolorum corrupti. Illo quasi consequatur incidunt sit minima et provident. Doloremque illum veritatis ad quis rerum voluptate sunt. Quos inventore est eveniet alias repellat.', NULL, NULL, NULL, '2025-02-16 07:19:34', '2025-02-16 07:19:34'),
(770, 770, 'ar', 'Jordane Moen Jr.', 'jordane-moen-jr.', 'Aut corrupti aut quisquam minus ut. Molestiae quia placeat consequatur quis amet non. Libero quia quidem quia cupiditate ad.', 'Sed qui similique alias voluptatem unde. Dolorum eum rerum aspernatur aliquid odit possimus. Est distinctio doloremque dolor modi quisquam. Aspernatur qui nihil consectetur qui vel nisi a. Id aut eum quod.', NULL, NULL, NULL, '2025-02-16 07:19:34', '2025-02-16 07:19:34'),
(771, 771, 'ar', 'Clare Bode I', 'clare-bode-i', 'Quo velit autem harum. Dolore totam officia repellendus repellat sunt sequi. Numquam maxime eos sunt quasi alias dolor illo qui.', 'Voluptates dolore dolor quisquam quae non qui voluptatem. Omnis vel quis id quaerat. Ut iste esse ipsam sed.', NULL, NULL, NULL, '2025-02-16 07:19:34', '2025-02-16 07:19:34'),
(772, 772, 'ar', 'Eleanore Bergnaum', 'eleanore-bergnaum', 'Incidunt reiciendis ullam perspiciatis est fugiat. Possimus ratione tempora nemo nostrum a. At nisi minus magni quae.', 'Totam ipsam eaque quo ad et esse enim veritatis. Impedit rerum porro numquam dolorem. Ut ut explicabo aliquid maiores deserunt sed quibusdam blanditiis. At sunt fugit praesentium in esse fuga illo eum.', NULL, NULL, NULL, '2025-02-16 07:19:34', '2025-02-16 07:19:34'),
(773, 773, 'ar', 'Aurelio Lebsack V', 'aurelio-lebsack-v', 'Modi sunt et reprehenderit dolorum. Laborum fugit incidunt est omnis omnis asperiores. Magni occaecati et fugiat est aspernatur. Et doloremque porro consequatur quidem. Adipisci nostrum id amet cumque aut.', 'Impedit officiis pariatur optio est ipsum. Cupiditate quis et in aspernatur cumque atque expedita aliquid. Quasi non veritatis corporis repellat soluta officiis.', NULL, NULL, NULL, '2025-02-16 07:19:35', '2025-02-16 07:19:35'),
(774, 774, 'ar', 'Ms. Taryn Gusikowski', 'ms.-taryn-gusikowski', 'Sit mollitia accusamus consequatur omnis. Iusto occaecati nam quis ex id id. Fuga quaerat modi maiores tempore fugiat itaque.', 'Ut voluptate alias sit deleniti error dolorum. Animi et ut eos sunt. Magni ex eum in fugit. Sunt reiciendis molestiae ad rem. Magni porro dignissimos impedit maiores iusto minima.', NULL, NULL, NULL, '2025-02-16 07:19:35', '2025-02-16 07:19:35'),
(775, 775, 'ar', 'Adrien Turcotte', 'adrien-turcotte', 'Inventore perferendis distinctio corrupti sed esse consequatur odit. Et cupiditate atque recusandae nobis rem et. Qui ducimus culpa nesciunt id. Temporibus accusamus rem exercitationem.', 'Ut laudantium ut autem consequatur saepe qui iusto in. Voluptatem eveniet aut et velit illo occaecati suscipit. Vel repellendus veritatis et expedita harum beatae atque ut.', NULL, NULL, NULL, '2025-02-16 07:19:35', '2025-02-16 07:19:35'),
(776, 776, 'ar', 'Miss Alexa DuBuque', 'miss-alexa-dubuque', 'Beatae voluptatem totam ut repellat quas aut sed. Hic ea impedit autem reiciendis rem. Natus velit culpa tenetur iste dolor aperiam ut.', 'Consequatur enim aut voluptatem voluptates velit a cum. Et et atque omnis aut officia. Pariatur blanditiis dolor unde inventore iusto ipsam. Quidem voluptatem voluptatibus ea labore optio at aliquid.', NULL, NULL, NULL, '2025-02-16 07:19:35', '2025-02-16 07:19:35'),
(777, 777, 'ar', 'Lionel Hodkiewicz', 'lionel-hodkiewicz', 'Quo consequuntur voluptatem itaque. Voluptatem ut nihil corrupti et at distinctio dolorum voluptas.', 'Quam aliquid nihil quia aperiam recusandae consequuntur. Voluptatem debitis autem et itaque quo. Ullam fugit totam quae culpa vero quo officia. Expedita occaecati enim non pariatur iusto est.', NULL, NULL, NULL, '2025-02-16 07:19:35', '2025-02-16 07:19:35'),
(778, 778, 'ar', 'Bobbie Smith', 'bobbie-smith', 'Est voluptatum adipisci dolorem voluptate ut nostrum quo. Qui odio dolorem excepturi aut reiciendis ratione. Sit sapiente consequatur ducimus nemo corporis illo. Eaque nihil consequatur laboriosam atque beatae accusantium tempore. Voluptates qui libero numquam omnis.', 'Pariatur rerum amet non. Rerum et optio fugit ipsam eos labore sunt. Voluptates id animi iusto autem incidunt asperiores ipsum. Illum quia quas vel perferendis praesentium ut accusantium. Voluptatem qui et et aperiam.', NULL, NULL, NULL, '2025-02-16 07:19:35', '2025-02-16 07:19:35'),
(779, 779, 'ar', 'Mr. Jermain Koelpin', 'mr.-jermain-koelpin', 'Et ullam ut et omnis recusandae dolor veritatis. Alias sequi enim fugit sit nihil. Unde quam modi officia. Et explicabo aut voluptate. Voluptas quis et assumenda similique praesentium perferendis autem.', 'Soluta consequuntur id aut facilis corrupti. Qui perferendis commodi sit aut aspernatur.', NULL, NULL, NULL, '2025-02-16 07:19:35', '2025-02-16 07:19:35'),
(780, 780, 'ar', 'Ms. Stefanie Kemmer Jr.', 'ms.-stefanie-kemmer-jr.', 'Qui eius voluptates suscipit nisi repellendus. Doloremque sit alias repellendus libero dolores deserunt provident. Rerum delectus omnis fugiat velit nesciunt.', 'Dolorem accusamus ducimus deleniti id deleniti ad. Illum qui corrupti eius corporis doloremque aliquam non. Similique sit et nobis quia dolor quo aut.', NULL, NULL, NULL, '2025-02-16 07:19:35', '2025-02-16 07:19:35'),
(781, 781, 'ar', 'Eleanore Klocko', 'eleanore-klocko', 'Occaecati a nihil amet facere beatae odit velit. Voluptatem pariatur nostrum sit sed quo consequuntur et est. Nulla quod aut sed. Itaque unde esse voluptatem aut necessitatibus.', 'Aliquid autem nesciunt error velit quam culpa. Eaque sit minus ea non est ut. In nesciunt ut voluptatem ullam quo incidunt.', NULL, NULL, NULL, '2025-02-16 07:19:35', '2025-02-16 07:19:35'),
(782, 782, 'ar', 'Mellie Rowe', 'mellie-rowe', 'Enim officiis dicta voluptatem et aut. Exercitationem ipsum dicta dolorem odit impedit doloribus ex. Rem tempora molestiae in et facere consectetur.', 'Necessitatibus repudiandae hic non possimus architecto qui. Quidem consequatur eum molestiae. Ea aut repellat molestiae modi sit quod ut. Aut dicta ducimus ad ut.', NULL, NULL, NULL, '2025-02-16 07:19:35', '2025-02-16 07:19:35'),
(783, 783, 'ar', 'Milford Hilpert I', 'milford-hilpert-i', 'Officiis sint vitae assumenda reprehenderit dolore recusandae. Magnam deserunt provident quis expedita officiis dolorem est odit. Doloremque earum adipisci voluptatem sed ipsum veritatis.', 'Similique possimus exercitationem pariatur provident debitis sit aut. Aut ut quod et fuga enim iusto sunt.', NULL, NULL, NULL, '2025-02-16 07:19:35', '2025-02-16 07:19:35'),
(784, 784, 'ar', 'Aurore Cummings MD', 'aurore-cummings-md', 'Dolores delectus facere officiis. Tenetur nemo dolor corrupti animi sint quasi.', 'Rerum illo laboriosam omnis laboriosam. Sit in quo ut enim velit perferendis et. Quas perspiciatis ut ipsum est. Id quibusdam qui est aut.', NULL, NULL, NULL, '2025-02-16 07:19:35', '2025-02-16 07:19:35'),
(785, 785, 'ar', 'Ruthie Block MD', 'ruthie-block-md', 'Iste maxime suscipit id enim quis et animi temporibus. Facere neque nostrum tenetur rerum magni. Consequuntur sit aliquam fugit at enim temporibus. Ducimus quis repellendus facilis placeat id.', 'Ut distinctio optio et veniam suscipit recusandae rerum. Accusantium cumque qui est sequi quas. Vel aut natus inventore et minima facilis laborum. Qui enim odit cupiditate occaecati temporibus rerum corporis. Dolor accusantium tempora unde consequatur.', NULL, NULL, NULL, '2025-02-16 07:19:35', '2025-02-16 07:19:35'),
(786, 786, 'ar', 'Alisa Little', 'alisa-little', 'Exercitationem ut facere assumenda in tempora reprehenderit. Rerum porro alias dolores deleniti dolorum perspiciatis nobis. Tempora velit voluptas ut commodi omnis. Est qui aut esse quidem.', 'Deleniti et autem quis eveniet id aperiam. Atque optio quia consequatur ab officiis. Incidunt impedit atque cum eveniet. Voluptatem sed odio qui omnis eum officiis. Nostrum neque libero dolores.', NULL, NULL, NULL, '2025-02-16 07:19:35', '2025-02-16 07:19:35'),
(787, 787, 'ar', 'Eunice Hudson', 'eunice-hudson', 'Odio aut consequatur repudiandae. Quia quia qui dolorem. Molestias eum at adipisci aspernatur. Ut quod et fuga dolores ab accusamus.', 'Distinctio non esse asperiores. Aut fugit eveniet unde impedit ea. In voluptate adipisci hic laudantium.', NULL, NULL, NULL, '2025-02-16 07:19:35', '2025-02-16 07:19:35'),
(788, 788, 'ar', 'Mrs. Emmalee Hills III', 'mrs.-emmalee-hills-iii', 'Velit laboriosam dolore ex mollitia aut. Consequatur quam labore suscipit autem non.', 'Repellendus exercitationem voluptatem ut sed. Quod tempore sit inventore asperiores ut libero beatae.', NULL, NULL, NULL, '2025-02-16 07:19:35', '2025-02-16 07:19:35'),
(789, 789, 'ar', 'Miss Trudie Fadel DDS', 'miss-trudie-fadel-dds', 'Adipisci et porro ut et. Velit atque quis beatae. Voluptates quo consequuntur dolores qui tempore quae incidunt.', 'Est veniam nam incidunt quo architecto beatae ea. Alias quaerat consequatur velit qui quibusdam esse natus nostrum. Molestiae cumque nemo id quia ut. Qui eos mollitia ut quia. Sit voluptatem qui quia.', NULL, NULL, NULL, '2025-02-16 07:19:35', '2025-02-16 07:19:35'),
(790, 790, 'ar', 'Cynthia Stanton', 'cynthia-stanton', 'Veniam perspiciatis quo quibusdam deserunt dicta illum sit eveniet. Molestiae quae excepturi dolores sed explicabo magnam. Iusto nihil nulla blanditiis omnis vel unde. Sit et totam id quis ullam porro.', 'Molestiae dolor temporibus voluptas voluptatibus qui. Et explicabo eveniet est qui culpa provident quia. Quas omnis molestiae eum modi neque. Voluptatem quia dolore ab neque ut.', NULL, NULL, NULL, '2025-02-16 07:19:35', '2025-02-16 07:19:35'),
(791, 791, 'ar', 'Aiyana Dietrich', 'aiyana-dietrich', 'Libero non pariatur fugiat cumque. Qui quasi et est assumenda maxime architecto nihil. Reprehenderit sed maxime voluptatibus omnis.', 'Voluptates suscipit itaque rerum omnis ea temporibus voluptas. Qui nulla quia blanditiis ad. In commodi illum earum deleniti aut suscipit ea. Voluptatem et dolores suscipit reprehenderit laboriosam.', NULL, NULL, NULL, '2025-02-16 07:19:35', '2025-02-16 07:19:35'),
(792, 792, 'ar', 'Orrin Kiehn', 'orrin-kiehn', 'Earum quia et qui. Quaerat ipsa ipsum et libero magnam sint. Sint blanditiis occaecati et accusamus et laudantium quisquam. Voluptas blanditiis perferendis fuga magnam eos animi corrupti.', 'Temporibus iure cum natus aut ipsum architecto. Maiores voluptatem commodi pariatur magni mollitia hic et.', NULL, NULL, NULL, '2025-02-16 07:19:35', '2025-02-16 07:19:35'),
(793, 793, 'ar', 'Karlie Reichert', 'karlie-reichert', 'Sit eum ratione labore similique. Ipsa voluptas corrupti est. Numquam maxime amet quas commodi quia. Repellat consectetur officiis omnis quo recusandae vero fugiat.', 'Animi odit voluptatem debitis optio odit qui ut. Itaque sit molestias possimus cum voluptatum et necessitatibus. Et et ratione explicabo ut quod quod est.', NULL, NULL, NULL, '2025-02-16 07:19:35', '2025-02-16 07:19:35'),
(794, 794, 'ar', 'Darryl Lindgren', 'darryl-lindgren', 'Cumque et ad quos ipsa totam natus. Culpa iste doloribus nihil itaque aut ipsa voluptas. Nostrum alias sint dignissimos recusandae rerum. Asperiores necessitatibus ex quis quis nesciunt eaque. Alias architecto iste non.', 'Et aliquid repellendus et aut provident consequatur. Sint itaque quam et labore et sed. Molestiae accusamus non quia dolorem.', NULL, NULL, NULL, '2025-02-16 07:19:35', '2025-02-16 07:19:35'),
(795, 795, 'ar', 'Prof. Rafael Weissnat', 'prof.-rafael-weissnat', 'Optio natus et et minima. Quos aut ut delectus quos nesciunt ut molestiae. Ut et ex dolorem facilis in. Aut provident tempore est nihil. Non blanditiis dignissimos minus enim esse sit dolorem.', 'Animi voluptatem adipisci et necessitatibus harum omnis nihil. Animi est voluptates vitae sapiente. Qui fugiat nisi animi et perferendis laborum.', NULL, NULL, NULL, '2025-02-16 07:19:35', '2025-02-16 07:19:35'),
(796, 796, 'ar', 'Constantin Abshire DDS', 'constantin-abshire-dds', 'Illo quam nemo dicta sit quas maxime sint est. Delectus voluptatem accusantium praesentium quia eligendi ex dolor. Sint veritatis eum iusto ut. Labore fuga libero occaecati.', 'Quod adipisci quia ut omnis quia dolorem. Tempora non natus dolorem facilis et. Facilis fugit enim et quaerat fuga et expedita. Aliquid omnis aliquam veritatis autem voluptatem.', NULL, NULL, NULL, '2025-02-16 07:19:35', '2025-02-16 07:19:35'),
(797, 797, 'ar', 'Conrad Ferry', 'conrad-ferry', 'Praesentium accusantium exercitationem ratione ut neque voluptatem itaque quia. Dolores tempore omnis soluta tempora dolor. Officiis eaque et vero praesentium perspiciatis laboriosam perferendis. Alias omnis nihil blanditiis sed sit architecto.', 'Similique consequatur qui dolor reprehenderit. Dolorem voluptas et aperiam sapiente tempore blanditiis. Sapiente eveniet dolores labore eius dignissimos ex. Aperiam unde omnis laudantium fugit.', NULL, NULL, NULL, '2025-02-16 07:19:35', '2025-02-16 07:19:35'),
(798, 798, 'ar', 'Kristin West', 'kristin-west', 'Enim tenetur tempora voluptatem sit animi fuga perferendis. Inventore quas ut voluptatem explicabo maiores rerum. Consequuntur optio molestiae vel aut.', 'Dignissimos occaecati ex vero sapiente qui pariatur nesciunt. Aut reprehenderit nulla qui maiores impedit dolor voluptatem. Et a ut ipsam. Eos vitae qui inventore aut quia. Aliquam sint ad quia earum.', NULL, NULL, NULL, '2025-02-16 07:19:35', '2025-02-16 07:19:35'),
(799, 799, 'ar', 'Tiana Monahan', 'tiana-monahan', 'In illum quas odit quam pariatur est. Sunt voluptas sunt aut omnis exercitationem est magni. Placeat accusamus facere quasi sequi eum dolore unde.', 'In in sint placeat sapiente molestias quidem dolor. Mollitia pariatur dicta veniam est id aut cupiditate totam. Ullam sit explicabo molestiae non omnis. Fugiat omnis nobis fugit voluptas reprehenderit quasi.', NULL, NULL, NULL, '2025-02-16 07:19:35', '2025-02-16 07:19:35'),
(800, 800, 'ar', 'Michele Yundt III', 'michele-yundt-iii', 'Aliquid id saepe necessitatibus ut autem similique. Tenetur vel ea recusandae saepe officiis quas eos numquam. Accusamus suscipit eius delectus aspernatur vitae modi.', 'Non officiis tenetur id quis. Ipsam rem doloribus eum aut qui. Dolore qui reiciendis temporibus soluta non quasi.', NULL, NULL, NULL, '2025-02-16 07:19:35', '2025-02-16 07:19:35');

-- --------------------------------------------------------

--
-- Table structure for table `sessions`
--

CREATE TABLE `sessions` (
  `id` varchar(255) CHARACTER SET utf8mb4 COLLATE utf8mb4_unicode_ci NOT NULL,
  `user_id` bigint UNSIGNED DEFAULT NULL,
  `ip_address` varchar(45) CHARACTER SET utf8mb4 COLLATE utf8mb4_unicode_ci DEFAULT NULL,
  `user_agent` text CHARACTER SET utf8mb4 COLLATE utf8mb4_unicode_ci,
  `payload` longtext CHARACTER SET utf8mb4 COLLATE utf8mb4_unicode_ci NOT NULL,
  `last_activity` int NOT NULL
) ENGINE=InnoDB DEFAULT CHARSET=utf8mb4 COLLATE=utf8mb4_unicode_ci;

--
-- Dumping data for table `sessions`
--

INSERT INTO `sessions` (`id`, `user_id`, `ip_address`, `user_agent`, `payload`, `last_activity`) VALUES
('h0NKH0rbtqLCByTN0k0Srh42aDIjqXz78F6m7q7F', NULL, '127.0.0.1', 'Mozilla/5.0 (Windows NT 10.0; Win64; x64) AppleWebKit/537.36 (KHTML, like Gecko) Chrome/139.0.0.0 Safari/537.36', 'YTo0OntzOjY6Il90b2tlbiI7czo0MDoiVmh2dTU0VVRPTFB6MWNqcWlEak1uSHA2cVpOZGhucXpQWk92Z3UzaSI7czo2OiJsb2NhbGUiO3M6MjoiYXIiO3M6OToiX3ByZXZpb3VzIjthOjE6e3M6MzoidXJsIjtzOjM1OiJodHRwOi8veWFkYmV5YWQudGVzdC9hci9hZG1pbi9sb2dpbiI7fXM6NjoiX2ZsYXNoIjthOjI6e3M6Mzoib2xkIjthOjA6e31zOjM6Im5ldyI7YTowOnt9fX0=', 1755430948),
('oJS83aWj4A5VHMXspUiLhhRCaNLdbWLRLtNE2igD', NULL, '127.0.0.1', 'Mozilla/5.0 (Windows NT 10.0; Win64; x64) AppleWebKit/537.36 (KHTML, like Gecko) Chrome/139.0.0.0 Safari/537.36', 'YToyOntzOjY6Il90b2tlbiI7czo0MDoiTTRjREtPa2ZvcENjazdzSFpNTlh0cjJBRGJ5MWk1bjdyeEpNWEdveCI7czo2OiJfZmxhc2giO2E6Mjp7czozOiJvbGQiO2E6MDp7fXM6MzoibmV3IjthOjA6e319fQ==', 1756728035),
('uvS9h7BzSUhjbUcSGnxKeYDEs1OfWVbtGbd0FttO', NULL, '127.0.0.1', 'Mozilla/5.0 (Windows NT 10.0; Win64; x64) AppleWebKit/537.36 (KHTML, like Gecko) Chrome/139.0.0.0 Safari/537.36', 'YTo0OntzOjY6Il90b2tlbiI7czo0MDoiWTVkNDFQeDZCV2szN3Vtb3FFVDc5ZzBzcHdmcHpaVzd3YmU3OUt4SiI7czo2OiJsb2NhbGUiO3M6MjoiYXIiO3M6OToiX3ByZXZpb3VzIjthOjE6e3M6MzoidXJsIjtzOjM1OiJodHRwOi8veWFkYmV5YWQudGVzdC9hci9hZG1pbi9sb2dpbiI7fXM6NjoiX2ZsYXNoIjthOjI6e3M6Mzoib2xkIjthOjA6e31zOjM6Im5ldyI7YTowOnt9fX0=', 1755430947);

-- --------------------------------------------------------

--
-- Table structure for table `settings`
--

CREATE TABLE `settings` (
  `id` bigint UNSIGNED NOT NULL,
  `key` varchar(255) CHARACTER SET utf8mb4 COLLATE utf8mb4_unicode_ci DEFAULT NULL,
  `sort` int DEFAULT NULL,
  `status` tinyint DEFAULT '1',
  `created_at` timestamp NULL DEFAULT NULL,
  `updated_at` timestamp NULL DEFAULT NULL
) ENGINE=InnoDB DEFAULT CHARSET=utf8mb4 COLLATE=utf8mb4_unicode_ci;

--
-- Dumping data for table `settings`
--

INSERT INTO `settings` (`id`, `key`, `sort`, `status`, `created_at`, `updated_at`) VALUES
(1, 'general', 0, 1, '2024-02-06 06:52:11', '2024-02-06 06:52:11'),
(2, 'meta', 0, 1, NULL, NULL),
(3, 'gift', 0, 1, NULL, NULL),
(4, 'color', 0, 1, NULL, NULL),
(5, 'login', 0, 1, '2024-05-14 03:18:38', '2024-05-14 03:18:38'),
(6, 'product', 0, 1, '2024-08-05 07:27:57', '2024-08-05 07:27:57'),
(7, 'custom_campaign', 0, 1, '2024-09-30 07:51:10', '2024-09-30 07:51:10'),
(8, 'external_connection', 0, 1, '2024-10-13 07:51:10', '2024-10-13 07:51:10'),
(9, 'contact_information', 0, 1, '2024-10-13 08:58:01', '2024-10-13 08:58:01'),
(11, 'notifications', 0, 1, '2024-10-16 03:44:34', '2024-10-16 03:44:34'),
(12, 'volunteering', 0, 1, '2024-11-04 08:20:55', '2024-11-04 08:20:55'),
(13, 'badal', 0, 1, '2024-12-02 04:11:54', '2024-12-01 18:00:00'),
(14, 'badalnotfication', 0, 1, '2024-12-09 04:44:19', '2024-12-09 04:44:19'),
(15, 'title', NULL, 1, '2025-07-07 06:03:20', '2025-07-07 06:03:20'),
(16, 'gift_title_ar', NULL, 1, '2025-07-07 06:03:20', '2025-07-07 06:03:20'),
(17, 'gift_description_ar', NULL, 1, '2025-07-07 06:03:20', '2025-07-07 06:03:20'),
(18, 'gift_category', NULL, 1, '2025-07-07 06:03:20', '2025-07-07 06:03:20'),
(23, 'status', NULL, 1, '2025-07-07 06:03:20', '2025-07-07 06:03:20'),
(24, 'pixel', NULL, 1, NULL, NULL);

-- --------------------------------------------------------

--
-- Table structure for table `settings_values`
--

CREATE TABLE `settings_values` (
  `id` bigint UNSIGNED NOT NULL,
  `setting_id` bigint UNSIGNED DEFAULT NULL,
  `key` varchar(255) CHARACTER SET utf8mb4 COLLATE utf8mb4_unicode_ci DEFAULT NULL,
  `value` longtext CHARACTER SET utf8mb4 COLLATE utf8mb4_unicode_ci,
  `type` tinyint UNSIGNED NOT NULL DEFAULT '0' COMMENT '0=>text , 1=>image, 2=>textarea, 3=>frame, 4=>textarea with line, 5=>number',
  `created_at` timestamp NULL DEFAULT NULL,
  `updated_at` timestamp NULL DEFAULT NULL
) ENGINE=InnoDB DEFAULT CHARSET=utf8mb4 COLLATE=utf8mb4_unicode_ci;

--
-- Dumping data for table `settings_values`
--

INSERT INTO `settings_values` (`id`, `setting_id`, `key`, `value`, `type`, `created_at`, `updated_at`) VALUES
(1, 1, 'site_name_ar', 'Holol', 0, '2025-02-16 07:04:01', '2025-02-16 07:04:01'),
(2, 1, 'address_ar', '16 Mostafa El-Nahass Street - Eighth District - Nasr City', 0, '2025-02-16 07:04:01', '2025-02-16 07:04:01'),
(3, 1, 'open_ar', 'Monday - Friday  9:00AM - 05:00PM', 0, '2025-02-16 07:04:01', '2025-02-16 07:04:01'),
(13, 1, 'google_play', 'https://play.google.com', 0, '2025-02-16 07:04:01', '2025-02-16 07:04:01'),
(14, 1, 'app_store', 'https://www.apple.com/app-store/', 0, '2025-02-16 07:04:01', '2025-02-16 07:04:01'),
(15, 1, 'maps', 'Holol', 0, '2025-02-16 07:04:01', '2025-02-16 07:04:01'),
(16, 1, 'footer_description_ar', 'بخطوات سهلة نقدم لكم حلول واستراجيات متكاملة للتروؤج والتسويق لمشاريعهم مع سهل الخير يصبح اقرب وأسهل', 2, '2025-02-16 07:04:01', '2025-05-10 11:25:03'),
(17, 1, 'icon', 'attachments/settings/1748247887icon.png', 1, '2025-02-16 07:04:01', '2025-05-26 05:24:47'),
(18, 1, 'logo_ar', 'attachments/settings/1753694342logo_ar.png', 1, '2025-02-16 07:04:01', '2025-07-28 06:19:04'),
(19, 1, 'footer_logo_ar', NULL, 1, '2025-02-16 07:04:01', '2025-02-16 07:04:01'),
(20, 1, 'image1_ar', NULL, 1, '2025-02-16 07:04:01', '2025-02-16 07:04:01'),
(21, 1, 'image2_ar', NULL, 1, '2025-02-16 07:04:01', '2025-02-16 07:04:01'),
(22, 1, 'image3_ar', NULL, 1, '2025-02-16 07:04:01', '2025-02-16 07:04:01'),
(23, 2, 'home_meta_title_ar', NULL, 0, '2025-02-16 07:04:01', '2025-02-16 07:04:01'),
(24, 2, 'home_meta_description_ar', NULL, 2, '2025-02-16 07:04:01', '2025-02-16 07:04:01'),
(25, 2, 'home_meta_key_ar', NULL, 4, '2025-02-16 07:04:01', '2025-02-16 07:04:01'),
(26, 2, 'services_meta_title_ar', NULL, 0, '2025-02-16 07:04:01', '2025-02-16 07:04:01'),
(27, 2, 'services_meta_description_ar', NULL, 2, '2025-02-16 07:04:01', '2025-02-16 07:04:01'),
(28, 2, 'services_meta_key_ar', NULL, 4, '2025-02-16 07:04:01', '2025-02-16 07:04:01'),
(29, 2, 'portfolio_meta_title_ar', NULL, 0, '2025-02-16 07:04:01', '2025-02-16 07:04:01'),
(30, 2, 'portfolio_meta_description_ar', NULL, 2, '2025-02-16 07:04:01', '2025-02-16 07:04:01'),
(31, 2, 'portfolio_meta_key_ar', NULL, 4, '2025-02-16 07:04:01', '2025-02-16 07:04:01'),
(32, 2, 'offers_meta_title_ar', NULL, 0, '2025-02-16 07:04:01', '2025-02-16 07:04:01'),
(33, 2, 'offers_meta_description_ar', NULL, 2, '2025-02-16 07:04:01', '2025-02-16 07:04:01'),
(34, 2, 'offers_meta_key_ar', NULL, 4, '2025-02-16 07:04:01', '2025-02-16 07:04:01'),
(35, 2, 'blogs_meta_title_ar', NULL, 0, '2025-02-16 07:04:01', '2025-02-16 07:04:01'),
(36, 2, 'blogs_meta_description_ar', NULL, 2, '2025-02-16 07:04:01', '2025-02-16 07:04:01'),
(37, 2, 'blogs_meta_key_ar', NULL, 4, '2025-02-16 07:04:01', '2025-02-16 07:04:01'),
(38, 2, 'contact_meta_title_ar', NULL, 0, '2025-02-16 07:04:01', '2025-02-16 07:04:01'),
(39, 2, 'contact_meta_description_ar', NULL, 2, '2025-02-16 07:04:01', '2025-02-16 07:04:01'),
(40, 2, 'contact_meta_key_ar', NULL, 4, '2025-02-16 07:04:01', '2025-02-16 07:04:01'),
(41, 1, 'title', 'عامة', 0, '2025-02-16 08:55:07', '2025-02-16 08:55:07'),
(42, 1, 'site_ar', 'سهل', 0, '2025-02-16 08:55:07', '2025-05-10 11:25:03'),
(43, 1, 'show_slider', '1', 0, '2025-02-16 08:55:07', '2025-02-16 08:55:07'),
(44, 1, 'show_category', '1', 0, '2025-02-16 08:55:07', '2025-02-16 08:55:07'),
(45, 1, 'banarWeb1_link', '/banar1', 0, '2025-02-16 08:55:07', '2025-02-18 08:49:09'),
(46, 1, 'banarWeb2_link', '/banar2', 0, '2025-02-16 08:55:07', '2025-02-18 08:49:09'),
(47, 1, 'banarWeb3_link', NULL, 0, '2025-02-16 08:55:07', '2025-02-16 08:55:07'),
(48, 1, 'banarMobile1_link', '/banar-mobile-1', 0, '2025-02-16 08:55:07', '2025-02-18 08:49:09'),
(49, 1, 'banarMobile2_link', '/banar-mobile-2', 0, '2025-02-16 08:55:07', '2025-02-18 08:49:09'),
(50, 1, 'banarMobile3_link', NULL, 0, '2025-02-16 08:55:07', '2025-02-16 08:55:07'),
(51, 1, 'show_banars', '1', 0, '2025-02-16 08:55:07', '2025-02-18 09:41:51'),
(52, 1, 'show_footer', '1', 0, '2025-02-16 08:55:07', '2025-02-16 09:13:43'),
(53, 1, 'script_pixel', NULL, 0, '2025-02-16 08:55:07', '2025-02-16 08:55:07'),
(54, 1, 'show_pixel', '0', 0, '2025-02-16 08:55:07', '2025-02-16 08:55:07'),
(55, 1, 'meta_title_ar', NULL, 0, '2025-02-16 08:55:07', '2025-02-16 08:55:07'),
(56, 1, 'meta_description_ar', NULL, 0, '2025-02-16 08:55:07', '2025-02-16 08:55:07'),
(57, 1, 'meta_key_ar', NULL, 0, '2025-02-16 08:55:07', '2025-02-16 08:55:07'),
(58, 1, 'declaration_image', 'attachments/settings/1739703308declaration_image.png', 0, '2025-02-16 08:55:08', '2025-02-16 08:55:08'),
(59, 1, 'status', '0', 0, '2025-02-16 08:55:08', '2025-02-16 08:55:08'),
(60, 1, 'footer_logo', 'attachments/settings/1748247926footer_logo.png', 0, '2025-02-16 09:23:44', '2025-05-26 05:25:26'),
(61, 9, 'title', 'بيانات التواصل', 0, '2025-02-16 09:55:21', '2025-02-16 09:55:21'),
(62, 9, 'facebook', 'https://www.facebook.com/4Travellers4', 0, '2025-02-16 09:55:21', '2025-07-28 05:57:02'),
(63, 9, 'instagram', 'https://www.facebook.com/4Travellers4', 0, '2025-02-16 09:55:21', '2025-07-28 06:01:02'),
(64, 9, 'twitter', 'https://twitter.com', 0, '2025-02-16 09:55:21', '2025-02-16 09:55:21'),
(65, 9, 'linkedin', 'https://linkedin.com', 0, '2025-02-16 09:55:21', '2025-02-16 09:55:21'),
(66, 9, 'youtube', 'https://youtube.com', 0, '2025-02-16 09:55:21', '2025-02-16 09:55:21'),
(67, 9, 'snapchat', 'https://snapchat.com', 0, '2025-02-16 09:55:21', '2025-02-16 09:55:21'),
(68, 9, 'email', 'almarwawagdy24@gmail.com', 0, '2025-02-16 09:55:21', '2025-02-16 09:55:21'),
(69, 9, 'mobile', '01112185974', 0, '2025-02-16 09:55:21', '2025-02-16 09:55:21'),
(70, 9, 'phone', '01112185974', 0, '2025-02-16 09:55:21', '2025-02-16 09:55:21'),
(71, 9, 'whatsapp', NULL, 0, '2025-02-16 09:55:21', '2025-08-10 05:55:23'),
(72, 9, 'address_ar', NULL, 0, '2025-02-16 09:55:21', '2025-02-16 09:55:21'),
(73, 9, 'working_hours_ar', NULL, 0, '2025-02-16 09:55:21', '2025-02-16 09:55:21'),
(74, 9, 'maps', NULL, 0, '2025-02-16 09:55:21', '2025-02-16 09:55:21'),
(75, 9, 'meta_title_ar', NULL, 0, '2025-02-16 09:55:21', '2025-02-16 09:55:21'),
(76, 9, 'meta_description_ar', NULL, 0, '2025-02-16 09:55:21', '2025-02-16 09:55:21'),
(77, 9, 'meta_key_ar', NULL, 0, '2025-02-16 09:55:21', '2025-02-16 09:55:21'),
(78, 9, 'status', '0', 0, '2025-02-16 09:55:21', '2025-02-16 09:55:21'),
(79, 1, 'bouquets_ramadan_title', 'باقــــــــات رمضـــــان', 0, '2025-02-18 08:49:09', '2025-02-18 08:49:09'),
(80, 1, 'bouquets_ramadan_link', '/ramadan', 0, '2025-02-18 08:49:09', '2025-02-18 08:49:09'),
(81, 1, 'show_bouquets_ramadan', '1', 0, '2025-02-18 08:49:09', '2025-02-18 09:45:57'),
(82, 1, 'bouquets_ramadan_img', 'attachments/settings/1739875749bouquets_ramadan_img.png', 0, '2025-02-18 08:49:10', '2025-02-18 08:49:10'),
(83, 1, 'banarWeb1', 'attachments/settings/1754205869banarWeb1.png', 0, '2025-02-18 08:49:10', '2025-08-03 04:24:30'),
(84, 1, 'banarWeb2', 'attachments/settings/1754206754banarWeb2.png', 0, '2025-02-18 08:49:10', '2025-08-03 04:39:15'),
(85, 1, 'banarMobile1', 'attachments/settings/1754210839banarMobile1.png', 0, '2025-02-18 08:49:10', '2025-08-03 05:47:20'),
(86, 1, 'banarMobile2', 'attachments/settings/1754210840banarMobile2.png', 0, '2025-02-18 08:49:10', '2025-08-03 05:47:20'),
(87, 1, 'count1_title', 'عدد المتبرعين', 0, '2025-02-18 09:38:09', '2025-02-18 09:38:09'),
(88, 1, 'count1_number', '500,000', 0, '2025-02-18 09:38:09', '2025-02-18 09:38:09'),
(89, 1, 'count2_title', 'اجمالي التبرعات', 0, '2025-02-18 09:38:09', '2025-02-18 09:38:09'),
(90, 1, 'count2_number', '500,000', 0, '2025-02-18 09:38:09', '2025-02-18 09:38:09'),
(91, 1, 'count3_title', 'اهم الباقات', 0, '2025-02-18 09:38:09', '2025-02-18 09:38:09'),
(92, 1, 'count3_number', '500,000', 0, '2025-02-18 09:38:09', '2025-02-18 09:38:09'),
(93, 1, 'count_img', 'attachments/settings/1739878689count_img.png', 0, '2025-02-18 09:38:10', '2025-02-18 09:38:10'),
(94, 1, 'count1_img', 'attachments/settings/1739878756count1_img.png', 0, '2025-02-18 09:39:16', '2025-02-18 09:39:16'),
(95, 1, 'count2_img', 'attachments/settings/1739878756count2_img.png', 0, '2025-02-18 09:39:16', '2025-02-18 09:39:16'),
(96, 1, 'count3_img', 'attachments/settings/1739878756count3_img.png', 0, '2025-02-18 09:39:16', '2025-02-18 09:39:16'),
(97, 1, 'show_count', '1', 0, '2025-02-18 09:39:29', '2025-02-18 09:39:29'),
(98, 1, 'banar_title', 'لَن تَنَالُوا الْبِرَّ حَتَّىٰ تُنفِقُوا مِمَّا تُحِبُّونَ', 0, '2025-02-18 09:58:24', '2025-02-18 09:58:24'),
(99, 5, 'show_login_project', '1', 6, '2024-05-14 03:19:09', '2024-10-16 00:23:48'),
(100, 5, 'show_login_cart', '1', 6, '2024-05-14 03:19:09', '2024-10-16 00:23:48'),
(101, 5, 'show_login_checkout', '1', 6, '2024-05-14 03:21:18', '2024-10-16 00:23:48'),
(102, 5, 'send_otp_project', '0', 6, '2024-05-14 03:22:29', '2024-10-16 00:23:48'),
(103, 5, 'send_otp_cart', '0', 6, '2024-05-14 03:22:29', '2024-10-16 00:23:48'),
(104, 5, 'send_otp_checkout', '0', 6, '2024-05-14 03:22:29', '2024-10-16 00:23:48'),
(105, 3, 'title', 'الاهداء الخيري', 0, '2025-03-12 21:26:13', '2025-03-12 21:26:13'),
(106, 3, 'gift_title_ar', 'test', 0, '2025-03-12 21:26:13', '2025-03-12 21:26:13'),
(107, 3, 'gift_description_ar', '[[giver_name]][[from_name]][[giver_group]][[card]][[project]]', 0, '2025-03-12 21:26:13', '2025-03-12 21:26:13'),
(108, 3, 'gift_category', '{\"1\":{\"title_en\":\"To my dear mother\",\"title_ar\":\"إلى أمي الغالية\",\"images\":\"[\\\"attachments\\\\\\/settings\\\\\\/17481710870.png\\\"]\"},\"2\":{\"title_en\":\"To my dear father\",\"title_ar\":\"إلى أبي الغالي\",\"images\":\"[\\\"attachments\\\\\\/settings\\\\\\/17481707140.jpg\\\"]\"},\"3\":{\"title_en\":\"To my beloved wife\",\"title_ar\":\"إلى زوجتي الحبيبة\",\"images\":\"[\\\"attachments\\\\\\/settings\\\\\\/17481707140.jpg\\\"]\"}}', 0, '2025-03-12 21:26:13', '2025-07-07 06:47:41'),
(109, 3, 'status', '0', 0, '2025-03-12 21:26:13', '2025-03-12 21:26:13'),
(111, 3, '3', '{\"1\":{\"title_en\":\"To my dear mother\",\"title_ar\":\"\\u0625\\u0644\\u0649 \\u0623\\u0645\\u064a \\u0627\\u0644\\u063a\\u0627\\u0644\\u064a\\u0629\",\"images\":\"[\\\"attachments\\\\\\/settings\\\\\\/17440370000.jpg\\\"]\"},\"2\":{\"title_en\":\"To my dear father\",\"title_ar\":\"\\u0625\\u0644\\u0649 \\u0623\\u0628\\u064a \\u0627\\u0644\\u063a\\u0627\\u0644\\u064a\",\"images\":null},\"3\":{\"title_en\":\"To my beloved wife\",\"title_ar\":\"\\u0625\\u0644\\u0649 \\u0632\\u0648\\u062c\\u062a\\u064a \\u0627\\u0644\\u062d\\u0628\\u064a\\u0628\\u0629\",\"images\":null}}', 0, '2025-04-07 12:33:26', '2025-04-07 12:43:20'),
(112, 1, 'footer_titlear', 'عن  متجر سهل', 0, '2025-05-10 10:57:04', '2025-05-10 11:25:03'),
(113, 1, 'commercial_license', 'attachments/settings/1746888316commercial_license.png', 0, '2025-05-10 11:39:25', '2025-05-10 11:45:16'),
(114, 1, 'banarWeb3', 'attachments/settings/1754206755banarWeb3.png', 0, '2025-05-10 12:35:13', '2025-08-03 04:39:16'),
(115, 4, 'title', 'اعدادات التصميم', 0, '2025-05-25 04:31:45', '2025-05-25 04:31:45'),
(116, 4, 'main', NULL, 0, '2025-05-25 04:31:45', '2025-08-09 06:36:10'),
(117, 4, 'secound', NULL, 0, '2025-05-25 04:31:45', '2025-08-09 06:36:10'),
(118, 4, 'donation_color', '[\"#c1ad7b\",\"#9ac94c\",\"#10353c\",null,null,null]', 0, '2025-05-25 04:31:45', '2025-05-25 04:31:45'),
(119, 4, 'categoryColorlist', '[]', 0, '2025-05-25 04:31:45', '2025-05-25 04:31:45'),
(120, 4, 'status', '0', 0, '2025-05-25 04:31:45', '2025-05-25 04:31:45'),
(165, 3, 'sender_x', '40', 0, '2025-07-18 13:42:27', '2025-07-18 15:36:11'),
(166, 3, 'sender_y', '40', 0, '2025-07-18 13:42:27', '2025-07-18 15:36:12'),
(167, 3, 'recipient_x', '50', 0, '2025-07-18 13:42:27', '2025-07-18 15:36:12'),
(168, 3, 'recipient_y', '50', 0, '2025-07-18 13:42:27', '2025-07-18 15:36:12'),
(169, 1, 'banarWeb4_link', NULL, 0, '2025-07-28 06:19:02', '2025-07-28 06:19:02'),
(170, 1, 'cats_statistics', '[]', 0, '2025-07-28 06:19:02', '2025-07-28 06:19:02'),
(171, 1, 'categoryColorlist', '[]', 0, '2025-07-28 06:19:04', '2025-07-28 06:19:04'),
(172, 1, 'banarWeb4', 'attachments/settings/1754206756banarWeb4.png', 0, '2025-08-03 04:39:16', '2025-08-03 04:39:16'),
(173, 1, 'banarMobile3', 'attachments/settings/1754210840banarMobile3.png', 0, '2025-08-03 05:47:20', '2025-08-03 05:47:20'),
(174, 4, 'third', NULL, 0, '2025-08-03 08:28:31', '2025-08-09 06:36:10'),
(175, 4, 'four', '#0b5394', 0, '2025-08-03 08:28:31', '2025-08-03 08:28:31'),
(176, 4, 'fourth', NULL, 0, '2025-08-03 08:33:56', '2025-08-09 06:36:10'),
(177, 4, 'bg_footer1', NULL, 0, '2025-08-09 05:57:40', '2025-08-09 06:36:10'),
(178, 4, 'bg_footer2', NULL, 0, '2025-08-09 05:57:40', '2025-08-09 06:36:10'),
(179, 4, 'title_footer', NULL, 0, '2025-08-09 05:57:40', '2025-08-09 06:36:10'),
(180, 1, 'show_fast_donation', '1', 0, '2025-08-10 05:09:22', '2025-08-10 05:52:10'),
(181, 1, 'logo_mobile_ar', 'attachments/settings/1754813362logo_mobile_ar.png', 0, '2025-08-10 05:09:23', '2025-08-10 05:09:23');

-- --------------------------------------------------------

--
-- Table structure for table `sliders`
--

CREATE TABLE `sliders` (
  `id` bigint UNSIGNED NOT NULL,
  `url` varchar(255) CHARACTER SET utf8mb4 COLLATE utf8mb4_unicode_ci DEFAULT NULL,
  `sort` int DEFAULT NULL,
  `image` varchar(255) CHARACTER SET utf8mb4 COLLATE utf8mb4_unicode_ci DEFAULT NULL,
  `mobile_image` varchar(255) CHARACTER SET utf8mb4 COLLATE utf8mb4_unicode_ci DEFAULT NULL,
  `status` tinyint DEFAULT '1',
  `created_by` bigint UNSIGNED DEFAULT NULL,
  `updated_by` bigint UNSIGNED DEFAULT NULL,
  `deleted_at` timestamp NULL DEFAULT NULL,
  `created_at` timestamp NULL DEFAULT NULL,
  `updated_at` timestamp NULL DEFAULT NULL
) ENGINE=InnoDB DEFAULT CHARSET=utf8mb4 COLLATE=utf8mb4_unicode_ci;

--
-- Dumping data for table `sliders`
--

INSERT INTO `sliders` (`id`, `url`, `sort`, `image`, `mobile_image`, `status`, `created_by`, `updated_by`, `deleted_at`, `created_at`, `updated_at`) VALUES
(601, NULL, 66, NULL, NULL, 1, NULL, NULL, '2025-02-16 09:57:29', '2025-02-16 07:19:28', '2025-02-16 09:57:29'),
(602, NULL, 91, NULL, NULL, 2, NULL, NULL, '2025-02-16 09:57:29', '2025-02-16 07:19:28', '2025-02-16 09:57:29'),
(603, NULL, 38, NULL, NULL, 2, NULL, NULL, '2025-02-16 09:57:29', '2025-02-16 07:19:28', '2025-02-16 09:57:29'),
(604, NULL, 73, NULL, NULL, 1, NULL, NULL, '2025-02-16 09:57:29', '2025-02-16 07:19:28', '2025-02-16 09:57:29'),
(605, NULL, 1, NULL, NULL, 2, NULL, NULL, '2025-02-16 09:57:29', '2025-02-16 07:19:28', '2025-02-16 09:57:29'),
(606, NULL, 46, NULL, NULL, 1, NULL, NULL, '2025-02-16 09:57:29', '2025-02-16 07:19:28', '2025-02-16 09:57:29'),
(607, NULL, 82, NULL, NULL, 1, NULL, NULL, '2025-02-16 09:57:29', '2025-02-16 07:19:28', '2025-02-16 09:57:29'),
(608, NULL, 20, NULL, NULL, 2, NULL, NULL, '2025-02-16 09:57:29', '2025-02-16 07:19:28', '2025-02-16 09:57:29'),
(609, NULL, 3, NULL, NULL, 1, NULL, NULL, '2025-02-16 09:57:29', '2025-02-16 07:19:28', '2025-02-16 09:57:29'),
(610, NULL, 44, NULL, NULL, 1, NULL, NULL, '2025-02-16 09:57:29', '2025-02-16 07:19:28', '2025-02-16 09:57:29'),
(611, NULL, 18, NULL, NULL, 1, NULL, NULL, '2025-02-16 09:57:29', '2025-02-16 07:19:28', '2025-02-16 09:57:29'),
(612, NULL, 79, NULL, NULL, 1, NULL, NULL, '2025-02-16 09:57:29', '2025-02-16 07:19:28', '2025-02-16 09:57:29'),
(613, NULL, 43, NULL, NULL, 2, NULL, NULL, '2025-02-16 09:57:29', '2025-02-16 07:19:28', '2025-02-16 09:57:29'),
(614, NULL, 93, NULL, NULL, 2, NULL, NULL, '2025-02-16 09:57:29', '2025-02-16 07:19:28', '2025-02-16 09:57:29'),
(615, NULL, 45, NULL, NULL, 1, NULL, NULL, '2025-02-16 09:57:29', '2025-02-16 07:19:28', '2025-02-16 09:57:29'),
(616, NULL, 84, NULL, NULL, 2, NULL, NULL, '2025-02-16 09:57:29', '2025-02-16 07:19:28', '2025-02-16 09:57:29'),
(617, NULL, 66, NULL, NULL, 2, NULL, NULL, '2025-02-16 09:57:29', '2025-02-16 07:19:28', '2025-02-16 09:57:29'),
(618, NULL, 83, NULL, NULL, 1, NULL, NULL, '2025-02-16 09:57:29', '2025-02-16 07:19:28', '2025-02-16 09:57:29'),
(619, NULL, 41, NULL, NULL, 2, NULL, NULL, '2025-02-16 09:57:29', '2025-02-16 07:19:28', '2025-02-16 09:57:29'),
(620, NULL, 67, NULL, NULL, 1, NULL, NULL, '2025-02-16 09:57:29', '2025-02-16 07:19:28', '2025-02-16 09:57:29'),
(621, NULL, 20, NULL, NULL, 1, NULL, NULL, '2025-02-16 09:57:29', '2025-02-16 07:19:28', '2025-02-16 09:57:29'),
(622, NULL, 62, NULL, NULL, 1, NULL, NULL, '2025-02-16 09:57:29', '2025-02-16 07:19:28', '2025-02-16 09:57:29'),
(623, NULL, 47, NULL, NULL, 1, NULL, NULL, '2025-02-16 09:57:29', '2025-02-16 07:19:28', '2025-02-16 09:57:29'),
(624, NULL, 38, NULL, NULL, 1, NULL, NULL, '2025-02-16 09:57:29', '2025-02-16 07:19:28', '2025-02-16 09:57:29'),
(625, NULL, 64, NULL, NULL, 2, NULL, NULL, '2025-02-16 09:57:29', '2025-02-16 07:19:28', '2025-02-16 09:57:29'),
(626, NULL, 8, NULL, NULL, 2, NULL, NULL, '2025-02-16 09:57:29', '2025-02-16 07:19:28', '2025-02-16 09:57:29'),
(627, NULL, 24, NULL, NULL, 1, NULL, NULL, '2025-02-16 09:57:29', '2025-02-16 07:19:28', '2025-02-16 09:57:29'),
(628, NULL, 57, NULL, NULL, 1, NULL, NULL, '2025-02-16 09:57:29', '2025-02-16 07:19:28', '2025-02-16 09:57:29'),
(629, NULL, 74, NULL, NULL, 1, NULL, NULL, '2025-02-16 09:57:29', '2025-02-16 07:19:28', '2025-02-16 09:57:29'),
(630, NULL, 28, NULL, NULL, 2, NULL, NULL, '2025-02-16 09:57:29', '2025-02-16 07:19:28', '2025-02-16 09:57:29'),
(631, NULL, 99, NULL, NULL, 2, NULL, NULL, '2025-02-16 09:57:29', '2025-02-16 07:19:28', '2025-02-16 09:57:29'),
(632, NULL, 74, NULL, NULL, 2, NULL, NULL, '2025-02-16 09:57:29', '2025-02-16 07:19:28', '2025-02-16 09:57:29'),
(633, NULL, 73, NULL, NULL, 2, NULL, NULL, '2025-02-16 09:57:29', '2025-02-16 07:19:28', '2025-02-16 09:57:29'),
(634, NULL, 15, NULL, NULL, 1, NULL, NULL, '2025-02-16 09:57:29', '2025-02-16 07:19:28', '2025-02-16 09:57:29'),
(635, NULL, 74, NULL, NULL, 2, NULL, NULL, '2025-02-16 09:57:29', '2025-02-16 07:19:28', '2025-02-16 09:57:29'),
(636, NULL, 2, NULL, NULL, 2, NULL, NULL, '2025-02-16 09:57:29', '2025-02-16 07:19:28', '2025-02-16 09:57:29'),
(637, NULL, 26, NULL, NULL, 2, NULL, NULL, '2025-02-16 09:57:29', '2025-02-16 07:19:28', '2025-02-16 09:57:29'),
(638, NULL, 76, NULL, NULL, 2, NULL, NULL, '2025-02-16 09:57:29', '2025-02-16 07:19:28', '2025-02-16 09:57:29'),
(639, NULL, 34, NULL, NULL, 1, NULL, NULL, '2025-02-16 09:57:29', '2025-02-16 07:19:28', '2025-02-16 09:57:29'),
(640, NULL, 9, NULL, NULL, 2, NULL, NULL, '2025-02-16 09:57:29', '2025-02-16 07:19:28', '2025-02-16 09:57:29'),
(641, NULL, 41, NULL, NULL, 1, NULL, NULL, '2025-02-16 09:57:29', '2025-02-16 07:19:28', '2025-02-16 09:57:29'),
(642, NULL, 13, NULL, NULL, 1, NULL, NULL, '2025-02-16 09:57:29', '2025-02-16 07:19:28', '2025-02-16 09:57:29'),
(643, NULL, 31, NULL, NULL, 1, NULL, NULL, '2025-02-16 09:57:29', '2025-02-16 07:19:28', '2025-02-16 09:57:29'),
(644, NULL, 58, NULL, NULL, 1, NULL, NULL, '2025-02-16 09:57:29', '2025-02-16 07:19:28', '2025-02-16 09:57:29'),
(645, NULL, 19, NULL, NULL, 1, NULL, NULL, '2025-02-16 09:57:29', '2025-02-16 07:19:28', '2025-02-16 09:57:29'),
(646, NULL, 24, NULL, NULL, 1, NULL, NULL, '2025-02-16 09:57:29', '2025-02-16 07:19:28', '2025-02-16 09:57:29'),
(647, NULL, 11, NULL, NULL, 2, NULL, NULL, '2025-02-16 09:57:29', '2025-02-16 07:19:28', '2025-02-16 09:57:29'),
(648, NULL, 70, NULL, NULL, 2, NULL, NULL, '2025-02-16 09:57:30', '2025-02-16 07:19:28', '2025-02-16 09:57:30'),
(649, NULL, 43, NULL, NULL, 2, NULL, NULL, '2025-02-16 09:57:30', '2025-02-16 07:19:28', '2025-02-16 09:57:30'),
(650, NULL, 7, NULL, NULL, 1, NULL, NULL, '2025-02-16 09:57:30', '2025-02-16 07:19:28', '2025-02-16 09:57:30'),
(651, NULL, 13, NULL, NULL, 2, NULL, NULL, '2025-02-16 09:57:21', '2025-02-16 07:19:28', '2025-02-16 09:57:21'),
(652, NULL, 99, NULL, NULL, 1, NULL, NULL, '2025-02-16 09:57:21', '2025-02-16 07:19:28', '2025-02-16 09:57:21'),
(653, NULL, 18, NULL, NULL, 2, NULL, NULL, '2025-02-16 09:57:21', '2025-02-16 07:19:28', '2025-02-16 09:57:21'),
(654, NULL, 62, NULL, NULL, 1, NULL, NULL, '2025-02-16 09:57:21', '2025-02-16 07:19:28', '2025-02-16 09:57:21'),
(655, NULL, 81, NULL, NULL, 1, NULL, NULL, '2025-02-16 09:57:21', '2025-02-16 07:19:28', '2025-02-16 09:57:21'),
(656, NULL, 74, NULL, NULL, 2, NULL, NULL, '2025-02-16 09:57:21', '2025-02-16 07:19:28', '2025-02-16 09:57:21'),
(657, NULL, 23, NULL, NULL, 1, NULL, NULL, '2025-02-16 09:57:21', '2025-02-16 07:19:28', '2025-02-16 09:57:21'),
(658, NULL, 99, NULL, NULL, 1, NULL, NULL, '2025-02-16 09:57:21', '2025-02-16 07:19:28', '2025-02-16 09:57:21'),
(659, NULL, 44, NULL, NULL, 1, NULL, NULL, '2025-02-16 09:57:21', '2025-02-16 07:19:28', '2025-02-16 09:57:21'),
(660, NULL, 27, NULL, NULL, 2, NULL, NULL, '2025-02-16 09:57:21', '2025-02-16 07:19:28', '2025-02-16 09:57:21'),
(661, NULL, 25, NULL, NULL, 1, NULL, NULL, '2025-02-16 09:57:21', '2025-02-16 07:19:28', '2025-02-16 09:57:21'),
(662, NULL, 81, NULL, NULL, 2, NULL, NULL, '2025-02-16 09:57:21', '2025-02-16 07:19:28', '2025-02-16 09:57:21'),
(663, NULL, 30, NULL, NULL, 1, NULL, NULL, '2025-02-16 09:57:21', '2025-02-16 07:19:28', '2025-02-16 09:57:21'),
(664, NULL, 33, NULL, NULL, 1, NULL, NULL, '2025-02-16 09:57:21', '2025-02-16 07:19:28', '2025-02-16 09:57:21'),
(665, NULL, 87, NULL, NULL, 2, NULL, NULL, '2025-02-16 09:57:21', '2025-02-16 07:19:28', '2025-02-16 09:57:21'),
(666, NULL, 73, NULL, NULL, 2, NULL, NULL, '2025-02-16 09:57:21', '2025-02-16 07:19:29', '2025-02-16 09:57:21'),
(667, NULL, 1, NULL, NULL, 2, NULL, NULL, '2025-02-16 09:57:21', '2025-02-16 07:19:29', '2025-02-16 09:57:21'),
(668, NULL, 87, NULL, NULL, 1, NULL, NULL, '2025-02-16 09:57:21', '2025-02-16 07:19:29', '2025-02-16 09:57:21'),
(669, NULL, 97, NULL, NULL, 2, NULL, NULL, '2025-02-16 09:57:21', '2025-02-16 07:19:29', '2025-02-16 09:57:21'),
(670, NULL, 63, NULL, NULL, 1, NULL, NULL, '2025-02-16 09:57:21', '2025-02-16 07:19:29', '2025-02-16 09:57:21'),
(671, NULL, 40, NULL, NULL, 1, NULL, NULL, '2025-02-16 09:57:21', '2025-02-16 07:19:29', '2025-02-16 09:57:21'),
(672, NULL, 77, NULL, NULL, 1, NULL, NULL, '2025-02-16 09:57:21', '2025-02-16 07:19:29', '2025-02-16 09:57:21'),
(673, NULL, 67, NULL, NULL, 1, NULL, NULL, '2025-02-16 09:57:21', '2025-02-16 07:19:29', '2025-02-16 09:57:21'),
(674, NULL, 28, NULL, NULL, 1, NULL, NULL, '2025-02-16 09:57:21', '2025-02-16 07:19:29', '2025-02-16 09:57:21'),
(675, NULL, 89, NULL, NULL, 2, NULL, NULL, '2025-02-16 09:57:21', '2025-02-16 07:19:29', '2025-02-16 09:57:21'),
(676, NULL, 0, NULL, NULL, 1, NULL, NULL, '2025-02-16 09:57:21', '2025-02-16 07:19:29', '2025-02-16 09:57:21'),
(677, NULL, 38, NULL, NULL, 1, NULL, NULL, '2025-02-16 09:57:21', '2025-02-16 07:19:29', '2025-02-16 09:57:21'),
(678, NULL, 0, NULL, NULL, 2, NULL, NULL, '2025-02-16 09:57:21', '2025-02-16 07:19:29', '2025-02-16 09:57:21'),
(679, NULL, 41, NULL, NULL, 1, NULL, NULL, '2025-02-16 09:57:21', '2025-02-16 07:19:29', '2025-02-16 09:57:21'),
(680, NULL, 56, NULL, NULL, 2, NULL, NULL, '2025-02-16 09:57:21', '2025-02-16 07:19:29', '2025-02-16 09:57:21'),
(681, NULL, 3, NULL, NULL, 1, NULL, NULL, '2025-02-16 09:57:21', '2025-02-16 07:19:29', '2025-02-16 09:57:21'),
(682, NULL, 71, NULL, NULL, 2, NULL, NULL, '2025-02-16 09:57:21', '2025-02-16 07:19:29', '2025-02-16 09:57:21'),
(683, NULL, 22, NULL, NULL, 1, NULL, NULL, '2025-02-16 09:57:21', '2025-02-16 07:19:29', '2025-02-16 09:57:21'),
(684, NULL, 26, NULL, NULL, 2, NULL, NULL, '2025-02-16 09:57:21', '2025-02-16 07:19:29', '2025-02-16 09:57:21'),
(685, NULL, 63, NULL, NULL, 2, NULL, NULL, '2025-02-16 09:57:21', '2025-02-16 07:19:29', '2025-02-16 09:57:21'),
(686, NULL, 3, NULL, NULL, 1, NULL, NULL, '2025-02-16 09:57:21', '2025-02-16 07:19:29', '2025-02-16 09:57:21'),
(687, NULL, 16, NULL, NULL, 2, NULL, NULL, '2025-02-16 09:57:21', '2025-02-16 07:19:29', '2025-02-16 09:57:21'),
(688, NULL, 3, NULL, NULL, 1, NULL, NULL, '2025-02-16 09:57:21', '2025-02-16 07:19:29', '2025-02-16 09:57:21'),
(689, NULL, 39, NULL, NULL, 1, NULL, NULL, '2025-02-16 09:57:21', '2025-02-16 07:19:29', '2025-02-16 09:57:21'),
(690, NULL, 56, NULL, NULL, 2, NULL, NULL, '2025-02-16 09:57:21', '2025-02-16 07:19:29', '2025-02-16 09:57:21'),
(691, NULL, 59, NULL, NULL, 2, NULL, NULL, '2025-02-16 09:57:21', '2025-02-16 07:19:29', '2025-02-16 09:57:21'),
(692, NULL, 10, NULL, NULL, 1, NULL, NULL, '2025-02-16 09:57:21', '2025-02-16 07:19:29', '2025-02-16 09:57:21'),
(693, NULL, 22, NULL, NULL, 1, NULL, NULL, '2025-02-16 09:57:21', '2025-02-16 07:19:29', '2025-02-16 09:57:21'),
(694, NULL, 26, NULL, NULL, 2, NULL, NULL, '2025-02-16 09:57:21', '2025-02-16 07:19:29', '2025-02-16 09:57:21'),
(695, NULL, 99, NULL, NULL, 1, NULL, NULL, '2025-02-16 09:57:21', '2025-02-16 07:19:29', '2025-02-16 09:57:21'),
(696, NULL, 63, NULL, NULL, 1, NULL, NULL, '2025-02-16 09:57:21', '2025-02-16 07:19:29', '2025-02-16 09:57:21'),
(697, NULL, 86, NULL, NULL, 1, NULL, NULL, '2025-02-16 09:57:21', '2025-02-16 07:19:29', '2025-02-16 09:57:21'),
(698, NULL, 94, NULL, NULL, 1, NULL, NULL, '2025-02-16 09:57:21', '2025-02-16 07:19:29', '2025-02-16 09:57:21'),
(699, NULL, 44, NULL, NULL, 1, NULL, NULL, '2025-02-16 09:57:21', '2025-02-16 07:19:29', '2025-02-16 09:57:21'),
(700, NULL, 59, NULL, NULL, 2, NULL, NULL, '2025-02-16 09:57:21', '2025-02-16 07:19:29', '2025-02-16 09:57:21'),
(701, 'javascript:void(0)', NULL, 'attachments/slider/17468896841.png', 'attachments/slider/17468896842.png', 1, 1, 1, NULL, '2025-02-16 10:00:46', '2025-05-10 12:10:35'),
(702, 'javascript:void(0)', NULL, 'attachments/slider/17468896971.png', 'attachments/slider/17468896972.png', 1, 1, 1, NULL, '2025-02-16 10:01:20', '2025-05-10 12:10:28'),
(703, '/shop', NULL, 'attachments/slider/1754145341.jpg', 'attachments/slider/1754145341.jpg', 1, 1, NULL, '2025-08-02 11:36:15', '2025-08-02 11:35:41', '2025-08-02 11:36:15'),
(704, 'javascript:void(0)', NULL, 'attachments/slider/1755521833.png', 'attachments/slider/1755521834.png', 1, 1, NULL, NULL, '2025-08-18 09:57:15', '2025-08-18 09:57:15');

-- --------------------------------------------------------

--
-- Table structure for table `slider_translations`
--

CREATE TABLE `slider_translations` (
  `id` bigint UNSIGNED NOT NULL,
  `slider_id` bigint UNSIGNED NOT NULL,
  `locale` varchar(255) CHARACTER SET utf8mb4 COLLATE utf8mb4_unicode_ci NOT NULL,
  `title` varchar(255) CHARACTER SET utf8mb4 COLLATE utf8mb4_unicode_ci DEFAULT NULL,
  `slug` varchar(255) CHARACTER SET utf8mb4 COLLATE utf8mb4_unicode_ci DEFAULT NULL,
  `description` text CHARACTER SET utf8mb4 COLLATE utf8mb4_unicode_ci,
  `created_at` timestamp NULL DEFAULT NULL,
  `updated_at` timestamp NULL DEFAULT NULL
) ENGINE=InnoDB DEFAULT CHARSET=utf8mb4 COLLATE=utf8mb4_unicode_ci;

--
-- Dumping data for table `slider_translations`
--

INSERT INTO `slider_translations` (`id`, `slider_id`, `locale`, `title`, `slug`, `description`, `created_at`, `updated_at`) VALUES
(601, 601, 'ar', 'Miss Rubie Carroll', 'miss-rubie-carroll', 'Nihil officia et autem odit molestiae. Nam quaerat beatae velit nemo doloribus.', '2025-02-16 07:19:28', '2025-02-16 07:19:28'),
(602, 602, 'ar', 'Damian Dooley', 'damian-dooley', 'Autem itaque voluptas perspiciatis velit. Est ut et ipsam blanditiis ut aspernatur.', '2025-02-16 07:19:28', '2025-02-16 07:19:28'),
(603, 603, 'ar', 'Emmanuelle Zieme II', 'emmanuelle-zieme-ii', 'Doloribus maxime qui eligendi totam mollitia. Similique eum molestiae sunt id. Dolores omnis vel beatae quisquam similique laboriosam. Animi est et animi et et.', '2025-02-16 07:19:28', '2025-02-16 07:19:28'),
(604, 604, 'ar', 'Allen Ledner', 'allen-ledner', 'Necessitatibus velit autem et blanditiis. Et accusamus sint dignissimos alias. Aut qui optio unde et. Et libero doloremque et eos fuga aut est.', '2025-02-16 07:19:28', '2025-02-16 07:19:28'),
(605, 605, 'ar', 'Gisselle Hane', 'gisselle-hane', 'Rerum voluptatum omnis autem quod praesentium porro facilis nostrum. Voluptatem sed perferendis quo aut occaecati maxime quae. Eum eligendi a iste mollitia dolorem rerum soluta. Vel alias et cumque sunt sunt autem.', '2025-02-16 07:19:28', '2025-02-16 07:19:28'),
(606, 606, 'ar', 'Clemens Lowe', 'clemens-lowe', 'Et necessitatibus dolorum beatae est quia. Voluptatem dolor et molestias fuga. Maiores rerum praesentium hic expedita neque iure atque.', '2025-02-16 07:19:28', '2025-02-16 07:19:28'),
(607, 607, 'ar', 'Walton Cormier', 'walton-cormier', 'Molestiae sapiente placeat velit ut et numquam unde occaecati. Facilis ad sequi beatae saepe. Quo et fuga ullam natus numquam.', '2025-02-16 07:19:28', '2025-02-16 07:19:28'),
(608, 608, 'ar', 'Elise McCullough', 'elise-mccullough', 'Voluptatem est recusandae aut at. Qui ipsum libero explicabo velit. Sunt at dolorum voluptates explicabo consequatur nulla laboriosam. Exercitationem odio et iusto aut quos. Voluptatum a dolor quibusdam eius nesciunt asperiores dolorem.', '2025-02-16 07:19:28', '2025-02-16 07:19:28'),
(609, 609, 'ar', 'Hubert Hegmann IV', 'hubert-hegmann-iv', 'Odio sit ipsa omnis. Neque officia aut corrupti possimus ipsa omnis labore quo. Ipsum deleniti facilis nobis est autem.', '2025-02-16 07:19:28', '2025-02-16 07:19:28'),
(610, 610, 'ar', 'Rosalia Rutherford PhD', 'rosalia-rutherford-phd', 'Asperiores iusto possimus est distinctio quasi exercitationem in. Quis omnis illum sit nulla sunt rerum beatae dolorem. Non ex saepe aut aperiam qui odio. Eaque iure aut et iure dolor exercitationem nihil.', '2025-02-16 07:19:28', '2025-02-16 07:19:28'),
(611, 611, 'ar', 'Benedict McLaughlin', 'benedict-mclaughlin', 'Ea in quasi beatae corrupti culpa qui suscipit. Fugiat soluta natus quis molestias quibusdam et. Voluptatem aut voluptatum recusandae distinctio dolor nisi.', '2025-02-16 07:19:28', '2025-02-16 07:19:28'),
(612, 612, 'ar', 'Mr. Laurel Weissnat', 'mr.-laurel-weissnat', 'Et et consequatur laudantium incidunt totam rerum. Iure sed sit beatae velit voluptatem facilis nisi quidem. Voluptatem enim vero ut delectus.', '2025-02-16 07:19:28', '2025-02-16 07:19:28'),
(613, 613, 'ar', 'Jarred Medhurst II', 'jarred-medhurst-ii', 'Eos voluptas exercitationem voluptatem iste omnis aut qui. Id aliquid culpa sed quos. Sed eaque omnis perferendis vero velit voluptatem ullam. In delectus saepe minima in tempore eos qui necessitatibus.', '2025-02-16 07:19:28', '2025-02-16 07:19:28'),
(614, 614, 'ar', 'Clarabelle Pouros', 'clarabelle-pouros', 'Nisi quia dolor voluptas maiores est deserunt repellendus velit. Illum nulla est at quidem.', '2025-02-16 07:19:28', '2025-02-16 07:19:28'),
(615, 615, 'ar', 'Tyree Tremblay', 'tyree-tremblay', 'Consequatur aut id nihil eligendi voluptatum dolorum. Facilis qui magnam velit illum voluptate nulla dolorem est. Rerum qui libero aut commodi dicta. In ullam porro enim sit deleniti sunt consequatur.', '2025-02-16 07:19:28', '2025-02-16 07:19:28'),
(616, 616, 'ar', 'Prof. Sebastian Swaniawski DDS', 'prof.-sebastian-swaniawski-dds', 'Rem a quia enim ad et qui sint. Qui cumque fuga tempora fugit. Optio dolores quisquam voluptas dolore et. Voluptas sunt rerum accusamus magni quod aliquam.', '2025-02-16 07:19:28', '2025-02-16 07:19:28'),
(617, 617, 'ar', 'Jordi Graham', 'jordi-graham', 'Reiciendis iste enim natus temporibus aspernatur. Sint quo ea unde ratione et et delectus. Sed voluptatem enim magni qui temporibus libero rem. Nobis ut maiores quos dignissimos et maiores.', '2025-02-16 07:19:28', '2025-02-16 07:19:28'),
(618, 618, 'ar', 'Prof. Keegan Wyman II', 'prof.-keegan-wyman-ii', 'Aliquam enim ab mollitia ipsam corrupti. Itaque voluptatum rerum sequi voluptas quae enim. Aliquam odit dolorum et temporibus et vel.', '2025-02-16 07:19:28', '2025-02-16 07:19:28'),
(619, 619, 'ar', 'Mr. Wyman Johnson III', 'mr.-wyman-johnson-iii', 'At eos beatae soluta voluptatem aut quam. Eveniet voluptas dignissimos impedit enim at et alias. Quo libero in qui cum. Maiores qui distinctio nihil nam voluptatem officia. Doloremque et ut explicabo.', '2025-02-16 07:19:28', '2025-02-16 07:19:28'),
(620, 620, 'ar', 'Claude Hill', 'claude-hill', 'Quia qui optio quisquam quis qui sed. Maiores laborum ipsum dicta corporis et. Facilis ex repellat qui.', '2025-02-16 07:19:28', '2025-02-16 07:19:28'),
(621, 621, 'ar', 'Giovanny Hoppe', 'giovanny-hoppe', 'Sed sunt tempore eum illum. Quia ad sint aut at repellat aut. Ipsum qui corrupti libero impedit nisi repellat. Et facere perferendis et quia.', '2025-02-16 07:19:28', '2025-02-16 07:19:28'),
(622, 622, 'ar', 'Dr. Serenity Thompson I', 'dr.-serenity-thompson-i', 'Ratione ex nihil atque quis nostrum corrupti assumenda. Tempora voluptatem debitis nihil voluptatem dolor. Quidem qui et consequatur saepe et. In et exercitationem autem. Et dolores nostrum ut maiores maxime in nesciunt.', '2025-02-16 07:19:28', '2025-02-16 07:19:28'),
(623, 623, 'ar', 'Jovanny Conn', 'jovanny-conn', 'Sit aut aliquid molestiae labore quasi magni. Illum facere sint voluptas quia asperiores. Dolorem sit quod qui totam. Tempore possimus quam quis ipsa.', '2025-02-16 07:19:28', '2025-02-16 07:19:28'),
(624, 624, 'ar', 'Manley Graham', 'manley-graham', 'Inventore cumque quisquam cupiditate cupiditate sapiente odit corporis. Laboriosam impedit aliquam quia quia dolores debitis. Laboriosam natus facilis vero omnis dolor.', '2025-02-16 07:19:28', '2025-02-16 07:19:28'),
(625, 625, 'ar', 'Ms. Brandy Moen', 'ms.-brandy-moen', 'Atque dolor blanditiis aut ratione impedit eos. Quas quos magnam blanditiis maiores ipsa alias vero. Enim deleniti iste sequi omnis nam maiores.', '2025-02-16 07:19:28', '2025-02-16 07:19:28'),
(626, 626, 'ar', 'Ms. Veronica McGlynn', 'ms.-veronica-mcglynn', 'Sequi voluptatem molestiae explicabo sunt. Provident sunt ipsa et consequatur iure delectus quia illo. Rerum totam dolorem reprehenderit sunt ea. Temporibus perspiciatis consequatur voluptatem veniam nulla laudantium et et.', '2025-02-16 07:19:28', '2025-02-16 07:19:28'),
(627, 627, 'ar', 'Dr. Destany Dibbert PhD', 'dr.-destany-dibbert-phd', 'Iure accusamus atque nihil fugit ut ab aut. Quia et magni itaque expedita distinctio.', '2025-02-16 07:19:28', '2025-02-16 07:19:28'),
(628, 628, 'ar', 'Phoebe Rogahn', 'phoebe-rogahn', 'Nesciunt autem dicta quo delectus. Non a qui porro architecto impedit facilis. Enim perferendis ut ut recusandae.', '2025-02-16 07:19:28', '2025-02-16 07:19:28'),
(629, 629, 'ar', 'Ms. Carolanne Osinski', 'ms.-carolanne-osinski', 'Tempora labore rerum recusandae. Quam assumenda ipsam vel eum possimus. Ut aut nemo velit. Pariatur expedita omnis animi alias consequatur vitae sint.', '2025-02-16 07:19:28', '2025-02-16 07:19:28'),
(630, 630, 'ar', 'Aida Graham', 'aida-graham', 'Aspernatur voluptatibus labore accusamus modi delectus sint dolorem. Deleniti quasi eius unde tempore. Qui quaerat et cum magni. Mollitia ea officia quaerat facere et. Nemo dignissimos in consequuntur est vel.', '2025-02-16 07:19:28', '2025-02-16 07:19:28'),
(631, 631, 'ar', 'Prof. Darrion Luettgen DDS', 'prof.-darrion-luettgen-dds', 'Illum natus eum ut voluptatem qui quae aspernatur aut. Et quis consequatur voluptatum enim. Id similique ut architecto ullam molestias voluptatem fugit. Sint asperiores asperiores ea tempora quia at. Culpa amet necessitatibus omnis sint id.', '2025-02-16 07:19:28', '2025-02-16 07:19:28'),
(632, 632, 'ar', 'Jadon Thompson', 'jadon-thompson', 'Quasi cupiditate consequatur eius quo non quo quos. Dicta voluptatem perspiciatis magni quo laboriosam suscipit numquam. Necessitatibus a in commodi enim.', '2025-02-16 07:19:28', '2025-02-16 07:19:28'),
(633, 633, 'ar', 'Ms. Lenore Huel', 'ms.-lenore-huel', 'Inventore nihil ut qui rerum autem ratione nulla. Alias sed facilis repudiandae autem odit. Nam sit hic iste a quia.', '2025-02-16 07:19:28', '2025-02-16 07:19:28'),
(634, 634, 'ar', 'Prof. Thomas Wisoky', 'prof.-thomas-wisoky', 'Aspernatur nihil labore nulla tempore doloribus pariatur debitis voluptates. Voluptas magni error voluptas ut ex est repellat.', '2025-02-16 07:19:28', '2025-02-16 07:19:28'),
(635, 635, 'ar', 'Ms. Cali Hermiston', 'ms.-cali-hermiston', 'Enim officiis velit aperiam. Saepe eaque explicabo necessitatibus sint maiores.', '2025-02-16 07:19:28', '2025-02-16 07:19:28'),
(636, 636, 'ar', 'Alysa Zboncak', 'alysa-zboncak', 'Tempora porro consequuntur eligendi non provident. Autem facilis aut ut qui. Quo et quibusdam illum doloremque.', '2025-02-16 07:19:28', '2025-02-16 07:19:28'),
(637, 637, 'ar', 'Gabe Friesen', 'gabe-friesen', 'Repellat voluptas provident explicabo earum rerum. Blanditiis veniam dicta ullam.', '2025-02-16 07:19:28', '2025-02-16 07:19:28'),
(638, 638, 'ar', 'Miles Ward', 'miles-ward', 'Iste incidunt est esse pariatur sint. Excepturi laboriosam voluptatem ut doloribus molestias dolor. Vero vel voluptas culpa officiis quis ut reiciendis.', '2025-02-16 07:19:28', '2025-02-16 07:19:28'),
(639, 639, 'ar', 'Dr. Chet Hayes Jr.', 'dr.-chet-hayes-jr.', 'Quia quidem distinctio est accusamus et a dicta. Eum magni mollitia consequatur pariatur ab nihil. Ad modi quia ex voluptatibus molestiae expedita. Aperiam officiis non aut distinctio ea fuga.', '2025-02-16 07:19:28', '2025-02-16 07:19:28'),
(640, 640, 'ar', 'Prof. Dimitri Marvin V', 'prof.-dimitri-marvin-v', 'Voluptas a dolorem neque fugit. Culpa autem voluptatem harum excepturi aut maiores. Et sit est et quia at ut nihil. A quod minima dicta velit ut distinctio.', '2025-02-16 07:19:28', '2025-02-16 07:19:28'),
(641, 641, 'ar', 'Prof. Fabian Goldner Sr.', 'prof.-fabian-goldner-sr.', 'Omnis consequuntur nam est sit tempore quo numquam. Eaque blanditiis consequatur nostrum quas minus. Est alias optio consequatur ducimus odio occaecati qui.', '2025-02-16 07:19:28', '2025-02-16 07:19:28'),
(642, 642, 'ar', 'Kristina Kuphal', 'kristina-kuphal', 'Est corporis inventore quis repudiandae et amet. Quaerat expedita quia quaerat. Perspiciatis suscipit aut sit voluptatum est nihil at. Placeat et ab enim eius.', '2025-02-16 07:19:28', '2025-02-16 07:19:28'),
(643, 643, 'ar', 'Jerrell McKenzie', 'jerrell-mckenzie', 'Qui sunt iure placeat in molestiae. Aut nulla neque consequatur tempora laborum aliquam. Et dolor et vel voluptatem qui dolorum amet. Porro quam eligendi beatae voluptates sit et. Placeat atque sapiente tempore sit.', '2025-02-16 07:19:28', '2025-02-16 07:19:28'),
(644, 644, 'ar', 'Arely Huel IV', 'arely-huel-iv', 'Aut voluptas tenetur dolores dolores. Dolores molestiae commodi nulla qui autem. Quo possimus necessitatibus voluptatibus aliquam inventore quia placeat. Quo ipsa eos non voluptatem sunt.', '2025-02-16 07:19:28', '2025-02-16 07:19:28'),
(645, 645, 'ar', 'Keyshawn Wilkinson', 'keyshawn-wilkinson', 'Neque nihil beatae autem ut accusantium quibusdam nisi. Eligendi veritatis ipsam ipsum magnam id. Vel reprehenderit beatae consequatur. Qui perspiciatis deserunt libero eum eligendi aut aut.', '2025-02-16 07:19:28', '2025-02-16 07:19:28'),
(646, 646, 'ar', 'Colten Sanford', 'colten-sanford', 'Numquam nisi incidunt ipsum. Odio placeat illo et corrupti. In iusto laudantium totam ut ex numquam qui quia. Voluptates dolorem eos nemo nihil molestiae dolorem totam.', '2025-02-16 07:19:28', '2025-02-16 07:19:28'),
(647, 647, 'ar', 'Aleen Lubowitz', 'aleen-lubowitz', 'Ut aperiam et fugiat. Accusantium animi maiores fugiat optio doloremque alias itaque. Expedita expedita vel nobis quos ut.', '2025-02-16 07:19:28', '2025-02-16 07:19:28'),
(648, 648, 'ar', 'Prof. Dallin Wyman', 'prof.-dallin-wyman', 'Deserunt in soluta molestiae molestiae a recusandae explicabo. Optio qui quasi assumenda qui. Aperiam dolore qui deserunt voluptatibus voluptatem rerum est.', '2025-02-16 07:19:28', '2025-02-16 07:19:28'),
(649, 649, 'ar', 'Alyson Lemke', 'alyson-lemke', 'Quis ducimus architecto similique corporis. Beatae et voluptatem officia. Sint earum qui facere repudiandae sit blanditiis omnis. Quas vitae et laborum. Quia distinctio et vel delectus distinctio accusantium.', '2025-02-16 07:19:28', '2025-02-16 07:19:28'),
(650, 650, 'ar', 'Olen Luettgen', 'olen-luettgen', 'Amet facere molestiae quia adipisci non fugiat. Et voluptates similique reprehenderit rem harum. Voluptatem aut commodi tenetur est a maiores qui dolorem.', '2025-02-16 07:19:28', '2025-02-16 07:19:28'),
(651, 651, 'ar', 'Jerod Stark Sr.', 'jerod-stark-sr.', 'Sed magni ex ea molestiae placeat illum. Inventore enim iste distinctio est dolorum.', '2025-02-16 07:19:28', '2025-02-16 07:19:28'),
(652, 652, 'ar', 'Dr. Trey Yost', 'dr.-trey-yost', 'Voluptatum animi minus qui ipsa est. Ducimus voluptas aliquid totam pariatur sequi fugiat. Quis ducimus est consectetur aut sit.', '2025-02-16 07:19:28', '2025-02-16 07:19:28'),
(653, 653, 'ar', 'Mr. Haleigh Stracke II', 'mr.-haleigh-stracke-ii', 'Corporis eligendi repudiandae odit est architecto. Dolor voluptas aut esse qui rem. Quia et aliquam molestiae sed ea. Qui eius asperiores blanditiis nisi consequatur non vel omnis.', '2025-02-16 07:19:28', '2025-02-16 07:19:28'),
(654, 654, 'ar', 'Einar Kassulke', 'einar-kassulke', 'Ex autem sed consequuntur cum iusto aut. Repellat autem unde sapiente corporis quo rem tenetur. Quam assumenda accusamus aut mollitia similique. Dolorum expedita deleniti voluptas facilis unde eius recusandae.', '2025-02-16 07:19:28', '2025-02-16 07:19:28'),
(655, 655, 'ar', 'Prof. Jaquan Kerluke', 'prof.-jaquan-kerluke', 'Tempora sunt ad quia ut quis. Odit amet eligendi distinctio a quaerat minima veritatis. Libero aut maiores unde ab ut et.', '2025-02-16 07:19:28', '2025-02-16 07:19:28'),
(656, 656, 'ar', 'Miss Daphney Mayert', 'miss-daphney-mayert', 'Magnam vitae voluptas impedit reprehenderit non quia vel. Mollitia velit nemo dolor voluptatum fugiat repudiandae sit. Earum aut occaecati officiis quaerat ut.', '2025-02-16 07:19:28', '2025-02-16 07:19:28'),
(657, 657, 'ar', 'Lysanne Gerlach', 'lysanne-gerlach', 'Maxime deleniti qui ab impedit quia aliquid eos. Fugit et voluptas dolores nemo. Quae ipsa rerum dignissimos repellat inventore.', '2025-02-16 07:19:28', '2025-02-16 07:19:28'),
(658, 658, 'ar', 'Savion Erdman', 'savion-erdman', 'Et velit autem iste aut recusandae provident. Aliquid magnam reprehenderit aut quas molestias. Quia quod minima et quae impedit.', '2025-02-16 07:19:28', '2025-02-16 07:19:28'),
(659, 659, 'ar', 'Luther Prohaska', 'luther-prohaska', 'Sunt a nemo omnis in magnam deserunt velit. Consectetur sed eum eos labore quis incidunt. Voluptas harum officia omnis tempore. Quaerat unde dolore quia rem.', '2025-02-16 07:19:28', '2025-02-16 07:19:28'),
(660, 660, 'ar', 'Marlin Russel', 'marlin-russel', 'Quae velit voluptatem ut corporis ex pariatur dolore beatae. Id enim officiis ab vero saepe. Cumque pariatur et architecto alias.', '2025-02-16 07:19:28', '2025-02-16 07:19:28'),
(661, 661, 'ar', 'Dr. Suzanne Jerde', 'dr.-suzanne-jerde', 'Sit in vel numquam sed nemo voluptas. Ab et aliquam et rerum quos quis quod. Unde laborum qui et reiciendis quae. Enim harum ullam natus.', '2025-02-16 07:19:28', '2025-02-16 07:19:28'),
(662, 662, 'ar', 'Alva Veum', 'alva-veum', 'Est vel ipsam consectetur quaerat facere officiis. Ea ratione maiores vitae laboriosam quasi totam illo sit. Quo eum corporis molestiae consequuntur itaque et. Aut aut veniam sit voluptatem est.', '2025-02-16 07:19:28', '2025-02-16 07:19:28'),
(663, 663, 'ar', 'Khalid Hamill', 'khalid-hamill', 'Laboriosam placeat veniam ut est quo nisi. Omnis omnis fugiat ut non voluptatem sequi architecto. Id dicta rerum dolorem quia odio. Amet ipsam sed nesciunt officiis quia dolore.', '2025-02-16 07:19:28', '2025-02-16 07:19:28'),
(664, 664, 'ar', 'Kassandra Parisian', 'kassandra-parisian', 'Et dolor nobis natus aut tempora dolorum. Rerum autem enim enim nam voluptas voluptates. Autem numquam numquam expedita voluptatem dolore quibusdam exercitationem aut.', '2025-02-16 07:19:28', '2025-02-16 07:19:28'),
(665, 665, 'ar', 'Johnnie Ruecker', 'johnnie-ruecker', 'Voluptatem non corrupti qui amet in voluptatem fugit. Recusandae tempore laudantium sapiente fugiat. Aspernatur nisi nesciunt maiores esse laboriosam fuga vero voluptatem.', '2025-02-16 07:19:29', '2025-02-16 07:19:29'),
(666, 666, 'ar', 'Lauryn Price', 'lauryn-price', 'Ipsa incidunt molestiae sed ratione ipsa natus dolorem est. Fugiat nostrum nam nisi et.', '2025-02-16 07:19:29', '2025-02-16 07:19:29'),
(667, 667, 'ar', 'Angelo Kihn DVM', 'angelo-kihn-dvm', 'Voluptas quo cumque quis animi sed fuga ullam. Consequatur voluptas aperiam dicta nihil sed. Fuga numquam quod unde quaerat deserunt.', '2025-02-16 07:19:29', '2025-02-16 07:19:29'),
(668, 668, 'ar', 'Mikayla Satterfield', 'mikayla-satterfield', 'Dignissimos perspiciatis similique qui consequuntur autem. Qui autem quos animi. In qui consectetur et laborum.', '2025-02-16 07:19:29', '2025-02-16 07:19:29'),
(669, 669, 'ar', 'Stuart Zboncak PhD', 'stuart-zboncak-phd', 'Maiores quisquam molestias omnis natus iure dignissimos facilis et. Officia architecto temporibus rerum a iste quam. Quae voluptatem vitae ad.', '2025-02-16 07:19:29', '2025-02-16 07:19:29'),
(670, 670, 'ar', 'Ernestina Schmidt', 'ernestina-schmidt', 'Tenetur ut eligendi repudiandae molestiae blanditiis officia. Voluptatem harum et consequuntur. Dolor eos soluta qui nihil quae delectus quaerat. Totam est eaque sint.', '2025-02-16 07:19:29', '2025-02-16 07:19:29'),
(671, 671, 'ar', 'Destinee Beier', 'destinee-beier', 'Inventore exercitationem doloribus minima quia molestiae rerum voluptatibus. Nostrum laborum sequi est itaque. Qui et ullam nihil ab magnam enim. Quia reiciendis eum commodi nobis esse consectetur.', '2025-02-16 07:19:29', '2025-02-16 07:19:29'),
(672, 672, 'ar', 'Dr. Mallory Murphy DDS', 'dr.-mallory-murphy-dds', 'Assumenda consequatur id illo aut nobis. Ex itaque nemo quibusdam non. Ut dolorum et et voluptatum dolores.', '2025-02-16 07:19:29', '2025-02-16 07:19:29'),
(673, 673, 'ar', 'Tillman Becker', 'tillman-becker', 'Sit excepturi accusamus sequi illo voluptatibus rem aliquid sunt. Occaecati fugiat ad quia. Aperiam fugiat molestiae maxime voluptates qui alias magnam.', '2025-02-16 07:19:29', '2025-02-16 07:19:29'),
(674, 674, 'ar', 'Ambrose Renner', 'ambrose-renner', 'Delectus velit facere magnam excepturi. Eius cupiditate et ullam doloribus ut non accusamus et. Quis non autem accusantium.', '2025-02-16 07:19:29', '2025-02-16 07:19:29'),
(675, 675, 'ar', 'Dr. Tabitha Brakus V', 'dr.-tabitha-brakus-v', 'Nisi et quaerat odio atque sed. Maxime voluptas quisquam mollitia aliquid accusantium nisi cumque laborum. Officia alias aperiam ipsum dolorem.', '2025-02-16 07:19:29', '2025-02-16 07:19:29'),
(676, 676, 'ar', 'Jennifer Klocko', 'jennifer-klocko', 'Nesciunt qui ipsam amet laudantium quia deserunt enim ab. Aspernatur doloremque qui voluptas in et et. Itaque asperiores beatae at pariatur cumque eius cupiditate.', '2025-02-16 07:19:29', '2025-02-16 07:19:29'),
(677, 677, 'ar', 'Prof. Thad Friesen', 'prof.-thad-friesen', 'Molestiae vel nisi nemo voluptas quaerat voluptatum voluptate. Porro sed sed sed quos. Pariatur sed facilis sed deserunt. Aut et quia et neque dolorem.', '2025-02-16 07:19:29', '2025-02-16 07:19:29'),
(678, 678, 'ar', 'Rowland Runte', 'rowland-runte', 'Numquam veniam odit consectetur recusandae sit nihil et. Non consectetur rerum nobis quos architecto neque et repellendus. Id molestias est ut cumque ullam ut aut. Assumenda soluta et illo earum placeat.', '2025-02-16 07:19:29', '2025-02-16 07:19:29'),
(679, 679, 'ar', 'Dr. Toy Tillman MD', 'dr.-toy-tillman-md', 'Deleniti consequatur natus placeat nesciunt. Dignissimos aspernatur velit enim fugiat. Eos sequi reiciendis amet cupiditate voluptas itaque sequi iusto. Omnis consectetur iure illum maxime nemo.', '2025-02-16 07:19:29', '2025-02-16 07:19:29'),
(680, 680, 'ar', 'Thad Legros', 'thad-legros', 'Soluta soluta minima aperiam dolorem dolor. Voluptas et accusamus quibusdam minima ut voluptatibus. Et possimus rerum et animi.', '2025-02-16 07:19:29', '2025-02-16 07:19:29'),
(681, 681, 'ar', 'Prof. Erwin Breitenberg V', 'prof.-erwin-breitenberg-v', 'Et nemo sit enim enim deleniti rerum ducimus. Exercitationem nihil est sed voluptatem. Natus et voluptatem qui enim nam. Distinctio rerum sunt ea ullam.', '2025-02-16 07:19:29', '2025-02-16 07:19:29'),
(682, 682, 'ar', 'Dr. Georgianna Brakus PhD', 'dr.-georgianna-brakus-phd', 'Numquam sunt ab vel in. Non fugiat aut consequatur vero. Omnis doloremque ut assumenda voluptas soluta quam.', '2025-02-16 07:19:29', '2025-02-16 07:19:29'),
(683, 683, 'ar', 'Jaunita D\'Amore', 'jaunita-d\'amore', 'Quod impedit optio rerum accusamus enim. Aut optio qui qui ea vitae ab. Quis blanditiis nihil accusamus iure aut repudiandae et excepturi. Doloremque tempora et dolor voluptas at. Et dolorem incidunt commodi qui.', '2025-02-16 07:19:29', '2025-02-16 07:19:29'),
(684, 684, 'ar', 'Jaylin Barton', 'jaylin-barton', 'Non quis voluptatem exercitationem doloribus et sed. Repellendus qui quia consequatur nemo sit voluptas debitis. Cumque laborum ducimus qui in debitis quasi voluptas eos. Est quo rerum ipsum expedita consequatur et. Fuga optio vero officiis qui maxime sunt.', '2025-02-16 07:19:29', '2025-02-16 07:19:29'),
(685, 685, 'ar', 'Ayana Schumm', 'ayana-schumm', 'Officiis est itaque quia voluptates ipsum quo. Non velit voluptatem nam reprehenderit culpa sunt. Sit animi sed id non esse.', '2025-02-16 07:19:29', '2025-02-16 07:19:29'),
(686, 686, 'ar', 'Hailee Pouros', 'hailee-pouros', 'Provident blanditiis fuga dolore qui fugit. Eaque distinctio vitae neque eaque nobis quod. Aspernatur et repudiandae nihil. Reiciendis magnam eius officia hic facere.', '2025-02-16 07:19:29', '2025-02-16 07:19:29'),
(687, 687, 'ar', 'Dr. Brent Welch', 'dr.-brent-welch', 'Eos perferendis sequi iusto quia praesentium. Cumque dolorum enim reiciendis quasi excepturi voluptates ea. Necessitatibus dignissimos et sed fugit perspiciatis voluptas commodi.', '2025-02-16 07:19:29', '2025-02-16 07:19:29'),
(688, 688, 'ar', 'Miss Jodie Ferry', 'miss-jodie-ferry', 'Dolor alias nobis vitae et voluptatem rem amet. Quis labore dolorem aut dolore incidunt. Temporibus reprehenderit nobis ut officiis dolores.', '2025-02-16 07:19:29', '2025-02-16 07:19:29'),
(689, 689, 'ar', 'Haley Mayert DVM', 'haley-mayert-dvm', 'Dignissimos debitis qui quae quis. Recusandae sit doloremque qui et molestiae. Sed saepe vero assumenda sunt at officia voluptates quae.', '2025-02-16 07:19:29', '2025-02-16 07:19:29'),
(690, 690, 'ar', 'Mr. Ernest Ankunding MD', 'mr.-ernest-ankunding-md', 'Hic molestiae molestiae nesciunt cupiditate et magnam. Enim ea voluptas rem enim voluptates dolore. Corrupti totam repudiandae eaque dolorum neque est consequatur.', '2025-02-16 07:19:29', '2025-02-16 07:19:29'),
(691, 691, 'ar', 'Zita Erdman', 'zita-erdman', 'Architecto ut repellat laboriosam facilis dolorum officiis. Nam neque enim omnis quia beatae. Temporibus autem vitae vitae ducimus provident non dolores.', '2025-02-16 07:19:29', '2025-02-16 07:19:29'),
(692, 692, 'ar', 'Muhammad Lang', 'muhammad-lang', 'Qui quae perspiciatis autem quidem eum velit sed. Quod aut voluptatibus ea natus dolorum qui quia. Asperiores quia quos ut nemo qui non. Porro dolores nam qui rem.', '2025-02-16 07:19:29', '2025-02-16 07:19:29'),
(693, 693, 'ar', 'Bert Turcotte', 'bert-turcotte', 'Vero aut ut consequatur molestiae debitis quod nihil sed. Consequatur nemo dolor quibusdam in. Voluptas illum aut asperiores aut ad maxime aliquid.', '2025-02-16 07:19:29', '2025-02-16 07:19:29'),
(694, 694, 'ar', 'Maribel Bechtelar', 'maribel-bechtelar', 'Commodi explicabo eos et repellendus. Similique sint numquam illo aut excepturi. Illo nihil quo incidunt natus incidunt nesciunt quasi. Ut vel et eos.', '2025-02-16 07:19:29', '2025-02-16 07:19:29'),
(695, 695, 'ar', 'Tabitha Stroman Jr.', 'tabitha-stroman-jr.', 'Accusantium molestiae dolores quo ipsam eos possimus. Velit necessitatibus pariatur reprehenderit nostrum debitis et architecto. Sit aperiam magnam exercitationem est eius. Sed autem totam vel eius.', '2025-02-16 07:19:29', '2025-02-16 07:19:29'),
(696, 696, 'ar', 'Benedict Ondricka', 'benedict-ondricka', 'Odio officia unde reprehenderit laudantium mollitia ipsa veniam. Eos enim fugit inventore ut pariatur suscipit. Est consequatur quibusdam quis ut. Fugit magnam vero vitae qui corporis illo accusantium. Nesciunt tempora ut dignissimos quia sit at earum.', '2025-02-16 07:19:29', '2025-02-16 07:19:29'),
(697, 697, 'ar', 'Dr. Brendan Gottlieb I', 'dr.-brendan-gottlieb-i', 'Recusandae quia consequatur labore. Qui fugiat error qui id sed. Velit eum magni cumque vitae alias quo.', '2025-02-16 07:19:29', '2025-02-16 07:19:29'),
(698, 698, 'ar', 'Nils Rohan', 'nils-rohan', 'Quo doloremque ut ea sit non ipsa distinctio. Aut suscipit dolor eveniet veritatis non.', '2025-02-16 07:19:29', '2025-02-16 07:19:29'),
(699, 699, 'ar', 'Rosina Schuppe', 'rosina-schuppe', 'Dicta impedit enim nobis sit voluptatem. Debitis minus reiciendis recusandae sint officia rerum. Suscipit in ea et aperiam sed nesciunt. Praesentium debitis fuga sapiente reiciendis maiores.', '2025-02-16 07:19:29', '2025-02-16 07:19:29'),
(700, 700, 'ar', 'Zoe Hane', 'zoe-hane', 'Neque debitis sit et sint voluptate quod. Occaecati voluptatem est velit autem vel.', '2025-02-16 07:19:29', '2025-02-16 07:19:29'),
(701, 701, 'ar', 'بكل سهولة', 'بكل-سهولة', 'طائكم يصل', '2025-02-16 10:00:46', '2025-05-10 12:10:35'),
(702, 702, 'ar', 'بكل سهولة طائكم يصل', 'بكل-سهولة-طائكم-يصل', NULL, '2025-02-16 10:01:20', '2025-05-10 12:10:28'),
(703, 703, 'ar', 'اسلام', 'اسلام', 'اسلام', '2025-08-02 11:35:41', '2025-08-02 11:35:41'),
(704, 704, 'ar', 'اسلام', 'اسلام', 'اسلام', '2025-08-18 09:57:15', '2025-08-18 09:57:15');

-- --------------------------------------------------------

--
-- Table structure for table `statuses`
--

CREATE TABLE `statuses` (
  `id` bigint UNSIGNED NOT NULL,
  `status` tinyint DEFAULT NULL,
  `color` varchar(255) CHARACTER SET utf8mb4 COLLATE utf8mb4_unicode_ci DEFAULT NULL,
  `created_by` varchar(255) CHARACTER SET utf8mb4 COLLATE utf8mb4_unicode_ci DEFAULT NULL,
  `updated_by` varchar(255) CHARACTER SET utf8mb4 COLLATE utf8mb4_unicode_ci DEFAULT NULL,
  `deleted_at` timestamp NULL DEFAULT NULL,
  `created_at` timestamp NULL DEFAULT NULL,
  `updated_at` timestamp NULL DEFAULT NULL
) ENGINE=InnoDB DEFAULT CHARSET=utf8mb4 COLLATE=utf8mb4_unicode_ci;

-- --------------------------------------------------------

--
-- Table structure for table `status_translations`
--

CREATE TABLE `status_translations` (
  `id` bigint UNSIGNED NOT NULL,
  `status_id` bigint UNSIGNED NOT NULL,
  `locale` varchar(255) CHARACTER SET utf8mb4 COLLATE utf8mb4_unicode_ci NOT NULL,
  `title` varchar(255) CHARACTER SET utf8mb4 COLLATE utf8mb4_unicode_ci NOT NULL,
  `slug` varchar(255) CHARACTER SET utf8mb4 COLLATE utf8mb4_unicode_ci DEFAULT NULL,
  `description` longtext CHARACTER SET utf8mb4 COLLATE utf8mb4_unicode_ci,
  `created_at` timestamp NULL DEFAULT NULL,
  `updated_at` timestamp NULL DEFAULT NULL
) ENGINE=InnoDB DEFAULT CHARSET=utf8mb4 COLLATE=utf8mb4_unicode_ci;

-- --------------------------------------------------------

--
-- Table structure for table `stores`
--

CREATE TABLE `stores` (
  `id` bigint UNSIGNED NOT NULL,
  `account_id` bigint UNSIGNED NOT NULL,
  `full_name` varchar(255) CHARACTER SET utf8mb4 COLLATE utf8mb4_unicode_ci DEFAULT NULL,
  `mobile` varchar(255) CHARACTER SET utf8mb4 COLLATE utf8mb4_unicode_ci DEFAULT NULL,
  `whatsapp` varchar(255) CHARACTER SET utf8mb4 COLLATE utf8mb4_unicode_ci DEFAULT NULL,
  `employee_name` varchar(255) CHARACTER SET utf8mb4 COLLATE utf8mb4_unicode_ci DEFAULT NULL,
  `employee_number` varchar(255) CHARACTER SET utf8mb4 COLLATE utf8mb4_unicode_ci DEFAULT NULL,
  `employee_image` varchar(255) CHARACTER SET utf8mb4 COLLATE utf8mb4_unicode_ci DEFAULT NULL,
  `department` varchar(255) CHARACTER SET utf8mb4 COLLATE utf8mb4_unicode_ci DEFAULT NULL,
  `ax_store_number` varchar(255) CHARACTER SET utf8mb4 COLLATE utf8mb4_unicode_ci DEFAULT NULL,
  `jop` varchar(255) CHARACTER SET utf8mb4 COLLATE utf8mb4_unicode_ci DEFAULT NULL,
  `location` varchar(255) CHARACTER SET utf8mb4 COLLATE utf8mb4_unicode_ci DEFAULT NULL,
  `background_image` varchar(255) CHARACTER SET utf8mb4 COLLATE utf8mb4_unicode_ci DEFAULT NULL,
  `background_color` varchar(255) CHARACTER SET utf8mb4 COLLATE utf8mb4_unicode_ci DEFAULT NULL,
  `status` tinyint DEFAULT '1',
  `created_by` bigint UNSIGNED DEFAULT NULL,
  `updated_by` bigint UNSIGNED DEFAULT NULL,
  `deleted_at` timestamp NULL DEFAULT NULL,
  `created_at` timestamp NULL DEFAULT NULL,
  `updated_at` timestamp NULL DEFAULT NULL
) ENGINE=InnoDB DEFAULT CHARSET=utf8mb4 COLLATE=utf8mb4_unicode_ci;

-- --------------------------------------------------------

--
-- Table structure for table `store_translations`
--

CREATE TABLE `store_translations` (
  `id` bigint UNSIGNED NOT NULL,
  `store_id` bigint UNSIGNED NOT NULL,
  `locale` varchar(255) CHARACTER SET utf8mb4 COLLATE utf8mb4_unicode_ci NOT NULL,
  `title` varchar(255) CHARACTER SET utf8mb4 COLLATE utf8mb4_unicode_ci NOT NULL,
  `slug` varchar(255) CHARACTER SET utf8mb4 COLLATE utf8mb4_unicode_ci DEFAULT NULL,
  `description` longtext CHARACTER SET utf8mb4 COLLATE utf8mb4_unicode_ci,
  `meta_title` varchar(255) CHARACTER SET utf8mb4 COLLATE utf8mb4_unicode_ci DEFAULT NULL,
  `meta_description` longtext CHARACTER SET utf8mb4 COLLATE utf8mb4_unicode_ci,
  `meta_key` varchar(255) CHARACTER SET utf8mb4 COLLATE utf8mb4_unicode_ci DEFAULT NULL,
  `created_at` timestamp NULL DEFAULT NULL,
  `updated_at` timestamp NULL DEFAULT NULL
) ENGINE=InnoDB DEFAULT CHARSET=utf8mb4 COLLATE=utf8mb4_unicode_ci;

-- --------------------------------------------------------

--
-- Table structure for table `subscribes`
--

CREATE TABLE `subscribes` (
  `id` bigint UNSIGNED NOT NULL,
  `email` varchar(255) CHARACTER SET utf8mb4 COLLATE utf8mb4_unicode_ci NOT NULL,
  `deleted_at` timestamp NULL DEFAULT NULL,
  `created_at` timestamp NULL DEFAULT NULL,
  `updated_at` timestamp NULL DEFAULT NULL
) ENGINE=InnoDB DEFAULT CHARSET=utf8mb4 COLLATE=utf8mb4_unicode_ci;

-- --------------------------------------------------------

--
-- Table structure for table `substitutes`
--

CREATE TABLE `substitutes` (
  `id` bigint UNSIGNED NOT NULL,
  `account_id` bigint UNSIGNED DEFAULT NULL,
  `full_name` varchar(255) CHARACTER SET utf8mb4 COLLATE utf8mb4_unicode_ci NOT NULL,
  `identity` varchar(255) CHARACTER SET utf8mb4 COLLATE utf8mb4_unicode_ci NOT NULL,
  `nationality` varchar(255) CHARACTER SET utf8mb4 COLLATE utf8mb4_unicode_ci NOT NULL,
  `gender` enum('male','female') CHARACTER SET utf8mb4 COLLATE utf8mb4_unicode_ci NOT NULL,
  `image` varchar(255) CHARACTER SET utf8mb4 COLLATE utf8mb4_unicode_ci DEFAULT NULL,
  `languages` varchar(255) CHARACTER SET utf8mb4 COLLATE utf8mb4_unicode_ci NOT NULL,
  `proportion` double NOT NULL,
  `status` tinyint DEFAULT '1',
  `created_by` bigint UNSIGNED DEFAULT NULL,
  `updated_by` bigint UNSIGNED DEFAULT NULL,
  `deleted_at` timestamp NULL DEFAULT NULL,
  `created_at` timestamp NULL DEFAULT NULL,
  `updated_at` timestamp NULL DEFAULT NULL
) ENGINE=InnoDB DEFAULT CHARSET=utf8mb4 COLLATE=utf8mb4_unicode_ci;

-- --------------------------------------------------------

--
-- Table structure for table `tags`
--

CREATE TABLE `tags` (
  `id` bigint UNSIGNED NOT NULL,
  `sort` int DEFAULT NULL,
  `back_home` tinyint DEFAULT NULL,
  `image` varchar(255) CHARACTER SET utf8mb4 COLLATE utf8mb4_unicode_ci DEFAULT NULL,
  `background_color` varchar(255) CHARACTER SET utf8mb4 COLLATE utf8mb4_unicode_ci DEFAULT NULL,
  `background_image` varchar(255) CHARACTER SET utf8mb4 COLLATE utf8mb4_unicode_ci DEFAULT NULL,
  `feature` tinyint DEFAULT NULL,
  `status` tinyint DEFAULT NULL,
  `created_by` bigint UNSIGNED DEFAULT NULL,
  `updated_by` bigint UNSIGNED DEFAULT NULL,
  `deleted_at` timestamp NULL DEFAULT NULL,
  `created_at` timestamp NULL DEFAULT NULL,
  `updated_at` timestamp NULL DEFAULT NULL
) ENGINE=InnoDB DEFAULT CHARSET=utf8mb4 COLLATE=utf8mb4_unicode_ci;

--
-- Dumping data for table `tags`
--

INSERT INTO `tags` (`id`, `sort`, `back_home`, `image`, `background_color`, `background_image`, `feature`, `status`, `created_by`, `updated_by`, `deleted_at`, `created_at`, `updated_at`) VALUES
(301, 44, NULL, NULL, NULL, NULL, 2, 2, NULL, NULL, NULL, '2025-02-16 07:19:32', '2025-02-16 07:19:32'),
(302, 69, NULL, NULL, NULL, NULL, 1, 1, NULL, NULL, NULL, '2025-02-16 07:19:32', '2025-02-16 07:19:32'),
(303, 79, NULL, NULL, NULL, NULL, 2, 1, NULL, NULL, NULL, '2025-02-16 07:19:32', '2025-02-16 07:19:32'),
(304, 5, NULL, NULL, NULL, NULL, 2, 1, NULL, NULL, NULL, '2025-02-16 07:19:32', '2025-02-16 07:19:32'),
(305, 28, NULL, NULL, NULL, NULL, 1, 1, NULL, NULL, NULL, '2025-02-16 07:19:32', '2025-02-16 07:19:32'),
(306, 31, NULL, NULL, NULL, NULL, 2, 1, NULL, NULL, NULL, '2025-02-16 07:19:32', '2025-02-16 07:19:32'),
(307, 95, NULL, NULL, NULL, NULL, 1, 1, NULL, NULL, NULL, '2025-02-16 07:19:32', '2025-02-16 07:19:32'),
(308, 48, NULL, NULL, NULL, NULL, 1, 1, NULL, NULL, NULL, '2025-02-16 07:19:32', '2025-02-16 07:19:32'),
(309, 66, NULL, NULL, NULL, NULL, 1, 1, NULL, NULL, NULL, '2025-02-16 07:19:32', '2025-02-16 07:19:32'),
(310, 86, NULL, NULL, NULL, NULL, 1, 2, NULL, NULL, NULL, '2025-02-16 07:19:32', '2025-02-16 07:19:32'),
(311, 50, NULL, NULL, NULL, NULL, 2, 1, NULL, NULL, NULL, '2025-02-16 07:19:32', '2025-02-16 07:19:32'),
(312, 68, NULL, NULL, NULL, NULL, 2, 1, NULL, NULL, NULL, '2025-02-16 07:19:32', '2025-02-16 07:19:32'),
(313, 66, NULL, NULL, NULL, NULL, 1, 2, NULL, NULL, NULL, '2025-02-16 07:19:32', '2025-02-16 07:19:32'),
(314, 97, NULL, NULL, NULL, NULL, 2, 1, NULL, NULL, NULL, '2025-02-16 07:19:32', '2025-02-16 07:19:32'),
(315, 69, NULL, NULL, NULL, NULL, 2, 2, NULL, NULL, NULL, '2025-02-16 07:19:32', '2025-02-16 07:19:32'),
(316, 46, NULL, NULL, NULL, NULL, 1, 2, NULL, NULL, NULL, '2025-02-16 07:19:32', '2025-02-16 07:19:32'),
(317, 43, NULL, NULL, NULL, NULL, 1, 1, NULL, NULL, NULL, '2025-02-16 07:19:32', '2025-02-16 07:19:32'),
(318, 100, NULL, NULL, NULL, NULL, 2, 1, NULL, NULL, NULL, '2025-02-16 07:19:32', '2025-02-16 07:19:32'),
(319, 14, NULL, NULL, NULL, NULL, 2, 2, NULL, NULL, NULL, '2025-02-16 07:19:32', '2025-02-16 07:19:32'),
(320, 11, NULL, NULL, NULL, NULL, 2, 2, NULL, NULL, NULL, '2025-02-16 07:19:32', '2025-02-16 07:19:32'),
(321, 81, NULL, NULL, NULL, NULL, 1, 1, NULL, NULL, NULL, '2025-02-16 07:19:32', '2025-02-16 07:19:32'),
(322, 78, NULL, NULL, NULL, NULL, 2, 1, NULL, NULL, NULL, '2025-02-16 07:19:32', '2025-02-16 07:19:32'),
(323, 87, NULL, NULL, NULL, NULL, 1, 2, NULL, NULL, NULL, '2025-02-16 07:19:32', '2025-02-16 07:19:32'),
(324, 8, NULL, NULL, NULL, NULL, 1, 1, NULL, NULL, NULL, '2025-02-16 07:19:32', '2025-02-16 07:19:32'),
(325, 41, NULL, NULL, NULL, NULL, 1, 1, NULL, NULL, NULL, '2025-02-16 07:19:32', '2025-02-16 07:19:32'),
(326, 100, NULL, NULL, NULL, NULL, 1, 2, NULL, NULL, NULL, '2025-02-16 07:19:32', '2025-02-16 07:19:32'),
(327, 48, NULL, NULL, NULL, NULL, 2, 2, NULL, NULL, NULL, '2025-02-16 07:19:32', '2025-02-16 07:19:32'),
(328, 39, NULL, NULL, NULL, NULL, 1, 1, NULL, NULL, NULL, '2025-02-16 07:19:32', '2025-02-16 07:19:32'),
(329, 5, NULL, NULL, NULL, NULL, 1, 2, NULL, NULL, NULL, '2025-02-16 07:19:32', '2025-02-16 07:19:32'),
(330, 13, NULL, NULL, NULL, NULL, 2, 2, NULL, NULL, NULL, '2025-02-16 07:19:32', '2025-02-16 07:19:32'),
(331, 60, NULL, NULL, NULL, NULL, 2, 1, NULL, NULL, NULL, '2025-02-16 07:19:32', '2025-02-16 07:19:32'),
(332, 81, NULL, NULL, NULL, NULL, 1, 2, NULL, NULL, NULL, '2025-02-16 07:19:32', '2025-02-16 07:19:32'),
(333, 90, NULL, NULL, NULL, NULL, 2, 2, NULL, NULL, NULL, '2025-02-16 07:19:32', '2025-02-16 07:19:32'),
(334, 81, NULL, NULL, NULL, NULL, 2, 2, NULL, NULL, NULL, '2025-02-16 07:19:32', '2025-02-16 07:19:32'),
(335, 84, NULL, NULL, NULL, NULL, 1, 1, NULL, NULL, NULL, '2025-02-16 07:19:32', '2025-02-16 07:19:32'),
(336, 93, NULL, NULL, NULL, NULL, 2, 1, NULL, NULL, NULL, '2025-02-16 07:19:32', '2025-02-16 07:19:32'),
(337, 28, NULL, NULL, NULL, NULL, 2, 2, NULL, NULL, NULL, '2025-02-16 07:19:32', '2025-02-16 07:19:32'),
(338, 89, NULL, NULL, NULL, NULL, 1, 2, NULL, NULL, NULL, '2025-02-16 07:19:32', '2025-02-16 07:19:32'),
(339, 75, NULL, NULL, NULL, NULL, 1, 1, NULL, NULL, NULL, '2025-02-16 07:19:32', '2025-02-16 07:19:32'),
(340, 66, NULL, NULL, NULL, NULL, 1, 1, NULL, NULL, NULL, '2025-02-16 07:19:32', '2025-02-16 07:19:32'),
(341, 42, NULL, NULL, NULL, NULL, 2, 1, NULL, NULL, NULL, '2025-02-16 07:19:32', '2025-02-16 07:19:32'),
(342, 66, NULL, NULL, NULL, NULL, 2, 2, NULL, NULL, NULL, '2025-02-16 07:19:32', '2025-02-16 07:19:32'),
(343, 51, NULL, NULL, NULL, NULL, 1, 2, NULL, NULL, NULL, '2025-02-16 07:19:32', '2025-02-16 07:19:32'),
(344, 90, NULL, NULL, NULL, NULL, 1, 2, NULL, NULL, NULL, '2025-02-16 07:19:32', '2025-02-16 07:19:32'),
(345, 51, NULL, NULL, NULL, NULL, 1, 2, NULL, NULL, NULL, '2025-02-16 07:19:32', '2025-02-16 07:19:32'),
(346, 70, NULL, NULL, NULL, NULL, 1, 2, NULL, NULL, NULL, '2025-02-16 07:19:32', '2025-02-16 07:19:32'),
(347, 42, NULL, NULL, NULL, NULL, 1, 2, NULL, NULL, NULL, '2025-02-16 07:19:32', '2025-02-16 07:19:32'),
(348, 79, NULL, NULL, NULL, NULL, 1, 1, NULL, NULL, NULL, '2025-02-16 07:19:32', '2025-02-16 07:19:32'),
(349, 64, NULL, NULL, NULL, NULL, 1, 1, NULL, NULL, NULL, '2025-02-16 07:19:32', '2025-02-16 07:19:32'),
(350, 48, NULL, NULL, NULL, NULL, 2, 1, NULL, NULL, NULL, '2025-02-16 07:19:32', '2025-02-16 07:19:32'),
(351, 71, NULL, NULL, NULL, NULL, 2, 2, NULL, NULL, NULL, '2025-02-16 07:19:32', '2025-02-16 07:19:32'),
(352, 32, NULL, NULL, NULL, NULL, 1, 2, NULL, NULL, NULL, '2025-02-16 07:19:32', '2025-02-16 07:19:32'),
(353, 89, NULL, NULL, NULL, NULL, 1, 1, NULL, NULL, NULL, '2025-02-16 07:19:32', '2025-02-16 07:19:32'),
(354, 18, NULL, NULL, NULL, NULL, 1, 1, NULL, NULL, NULL, '2025-02-16 07:19:32', '2025-02-16 07:19:32'),
(355, 94, NULL, NULL, NULL, NULL, 2, 1, NULL, NULL, NULL, '2025-02-16 07:19:32', '2025-02-16 07:19:32'),
(356, 93, NULL, NULL, NULL, NULL, 1, 2, NULL, NULL, NULL, '2025-02-16 07:19:32', '2025-02-16 07:19:32'),
(357, 14, NULL, NULL, NULL, NULL, 2, 2, NULL, NULL, NULL, '2025-02-16 07:19:32', '2025-02-16 07:19:32'),
(358, 23, NULL, NULL, NULL, NULL, 2, 2, NULL, NULL, NULL, '2025-02-16 07:19:32', '2025-02-16 07:19:32'),
(359, 0, NULL, NULL, NULL, NULL, 2, 1, NULL, NULL, NULL, '2025-02-16 07:19:32', '2025-02-16 07:19:32'),
(360, 7, NULL, NULL, NULL, NULL, 2, 2, NULL, NULL, NULL, '2025-02-16 07:19:32', '2025-02-16 07:19:32'),
(361, 81, NULL, NULL, NULL, NULL, 2, 1, NULL, NULL, NULL, '2025-02-16 07:19:32', '2025-02-16 07:19:32'),
(362, 68, NULL, NULL, NULL, NULL, 1, 1, NULL, NULL, NULL, '2025-02-16 07:19:32', '2025-02-16 07:19:32'),
(363, 20, NULL, NULL, NULL, NULL, 1, 2, NULL, NULL, NULL, '2025-02-16 07:19:32', '2025-02-16 07:19:32'),
(364, 20, NULL, NULL, NULL, NULL, 1, 2, NULL, NULL, NULL, '2025-02-16 07:19:32', '2025-02-16 07:19:32'),
(365, 82, NULL, NULL, NULL, NULL, 2, 1, NULL, NULL, NULL, '2025-02-16 07:19:32', '2025-02-16 07:19:32'),
(366, 42, NULL, NULL, NULL, NULL, 1, 1, NULL, NULL, NULL, '2025-02-16 07:19:32', '2025-02-16 07:19:32'),
(367, 77, NULL, NULL, NULL, NULL, 2, 1, NULL, NULL, NULL, '2025-02-16 07:19:32', '2025-02-16 07:19:32'),
(368, 36, NULL, NULL, NULL, NULL, 1, 1, NULL, NULL, NULL, '2025-02-16 07:19:32', '2025-02-16 07:19:32'),
(369, 21, NULL, NULL, NULL, NULL, 2, 2, NULL, NULL, NULL, '2025-02-16 07:19:32', '2025-02-16 07:19:32'),
(370, 12, NULL, NULL, NULL, NULL, 2, 2, NULL, NULL, NULL, '2025-02-16 07:19:32', '2025-02-16 07:19:32'),
(371, 19, NULL, NULL, NULL, NULL, 1, 1, NULL, NULL, NULL, '2025-02-16 07:19:32', '2025-02-16 07:19:32'),
(372, 21, NULL, NULL, NULL, NULL, 2, 1, NULL, NULL, NULL, '2025-02-16 07:19:32', '2025-02-16 07:19:32'),
(373, 27, NULL, NULL, NULL, NULL, 1, 1, NULL, NULL, NULL, '2025-02-16 07:19:32', '2025-02-16 07:19:32'),
(374, 45, NULL, NULL, NULL, NULL, 1, 1, NULL, NULL, NULL, '2025-02-16 07:19:32', '2025-02-16 07:19:32'),
(375, 52, NULL, NULL, NULL, NULL, 1, 1, NULL, NULL, NULL, '2025-02-16 07:19:32', '2025-02-16 07:19:32'),
(376, 85, NULL, NULL, NULL, NULL, 1, 2, NULL, NULL, NULL, '2025-02-16 07:19:32', '2025-02-16 07:19:32'),
(377, 92, NULL, NULL, NULL, NULL, 2, 2, NULL, NULL, NULL, '2025-02-16 07:19:32', '2025-02-16 07:19:32'),
(378, 28, NULL, NULL, NULL, NULL, 1, 2, NULL, NULL, NULL, '2025-02-16 07:19:32', '2025-02-16 07:19:32'),
(379, 39, NULL, NULL, NULL, NULL, 1, 1, NULL, NULL, NULL, '2025-02-16 07:19:32', '2025-02-16 07:19:32'),
(380, 99, NULL, NULL, NULL, NULL, 1, 2, NULL, NULL, NULL, '2025-02-16 07:19:32', '2025-02-16 07:19:32'),
(381, 8, NULL, NULL, NULL, NULL, 2, 1, NULL, NULL, NULL, '2025-02-16 07:19:32', '2025-02-16 07:19:32'),
(382, 20, NULL, NULL, NULL, NULL, 2, 1, NULL, NULL, NULL, '2025-02-16 07:19:32', '2025-02-16 07:19:32'),
(383, 46, NULL, NULL, NULL, NULL, 2, 1, NULL, NULL, NULL, '2025-02-16 07:19:32', '2025-02-16 07:19:32'),
(384, 90, NULL, NULL, NULL, NULL, 1, 2, NULL, NULL, NULL, '2025-02-16 07:19:32', '2025-02-16 07:19:32'),
(385, 68, NULL, NULL, NULL, NULL, 1, 2, NULL, NULL, NULL, '2025-02-16 07:19:32', '2025-02-16 07:19:32'),
(386, 51, NULL, NULL, NULL, NULL, 2, 2, NULL, NULL, NULL, '2025-02-16 07:19:32', '2025-02-16 07:19:32'),
(387, 57, NULL, NULL, NULL, NULL, 2, 1, NULL, NULL, NULL, '2025-02-16 07:19:32', '2025-02-16 07:19:32'),
(388, 83, NULL, NULL, NULL, NULL, 1, 2, NULL, NULL, NULL, '2025-02-16 07:19:32', '2025-02-16 07:19:32'),
(389, 54, NULL, NULL, NULL, NULL, 2, 1, NULL, NULL, NULL, '2025-02-16 07:19:32', '2025-02-16 07:19:32'),
(390, 20, NULL, NULL, NULL, NULL, 1, 2, NULL, NULL, NULL, '2025-02-16 07:19:32', '2025-02-16 07:19:32'),
(391, 15, NULL, NULL, NULL, NULL, 2, 2, NULL, NULL, NULL, '2025-02-16 07:19:32', '2025-02-16 07:19:32'),
(392, 99, NULL, NULL, NULL, NULL, 2, 1, NULL, NULL, NULL, '2025-02-16 07:19:32', '2025-02-16 07:19:32'),
(393, 23, NULL, NULL, NULL, NULL, 2, 2, NULL, NULL, NULL, '2025-02-16 07:19:32', '2025-02-16 07:19:32'),
(394, 62, NULL, NULL, NULL, NULL, 1, 1, NULL, NULL, NULL, '2025-02-16 07:19:32', '2025-02-16 07:19:32'),
(395, 18, NULL, NULL, NULL, NULL, 1, 1, NULL, NULL, NULL, '2025-02-16 07:19:32', '2025-02-16 07:19:32'),
(396, 42, NULL, NULL, NULL, NULL, 2, 1, NULL, NULL, NULL, '2025-02-16 07:19:32', '2025-02-16 07:19:32'),
(397, 28, NULL, NULL, NULL, NULL, 1, 2, NULL, NULL, NULL, '2025-02-16 07:19:32', '2025-02-16 07:19:32'),
(398, 69, NULL, NULL, NULL, NULL, 1, 1, NULL, NULL, NULL, '2025-02-16 07:19:32', '2025-02-16 07:19:32'),
(399, 50, NULL, NULL, NULL, NULL, 1, 1, NULL, NULL, NULL, '2025-02-16 07:19:32', '2025-02-16 07:19:32'),
(400, 18, NULL, NULL, NULL, NULL, 2, 2, NULL, NULL, NULL, '2025-02-16 07:19:32', '2025-02-16 07:19:32');

-- --------------------------------------------------------

--
-- Table structure for table `tag_products`
--

CREATE TABLE `tag_products` (
  `id` bigint UNSIGNED NOT NULL,
  `sort` int DEFAULT NULL,
  `back_home` tinyint DEFAULT NULL,
  `image` varchar(255) CHARACTER SET utf8mb4 COLLATE utf8mb4_unicode_ci DEFAULT NULL,
  `background_color` varchar(255) CHARACTER SET utf8mb4 COLLATE utf8mb4_unicode_ci DEFAULT NULL,
  `background_image` varchar(255) CHARACTER SET utf8mb4 COLLATE utf8mb4_unicode_ci DEFAULT NULL,
  `feature` tinyint DEFAULT NULL,
  `status` tinyint DEFAULT NULL,
  `created_by` bigint UNSIGNED DEFAULT NULL,
  `updated_by` bigint UNSIGNED DEFAULT NULL,
  `deleted_at` timestamp NULL DEFAULT NULL,
  `created_at` timestamp NULL DEFAULT NULL,
  `updated_at` timestamp NULL DEFAULT NULL
) ENGINE=InnoDB DEFAULT CHARSET=utf8mb4 COLLATE=utf8mb4_unicode_ci;

-- --------------------------------------------------------

--
-- Table structure for table `tag_product_translations`
--

CREATE TABLE `tag_product_translations` (
  `id` bigint UNSIGNED NOT NULL,
  `tag_id` bigint UNSIGNED NOT NULL,
  `locale` varchar(255) CHARACTER SET utf8mb4 COLLATE utf8mb4_unicode_ci NOT NULL,
  `title` varchar(255) CHARACTER SET utf8mb4 COLLATE utf8mb4_unicode_ci NOT NULL,
  `slug` varchar(255) CHARACTER SET utf8mb4 COLLATE utf8mb4_unicode_ci DEFAULT NULL,
  `description` longtext CHARACTER SET utf8mb4 COLLATE utf8mb4_unicode_ci,
  `meta_title` varchar(255) CHARACTER SET utf8mb4 COLLATE utf8mb4_unicode_ci DEFAULT NULL,
  `meta_description` longtext CHARACTER SET utf8mb4 COLLATE utf8mb4_unicode_ci,
  `meta_key` varchar(255) CHARACTER SET utf8mb4 COLLATE utf8mb4_unicode_ci DEFAULT NULL,
  `created_at` timestamp NULL DEFAULT NULL,
  `updated_at` timestamp NULL DEFAULT NULL
) ENGINE=InnoDB DEFAULT CHARSET=utf8mb4 COLLATE=utf8mb4_unicode_ci;

-- --------------------------------------------------------

--
-- Table structure for table `tag_projects`
--

CREATE TABLE `tag_projects` (
  `id` bigint UNSIGNED NOT NULL,
  `sort` int DEFAULT NULL,
  `back_home` tinyint DEFAULT NULL,
  `image` varchar(255) CHARACTER SET utf8mb4 COLLATE utf8mb4_unicode_ci DEFAULT NULL,
  `background_color` varchar(255) CHARACTER SET utf8mb4 COLLATE utf8mb4_unicode_ci DEFAULT NULL,
  `background_image` varchar(255) CHARACTER SET utf8mb4 COLLATE utf8mb4_unicode_ci DEFAULT NULL,
  `feature` tinyint DEFAULT NULL,
  `status` tinyint DEFAULT NULL,
  `created_by` bigint UNSIGNED DEFAULT NULL,
  `updated_by` bigint UNSIGNED DEFAULT NULL,
  `deleted_at` timestamp NULL DEFAULT NULL,
  `created_at` timestamp NULL DEFAULT NULL,
  `updated_at` timestamp NULL DEFAULT NULL
) ENGINE=InnoDB DEFAULT CHARSET=utf8mb4 COLLATE=utf8mb4_unicode_ci;

-- --------------------------------------------------------

--
-- Table structure for table `tag_projects_translations`
--

CREATE TABLE `tag_projects_translations` (
  `id` bigint UNSIGNED NOT NULL,
  `tag_id` bigint UNSIGNED NOT NULL,
  `locale` varchar(255) CHARACTER SET utf8mb4 COLLATE utf8mb4_unicode_ci NOT NULL,
  `title` varchar(255) CHARACTER SET utf8mb4 COLLATE utf8mb4_unicode_ci NOT NULL,
  `slug` varchar(255) CHARACTER SET utf8mb4 COLLATE utf8mb4_unicode_ci DEFAULT NULL,
  `description` longtext CHARACTER SET utf8mb4 COLLATE utf8mb4_unicode_ci,
  `meta_title` varchar(255) CHARACTER SET utf8mb4 COLLATE utf8mb4_unicode_ci DEFAULT NULL,
  `meta_description` longtext CHARACTER SET utf8mb4 COLLATE utf8mb4_unicode_ci,
  `meta_key` varchar(255) CHARACTER SET utf8mb4 COLLATE utf8mb4_unicode_ci DEFAULT NULL,
  `created_at` timestamp NULL DEFAULT NULL,
  `updated_at` timestamp NULL DEFAULT NULL
) ENGINE=InnoDB DEFAULT CHARSET=utf8mb4 COLLATE=utf8mb4_unicode_ci;

-- --------------------------------------------------------

--
-- Table structure for table `tag_translations`
--

CREATE TABLE `tag_translations` (
  `id` bigint UNSIGNED NOT NULL,
  `tag_id` bigint UNSIGNED NOT NULL,
  `locale` varchar(255) CHARACTER SET utf8mb4 COLLATE utf8mb4_unicode_ci NOT NULL,
  `title` varchar(255) CHARACTER SET utf8mb4 COLLATE utf8mb4_unicode_ci NOT NULL,
  `slug` varchar(255) CHARACTER SET utf8mb4 COLLATE utf8mb4_unicode_ci DEFAULT NULL,
  `description` longtext CHARACTER SET utf8mb4 COLLATE utf8mb4_unicode_ci,
  `meta_title` varchar(255) CHARACTER SET utf8mb4 COLLATE utf8mb4_unicode_ci DEFAULT NULL,
  `meta_description` longtext CHARACTER SET utf8mb4 COLLATE utf8mb4_unicode_ci,
  `meta_key` varchar(255) CHARACTER SET utf8mb4 COLLATE utf8mb4_unicode_ci DEFAULT NULL,
  `created_at` timestamp NULL DEFAULT NULL,
  `updated_at` timestamp NULL DEFAULT NULL
) ENGINE=InnoDB DEFAULT CHARSET=utf8mb4 COLLATE=utf8mb4_unicode_ci;

--
-- Dumping data for table `tag_translations`
--

INSERT INTO `tag_translations` (`id`, `tag_id`, `locale`, `title`, `slug`, `description`, `meta_title`, `meta_description`, `meta_key`, `created_at`, `updated_at`) VALUES
(301, 301, 'ar', 'Elisha Harris', 'elisha-harris', 'Assumenda quidem id nemo minus sequi perferendis. Sint quam id necessitatibus non excepturi nisi ut.', NULL, NULL, NULL, '2025-02-16 07:19:32', '2025-02-16 07:19:32'),
(302, 302, 'ar', 'Prof. Norval Hickle II', 'prof.-norval-hickle-ii', 'Beatae reprehenderit doloremque pariatur ut illum repudiandae. Sint dolorem aut sunt deleniti consequatur. Alias debitis animi sunt voluptate. Voluptas et qui et.', NULL, NULL, NULL, '2025-02-16 07:19:32', '2025-02-16 07:19:32'),
(303, 303, 'ar', 'Loyce Cassin', 'loyce-cassin', 'Odit necessitatibus dolores iusto totam. Asperiores quia velit omnis assumenda sit. Inventore error ad nostrum quisquam. Quis reprehenderit laboriosam aspernatur inventore nobis tenetur.', NULL, NULL, NULL, '2025-02-16 07:19:32', '2025-02-16 07:19:32'),
(304, 304, 'ar', 'Miss Karlie Wolf', 'miss-karlie-wolf', 'Animi qui molestias quidem id. Vel sit mollitia saepe reprehenderit maxime. Enim eius vel autem saepe voluptatem qui.', NULL, NULL, NULL, '2025-02-16 07:19:32', '2025-02-16 07:19:32'),
(305, 305, 'ar', 'Mrs. Kathryn Watsica III', 'mrs.-kathryn-watsica-iii', 'Ut consequatur doloribus non doloribus saepe dolor doloribus. Et et dolore tenetur aut non sint. Vel perferendis in magni perferendis consequatur occaecati cum.', NULL, NULL, NULL, '2025-02-16 07:19:32', '2025-02-16 07:19:32'),
(306, 306, 'ar', 'Dr. Antonetta Nitzsche MD', 'dr.-antonetta-nitzsche-md', 'Vero ut ut vero laborum et. Explicabo nobis et sed et omnis et eveniet. Est suscipit sed atque quasi sed excepturi possimus. Esse cum ratione aut iure voluptatem.', NULL, NULL, NULL, '2025-02-16 07:19:32', '2025-02-16 07:19:32'),
(307, 307, 'ar', 'Kendall Lynch', 'kendall-lynch', 'Blanditiis in perspiciatis sed vero aut qui. Eius eaque et id quasi rerum vitae pariatur reiciendis. Vitae provident magni fuga accusamus. Nostrum dolorum expedita dolore sunt quibusdam consequatur incidunt.', NULL, NULL, NULL, '2025-02-16 07:19:32', '2025-02-16 07:19:32'),
(308, 308, 'ar', 'Prof. Dixie Satterfield', 'prof.-dixie-satterfield', 'Cum non voluptatem quibusdam. Fuga modi enim incidunt vitae molestias beatae est. Et quasi fugit quasi ut porro.', NULL, NULL, NULL, '2025-02-16 07:19:32', '2025-02-16 07:19:32'),
(309, 309, 'ar', 'Deron Schuppe', 'deron-schuppe', 'Nostrum rerum similique ducimus earum. Similique ullam aut at animi. Et qui totam cum officia consequatur consequatur et quidem. Et aut explicabo placeat in.', NULL, NULL, NULL, '2025-02-16 07:19:32', '2025-02-16 07:19:32'),
(310, 310, 'ar', 'Paula King', 'paula-king', 'Beatae amet vero in possimus. Earum nam voluptas accusantium exercitationem vero aspernatur. Est totam rerum ratione aliquam enim.', NULL, NULL, NULL, '2025-02-16 07:19:32', '2025-02-16 07:19:32'),
(311, 311, 'ar', 'Prof. Gerry Wiegand Sr.', 'prof.-gerry-wiegand-sr.', 'Accusamus est aliquid ut doloremque et. Debitis dolor at inventore ut officiis. Sit unde quia laborum consequuntur nihil. Ratione quam et voluptatibus ipsa reiciendis non beatae.', NULL, NULL, NULL, '2025-02-16 07:19:32', '2025-02-16 07:19:32'),
(312, 312, 'ar', 'Taya Ebert', 'taya-ebert', 'Dolorem nisi ex quia et fuga. Enim sint numquam id non iure tempore voluptatem. Amet assumenda commodi corrupti corporis iusto est.', NULL, NULL, NULL, '2025-02-16 07:19:32', '2025-02-16 07:19:32'),
(313, 313, 'ar', 'Erwin Daugherty', 'erwin-daugherty', 'Quia quis at debitis quo quis beatae omnis voluptas. Totam suscipit unde quod repellendus. Magni quasi officiis perspiciatis dolores sunt magnam consequatur.', NULL, NULL, NULL, '2025-02-16 07:19:32', '2025-02-16 07:19:32'),
(314, 314, 'ar', 'Una Wyman', 'una-wyman', 'Et optio maiores rem laboriosam consequuntur enim. Aut necessitatibus labore ut harum. Et temporibus consequuntur beatae possimus iure commodi velit. Asperiores et maiores eum voluptatum pariatur.', NULL, NULL, NULL, '2025-02-16 07:19:32', '2025-02-16 07:19:32'),
(315, 315, 'ar', 'Patience Smith', 'patience-smith', 'At doloremque aut corporis nihil quia. Fugiat hic dignissimos explicabo est non error sit. Sit enim molestiae aut aut. Modi inventore harum dolor ut dolor sunt aut.', NULL, NULL, NULL, '2025-02-16 07:19:32', '2025-02-16 07:19:32'),
(316, 316, 'ar', 'Sheridan Bins', 'sheridan-bins', 'Excepturi harum qui asperiores sed delectus repellendus harum. Id saepe occaecati modi et quasi facere. Ducimus cupiditate aut neque sint. Et modi exercitationem asperiores quis et.', NULL, NULL, NULL, '2025-02-16 07:19:32', '2025-02-16 07:19:32'),
(317, 317, 'ar', 'Kendrick Rippin', 'kendrick-rippin', 'At omnis quasi enim enim qui dolor eligendi dignissimos. Neque nihil esse ut cupiditate hic laudantium aut. Rerum est eum error soluta consequatur labore est.', NULL, NULL, NULL, '2025-02-16 07:19:32', '2025-02-16 07:19:32'),
(318, 318, 'ar', 'Enola Nitzsche', 'enola-nitzsche', 'Tempore sint ea neque quasi molestias nemo quia. Odio aspernatur ipsum accusantium qui quaerat illo rem. Maxime nihil nesciunt omnis itaque quos aperiam.', NULL, NULL, NULL, '2025-02-16 07:19:32', '2025-02-16 07:19:32'),
(319, 319, 'ar', 'Hillary Barrows I', 'hillary-barrows-i', 'Saepe assumenda sunt tenetur. Sed commodi et ipsa harum. Reprehenderit soluta explicabo a recusandae perferendis. Ut voluptatem minima quo quis recusandae.', NULL, NULL, NULL, '2025-02-16 07:19:32', '2025-02-16 07:19:32'),
(320, 320, 'ar', 'Daphney Runolfsson', 'daphney-runolfsson', 'Vel at similique qui nam animi totam. Quia illo ut explicabo autem eum aut autem. Eos beatae tempore iusto impedit. Dolores fugiat et harum et quia nisi amet.', NULL, NULL, NULL, '2025-02-16 07:19:32', '2025-02-16 07:19:32'),
(321, 321, 'ar', 'Bud Lesch', 'bud-lesch', 'Est perspiciatis quod similique sed. Fuga dolores eum praesentium amet et qui. Nam ad veniam et quis et labore. Inventore libero omnis quaerat optio voluptates voluptatem. Vel id earum fugiat sunt.', NULL, NULL, NULL, '2025-02-16 07:19:32', '2025-02-16 07:19:32'),
(322, 322, 'ar', 'Domingo Miller', 'domingo-miller', 'Iste omnis totam neque et. Dignissimos fugiat enim quidem officiis dolor perspiciatis. Id eum autem qui aut nostrum accusamus enim. Alias veritatis sit est dolorum natus magni id. Commodi tenetur laboriosam ipsa porro enim consequatur.', NULL, NULL, NULL, '2025-02-16 07:19:32', '2025-02-16 07:19:32'),
(323, 323, 'ar', 'Rowland Rosenbaum', 'rowland-rosenbaum', 'Est qui quos debitis nisi aut doloremque. Aspernatur expedita facere aut quae illo. Vero qui quis temporibus. Ipsum inventore a reprehenderit cupiditate modi asperiores optio.', NULL, NULL, NULL, '2025-02-16 07:19:32', '2025-02-16 07:19:32'),
(324, 324, 'ar', 'Broderick Wintheiser', 'broderick-wintheiser', 'Dolore eos quia ut ut eius iste. Id esse provident nesciunt numquam nisi nihil. Quis molestiae dolorem veritatis sed adipisci. Provident sint aperiam rerum sed soluta.', NULL, NULL, NULL, '2025-02-16 07:19:32', '2025-02-16 07:19:32'),
(325, 325, 'ar', 'Jamir Dare', 'jamir-dare', 'Culpa deleniti autem fuga deleniti. Repellendus eligendi id earum iste. Deleniti maiores voluptatem cumque. In officia cumque sint itaque illum.', NULL, NULL, NULL, '2025-02-16 07:19:32', '2025-02-16 07:19:32'),
(326, 326, 'ar', 'Dr. Darien Greenholt PhD', 'dr.-darien-greenholt-phd', 'Aliquid quia nesciunt dignissimos sed non autem. Qui voluptatum autem veniam animi nemo natus et architecto. Et cumque cum fugit facilis corporis.', NULL, NULL, NULL, '2025-02-16 07:19:32', '2025-02-16 07:19:32'),
(327, 327, 'ar', 'Norwood Runte V', 'norwood-runte-v', 'Aspernatur quae ea et reiciendis. Est aut voluptatem beatae molestiae et. In sunt dolorem beatae architecto id. Et vel molestiae cupiditate maxime.', NULL, NULL, NULL, '2025-02-16 07:19:32', '2025-02-16 07:19:32'),
(328, 328, 'ar', 'Seamus Deckow', 'seamus-deckow', 'Assumenda natus beatae reprehenderit omnis. Voluptas omnis eos ut debitis et aut. Qui sunt consectetur explicabo qui non. Ipsam ipsam eos consectetur aut fugiat nobis.', NULL, NULL, NULL, '2025-02-16 07:19:32', '2025-02-16 07:19:32'),
(329, 329, 'ar', 'Zion Ziemann', 'zion-ziemann', 'Ex est quos voluptatem ea. Sapiente sequi sit rerum. Et maiores sit hic sed numquam.', NULL, NULL, NULL, '2025-02-16 07:19:32', '2025-02-16 07:19:32'),
(330, 330, 'ar', 'Ilene Schimmel', 'ilene-schimmel', 'Nemo voluptatum nihil quo. Harum vitae non et et. Magni delectus qui quae et eaque.', NULL, NULL, NULL, '2025-02-16 07:19:32', '2025-02-16 07:19:32'),
(331, 331, 'ar', 'Jarvis Will', 'jarvis-will', 'Blanditiis enim est tempora et ut omnis laudantium totam. Sed eveniet explicabo ut amet quae modi a. Alias qui consequatur recusandae quos necessitatibus consequatur voluptatem.', NULL, NULL, NULL, '2025-02-16 07:19:32', '2025-02-16 07:19:32'),
(332, 332, 'ar', 'Camryn Bartoletti', 'camryn-bartoletti', 'Itaque nostrum sit aut consectetur. Optio cumque explicabo dolorum quo earum quis eveniet. Qui fuga dolores ad animi nesciunt at voluptas.', NULL, NULL, NULL, '2025-02-16 07:19:32', '2025-02-16 07:19:32'),
(333, 333, 'ar', 'Price Rutherford', 'price-rutherford', 'Praesentium alias ullam doloribus doloribus dolore. Eum tempore est ut alias possimus quia est. Quo perferendis sed corrupti cumque voluptas dolor facilis recusandae.', NULL, NULL, NULL, '2025-02-16 07:19:32', '2025-02-16 07:19:32'),
(334, 334, 'ar', 'Kailey Gaylord', 'kailey-gaylord', 'Quasi ut ipsa aut consectetur hic. Omnis velit omnis ut ut est et. Voluptas omnis ipsam dolorum magnam vero sequi magnam. Autem enim alias voluptas nisi aliquid.', NULL, NULL, NULL, '2025-02-16 07:19:32', '2025-02-16 07:19:32'),
(335, 335, 'ar', 'Mrs. Alena Crooks', 'mrs.-alena-crooks', 'Eligendi architecto blanditiis doloribus quia. Quia et delectus eveniet qui vel soluta. Occaecati vel reprehenderit suscipit aperiam beatae. Quibusdam quia aut autem et error.', NULL, NULL, NULL, '2025-02-16 07:19:32', '2025-02-16 07:19:32'),
(336, 336, 'ar', 'Korbin Kirlin', 'korbin-kirlin', 'Laudantium corrupti qui tenetur a et. Est et facilis soluta quod sit assumenda. At provident odit eaque omnis totam porro. Cupiditate qui soluta eos tempora repellat.', NULL, NULL, NULL, '2025-02-16 07:19:32', '2025-02-16 07:19:32'),
(337, 337, 'ar', 'Maude Harvey', 'maude-harvey', 'Iure incidunt vero sint qui doloremque non laudantium incidunt. Dicta non nam et et omnis laborum. Enim sunt natus vel exercitationem nesciunt nihil incidunt.', NULL, NULL, NULL, '2025-02-16 07:19:32', '2025-02-16 07:19:32'),
(338, 338, 'ar', 'Darrin Mayert', 'darrin-mayert', 'Incidunt officia repellat possimus illum dolore. Reprehenderit expedita impedit error ipsam quaerat eius. Dolore quia harum quo.', NULL, NULL, NULL, '2025-02-16 07:19:32', '2025-02-16 07:19:32'),
(339, 339, 'ar', 'Gregg Fisher', 'gregg-fisher', 'Esse magnam sint et mollitia tenetur dolores laudantium. Possimus dolore fugiat ea est. Repellendus id inventore minus.', NULL, NULL, NULL, '2025-02-16 07:19:32', '2025-02-16 07:19:32'),
(340, 340, 'ar', 'Prof. Edyth Cremin MD', 'prof.-edyth-cremin-md', 'Facilis aut molestiae aut doloribus doloribus. Sed molestiae assumenda a beatae sit sit laborum.', NULL, NULL, NULL, '2025-02-16 07:19:32', '2025-02-16 07:19:32'),
(341, 341, 'ar', 'Mr. Jefferey Runte II', 'mr.-jefferey-runte-ii', 'Nulla et laudantium quod optio soluta fugit. Beatae consequatur quibusdam ut molestias sit explicabo nihil. Doloribus provident laudantium molestiae libero. Voluptas odio minus voluptatem deleniti est similique qui.', NULL, NULL, NULL, '2025-02-16 07:19:32', '2025-02-16 07:19:32'),
(342, 342, 'ar', 'Dr. Esther Batz', 'dr.-esther-batz', 'Sit asperiores ducimus architecto voluptas necessitatibus. Eum molestiae impedit provident asperiores. Vitae totam non et magni labore laboriosam.', NULL, NULL, NULL, '2025-02-16 07:19:32', '2025-02-16 07:19:32'),
(343, 343, 'ar', 'Antonetta Torp', 'antonetta-torp', 'Dolorem perferendis placeat aspernatur aperiam. Eos quasi modi laborum molestias beatae.', NULL, NULL, NULL, '2025-02-16 07:19:32', '2025-02-16 07:19:32'),
(344, 344, 'ar', 'Bobby Harvey', 'bobby-harvey', 'Cumque debitis autem odio accusamus. Voluptas voluptatem commodi dolor. Quis sed quo quisquam perspiciatis mollitia dolor doloremque. Dolores voluptatum ullam tempora quasi cupiditate ullam est. Rerum facere ut ab beatae explicabo.', NULL, NULL, NULL, '2025-02-16 07:19:32', '2025-02-16 07:19:32'),
(345, 345, 'ar', 'Earnestine Hoppe', 'earnestine-hoppe', 'Non consectetur est temporibus fugit similique dolorem. Dolores laboriosam iure aut neque voluptatum. Occaecati minima dolore et ex quo ex. Dolorem incidunt veniam et veritatis saepe et.', NULL, NULL, NULL, '2025-02-16 07:19:32', '2025-02-16 07:19:32'),
(346, 346, 'ar', 'Rafaela Reilly', 'rafaela-reilly', 'Reprehenderit et excepturi non accusamus neque enim. Deserunt tempore sed dignissimos sed. Eligendi molestiae aliquid et sed ut deleniti eaque ab.', NULL, NULL, NULL, '2025-02-16 07:19:32', '2025-02-16 07:19:32'),
(347, 347, 'ar', 'Ellen Dickinson', 'ellen-dickinson', 'Consequatur et consequatur sint id accusantium maiores. Aliquid veniam nam quis. Excepturi est sunt non omnis quia praesentium sunt.', NULL, NULL, NULL, '2025-02-16 07:19:32', '2025-02-16 07:19:32'),
(348, 348, 'ar', 'Norval Purdy', 'norval-purdy', 'Nesciunt omnis nulla ratione amet sunt voluptas voluptatem. Quia commodi accusamus sint perferendis dignissimos repellendus eos. Et aliquid id atque doloribus. Similique doloremque iste eum expedita quis officiis sunt.', NULL, NULL, NULL, '2025-02-16 07:19:32', '2025-02-16 07:19:32'),
(349, 349, 'ar', 'Rosella Schinner', 'rosella-schinner', 'Et fuga odit nulla aut. Aut omnis in voluptatem perspiciatis consequuntur error ea. Eaque exercitationem et sint blanditiis necessitatibus.', NULL, NULL, NULL, '2025-02-16 07:19:32', '2025-02-16 07:19:32'),
(350, 350, 'ar', 'Hilton VonRueden III', 'hilton-vonrueden-iii', 'Magni consequatur ad veritatis assumenda vel ex et non. Dolorum inventore aut dicta totam saepe facere. Eligendi totam quod consectetur amet labore ex nulla.', NULL, NULL, NULL, '2025-02-16 07:19:32', '2025-02-16 07:19:32'),
(351, 351, 'ar', 'Juanita Harber', 'juanita-harber', 'Voluptatibus est aut quis. Amet quaerat neque rerum repellendus velit facilis in ut. Cumque iste ut recusandae quam et nihil ab. Aut dolor minus error omnis.', NULL, NULL, NULL, '2025-02-16 07:19:32', '2025-02-16 07:19:32'),
(352, 352, 'ar', 'Mr. Leonard McClure Jr.', 'mr.-leonard-mcclure-jr.', 'Eos expedita asperiores cupiditate ut aliquid quia. Modi vero corporis laborum. Iste dolorum fugit mollitia autem corporis provident inventore eaque. Deleniti ipsa enim non aut ut magnam et.', NULL, NULL, NULL, '2025-02-16 07:19:32', '2025-02-16 07:19:32'),
(353, 353, 'ar', 'Eliza Hermiston', 'eliza-hermiston', 'Laboriosam illo occaecati rerum cumque ex at. Omnis rerum architecto et odio quo.', NULL, NULL, NULL, '2025-02-16 07:19:32', '2025-02-16 07:19:32'),
(354, 354, 'ar', 'Kari Hill', 'kari-hill', 'Incidunt omnis dolore possimus eos. Ipsam tempora ut harum quia nisi. Qui repellat eum quidem tempora quaerat non.', NULL, NULL, NULL, '2025-02-16 07:19:32', '2025-02-16 07:19:32'),
(355, 355, 'ar', 'Mr. Brain Barton V', 'mr.-brain-barton-v', 'Minima velit aut consequatur soluta eum et. Minus minima reiciendis ea nihil eveniet aut alias. Corporis et consequuntur architecto saepe eaque.', NULL, NULL, NULL, '2025-02-16 07:19:32', '2025-02-16 07:19:32'),
(356, 356, 'ar', 'Kathleen Rippin III', 'kathleen-rippin-iii', 'Quasi expedita sint omnis quae ut consequuntur autem ut. Sit beatae consequatur ea ducimus nihil tempora sunt. Tempore nesciunt amet eos minus est.', NULL, NULL, NULL, '2025-02-16 07:19:32', '2025-02-16 07:19:32'),
(357, 357, 'ar', 'Joanne Walker', 'joanne-walker', 'Eos accusamus adipisci quas ullam maxime voluptatem. Eum veritatis quam eum qui. Omnis animi voluptas et quod.', NULL, NULL, NULL, '2025-02-16 07:19:32', '2025-02-16 07:19:32'),
(358, 358, 'ar', 'Mariana Johnson', 'mariana-johnson', 'Odit iusto placeat mollitia ut omnis. Eum aut consequatur fuga. Repudiandae tenetur rerum tenetur culpa optio. Iste iste numquam et consequatur aspernatur et quis.', NULL, NULL, NULL, '2025-02-16 07:19:32', '2025-02-16 07:19:32'),
(359, 359, 'ar', 'Charity Leannon', 'charity-leannon', 'In vel numquam qui autem quo culpa qui deleniti. Voluptates sunt harum quidem molestiae. Molestias commodi molestias voluptas quis perspiciatis.', NULL, NULL, NULL, '2025-02-16 07:19:32', '2025-02-16 07:19:32'),
(360, 360, 'ar', 'Gavin Roob', 'gavin-roob', 'Quis adipisci dolor eligendi porro doloremque perspiciatis modi. Asperiores et maiores a beatae. Non eos eos ut nostrum iste qui. Occaecati iusto laboriosam nisi consequatur.', NULL, NULL, NULL, '2025-02-16 07:19:32', '2025-02-16 07:19:32'),
(361, 361, 'ar', 'Talia Denesik', 'talia-denesik', 'Sed ipsam aut voluptatem quo. Consequatur officiis recusandae neque nihil. Fugit repudiandae numquam et.', NULL, NULL, NULL, '2025-02-16 07:19:32', '2025-02-16 07:19:32'),
(362, 362, 'ar', 'Ed Vandervort DDS', 'ed-vandervort-dds', 'Aut fugit nulla recusandae iste rerum. Ut tempora sed dignissimos consequatur quam dolore doloribus perspiciatis. Quo veniam qui magni. Placeat dolores tempore aut. Sint atque aut quod doloribus sunt expedita.', NULL, NULL, NULL, '2025-02-16 07:19:32', '2025-02-16 07:19:32'),
(363, 363, 'ar', 'Neha Herman', 'neha-herman', 'Eum in voluptas nihil et. Consectetur quae voluptate blanditiis error occaecati quidem consequatur. Rerum possimus sint voluptatem consectetur quo. Perferendis qui ipsam non voluptatibus.', NULL, NULL, NULL, '2025-02-16 07:19:32', '2025-02-16 07:19:32'),
(364, 364, 'ar', 'Xavier Crona', 'xavier-crona', 'Sit dicta ullam alias voluptatem temporibus optio illo. Sit eum laudantium iste aut alias sunt dignissimos non. Voluptatibus et ex deleniti aperiam fuga dolor. Quo voluptas architecto rerum quidem. Voluptas adipisci consequatur est est non molestias.', NULL, NULL, NULL, '2025-02-16 07:19:32', '2025-02-16 07:19:32'),
(365, 365, 'ar', 'Mr. Sherman Herzog DVM', 'mr.-sherman-herzog-dvm', 'Expedita beatae neque explicabo. Exercitationem molestias cupiditate enim nemo repellat. Sint ea ea incidunt nesciunt.', NULL, NULL, NULL, '2025-02-16 07:19:32', '2025-02-16 07:19:32'),
(366, 366, 'ar', 'Susie Becker II', 'susie-becker-ii', 'Temporibus dolor quis ratione corrupti laboriosam eius. Et molestias voluptas eaque repellat ad veritatis quis. Vero sed tempore qui quaerat.', NULL, NULL, NULL, '2025-02-16 07:19:32', '2025-02-16 07:19:32'),
(367, 367, 'ar', 'Jaime Marvin', 'jaime-marvin', 'Inventore aperiam libero voluptas et nihil vero ea laudantium. Corrupti suscipit officia tempora numquam exercitationem. Occaecati necessitatibus sit dolor expedita. Alias possimus sit aliquid.', NULL, NULL, NULL, '2025-02-16 07:19:32', '2025-02-16 07:19:32'),
(368, 368, 'ar', 'Marge Hayes', 'marge-hayes', 'Esse aut enim odit nemo. Totam ipsam consectetur voluptatem minima adipisci aut debitis. Possimus eos quia aut perferendis ullam et ut occaecati.', NULL, NULL, NULL, '2025-02-16 07:19:32', '2025-02-16 07:19:32'),
(369, 369, 'ar', 'Jeffrey VonRueden Sr.', 'jeffrey-vonrueden-sr.', 'In totam veritatis nobis sint sed qui consectetur. Eveniet aut fuga explicabo asperiores in earum hic. Praesentium iste delectus aut voluptatem consequatur unde perspiciatis aut. Quis quia qui perspiciatis tempore.', NULL, NULL, NULL, '2025-02-16 07:19:32', '2025-02-16 07:19:32'),
(370, 370, 'ar', 'Amie Bogisich', 'amie-bogisich', 'Aliquam asperiores laboriosam explicabo eaque. Eligendi dolor voluptatem iure voluptatibus in est. Porro perferendis illo nemo quia provident. Eligendi commodi molestias cupiditate quas vel laudantium.', NULL, NULL, NULL, '2025-02-16 07:19:32', '2025-02-16 07:19:32'),
(371, 371, 'ar', 'Harrison Cummerata', 'harrison-cummerata', 'Sed qui quisquam dolorem harum quas. Nulla doloribus et recusandae. Accusantium sapiente dolorem unde enim. Consequatur animi non quo esse sapiente sit.', NULL, NULL, NULL, '2025-02-16 07:19:32', '2025-02-16 07:19:32'),
(372, 372, 'ar', 'Rosemary Schultz', 'rosemary-schultz', 'Officiis quis ea magnam ea. Aspernatur nisi neque et quas. Ullam rem nesciunt id dolore tempore vel. Sequi mollitia adipisci nam labore architecto natus.', NULL, NULL, NULL, '2025-02-16 07:19:32', '2025-02-16 07:19:32'),
(373, 373, 'ar', 'Angelina Cartwright', 'angelina-cartwright', 'Qui porro vel voluptatem. Officiis commodi quam aliquam beatae eligendi ut. Ut animi et nam odio consequuntur quidem. Beatae consequuntur ad sunt ipsam amet error omnis.', NULL, NULL, NULL, '2025-02-16 07:19:32', '2025-02-16 07:19:32'),
(374, 374, 'ar', 'Kian Kemmer V', 'kian-kemmer-v', 'Debitis saepe accusamus veniam similique est. Dolorem quos sed vel alias accusantium modi. Sunt aut iure beatae nemo voluptatem. Accusantium repellendus atque accusamus est voluptas eos quos.', NULL, NULL, NULL, '2025-02-16 07:19:32', '2025-02-16 07:19:32'),
(375, 375, 'ar', 'Miss Rhoda Kassulke V', 'miss-rhoda-kassulke-v', 'Perferendis recusandae sint soluta sed ut quia. Voluptas beatae similique magnam doloribus provident. Corrupti ullam non veritatis voluptas culpa.', NULL, NULL, NULL, '2025-02-16 07:19:32', '2025-02-16 07:19:32'),
(376, 376, 'ar', 'Aisha Lesch', 'aisha-lesch', 'Hic nostrum rerum aut. Nobis temporibus eum commodi aspernatur quasi.', NULL, NULL, NULL, '2025-02-16 07:19:32', '2025-02-16 07:19:32'),
(377, 377, 'ar', 'Mr. Danny Wilkinson', 'mr.-danny-wilkinson', 'Veritatis facere voluptas nobis et qui ex nesciunt. Voluptate sint nam odio necessitatibus aut veniam culpa. Non quia et voluptatem pariatur placeat natus minima.', NULL, NULL, NULL, '2025-02-16 07:19:32', '2025-02-16 07:19:32'),
(378, 378, 'ar', 'Dr. Herminio Shanahan II', 'dr.-herminio-shanahan-ii', 'Hic quidem voluptas omnis vel iste eveniet iste rerum. Nisi odit voluptatem et in temporibus maxime est praesentium. Est eum repellat amet minima repellat vitae.', NULL, NULL, NULL, '2025-02-16 07:19:32', '2025-02-16 07:19:32'),
(379, 379, 'ar', 'Bettye Stamm II', 'bettye-stamm-ii', 'Corrupti dolor nisi sapiente. Perspiciatis voluptas et iure aliquam vel. Rem recusandae vero numquam laboriosam corporis praesentium.', NULL, NULL, NULL, '2025-02-16 07:19:32', '2025-02-16 07:19:32'),
(380, 380, 'ar', 'Yessenia Wintheiser', 'yessenia-wintheiser', 'Quo numquam consequatur et et expedita. Ut atque aliquam et explicabo mollitia eligendi praesentium. Architecto qui repudiandae sit aut quae architecto ratione.', NULL, NULL, NULL, '2025-02-16 07:19:32', '2025-02-16 07:19:32'),
(381, 381, 'ar', 'Demarco Murphy', 'demarco-murphy', 'Qui minus quas voluptatem facere adipisci cupiditate. Omnis atque sint molestiae blanditiis et dolorem. Veritatis minus molestiae rerum quos. Porro laboriosam excepturi odio amet.', NULL, NULL, NULL, '2025-02-16 07:19:32', '2025-02-16 07:19:32'),
(382, 382, 'ar', 'Eve Powlowski', 'eve-powlowski', 'Eveniet adipisci dignissimos sapiente molestiae. Assumenda vel rerum pariatur maiores sit. Deleniti ut dicta et odio omnis laboriosam ut.', NULL, NULL, NULL, '2025-02-16 07:19:32', '2025-02-16 07:19:32'),
(383, 383, 'ar', 'Dr. Helene Volkman', 'dr.-helene-volkman', 'Dolor earum repellat aliquid sint ullam. Omnis et sed dignissimos ducimus velit sed. Laboriosam aut id labore nisi esse et qui. Perspiciatis iusto et sed.', NULL, NULL, NULL, '2025-02-16 07:19:32', '2025-02-16 07:19:32'),
(384, 384, 'ar', 'Ashtyn Rippin III', 'ashtyn-rippin-iii', 'Deleniti at voluptatem dolorem dolorem quis. Ut inventore error ratione pariatur. Aspernatur nulla magni magni laudantium dolorum rerum.', NULL, NULL, NULL, '2025-02-16 07:19:32', '2025-02-16 07:19:32'),
(385, 385, 'ar', 'Miss Georgianna Heaney', 'miss-georgianna-heaney', 'Dolorum beatae consequatur qui quidem. Nesciunt est repudiandae vel ad doloremque molestias eos et. Quaerat neque voluptate repudiandae eos qui. Doloremque voluptatibus et vitae.', NULL, NULL, NULL, '2025-02-16 07:19:32', '2025-02-16 07:19:32'),
(386, 386, 'ar', 'Annetta Abbott', 'annetta-abbott', 'Quis at repellat vel culpa quo molestiae. Dolor enim quo occaecati veniam ducimus eaque. Illo fugit quia est et possimus voluptatem placeat. Tempora doloribus culpa modi non autem quia nulla.', NULL, NULL, NULL, '2025-02-16 07:19:32', '2025-02-16 07:19:32'),
(387, 387, 'ar', 'Mr. Jackson Kemmer', 'mr.-jackson-kemmer', 'Facere sunt molestiae libero et quo in. Iure ipsum quis similique et dolorem aspernatur quae. Est nostrum repellendus quaerat praesentium.', NULL, NULL, NULL, '2025-02-16 07:19:32', '2025-02-16 07:19:32'),
(388, 388, 'ar', 'Prof. John Dietrich I', 'prof.-john-dietrich-i', 'Soluta ut autem aut et harum voluptates. Dolores aperiam ut eaque sed facere non sint. Voluptatibus placeat distinctio magnam quis et odio.', NULL, NULL, NULL, '2025-02-16 07:19:32', '2025-02-16 07:19:32'),
(389, 389, 'ar', 'Zane Homenick V', 'zane-homenick-v', 'Natus ut alias excepturi vel distinctio aut. Et earum animi earum magni.', NULL, NULL, NULL, '2025-02-16 07:19:32', '2025-02-16 07:19:32'),
(390, 390, 'ar', 'Meghan Kemmer', 'meghan-kemmer', 'Qui hic sed dolores ullam dolor autem numquam. Nisi aut quos rerum.', NULL, NULL, NULL, '2025-02-16 07:19:32', '2025-02-16 07:19:32'),
(391, 391, 'ar', 'Lucius Kub DDS', 'lucius-kub-dds', 'Neque sed enim aut ratione ut ad voluptas. Aperiam saepe voluptas veritatis cupiditate ex expedita aspernatur dicta. Totam rem quia voluptatum sed numquam nam accusamus. Iusto eos quasi aliquid aut aut sed harum.', NULL, NULL, NULL, '2025-02-16 07:19:32', '2025-02-16 07:19:32'),
(392, 392, 'ar', 'Richmond O\'Connell', 'richmond-o\'connell', 'Consequatur voluptate perspiciatis quia et. Odit beatae quo numquam quidem est numquam nobis. Ut et cumque provident corrupti omnis repellat.', NULL, NULL, NULL, '2025-02-16 07:19:32', '2025-02-16 07:19:32'),
(393, 393, 'ar', 'Earnestine Gerhold Jr.', 'earnestine-gerhold-jr.', 'Dolorem aut sapiente dolores ea possimus. Mollitia dignissimos dicta autem id necessitatibus. Earum eos asperiores ratione dolor fugiat corrupti.', NULL, NULL, NULL, '2025-02-16 07:19:32', '2025-02-16 07:19:32'),
(394, 394, 'ar', 'Parker Kling', 'parker-kling', 'Ea pariatur voluptatum delectus laboriosam. Aspernatur magnam id dolore dolore iste sit. Maiores sed velit consequatur quo corporis ad quam. Sed voluptas ducimus dolor est culpa non.', NULL, NULL, NULL, '2025-02-16 07:19:32', '2025-02-16 07:19:32'),
(395, 395, 'ar', 'Maymie Wehner', 'maymie-wehner', 'Assumenda et dignissimos ratione architecto. Placeat nulla quia perspiciatis quo quasi. Harum est aliquam atque nesciunt possimus sit. Aspernatur voluptas modi ratione.', NULL, NULL, NULL, '2025-02-16 07:19:32', '2025-02-16 07:19:32'),
(396, 396, 'ar', 'Tristin Wintheiser', 'tristin-wintheiser', 'Quidem tenetur enim quia harum. Non possimus consequatur eligendi impedit aperiam qui vitae. Harum esse et possimus tempora cupiditate totam aut. Fugiat quisquam ea provident debitis.', NULL, NULL, NULL, '2025-02-16 07:19:32', '2025-02-16 07:19:32'),
(397, 397, 'ar', 'Dr. Josh Predovic III', 'dr.-josh-predovic-iii', 'Nostrum cumque aut animi dolore vel dicta. Similique magni voluptatem repellat autem. Soluta deserunt voluptatem qui magnam.', NULL, NULL, NULL, '2025-02-16 07:19:32', '2025-02-16 07:19:32'),
(398, 398, 'ar', 'Shannon Pfannerstill', 'shannon-pfannerstill', 'Non facilis autem possimus a dolorem. Et tempora consequuntur asperiores assumenda. Consequatur modi voluptatem id non.', NULL, NULL, NULL, '2025-02-16 07:19:32', '2025-02-16 07:19:32'),
(399, 399, 'ar', 'Shaniya Heller V', 'shaniya-heller-v', 'Dolor rerum est id assumenda eum. Reiciendis saepe omnis eveniet nesciunt aut facere nam. Quo rem veritatis quae ea pariatur officia et quis.', NULL, NULL, NULL, '2025-02-16 07:19:32', '2025-02-16 07:19:32'),
(400, 400, 'ar', 'Maci Bauch III', 'maci-bauch-iii', 'Distinctio velit commodi enim at explicabo facilis excepturi. Nostrum illum vel qui dolorem hic. Quibusdam at laboriosam reprehenderit modi odio perspiciatis nostrum.', NULL, NULL, NULL, '2025-02-16 07:19:32', '2025-02-16 07:19:32');

-- --------------------------------------------------------

--
-- Table structure for table `themes`
--

CREATE TABLE `themes` (
  `id` bigint UNSIGNED NOT NULL,
  `key` varchar(255) CHARACTER SET utf8mb4 COLLATE utf8mb4_unicode_ci NOT NULL,
  `value` longtext CHARACTER SET utf8mb4 COLLATE utf8mb4_unicode_ci,
  `type` tinyint DEFAULT '1',
  `created_by` bigint UNSIGNED DEFAULT NULL,
  `updated_by` bigint UNSIGNED DEFAULT NULL,
  `deleted_at` timestamp NULL DEFAULT NULL,
  `created_at` timestamp NULL DEFAULT NULL,
  `updated_at` timestamp NULL DEFAULT NULL
) ENGINE=InnoDB DEFAULT CHARSET=utf8mb4 COLLATE=utf8mb4_unicode_ci;

--
-- Dumping data for table `themes`
--

INSERT INTO `themes` (`id`, `key`, `value`, `type`, `created_by`, `updated_by`, `deleted_at`, `created_at`, `updated_at`) VALUES
(1, 'login_dashboard', '{\"box_color\":null,\"font_color\":null,\"button_color\":null,\"logo_image\":null,\"background\":\"attachments\\/themes\\/1743858381background.jpg\"}', 1, NULL, NULL, NULL, '2025-04-05 11:06:21', '2025-08-03 07:42:54'),
(2, 'dashboard', '{\"navbar_background\":null,\"navbar_color\":null,\"side_navbar_background\":null,\"side_navbar_color\":null,\"icon\":null,\"logo\":null}', 1, NULL, NULL, NULL, '2025-04-05 11:06:21', '2025-08-03 07:42:54');

-- --------------------------------------------------------

--
-- Table structure for table `users`
--

CREATE TABLE `users` (
  `id` bigint UNSIGNED NOT NULL,
  `name` varchar(255) CHARACTER SET utf8mb4 COLLATE utf8mb4_unicode_ci NOT NULL,
  `email` varchar(255) CHARACTER SET utf8mb4 COLLATE utf8mb4_unicode_ci NOT NULL,
  `email_verified_at` timestamp NULL DEFAULT NULL,
  `password` varchar(255) CHARACTER SET utf8mb4 COLLATE utf8mb4_unicode_ci NOT NULL,
  `mobile` varchar(255) CHARACTER SET utf8mb4 COLLATE utf8mb4_unicode_ci DEFAULT NULL,
  `image` varchar(255) CHARACTER SET utf8mb4 COLLATE utf8mb4_unicode_ci DEFAULT NULL,
  `activation_code` varchar(255) CHARACTER SET utf8mb4 COLLATE utf8mb4_unicode_ci DEFAULT NULL,
  `status` tinyint DEFAULT NULL,
  `login_date` timestamp NULL DEFAULT NULL,
  `remember_token` varchar(100) CHARACTER SET utf8mb4 COLLATE utf8mb4_unicode_ci DEFAULT NULL,
  `deleted_at` timestamp NULL DEFAULT NULL,
  `created_at` timestamp NULL DEFAULT NULL,
  `updated_at` timestamp NULL DEFAULT NULL
) ENGINE=InnoDB DEFAULT CHARSET=utf8mb4 COLLATE=utf8mb4_unicode_ci;

-- --------------------------------------------------------

--
-- Table structure for table `vendors`
--

CREATE TABLE `vendors` (
  `id` bigint UNSIGNED NOT NULL,
  `account_id` bigint UNSIGNED NOT NULL,
  `responsible_person` varchar(255) CHARACTER SET utf8mb4 COLLATE utf8mb4_unicode_ci DEFAULT NULL,
  `mobile` varchar(255) CHARACTER SET utf8mb4 COLLATE utf8mb4_unicode_ci DEFAULT NULL,
  `logo` varchar(255) CHARACTER SET utf8mb4 COLLATE utf8mb4_unicode_ci DEFAULT NULL,
  `sort` int DEFAULT NULL,
  `status` tinyint DEFAULT '1',
  `feature` tinyint DEFAULT '1',
  `created_by` bigint UNSIGNED DEFAULT NULL,
  `updated_by` bigint UNSIGNED DEFAULT NULL,
  `deleted_at` timestamp NULL DEFAULT NULL,
  `created_at` timestamp NULL DEFAULT NULL,
  `updated_at` timestamp NULL DEFAULT NULL
) ENGINE=InnoDB DEFAULT CHARSET=utf8mb4 COLLATE=utf8mb4_unicode_ci;

-- --------------------------------------------------------

--
-- Table structure for table `vendor_translations`
--

CREATE TABLE `vendor_translations` (
  `id` bigint UNSIGNED NOT NULL,
  `vendor_id` bigint UNSIGNED NOT NULL,
  `locale` varchar(255) CHARACTER SET utf8mb4 COLLATE utf8mb4_unicode_ci NOT NULL,
  `title` varchar(255) CHARACTER SET utf8mb4 COLLATE utf8mb4_unicode_ci NOT NULL,
  `slug` varchar(255) CHARACTER SET utf8mb4 COLLATE utf8mb4_unicode_ci DEFAULT NULL,
  `description` longtext CHARACTER SET utf8mb4 COLLATE utf8mb4_unicode_ci,
  `meta_title` varchar(255) CHARACTER SET utf8mb4 COLLATE utf8mb4_unicode_ci DEFAULT NULL,
  `meta_description` longtext CHARACTER SET utf8mb4 COLLATE utf8mb4_unicode_ci,
  `meta_key` varchar(255) CHARACTER SET utf8mb4 COLLATE utf8mb4_unicode_ci DEFAULT NULL,
  `created_at` timestamp NULL DEFAULT NULL,
  `updated_at` timestamp NULL DEFAULT NULL
) ENGINE=InnoDB DEFAULT CHARSET=utf8mb4 COLLATE=utf8mb4_unicode_ci;

-- --------------------------------------------------------

--
-- Table structure for table `volunteering_ideas`
--

CREATE TABLE `volunteering_ideas` (
  `id` bigint UNSIGNED NOT NULL,
  `name` text CHARACTER SET utf8mb4 COLLATE utf8mb4_unicode_ci,
  `subject` text CHARACTER SET utf8mb4 COLLATE utf8mb4_unicode_ci,
  `message` text CHARACTER SET utf8mb4 COLLATE utf8mb4_unicode_ci,
  `sort` int DEFAULT '0',
  `status` tinyint NOT NULL DEFAULT '0',
  `deleted_at` timestamp NULL DEFAULT NULL,
  `created_at` timestamp NULL DEFAULT NULL,
  `updated_at` timestamp NULL DEFAULT NULL
) ENGINE=InnoDB DEFAULT CHARSET=utf8mb4 COLLATE=utf8mb4_unicode_ci;

-- --------------------------------------------------------

--
-- Table structure for table `volunteers`
--

CREATE TABLE `volunteers` (
  `id` bigint UNSIGNED NOT NULL,
  `account_id` bigint UNSIGNED DEFAULT NULL,
  `type` enum('volunteer','team') CHARACTER SET utf8mb4 COLLATE utf8mb4_unicode_ci DEFAULT 'volunteer',
  `name` varchar(255) CHARACTER SET utf8mb4 COLLATE utf8mb4_unicode_ci NOT NULL,
  `identity` varchar(255) CHARACTER SET utf8mb4 COLLATE utf8mb4_unicode_ci DEFAULT NULL,
  `mobile` varchar(255) CHARACTER SET utf8mb4 COLLATE utf8mb4_unicode_ci DEFAULT NULL,
  `email` varchar(255) CHARACTER SET utf8mb4 COLLATE utf8mb4_unicode_ci DEFAULT NULL,
  `password` varchar(255) CHARACTER SET utf8mb4 COLLATE utf8mb4_unicode_ci DEFAULT NULL,
  `nationality` varchar(255) CHARACTER SET utf8mb4 COLLATE utf8mb4_unicode_ci DEFAULT NULL,
  `image` varchar(255) CHARACTER SET utf8mb4 COLLATE utf8mb4_unicode_ci DEFAULT NULL,
  `team_logo` varchar(255) CHARACTER SET utf8mb4 COLLATE utf8mb4_unicode_ci DEFAULT NULL,
  `gender` varchar(255) CHARACTER SET utf8mb4 COLLATE utf8mb4_unicode_ci DEFAULT NULL,
  `team_name` varchar(255) CHARACTER SET utf8mb4 COLLATE utf8mb4_unicode_ci DEFAULT NULL,
  `medal` varchar(255) CHARACTER SET utf8mb4 COLLATE utf8mb4_unicode_ci DEFAULT NULL,
  `activity` varchar(255) CHARACTER SET utf8mb4 COLLATE utf8mb4_unicode_ci DEFAULT NULL,
  `working_hours` int DEFAULT '0',
  `effective` int DEFAULT '0',
  `status` tinyint NOT NULL DEFAULT '0',
  `created_by` bigint UNSIGNED DEFAULT NULL,
  `updated_by` bigint UNSIGNED DEFAULT NULL,
  `deleted_at` timestamp NULL DEFAULT NULL,
  `created_at` timestamp NULL DEFAULT NULL,
  `updated_at` timestamp NULL DEFAULT NULL,
  `date_of_birth` date DEFAULT NULL,
  `educational_qualification` varchar(255) COLLATE utf8mb4_unicode_ci DEFAULT NULL,
  `preferred_fields` json DEFAULT NULL,
  `preferred_times` json DEFAULT NULL,
  `goal` text COLLATE utf8mb4_unicode_ci
) ENGINE=InnoDB DEFAULT CHARSET=utf8mb4 COLLATE=utf8mb4_unicode_ci;

--
-- Dumping data for table `volunteers`
--

INSERT INTO `volunteers` (`id`, `account_id`, `type`, `name`, `identity`, `mobile`, `email`, `password`, `nationality`, `image`, `team_logo`, `gender`, `team_name`, `medal`, `activity`, `working_hours`, `effective`, `status`, `created_by`, `updated_by`, `deleted_at`, `created_at`, `updated_at`, `date_of_birth`, `educational_qualification`, `preferred_fields`, `preferred_times`, `goal`) VALUES
(1, 5, 'volunteer', 'iislam', 'ksa', '597767751', 'islam@gmail.com', '123456789', 'ksa', NULL, NULL, 'male', NULL, NULL, NULL, 0, 0, 0, NULL, NULL, NULL, NULL, NULL, NULL, NULL, NULL, NULL, NULL),
(2, 204, 'volunteer', 'loma', 'ksa', '597767751', NULL, NULL, NULL, 'attachments/volunteer/1748336695.png', NULL, NULL, NULL, NULL, 'gffd', 0, 0, 0, NULL, NULL, NULL, '2025-05-27 06:04:56', '2025-05-27 06:04:56', NULL, NULL, NULL, NULL, NULL),
(3, 204, 'volunteer', 'islam', '59776775155', '597767751', 'islam@gmail.com', NULL, 'مصر', 'attachments/volunteer/1748342821.jpg', NULL, 'ذكر', NULL, NULL, NULL, 0, 0, 0, NULL, NULL, NULL, '2025-05-27 07:47:01', '2025-05-27 07:47:01', '1997-05-13', 'بكالوريوس', '[\"ميداني\"]', '[\"صباحية\"]', 'ay 7aga'),
(4, 204, 'volunteer', 'Nesciunt exercitati', '4544452547', '597767751', 'islam@gmail.com', NULL, 'السعودية', 'attachments/volunteer/1748428281.png', NULL, 'ذكر', NULL, NULL, NULL, 0, 0, 0, NULL, NULL, NULL, '2025-05-28 07:31:22', '2025-05-28 07:31:22', '2006-06-11', 'ماجستير', '[\"أخرى\", \"ميداني\"]', '[\"صباحية\"]', 'hvnv'),
(5, 204, 'volunteer', 'Qui provident rem s', '597767751', '597767751', 'islam@gmail.com', NULL, 'السعودية', 'attachments/volunteer/1748428870.jpg', NULL, 'أنثى', NULL, NULL, NULL, 0, 0, 0, NULL, NULL, NULL, '2025-05-28 07:41:11', '2025-05-28 07:41:11', '2000-07-28', 'دكتوراه', '[\"أخرى\", \"ميداني\"]', '[\"خلال موسم معين مثل رمضان الحج أو غيره\"]', 'xdfdfg'),
(6, 204, 'volunteer', 'Cum explicabo Volup', '597767751', '597767751', 'islam@gmail.com', NULL, 'السعودية', NULL, NULL, 'أنثى', NULL, NULL, NULL, 0, 0, 0, NULL, NULL, NULL, '2025-05-28 07:48:22', '2025-05-28 07:48:22', '2019-04-13', 'دكتوراه', '[\"أخرى\", \"ميداني\"]', '[\"خلال موسم معين مثل رمضان الحج أو غيره\"]', ''),
(7, 209, 'volunteer', 'wqw', '545875485', '545481544', 'asdS2@gmail.com', NULL, 'مصر', NULL, NULL, 'أنثى', NULL, NULL, NULL, 0, 0, 0, NULL, NULL, NULL, '2025-05-28 07:50:21', '2025-05-28 07:50:21', '2025-05-06', 'بكالوريوس', '[]', '[]', NULL),
(8, 211, 'volunteer', 'evrvrvrvrvrv', '65454', '122333333', 'ii@gmail.com', NULL, 'السعودية', NULL, NULL, 'أنثى', NULL, NULL, NULL, 0, 0, 0, NULL, NULL, NULL, '2025-05-28 08:07:28', '2025-05-28 08:07:28', '2025-05-28', 'متوسطة', '[]', '[]', NULL),
(9, 213, 'volunteer', 'Voluptatum cumque od', '4545425', '454552245', 'iii@gmail.com', NULL, 'مصر', NULL, NULL, 'ذكر', NULL, NULL, NULL, 0, 0, 0, NULL, NULL, NULL, '2025-05-28 08:13:48', '2025-05-28 08:13:48', '2019-01-24', 'ماجستير', '[\"اعلامي\"]', '[\"خلال موسم معين مثل رمضان الحج أو غيره\", \"نهاية الأسبوع\"]', NULL),
(10, 204, 'volunteer', 'Repudiandae eum enim', '554548', '597767751', 'levugotygy@mailinator.com', NULL, 'الأردن', NULL, NULL, 'ذكر', NULL, NULL, NULL, 0, 0, 0, NULL, NULL, NULL, '2025-05-28 09:08:28', '2025-05-28 09:08:28', '2014-06-10', 'ثانوية', '[]', '[\"خلال موسم معين مثل رمضان الحج أو غيره\"]', NULL);

-- --------------------------------------------------------

--
-- Table structure for table `volunteer_pages`
--

CREATE TABLE `volunteer_pages` (
  `id` bigint UNSIGNED NOT NULL,
  `created_by` bigint UNSIGNED DEFAULT NULL,
  `updated_by` bigint UNSIGNED DEFAULT NULL,
  `image` varchar(255) CHARACTER SET utf8mb4 COLLATE utf8mb4_unicode_ci DEFAULT NULL,
  `status` tinyint NOT NULL DEFAULT '1',
  `deleted_at` timestamp NULL DEFAULT NULL,
  `created_at` timestamp NULL DEFAULT NULL,
  `updated_at` timestamp NULL DEFAULT NULL
) ENGINE=InnoDB DEFAULT CHARSET=utf8mb4 COLLATE=utf8mb4_unicode_ci;

-- --------------------------------------------------------

--
-- Table structure for table `volunteer_pages_translations`
--

CREATE TABLE `volunteer_pages_translations` (
  `id` bigint UNSIGNED NOT NULL,
  `VolunteerPage_id` bigint UNSIGNED NOT NULL,
  `locale` varchar(255) CHARACTER SET utf8mb4 COLLATE utf8mb4_unicode_ci NOT NULL,
  `title` varchar(255) CHARACTER SET utf8mb4 COLLATE utf8mb4_unicode_ci NOT NULL,
  `content` longtext CHARACTER SET utf8mb4 COLLATE utf8mb4_unicode_ci,
  `slug` varchar(255) CHARACTER SET utf8mb4 COLLATE utf8mb4_unicode_ci DEFAULT NULL,
  `meta_title` varchar(255) CHARACTER SET utf8mb4 COLLATE utf8mb4_unicode_ci DEFAULT NULL,
  `meta_description` longtext CHARACTER SET utf8mb4 COLLATE utf8mb4_unicode_ci,
  `meta_key` longtext CHARACTER SET utf8mb4 COLLATE utf8mb4_unicode_ci,
  `created_at` timestamp NULL DEFAULT NULL,
  `updated_at` timestamp NULL DEFAULT NULL
) ENGINE=InnoDB DEFAULT CHARSET=utf8mb4 COLLATE=utf8mb4_unicode_ci;

-- --------------------------------------------------------

--
-- Table structure for table `voluntreer_idea_comments`
--

CREATE TABLE `voluntreer_idea_comments` (
  `id` bigint UNSIGNED NOT NULL,
  `idea_id` bigint UNSIGNED NOT NULL,
  `name` varchar(255) CHARACTER SET utf8mb4 COLLATE utf8mb4_unicode_ci NOT NULL,
  `comment` text CHARACTER SET utf8mb4 COLLATE utf8mb4_unicode_ci NOT NULL,
  `status` tinyint NOT NULL DEFAULT '0',
  `deleted_at` timestamp NULL DEFAULT NULL,
  `created_at` timestamp NULL DEFAULT NULL,
  `updated_at` timestamp NULL DEFAULT NULL
) ENGINE=InnoDB DEFAULT CHARSET=utf8mb4 COLLATE=utf8mb4_unicode_ci;

-- --------------------------------------------------------

--
-- Table structure for table `voluntreer_idea_loves`
--

CREATE TABLE `voluntreer_idea_loves` (
  `id` bigint UNSIGNED NOT NULL,
  `idea_id` bigint UNSIGNED NOT NULL,
  `ip_address` varchar(255) CHARACTER SET utf8mb4 COLLATE utf8mb4_unicode_ci NOT NULL,
  `deleted_at` timestamp NULL DEFAULT NULL,
  `created_at` timestamp NULL DEFAULT NULL,
  `updated_at` timestamp NULL DEFAULT NULL
) ENGINE=InnoDB DEFAULT CHARSET=utf8mb4 COLLATE=utf8mb4_unicode_ci;

--
-- Indexes for dumped tables
--

--
-- Indexes for table `accounts`
--
ALTER TABLE `accounts`
  ADD PRIMARY KEY (`id`),
  ADD UNIQUE KEY `accounts_user_name_unique` (`user_name`),
  ADD UNIQUE KEY `accounts_mobile_unique` (`mobile`),
  ADD UNIQUE KEY `accounts_email_unique` (`email`);

--
-- Indexes for table `account_types`
--
ALTER TABLE `account_types`
  ADD PRIMARY KEY (`id`),
  ADD KEY `account_types_account_id_foreign` (`account_id`),
  ADD KEY `account_types_type_id_foreign` (`type_id`);

--
-- Indexes for table `address_donors`
--
ALTER TABLE `address_donors`
  ADD PRIMARY KEY (`id`),
  ADD KEY `address_donors_doner_id_foreign` (`doner_id`);

--
-- Indexes for table `ads`
--
ALTER TABLE `ads`
  ADD PRIMARY KEY (`id`);

--
-- Indexes for table `app_articles`
--
ALTER TABLE `app_articles`
  ADD PRIMARY KEY (`id`),
  ADD KEY `app_articles_section_id_foreign` (`section_id`);

--
-- Indexes for table `app_articles_translations`
--
ALTER TABLE `app_articles_translations`
  ADD PRIMARY KEY (`id`),
  ADD UNIQUE KEY `app_articles_translations_article_id_locale_unique` (`article_id`,`locale`),
  ADD KEY `app_articles_translations_locale_index` (`locale`);

--
-- Indexes for table `app_sections`
--
ALTER TABLE `app_sections`
  ADD PRIMARY KEY (`id`);

--
-- Indexes for table `app_section_translations`
--
ALTER TABLE `app_section_translations`
  ADD PRIMARY KEY (`id`),
  ADD UNIQUE KEY `app_section_translations_section_id_locale_unique` (`section_id`,`locale`),
  ADD KEY `app_section_translations_locale_index` (`locale`);

--
-- Indexes for table `articler_tag_pivot`
--
ALTER TABLE `articler_tag_pivot`
  ADD PRIMARY KEY (`id`);

--
-- Indexes for table `articles`
--
ALTER TABLE `articles`
  ADD PRIMARY KEY (`id`),
  ADD KEY `articles_category_id_foreign` (`category_id`);

--
-- Indexes for table `article_tags`
--
ALTER TABLE `article_tags`
  ADD PRIMARY KEY (`id`),
  ADD KEY `article_tags_article_id_foreign` (`article_id`),
  ADD KEY `article_tags_tag_id_foreign` (`tag_id`);

--
-- Indexes for table `article_translations`
--
ALTER TABLE `article_translations`
  ADD PRIMARY KEY (`id`),
  ADD UNIQUE KEY `article_translations_article_id_locale_unique` (`article_id`,`locale`),
  ADD KEY `article_translations_locale_index` (`locale`);

--
-- Indexes for table `attributes`
--
ALTER TABLE `attributes`
  ADD PRIMARY KEY (`id`),
  ADD KEY `attributes_attribute_set_id_foreign` (`attribute_set_id`);

--
-- Indexes for table `attribute_sets`
--
ALTER TABLE `attribute_sets`
  ADD PRIMARY KEY (`id`);

--
-- Indexes for table `attribute_set_translations`
--
ALTER TABLE `attribute_set_translations`
  ADD PRIMARY KEY (`id`),
  ADD UNIQUE KEY `attribute_set_translations_attributeset_id_locale_unique` (`attributeSet_id`,`locale`),
  ADD KEY `attribute_set_translations_locale_index` (`locale`);

--
-- Indexes for table `attribute_translations`
--
ALTER TABLE `attribute_translations`
  ADD PRIMARY KEY (`id`),
  ADD UNIQUE KEY `attribute_translations_attribute_id_locale_unique` (`attribute_id`,`locale`),
  ADD KEY `attribute_translations_locale_index` (`locale`);

--
-- Indexes for table `badal_offers`
--
ALTER TABLE `badal_offers`
  ADD PRIMARY KEY (`id`),
  ADD KEY `badal_offers_substitute_id_foreign` (`substitute_id`),
  ADD KEY `badal_offers_badal_project_id_foreign` (`badal_project_id`);

--
-- Indexes for table `badal_orders`
--
ALTER TABLE `badal_orders`
  ADD PRIMARY KEY (`id`),
  ADD KEY `badal_orders_order_id_foreign` (`order_id`),
  ADD KEY `badal_orders_substitute_id_foreign` (`substitute_id`),
  ADD KEY `badal_orders_project_id_foreign` (`project_id`),
  ADD KEY `badal_orders_offer_id_foreign` (`offer_id`);

--
-- Indexes for table `badal_requests`
--
ALTER TABLE `badal_requests`
  ADD PRIMARY KEY (`id`),
  ADD KEY `badal_requests_badal_id_foreign` (`badal_id`),
  ADD KEY `badal_requests_substitute_id_foreign` (`substitute_id`);

--
-- Indexes for table `badal_reviews`
--
ALTER TABLE `badal_reviews`
  ADD PRIMARY KEY (`id`),
  ADD KEY `badal_reviews_badal_id_foreign` (`badal_id`);

--
-- Indexes for table `badal_rites`
--
ALTER TABLE `badal_rites`
  ADD PRIMARY KEY (`id`),
  ADD KEY `badal_rites_project_id_foreign` (`project_id`);

--
-- Indexes for table `badal_rituals`
--
ALTER TABLE `badal_rituals`
  ADD PRIMARY KEY (`id`),
  ADD KEY `badal_rituals_order_id_foreign` (`order_id`),
  ADD KEY `badal_rituals_project_id_foreign` (`project_id`),
  ADD KEY `badal_rituals_substitute_id_foreign` (`substitute_id`),
  ADD KEY `badal_rituals_rite_id_foreign` (`rite_id`);

--
-- Indexes for table `beneficiaries`
--
ALTER TABLE `beneficiaries`
  ADD PRIMARY KEY (`id`),
  ADD KEY `beneficiaries_account_id_foreign` (`account_id`);

--
-- Indexes for table `cache`
--
ALTER TABLE `cache`
  ADD PRIMARY KEY (`key`);

--
-- Indexes for table `cache_locks`
--
ALTER TABLE `cache_locks`
  ADD PRIMARY KEY (`key`);

--
-- Indexes for table `carts`
--
ALTER TABLE `carts`
  ADD PRIMARY KEY (`id`),
  ADD KEY `carts_donor_id_foreign` (`donor_id`),
  ADD KEY `carts_vendor_id_foreign` (`vendor_id`);

--
-- Indexes for table `cashiers`
--
ALTER TABLE `cashiers`
  ADD PRIMARY KEY (`id`),
  ADD UNIQUE KEY `cashiers_email_unique` (`email`),
  ADD UNIQUE KEY `cashiers_mobile_unique` (`mobile`),
  ADD KEY `cashiers_account_id_index` (`account_id`);

--
-- Indexes for table `cashier_category_project`
--
ALTER TABLE `cashier_category_project`
  ADD PRIMARY KEY (`id`),
  ADD UNIQUE KEY `cashier_category_project_cashier_id_category_project_id_unique` (`cashier_id`,`category_project_id`),
  ADD KEY `cashier_category_project_category_project_id_foreign` (`category_project_id`);

--
-- Indexes for table `cashier_charity_project`
--
ALTER TABLE `cashier_charity_project`
  ADD PRIMARY KEY (`id`),
  ADD UNIQUE KEY `cashier_charity_project_cashier_id_charity_project_id_unique` (`cashier_id`,`charity_project_id`),
  ADD KEY `cashier_charity_project_charity_project_id_foreign` (`charity_project_id`);

--
-- Indexes for table `categories`
--
ALTER TABLE `categories`
  ADD PRIMARY KEY (`id`),
  ADD KEY `categories_parent_id_foreign` (`parent_id`);

--
-- Indexes for table `categories_translations`
--
ALTER TABLE `categories_translations`
  ADD PRIMARY KEY (`id`),
  ADD UNIQUE KEY `categories_translations_category_id_locale_unique` (`category_id`,`locale`),
  ADD KEY `categories_translations_locale_index` (`locale`);

--
-- Indexes for table `category_projects`
--
ALTER TABLE `category_projects`
  ADD PRIMARY KEY (`id`);

--
-- Indexes for table `category_projects_translations`
--
ALTER TABLE `category_projects_translations`
  ADD PRIMARY KEY (`id`),
  ADD UNIQUE KEY `category_projects_translations_category_id_locale_unique` (`category_id`,`locale`),
  ADD KEY `category_projects_translations_locale_index` (`locale`);

--
-- Indexes for table `charity_badal_projects`
--
ALTER TABLE `charity_badal_projects`
  ADD PRIMARY KEY (`id`),
  ADD KEY `charity_badal_projects_project_id_foreign` (`project_id`);

--
-- Indexes for table `charity_category_projects`
--
ALTER TABLE `charity_category_projects`
  ADD PRIMARY KEY (`id`),
  ADD KEY `charity_category_projects_category_id_foreign` (`category_id`),
  ADD KEY `charity_category_projects_project_id_foreign` (`project_id`);

--
-- Indexes for table `charity_category_sections`
--
ALTER TABLE `charity_category_sections`
  ADD PRIMARY KEY (`id`),
  ADD KEY `charity_category_sections_category_id_foreign` (`category_id`),
  ADD KEY `charity_category_sections_section_id_foreign` (`section_id`);

--
-- Indexes for table `charity_deceased_projects`
--
ALTER TABLE `charity_deceased_projects`
  ADD PRIMARY KEY (`id`),
  ADD KEY `charity_deceased_projects_project_id_foreign` (`project_id`);

--
-- Indexes for table `charity_payment_projects`
--
ALTER TABLE `charity_payment_projects`
  ADD PRIMARY KEY (`id`),
  ADD KEY `charity_payment_projects_project_id_foreign` (`project_id`),
  ADD KEY `charity_payment_projects_payment_id_foreign` (`payment_id`);

--
-- Indexes for table `charity_projects`
--
ALTER TABLE `charity_projects`
  ADD PRIMARY KEY (`id`),
  ADD KEY `charity_projects_category_id_foreign` (`category_id`);

--
-- Indexes for table `charity_project_tags`
--
ALTER TABLE `charity_project_tags`
  ADD PRIMARY KEY (`id`),
  ADD KEY `charity_project_tags_project_id_foreign` (`project_id`),
  ADD KEY `charity_project_tags_tag_id_foreign` (`tag_id`);

--
-- Indexes for table `charity_project_translations`
--
ALTER TABLE `charity_project_translations`
  ADD PRIMARY KEY (`id`),
  ADD UNIQUE KEY `charity_project_translations_project_id_locale_unique` (`project_id`,`locale`),
  ADD KEY `charity_project_translations_locale_index` (`locale`);

--
-- Indexes for table `charity_sections`
--
ALTER TABLE `charity_sections`
  ADD PRIMARY KEY (`id`);

--
-- Indexes for table `charity_section_translations`
--
ALTER TABLE `charity_section_translations`
  ADD PRIMARY KEY (`id`),
  ADD UNIQUE KEY `charity_section_translations_section_id_locale_unique` (`section_id`,`locale`),
  ADD KEY `charity_section_translations_locale_index` (`locale`);

--
-- Indexes for table `charity_single_projects`
--
ALTER TABLE `charity_single_projects`
  ADD PRIMARY KEY (`id`),
  ADD KEY `charity_single_projects_project_id_foreign` (`project_id`);

--
-- Indexes for table `charity_single_translations`
--
ALTER TABLE `charity_single_translations`
  ADD PRIMARY KEY (`id`),
  ADD UNIQUE KEY `charity_single_translations_single_id_locale_unique` (`single_id`,`locale`),
  ADD KEY `charity_single_translations_locale_index` (`locale`);

--
-- Indexes for table `charity_tags`
--
ALTER TABLE `charity_tags`
  ADD PRIMARY KEY (`id`);

--
-- Indexes for table `charity_tag_translations`
--
ALTER TABLE `charity_tag_translations`
  ADD PRIMARY KEY (`id`),
  ADD UNIQUE KEY `charity_tag_translations_tag_id_locale_unique` (`tag_id`,`locale`),
  ADD KEY `charity_tag_translations_locale_index` (`locale`);

--
-- Indexes for table `clients_carts`
--
ALTER TABLE `clients_carts`
  ADD PRIMARY KEY (`id`),
  ADD KEY `clients_carts_cart_id_foreign` (`cart_id`),
  ADD KEY `clients_carts_donor_id_foreign` (`donor_id`);

--
-- Indexes for table `contact_us`
--
ALTER TABLE `contact_us`
  ADD PRIMARY KEY (`id`);

--
-- Indexes for table `credit_cards`
--
ALTER TABLE `credit_cards`
  ADD PRIMARY KEY (`id`),
  ADD KEY `credit_cards_donor_id_foreign` (`donor_id`);

--
-- Indexes for table `deceases`
--
ALTER TABLE `deceases`
  ADD PRIMARY KEY (`id`),
  ADD KEY `deceases_project_id_foreign` (`project_id`);

--
-- Indexes for table `donation_settings`
--
ALTER TABLE `donation_settings`
  ADD PRIMARY KEY (`id`);

--
-- Indexes for table `donors`
--
ALTER TABLE `donors`
  ADD PRIMARY KEY (`id`),
  ADD KEY `donors_account_id_foreign` (`account_id`),
  ADD KEY `donors_refer_id_foreign` (`refer_id`);

--
-- Indexes for table `failed_jobs`
--
ALTER TABLE `failed_jobs`
  ADD PRIMARY KEY (`id`),
  ADD UNIQUE KEY `failed_jobs_uuid_unique` (`uuid`);

--
-- Indexes for table `fcm_tokens`
--
ALTER TABLE `fcm_tokens`
  ADD PRIMARY KEY (`id`);

--
-- Indexes for table `file_uploads`
--
ALTER TABLE `file_uploads`
  ADD PRIMARY KEY (`id`);

--
-- Indexes for table `gifts_card_occasions`
--
ALTER TABLE `gifts_card_occasions`
  ADD PRIMARY KEY (`id`),
  ADD KEY `gifts_card_occasions_card_id_foreign` (`card_id`),
  ADD KEY `gifts_card_occasions_occasioin_id_foreign` (`occasioin_id`);

--
-- Indexes for table `gift_cards`
--
ALTER TABLE `gift_cards`
  ADD PRIMARY KEY (`id`),
  ADD KEY `gift_cards_category_id_foreign` (`category_id`);

--
-- Indexes for table `gift_categories`
--
ALTER TABLE `gift_categories`
  ADD PRIMARY KEY (`id`);

--
-- Indexes for table `gift_categories_translations`
--
ALTER TABLE `gift_categories_translations`
  ADD PRIMARY KEY (`id`),
  ADD UNIQUE KEY `gift_categories_translations_category_id_locale_unique` (`category_id`,`locale`),
  ADD KEY `gift_categories_translations_locale_index` (`locale`);

--
-- Indexes for table `gift_occasioins`
--
ALTER TABLE `gift_occasioins`
  ADD PRIMARY KEY (`id`);

--
-- Indexes for table `gift_occasioins_translations`
--
ALTER TABLE `gift_occasioins_translations`
  ADD PRIMARY KEY (`id`),
  ADD UNIQUE KEY `gift_occasioins_translations_occasioin_id_locale_unique` (`occasioin_id`,`locale`),
  ADD KEY `gift_occasioins_translations_locale_index` (`locale`);

--
-- Indexes for table `givers`
--
ALTER TABLE `givers`
  ADD PRIMARY KEY (`id`),
  ADD KEY `givers_order_id_foreign` (`order_id`),
  ADD KEY `givers_category_id_foreign` (`category_id`),
  ADD KEY `givers_occasioin_id_foreign` (`occasioin_id`);

--
-- Indexes for table `home_setting_pages`
--
ALTER TABLE `home_setting_pages`
  ADD PRIMARY KEY (`id`);

--
-- Indexes for table `home_setting_page_translations`
--
ALTER TABLE `home_setting_page_translations`
  ADD PRIMARY KEY (`id`),
  ADD UNIQUE KEY `home_setting_page_translations_home_setting_id_locale_unique` (`home_setting_id`,`locale`),
  ADD KEY `home_setting_page_translations_locale_index` (`locale`);

--
-- Indexes for table `images`
--
ALTER TABLE `images`
  ADD PRIMARY KEY (`id`),
  ADD KEY `images_parentable_type_parentable_id_index` (`parentable_type`,`parentable_id`);

--
-- Indexes for table `jobs`
--
ALTER TABLE `jobs`
  ADD PRIMARY KEY (`id`),
  ADD KEY `jobs_queue_index` (`queue`);

--
-- Indexes for table `login_types`
--
ALTER TABLE `login_types`
  ADD PRIMARY KEY (`id`),
  ADD UNIQUE KEY `login_types_type_unique` (`type`);

--
-- Indexes for table `managers`
--
ALTER TABLE `managers`
  ADD PRIMARY KEY (`id`),
  ADD KEY `managers_account_id_foreign` (`account_id`);

--
-- Indexes for table `manager_refers`
--
ALTER TABLE `manager_refers`
  ADD PRIMARY KEY (`id`),
  ADD KEY `manager_refers_manager_id_foreign` (`manager_id`),
  ADD KEY `manager_refers_refer_id_foreign` (`refer_id`);

--
-- Indexes for table `menues`
--
ALTER TABLE `menues`
  ADD PRIMARY KEY (`id`),
  ADD KEY `menues_parent_id_foreign` (`parent_id`);

--
-- Indexes for table `menue_translations`
--
ALTER TABLE `menue_translations`
  ADD PRIMARY KEY (`id`),
  ADD UNIQUE KEY `menue_translations_menue_id_locale_unique` (`menue_id`,`locale`),
  ADD KEY `menue_translations_locale_index` (`locale`);

--
-- Indexes for table `migrations`
--
ALTER TABLE `migrations`
  ADD PRIMARY KEY (`id`);

--
-- Indexes for table `model_has_permissions`
--
ALTER TABLE `model_has_permissions`
  ADD PRIMARY KEY (`permission_id`,`model_id`,`model_type`),
  ADD KEY `model_has_permissions_model_id_model_type_index` (`model_id`,`model_type`);

--
-- Indexes for table `model_has_roles`
--
ALTER TABLE `model_has_roles`
  ADD PRIMARY KEY (`role_id`,`model_id`,`model_type`),
  ADD KEY `model_has_roles_model_id_model_type_index` (`model_id`,`model_type`);

--
-- Indexes for table `news`
--
ALTER TABLE `news`
  ADD PRIMARY KEY (`id`);

--
-- Indexes for table `news_translations`
--
ALTER TABLE `news_translations`
  ADD PRIMARY KEY (`id`),
  ADD UNIQUE KEY `news_translations_news_id_locale_unique` (`news_id`,`locale`),
  ADD KEY `news_translations_locale_index` (`locale`);

--
-- Indexes for table `notifications`
--
ALTER TABLE `notifications`
  ADD PRIMARY KEY (`id`),
  ADD KEY `notifications_notifiable_type_notifiable_id_index` (`notifiable_type`,`notifiable_id`);

--
-- Indexes for table `orders`
--
ALTER TABLE `orders`
  ADD PRIMARY KEY (`id`),
  ADD UNIQUE KEY `orders_identifier_unique` (`identifier`),
  ADD KEY `orders_donor_id_foreign` (`donor_id`),
  ADD KEY `orders_refer_id_foreign` (`refer_id`),
  ADD KEY `orders_payment_method_id_foreign` (`payment_method_id`),
  ADD KEY `orders_status_id_foreign` (`status_id`);

--
-- Indexes for table `order_details`
--
ALTER TABLE `order_details`
  ADD PRIMARY KEY (`id`),
  ADD KEY `order_details_order_id_foreign` (`order_id`),
  ADD KEY `order_details_vendor_id_foreign` (`vendor_id`);

--
-- Indexes for table `pages`
--
ALTER TABLE `pages`
  ADD PRIMARY KEY (`id`);

--
-- Indexes for table `pages_translations`
--
ALTER TABLE `pages_translations`
  ADD PRIMARY KEY (`id`),
  ADD UNIQUE KEY `pages_translations_page_id_locale_unique` (`page_id`,`locale`),
  ADD KEY `pages_translations_locale_index` (`locale`);

--
-- Indexes for table `password_resets`
--
ALTER TABLE `password_resets`
  ADD KEY `password_resets_email_index` (`email`);

--
-- Indexes for table `payment_banks`
--
ALTER TABLE `payment_banks`
  ADD PRIMARY KEY (`id`),
  ADD KEY `payment_banks_payment_method_id_foreign` (`payment_method_id`);

--
-- Indexes for table `payment_methods`
--
ALTER TABLE `payment_methods`
  ADD PRIMARY KEY (`id`);

--
-- Indexes for table `payment_method_translations`
--
ALTER TABLE `payment_method_translations`
  ADD PRIMARY KEY (`id`),
  ADD UNIQUE KEY `payment_method_translations_payment_id_locale_unique` (`payment_id`,`locale`),
  ADD KEY `payment_method_translations_locale_index` (`locale`);

--
-- Indexes for table `permissions`
--
ALTER TABLE `permissions`
  ADD PRIMARY KEY (`id`),
  ADD UNIQUE KEY `permissions_name_guard_name_unique` (`name`,`guard_name`);

--
-- Indexes for table `personal_access_tokens`
--
ALTER TABLE `personal_access_tokens`
  ADD PRIMARY KEY (`id`),
  ADD UNIQUE KEY `personal_access_tokens_token_unique` (`token`),
  ADD KEY `personal_access_tokens_tokenable_type_tokenable_id_index` (`tokenable_type`,`tokenable_id`);

--
-- Indexes for table `portfolios`
--
ALTER TABLE `portfolios`
  ADD PRIMARY KEY (`id`);

--
-- Indexes for table `portfolios_translations`
--
ALTER TABLE `portfolios_translations`
  ADD PRIMARY KEY (`id`),
  ADD UNIQUE KEY `portfolios_translations_portfolio_id_locale_unique` (`portfolio_id`,`locale`),
  ADD KEY `portfolios_translations_locale_index` (`locale`);

--
-- Indexes for table `portfolio_tags`
--
ALTER TABLE `portfolio_tags`
  ADD PRIMARY KEY (`id`);

--
-- Indexes for table `portfolio_tags_translations`
--
ALTER TABLE `portfolio_tags_translations`
  ADD PRIMARY KEY (`id`),
  ADD UNIQUE KEY `portfolio_tags_translations_tag_id_locale_unique` (`tag_id`,`locale`),
  ADD KEY `portfolio_tags_translations_locale_index` (`locale`);

--
-- Indexes for table `products`
--
ALTER TABLE `products`
  ADD PRIMARY KEY (`id`),
  ADD KEY `products_vendor_id_foreign` (`vendor_id`),
  ADD KEY `products_category_id_foreign` (`category_id`);

--
-- Indexes for table `product_attributes_vales`
--
ALTER TABLE `product_attributes_vales`
  ADD PRIMARY KEY (`id`),
  ADD KEY `product_attributes_vales_variance_id_foreign` (`variance_id`),
  ADD KEY `product_attributes_vales_attribute_value_id_foreign` (`attribute_value_id`);

--
-- Indexes for table `product_attribute_sets`
--
ALTER TABLE `product_attribute_sets`
  ADD PRIMARY KEY (`id`),
  ADD KEY `product_attribute_sets_product_id_foreign` (`product_id`),
  ADD KEY `product_attribute_sets_attribute_id_foreign` (`attribute_id`);

--
-- Indexes for table `product_categories`
--
ALTER TABLE `product_categories`
  ADD PRIMARY KEY (`id`);

--
-- Indexes for table `product_category_translations`
--
ALTER TABLE `product_category_translations`
  ADD PRIMARY KEY (`id`),
  ADD UNIQUE KEY `product_category_translations_category_id_locale_unique` (`category_id`,`locale`),
  ADD KEY `product_category_translations_locale_index` (`locale`);

--
-- Indexes for table `product_tag_pivots`
--
ALTER TABLE `product_tag_pivots`
  ADD PRIMARY KEY (`id`),
  ADD KEY `product_tag_pivots_product_id_foreign` (`product_id`),
  ADD KEY `product_tag_pivots_tag_id_foreign` (`tag_id`);

--
-- Indexes for table `product_translations`
--
ALTER TABLE `product_translations`
  ADD PRIMARY KEY (`id`),
  ADD UNIQUE KEY `product_translations_product_id_locale_unique` (`product_id`,`locale`),
  ADD KEY `product_translations_locale_index` (`locale`);

--
-- Indexes for table `product_variances`
--
ALTER TABLE `product_variances`
  ADD PRIMARY KEY (`id`),
  ADD KEY `product_variances_product_id_foreign` (`product_id`),
  ADD KEY `product_variances_variance_id_foreign` (`variance_id`);

--
-- Indexes for table `projects`
--
ALTER TABLE `projects`
  ADD PRIMARY KEY (`id`),
  ADD KEY `projects_portfolio_id_foreign` (`portfolio_id`);

--
-- Indexes for table `projects_translations`
--
ALTER TABLE `projects_translations`
  ADD PRIMARY KEY (`id`),
  ADD UNIQUE KEY `projects_translations_project_id_locale_unique` (`project_id`,`locale`),
  ADD KEY `projects_translations_locale_index` (`locale`);

--
-- Indexes for table `refers`
--
ALTER TABLE `refers`
  ADD PRIMARY KEY (`id`),
  ADD KEY `refers_account_id_foreign` (`account_id`);

--
-- Indexes for table `refer_refer`
--
ALTER TABLE `refer_refer`
  ADD PRIMARY KEY (`parent_id`,`child_id`),
  ADD KEY `refer_refer_child_id_foreign` (`child_id`);

--
-- Indexes for table `reviews`
--
ALTER TABLE `reviews`
  ADD PRIMARY KEY (`id`),
  ADD KEY `reviews_reviewable_type_reviewable_id_index` (`reviewable_type`,`reviewable_id`);

--
-- Indexes for table `ritestranslations`
--
ALTER TABLE `ritestranslations`
  ADD PRIMARY KEY (`id`),
  ADD UNIQUE KEY `ritestranslations_rites_id_locale_unique` (`rites_id`,`locale`),
  ADD KEY `ritestranslations_locale_index` (`locale`);

--
-- Indexes for table `roles`
--
ALTER TABLE `roles`
  ADD PRIMARY KEY (`id`),
  ADD UNIQUE KEY `roles_name_guard_name_unique` (`name`,`guard_name`);

--
-- Indexes for table `role_has_permissions`
--
ALTER TABLE `role_has_permissions`
  ADD PRIMARY KEY (`permission_id`,`role_id`),
  ADD KEY `role_has_permissions_role_id_foreign` (`role_id`);

--
-- Indexes for table `services`
--
ALTER TABLE `services`
  ADD PRIMARY KEY (`id`);

--
-- Indexes for table `services_translations`
--
ALTER TABLE `services_translations`
  ADD PRIMARY KEY (`id`),
  ADD UNIQUE KEY `services_translations_service_id_locale_unique` (`service_id`,`locale`),
  ADD KEY `services_translations_locale_index` (`locale`);

--
-- Indexes for table `sessions`
--
ALTER TABLE `sessions`
  ADD PRIMARY KEY (`id`),
  ADD KEY `sessions_user_id_index` (`user_id`),
  ADD KEY `sessions_last_activity_index` (`last_activity`);

--
-- Indexes for table `settings`
--
ALTER TABLE `settings`
  ADD PRIMARY KEY (`id`);

--
-- Indexes for table `settings_values`
--
ALTER TABLE `settings_values`
  ADD PRIMARY KEY (`id`),
  ADD KEY `settings_values_setting_id_foreign` (`setting_id`);

--
-- Indexes for table `sliders`
--
ALTER TABLE `sliders`
  ADD PRIMARY KEY (`id`);

--
-- Indexes for table `slider_translations`
--
ALTER TABLE `slider_translations`
  ADD PRIMARY KEY (`id`),
  ADD UNIQUE KEY `slider_translations_slider_id_locale_unique` (`slider_id`,`locale`),
  ADD KEY `slider_translations_locale_index` (`locale`);

--
-- Indexes for table `statuses`
--
ALTER TABLE `statuses`
  ADD PRIMARY KEY (`id`);

--
-- Indexes for table `status_translations`
--
ALTER TABLE `status_translations`
  ADD PRIMARY KEY (`id`),
  ADD UNIQUE KEY `status_translations_status_id_locale_unique` (`status_id`,`locale`),
  ADD KEY `status_translations_locale_index` (`locale`);

--
-- Indexes for table `stores`
--
ALTER TABLE `stores`
  ADD PRIMARY KEY (`id`),
  ADD KEY `stores_account_id_foreign` (`account_id`);

--
-- Indexes for table `store_translations`
--
ALTER TABLE `store_translations`
  ADD PRIMARY KEY (`id`),
  ADD UNIQUE KEY `store_translations_store_id_locale_unique` (`store_id`,`locale`),
  ADD KEY `store_translations_locale_index` (`locale`);

--
-- Indexes for table `subscribes`
--
ALTER TABLE `subscribes`
  ADD PRIMARY KEY (`id`);

--
-- Indexes for table `substitutes`
--
ALTER TABLE `substitutes`
  ADD PRIMARY KEY (`id`);

--
-- Indexes for table `tags`
--
ALTER TABLE `tags`
  ADD PRIMARY KEY (`id`);

--
-- Indexes for table `tag_products`
--
ALTER TABLE `tag_products`
  ADD PRIMARY KEY (`id`);

--
-- Indexes for table `tag_product_translations`
--
ALTER TABLE `tag_product_translations`
  ADD PRIMARY KEY (`id`),
  ADD UNIQUE KEY `tag_product_translations_tag_id_locale_unique` (`tag_id`,`locale`),
  ADD KEY `tag_product_translations_locale_index` (`locale`);

--
-- Indexes for table `tag_projects`
--
ALTER TABLE `tag_projects`
  ADD PRIMARY KEY (`id`);

--
-- Indexes for table `tag_projects_translations`
--
ALTER TABLE `tag_projects_translations`
  ADD PRIMARY KEY (`id`),
  ADD UNIQUE KEY `tag_projects_translations_tag_id_locale_unique` (`tag_id`,`locale`),
  ADD KEY `tag_projects_translations_locale_index` (`locale`);

--
-- Indexes for table `tag_translations`
--
ALTER TABLE `tag_translations`
  ADD PRIMARY KEY (`id`),
  ADD UNIQUE KEY `tag_translations_tag_id_locale_unique` (`tag_id`,`locale`),
  ADD KEY `tag_translations_locale_index` (`locale`);

--
-- Indexes for table `themes`
--
ALTER TABLE `themes`
  ADD PRIMARY KEY (`id`);

--
-- Indexes for table `users`
--
ALTER TABLE `users`
  ADD PRIMARY KEY (`id`),
  ADD UNIQUE KEY `users_email_unique` (`email`);

--
-- Indexes for table `vendors`
--
ALTER TABLE `vendors`
  ADD PRIMARY KEY (`id`),
  ADD KEY `vendors_account_id_foreign` (`account_id`);

--
-- Indexes for table `vendor_translations`
--
ALTER TABLE `vendor_translations`
  ADD PRIMARY KEY (`id`),
  ADD UNIQUE KEY `vendor_translations_vendor_id_locale_unique` (`vendor_id`,`locale`),
  ADD KEY `vendor_translations_locale_index` (`locale`);

--
-- Indexes for table `volunteering_ideas`
--
ALTER TABLE `volunteering_ideas`
  ADD PRIMARY KEY (`id`);

--
-- Indexes for table `volunteers`
--
ALTER TABLE `volunteers`
  ADD PRIMARY KEY (`id`),
  ADD KEY `volunteers_account_id_foreign` (`account_id`);

--
-- Indexes for table `volunteer_pages`
--
ALTER TABLE `volunteer_pages`
  ADD PRIMARY KEY (`id`);

--
-- Indexes for table `volunteer_pages_translations`
--
ALTER TABLE `volunteer_pages_translations`
  ADD PRIMARY KEY (`id`),
  ADD UNIQUE KEY `volunteer_pages_translations_volunteerpage_id_locale_unique` (`VolunteerPage_id`,`locale`),
  ADD KEY `volunteer_pages_translations_locale_index` (`locale`);

--
-- Indexes for table `voluntreer_idea_comments`
--
ALTER TABLE `voluntreer_idea_comments`
  ADD PRIMARY KEY (`id`),
  ADD KEY `voluntreer_idea_comments_idea_id_foreign` (`idea_id`);

--
-- Indexes for table `voluntreer_idea_loves`
--
ALTER TABLE `voluntreer_idea_loves`
  ADD PRIMARY KEY (`id`),
  ADD KEY `voluntreer_idea_loves_idea_id_foreign` (`idea_id`);

--
-- AUTO_INCREMENT for dumped tables
--

--
-- AUTO_INCREMENT for table `accounts`
--
ALTER TABLE `accounts`
  MODIFY `id` bigint UNSIGNED NOT NULL AUTO_INCREMENT, AUTO_INCREMENT=285;

--
-- AUTO_INCREMENT for table `account_types`
--
ALTER TABLE `account_types`
  MODIFY `id` bigint UNSIGNED NOT NULL AUTO_INCREMENT, AUTO_INCREMENT=308;

--
-- AUTO_INCREMENT for table `address_donors`
--
ALTER TABLE `address_donors`
  MODIFY `id` bigint UNSIGNED NOT NULL AUTO_INCREMENT;

--
-- AUTO_INCREMENT for table `ads`
--
ALTER TABLE `ads`
  MODIFY `id` bigint UNSIGNED NOT NULL AUTO_INCREMENT;

--
-- AUTO_INCREMENT for table `app_articles`
--
ALTER TABLE `app_articles`
  MODIFY `id` bigint UNSIGNED NOT NULL AUTO_INCREMENT;

--
-- AUTO_INCREMENT for table `app_articles_translations`
--
ALTER TABLE `app_articles_translations`
  MODIFY `id` bigint UNSIGNED NOT NULL AUTO_INCREMENT;

--
-- AUTO_INCREMENT for table `app_sections`
--
ALTER TABLE `app_sections`
  MODIFY `id` bigint UNSIGNED NOT NULL AUTO_INCREMENT;

--
-- AUTO_INCREMENT for table `app_section_translations`
--
ALTER TABLE `app_section_translations`
  MODIFY `id` bigint UNSIGNED NOT NULL AUTO_INCREMENT;

--
-- AUTO_INCREMENT for table `articler_tag_pivot`
--
ALTER TABLE `articler_tag_pivot`
  MODIFY `id` bigint UNSIGNED NOT NULL AUTO_INCREMENT;

--
-- AUTO_INCREMENT for table `articles`
--
ALTER TABLE `articles`
  MODIFY `id` bigint UNSIGNED NOT NULL AUTO_INCREMENT, AUTO_INCREMENT=801;

--
-- AUTO_INCREMENT for table `article_tags`
--
ALTER TABLE `article_tags`
  MODIFY `id` bigint UNSIGNED NOT NULL AUTO_INCREMENT;

--
-- AUTO_INCREMENT for table `article_translations`
--
ALTER TABLE `article_translations`
  MODIFY `id` bigint UNSIGNED NOT NULL AUTO_INCREMENT, AUTO_INCREMENT=801;

--
-- AUTO_INCREMENT for table `attributes`
--
ALTER TABLE `attributes`
  MODIFY `id` bigint UNSIGNED NOT NULL AUTO_INCREMENT;

--
-- AUTO_INCREMENT for table `attribute_sets`
--
ALTER TABLE `attribute_sets`
  MODIFY `id` bigint UNSIGNED NOT NULL AUTO_INCREMENT;

--
-- AUTO_INCREMENT for table `attribute_set_translations`
--
ALTER TABLE `attribute_set_translations`
  MODIFY `id` bigint UNSIGNED NOT NULL AUTO_INCREMENT;

--
-- AUTO_INCREMENT for table `attribute_translations`
--
ALTER TABLE `attribute_translations`
  MODIFY `id` bigint UNSIGNED NOT NULL AUTO_INCREMENT;

--
-- AUTO_INCREMENT for table `badal_offers`
--
ALTER TABLE `badal_offers`
  MODIFY `id` bigint UNSIGNED NOT NULL AUTO_INCREMENT;

--
-- AUTO_INCREMENT for table `badal_orders`
--
ALTER TABLE `badal_orders`
  MODIFY `id` bigint UNSIGNED NOT NULL AUTO_INCREMENT;

--
-- AUTO_INCREMENT for table `badal_requests`
--
ALTER TABLE `badal_requests`
  MODIFY `id` bigint UNSIGNED NOT NULL AUTO_INCREMENT;

--
-- AUTO_INCREMENT for table `badal_reviews`
--
ALTER TABLE `badal_reviews`
  MODIFY `id` bigint UNSIGNED NOT NULL AUTO_INCREMENT;

--
-- AUTO_INCREMENT for table `badal_rites`
--
ALTER TABLE `badal_rites`
  MODIFY `id` bigint UNSIGNED NOT NULL AUTO_INCREMENT;

--
-- AUTO_INCREMENT for table `badal_rituals`
--
ALTER TABLE `badal_rituals`
  MODIFY `id` bigint UNSIGNED NOT NULL AUTO_INCREMENT;

--
-- AUTO_INCREMENT for table `beneficiaries`
--
ALTER TABLE `beneficiaries`
  MODIFY `id` bigint UNSIGNED NOT NULL AUTO_INCREMENT, AUTO_INCREMENT=9;

--
-- AUTO_INCREMENT for table `carts`
--
ALTER TABLE `carts`
  MODIFY `id` bigint UNSIGNED NOT NULL AUTO_INCREMENT, AUTO_INCREMENT=156;

--
-- AUTO_INCREMENT for table `cashiers`
--
ALTER TABLE `cashiers`
  MODIFY `id` bigint UNSIGNED NOT NULL AUTO_INCREMENT, AUTO_INCREMENT=3;

--
-- AUTO_INCREMENT for table `cashier_category_project`
--
ALTER TABLE `cashier_category_project`
  MODIFY `id` bigint UNSIGNED NOT NULL AUTO_INCREMENT;

--
-- AUTO_INCREMENT for table `cashier_charity_project`
--
ALTER TABLE `cashier_charity_project`
  MODIFY `id` bigint UNSIGNED NOT NULL AUTO_INCREMENT;

--
-- AUTO_INCREMENT for table `categories`
--
ALTER TABLE `categories`
  MODIFY `id` bigint UNSIGNED NOT NULL AUTO_INCREMENT, AUTO_INCREMENT=821;

--
-- AUTO_INCREMENT for table `categories_translations`
--
ALTER TABLE `categories_translations`
  MODIFY `id` bigint UNSIGNED NOT NULL AUTO_INCREMENT, AUTO_INCREMENT=821;

--
-- AUTO_INCREMENT for table `category_projects`
--
ALTER TABLE `category_projects`
  MODIFY `id` bigint UNSIGNED NOT NULL AUTO_INCREMENT, AUTO_INCREMENT=11;

--
-- AUTO_INCREMENT for table `category_projects_translations`
--
ALTER TABLE `category_projects_translations`
  MODIFY `id` bigint UNSIGNED NOT NULL AUTO_INCREMENT, AUTO_INCREMENT=11;

--
-- AUTO_INCREMENT for table `charity_badal_projects`
--
ALTER TABLE `charity_badal_projects`
  MODIFY `id` bigint UNSIGNED NOT NULL AUTO_INCREMENT;

--
-- AUTO_INCREMENT for table `charity_category_projects`
--
ALTER TABLE `charity_category_projects`
  MODIFY `id` bigint UNSIGNED NOT NULL AUTO_INCREMENT, AUTO_INCREMENT=18;

--
-- AUTO_INCREMENT for table `charity_category_sections`
--
ALTER TABLE `charity_category_sections`
  MODIFY `id` bigint UNSIGNED NOT NULL AUTO_INCREMENT;

--
-- AUTO_INCREMENT for table `charity_deceased_projects`
--
ALTER TABLE `charity_deceased_projects`
  MODIFY `id` bigint UNSIGNED NOT NULL AUTO_INCREMENT;

--
-- AUTO_INCREMENT for table `charity_payment_projects`
--
ALTER TABLE `charity_payment_projects`
  MODIFY `id` bigint UNSIGNED NOT NULL AUTO_INCREMENT;

--
-- AUTO_INCREMENT for table `charity_projects`
--
ALTER TABLE `charity_projects`
  MODIFY `id` bigint UNSIGNED NOT NULL AUTO_INCREMENT, AUTO_INCREMENT=7;

--
-- AUTO_INCREMENT for table `charity_project_tags`
--
ALTER TABLE `charity_project_tags`
  MODIFY `id` bigint UNSIGNED NOT NULL AUTO_INCREMENT;

--
-- AUTO_INCREMENT for table `charity_project_translations`
--
ALTER TABLE `charity_project_translations`
  MODIFY `id` bigint UNSIGNED NOT NULL AUTO_INCREMENT, AUTO_INCREMENT=7;

--
-- AUTO_INCREMENT for table `charity_sections`
--
ALTER TABLE `charity_sections`
  MODIFY `id` bigint UNSIGNED NOT NULL AUTO_INCREMENT;

--
-- AUTO_INCREMENT for table `charity_section_translations`
--
ALTER TABLE `charity_section_translations`
  MODIFY `id` bigint UNSIGNED NOT NULL AUTO_INCREMENT;

--
-- AUTO_INCREMENT for table `charity_single_projects`
--
ALTER TABLE `charity_single_projects`
  MODIFY `id` bigint UNSIGNED NOT NULL AUTO_INCREMENT;

--
-- AUTO_INCREMENT for table `charity_single_translations`
--
ALTER TABLE `charity_single_translations`
  MODIFY `id` bigint UNSIGNED NOT NULL AUTO_INCREMENT;

--
-- AUTO_INCREMENT for table `charity_tags`
--
ALTER TABLE `charity_tags`
  MODIFY `id` bigint UNSIGNED NOT NULL AUTO_INCREMENT, AUTO_INCREMENT=201;

--
-- AUTO_INCREMENT for table `charity_tag_translations`
--
ALTER TABLE `charity_tag_translations`
  MODIFY `id` bigint UNSIGNED NOT NULL AUTO_INCREMENT, AUTO_INCREMENT=201;

--
-- AUTO_INCREMENT for table `clients_carts`
--
ALTER TABLE `clients_carts`
  MODIFY `id` bigint UNSIGNED NOT NULL AUTO_INCREMENT;

--
-- AUTO_INCREMENT for table `contact_us`
--
ALTER TABLE `contact_us`
  MODIFY `id` bigint UNSIGNED NOT NULL AUTO_INCREMENT, AUTO_INCREMENT=806;

--
-- AUTO_INCREMENT for table `credit_cards`
--
ALTER TABLE `credit_cards`
  MODIFY `id` bigint UNSIGNED NOT NULL AUTO_INCREMENT, AUTO_INCREMENT=7;

--
-- AUTO_INCREMENT for table `deceases`
--
ALTER TABLE `deceases`
  MODIFY `id` bigint UNSIGNED NOT NULL AUTO_INCREMENT;

--
-- AUTO_INCREMENT for table `donation_settings`
--
ALTER TABLE `donation_settings`
  MODIFY `id` bigint UNSIGNED NOT NULL AUTO_INCREMENT;

--
-- AUTO_INCREMENT for table `donors`
--
ALTER TABLE `donors`
  MODIFY `id` bigint UNSIGNED NOT NULL AUTO_INCREMENT, AUTO_INCREMENT=85;

--
-- AUTO_INCREMENT for table `failed_jobs`
--
ALTER TABLE `failed_jobs`
  MODIFY `id` bigint UNSIGNED NOT NULL AUTO_INCREMENT;

--
-- AUTO_INCREMENT for table `fcm_tokens`
--
ALTER TABLE `fcm_tokens`
  MODIFY `id` bigint UNSIGNED NOT NULL AUTO_INCREMENT;

--
-- AUTO_INCREMENT for table `file_uploads`
--
ALTER TABLE `file_uploads`
  MODIFY `id` bigint UNSIGNED NOT NULL AUTO_INCREMENT, AUTO_INCREMENT=3;

--
-- AUTO_INCREMENT for table `gifts_card_occasions`
--
ALTER TABLE `gifts_card_occasions`
  MODIFY `id` bigint UNSIGNED NOT NULL AUTO_INCREMENT;

--
-- AUTO_INCREMENT for table `gift_cards`
--
ALTER TABLE `gift_cards`
  MODIFY `id` bigint UNSIGNED NOT NULL AUTO_INCREMENT, AUTO_INCREMENT=101;

--
-- AUTO_INCREMENT for table `gift_categories`
--
ALTER TABLE `gift_categories`
  MODIFY `id` bigint UNSIGNED NOT NULL AUTO_INCREMENT, AUTO_INCREMENT=106;

--
-- AUTO_INCREMENT for table `gift_categories_translations`
--
ALTER TABLE `gift_categories_translations`
  MODIFY `id` bigint UNSIGNED NOT NULL AUTO_INCREMENT, AUTO_INCREMENT=106;

--
-- AUTO_INCREMENT for table `gift_occasioins`
--
ALTER TABLE `gift_occasioins`
  MODIFY `id` bigint UNSIGNED NOT NULL AUTO_INCREMENT, AUTO_INCREMENT=101;

--
-- AUTO_INCREMENT for table `gift_occasioins_translations`
--
ALTER TABLE `gift_occasioins_translations`
  MODIFY `id` bigint UNSIGNED NOT NULL AUTO_INCREMENT, AUTO_INCREMENT=101;

--
-- AUTO_INCREMENT for table `givers`
--
ALTER TABLE `givers`
  MODIFY `id` bigint UNSIGNED NOT NULL AUTO_INCREMENT;

--
-- AUTO_INCREMENT for table `home_setting_pages`
--
ALTER TABLE `home_setting_pages`
  MODIFY `id` bigint UNSIGNED NOT NULL AUTO_INCREMENT;

--
-- AUTO_INCREMENT for table `home_setting_page_translations`
--
ALTER TABLE `home_setting_page_translations`
  MODIFY `id` bigint UNSIGNED NOT NULL AUTO_INCREMENT;

--
-- AUTO_INCREMENT for table `images`
--
ALTER TABLE `images`
  MODIFY `id` bigint UNSIGNED NOT NULL AUTO_INCREMENT;

--
-- AUTO_INCREMENT for table `jobs`
--
ALTER TABLE `jobs`
  MODIFY `id` bigint UNSIGNED NOT NULL AUTO_INCREMENT;

--
-- AUTO_INCREMENT for table `login_types`
--
ALTER TABLE `login_types`
  MODIFY `id` bigint UNSIGNED NOT NULL AUTO_INCREMENT, AUTO_INCREMENT=10;

--
-- AUTO_INCREMENT for table `managers`
--
ALTER TABLE `managers`
  MODIFY `id` bigint UNSIGNED NOT NULL AUTO_INCREMENT, AUTO_INCREMENT=4;

--
-- AUTO_INCREMENT for table `manager_refers`
--
ALTER TABLE `manager_refers`
  MODIFY `id` bigint UNSIGNED NOT NULL AUTO_INCREMENT, AUTO_INCREMENT=33;

--
-- AUTO_INCREMENT for table `menues`
--
ALTER TABLE `menues`
  MODIFY `id` bigint UNSIGNED NOT NULL AUTO_INCREMENT, AUTO_INCREMENT=854;

--
-- AUTO_INCREMENT for table `menue_translations`
--
ALTER TABLE `menue_translations`
  MODIFY `id` bigint UNSIGNED NOT NULL AUTO_INCREMENT, AUTO_INCREMENT=854;

--
-- AUTO_INCREMENT for table `migrations`
--
ALTER TABLE `migrations`
  MODIFY `id` int UNSIGNED NOT NULL AUTO_INCREMENT, AUTO_INCREMENT=150;

--
-- AUTO_INCREMENT for table `news`
--
ALTER TABLE `news`
  MODIFY `id` bigint UNSIGNED NOT NULL AUTO_INCREMENT, AUTO_INCREMENT=701;

--
-- AUTO_INCREMENT for table `news_translations`
--
ALTER TABLE `news_translations`
  MODIFY `id` bigint UNSIGNED NOT NULL AUTO_INCREMENT, AUTO_INCREMENT=701;

--
-- AUTO_INCREMENT for table `orders`
--
ALTER TABLE `orders`
  MODIFY `id` bigint UNSIGNED NOT NULL AUTO_INCREMENT, AUTO_INCREMENT=86;

--
-- AUTO_INCREMENT for table `order_details`
--
ALTER TABLE `order_details`
  MODIFY `id` bigint UNSIGNED NOT NULL AUTO_INCREMENT, AUTO_INCREMENT=116;

--
-- AUTO_INCREMENT for table `pages`
--
ALTER TABLE `pages`
  MODIFY `id` bigint UNSIGNED NOT NULL AUTO_INCREMENT, AUTO_INCREMENT=704;

--
-- AUTO_INCREMENT for table `pages_translations`
--
ALTER TABLE `pages_translations`
  MODIFY `id` bigint UNSIGNED NOT NULL AUTO_INCREMENT, AUTO_INCREMENT=704;

--
-- AUTO_INCREMENT for table `payment_banks`
--
ALTER TABLE `payment_banks`
  MODIFY `id` bigint UNSIGNED NOT NULL AUTO_INCREMENT, AUTO_INCREMENT=17;

--
-- AUTO_INCREMENT for table `payment_methods`
--
ALTER TABLE `payment_methods`
  MODIFY `id` bigint UNSIGNED NOT NULL AUTO_INCREMENT, AUTO_INCREMENT=5;

--
-- AUTO_INCREMENT for table `payment_method_translations`
--
ALTER TABLE `payment_method_translations`
  MODIFY `id` bigint UNSIGNED NOT NULL AUTO_INCREMENT, AUTO_INCREMENT=8;

--
-- AUTO_INCREMENT for table `permissions`
--
ALTER TABLE `permissions`
  MODIFY `id` bigint UNSIGNED NOT NULL AUTO_INCREMENT, AUTO_INCREMENT=519;

--
-- AUTO_INCREMENT for table `personal_access_tokens`
--
ALTER TABLE `personal_access_tokens`
  MODIFY `id` bigint UNSIGNED NOT NULL AUTO_INCREMENT;

--
-- AUTO_INCREMENT for table `portfolios`
--
ALTER TABLE `portfolios`
  MODIFY `id` bigint UNSIGNED NOT NULL AUTO_INCREMENT, AUTO_INCREMENT=401;

--
-- AUTO_INCREMENT for table `portfolios_translations`
--
ALTER TABLE `portfolios_translations`
  MODIFY `id` bigint UNSIGNED NOT NULL AUTO_INCREMENT, AUTO_INCREMENT=401;

--
-- AUTO_INCREMENT for table `portfolio_tags`
--
ALTER TABLE `portfolio_tags`
  MODIFY `id` bigint UNSIGNED NOT NULL AUTO_INCREMENT, AUTO_INCREMENT=401;

--
-- AUTO_INCREMENT for table `portfolio_tags_translations`
--
ALTER TABLE `portfolio_tags_translations`
  MODIFY `id` bigint UNSIGNED NOT NULL AUTO_INCREMENT, AUTO_INCREMENT=401;

--
-- AUTO_INCREMENT for table `products`
--
ALTER TABLE `products`
  MODIFY `id` bigint UNSIGNED NOT NULL AUTO_INCREMENT;

--
-- AUTO_INCREMENT for table `product_attributes_vales`
--
ALTER TABLE `product_attributes_vales`
  MODIFY `id` bigint UNSIGNED NOT NULL AUTO_INCREMENT;

--
-- AUTO_INCREMENT for table `product_attribute_sets`
--
ALTER TABLE `product_attribute_sets`
  MODIFY `id` bigint UNSIGNED NOT NULL AUTO_INCREMENT;

--
-- AUTO_INCREMENT for table `product_categories`
--
ALTER TABLE `product_categories`
  MODIFY `id` bigint UNSIGNED NOT NULL AUTO_INCREMENT;

--
-- AUTO_INCREMENT for table `product_category_translations`
--
ALTER TABLE `product_category_translations`
  MODIFY `id` bigint UNSIGNED NOT NULL AUTO_INCREMENT;

--
-- AUTO_INCREMENT for table `product_tag_pivots`
--
ALTER TABLE `product_tag_pivots`
  MODIFY `id` bigint UNSIGNED NOT NULL AUTO_INCREMENT;

--
-- AUTO_INCREMENT for table `product_translations`
--
ALTER TABLE `product_translations`
  MODIFY `id` bigint UNSIGNED NOT NULL AUTO_INCREMENT;

--
-- AUTO_INCREMENT for table `product_variances`
--
ALTER TABLE `product_variances`
  MODIFY `id` bigint UNSIGNED NOT NULL AUTO_INCREMENT;

--
-- AUTO_INCREMENT for table `projects`
--
ALTER TABLE `projects`
  MODIFY `id` bigint UNSIGNED NOT NULL AUTO_INCREMENT;

--
-- AUTO_INCREMENT for table `projects_translations`
--
ALTER TABLE `projects_translations`
  MODIFY `id` bigint UNSIGNED NOT NULL AUTO_INCREMENT;

--
-- AUTO_INCREMENT for table `refers`
--
ALTER TABLE `refers`
  MODIFY `id` bigint UNSIGNED NOT NULL AUTO_INCREMENT, AUTO_INCREMENT=209;

--
-- AUTO_INCREMENT for table `reviews`
--
ALTER TABLE `reviews`
  MODIFY `id` bigint UNSIGNED NOT NULL AUTO_INCREMENT;

--
-- AUTO_INCREMENT for table `ritestranslations`
--
ALTER TABLE `ritestranslations`
  MODIFY `id` bigint UNSIGNED NOT NULL AUTO_INCREMENT;

--
-- AUTO_INCREMENT for table `roles`
--
ALTER TABLE `roles`
  MODIFY `id` bigint UNSIGNED NOT NULL AUTO_INCREMENT, AUTO_INCREMENT=2;

--
-- AUTO_INCREMENT for table `services`
--
ALTER TABLE `services`
  MODIFY `id` bigint UNSIGNED NOT NULL AUTO_INCREMENT, AUTO_INCREMENT=801;

--
-- AUTO_INCREMENT for table `services_translations`
--
ALTER TABLE `services_translations`
  MODIFY `id` bigint UNSIGNED NOT NULL AUTO_INCREMENT, AUTO_INCREMENT=801;

--
-- AUTO_INCREMENT for table `settings`
--
ALTER TABLE `settings`
  MODIFY `id` bigint UNSIGNED NOT NULL AUTO_INCREMENT, AUTO_INCREMENT=25;

--
-- AUTO_INCREMENT for table `settings_values`
--
ALTER TABLE `settings_values`
  MODIFY `id` bigint UNSIGNED NOT NULL AUTO_INCREMENT, AUTO_INCREMENT=182;

--
-- AUTO_INCREMENT for table `sliders`
--
ALTER TABLE `sliders`
  MODIFY `id` bigint UNSIGNED NOT NULL AUTO_INCREMENT, AUTO_INCREMENT=705;

--
-- AUTO_INCREMENT for table `slider_translations`
--
ALTER TABLE `slider_translations`
  MODIFY `id` bigint UNSIGNED NOT NULL AUTO_INCREMENT, AUTO_INCREMENT=705;

--
-- AUTO_INCREMENT for table `statuses`
--
ALTER TABLE `statuses`
  MODIFY `id` bigint UNSIGNED NOT NULL AUTO_INCREMENT;

--
-- AUTO_INCREMENT for table `status_translations`
--
ALTER TABLE `status_translations`
  MODIFY `id` bigint UNSIGNED NOT NULL AUTO_INCREMENT;

--
-- AUTO_INCREMENT for table `stores`
--
ALTER TABLE `stores`
  MODIFY `id` bigint UNSIGNED NOT NULL AUTO_INCREMENT;

--
-- AUTO_INCREMENT for table `store_translations`
--
ALTER TABLE `store_translations`
  MODIFY `id` bigint UNSIGNED NOT NULL AUTO_INCREMENT;

--
-- AUTO_INCREMENT for table `subscribes`
--
ALTER TABLE `subscribes`
  MODIFY `id` bigint UNSIGNED NOT NULL AUTO_INCREMENT;

--
-- AUTO_INCREMENT for table `substitutes`
--
ALTER TABLE `substitutes`
  MODIFY `id` bigint UNSIGNED NOT NULL AUTO_INCREMENT;

--
-- AUTO_INCREMENT for table `tags`
--
ALTER TABLE `tags`
  MODIFY `id` bigint UNSIGNED NOT NULL AUTO_INCREMENT, AUTO_INCREMENT=401;

--
-- AUTO_INCREMENT for table `tag_products`
--
ALTER TABLE `tag_products`
  MODIFY `id` bigint UNSIGNED NOT NULL AUTO_INCREMENT;

--
-- AUTO_INCREMENT for table `tag_product_translations`
--
ALTER TABLE `tag_product_translations`
  MODIFY `id` bigint UNSIGNED NOT NULL AUTO_INCREMENT;

--
-- AUTO_INCREMENT for table `tag_projects`
--
ALTER TABLE `tag_projects`
  MODIFY `id` bigint UNSIGNED NOT NULL AUTO_INCREMENT;

--
-- AUTO_INCREMENT for table `tag_projects_translations`
--
ALTER TABLE `tag_projects_translations`
  MODIFY `id` bigint UNSIGNED NOT NULL AUTO_INCREMENT;

--
-- AUTO_INCREMENT for table `tag_translations`
--
ALTER TABLE `tag_translations`
  MODIFY `id` bigint UNSIGNED NOT NULL AUTO_INCREMENT, AUTO_INCREMENT=401;

--
-- AUTO_INCREMENT for table `themes`
--
ALTER TABLE `themes`
  MODIFY `id` bigint UNSIGNED NOT NULL AUTO_INCREMENT, AUTO_INCREMENT=3;

--
-- AUTO_INCREMENT for table `users`
--
ALTER TABLE `users`
  MODIFY `id` bigint UNSIGNED NOT NULL AUTO_INCREMENT;

--
-- AUTO_INCREMENT for table `vendors`
--
ALTER TABLE `vendors`
  MODIFY `id` bigint UNSIGNED NOT NULL AUTO_INCREMENT;

--
-- AUTO_INCREMENT for table `vendor_translations`
--
ALTER TABLE `vendor_translations`
  MODIFY `id` bigint UNSIGNED NOT NULL AUTO_INCREMENT;

--
-- AUTO_INCREMENT for table `volunteering_ideas`
--
ALTER TABLE `volunteering_ideas`
  MODIFY `id` bigint UNSIGNED NOT NULL AUTO_INCREMENT;

--
-- AUTO_INCREMENT for table `volunteers`
--
ALTER TABLE `volunteers`
  MODIFY `id` bigint UNSIGNED NOT NULL AUTO_INCREMENT, AUTO_INCREMENT=11;

--
-- AUTO_INCREMENT for table `volunteer_pages`
--
ALTER TABLE `volunteer_pages`
  MODIFY `id` bigint UNSIGNED NOT NULL AUTO_INCREMENT;

--
-- AUTO_INCREMENT for table `volunteer_pages_translations`
--
ALTER TABLE `volunteer_pages_translations`
  MODIFY `id` bigint UNSIGNED NOT NULL AUTO_INCREMENT;

--
-- AUTO_INCREMENT for table `voluntreer_idea_comments`
--
ALTER TABLE `voluntreer_idea_comments`
  MODIFY `id` bigint UNSIGNED NOT NULL AUTO_INCREMENT;

--
-- AUTO_INCREMENT for table `voluntreer_idea_loves`
--
ALTER TABLE `voluntreer_idea_loves`
  MODIFY `id` bigint UNSIGNED NOT NULL AUTO_INCREMENT;

-- --------------------------------------------------------

--
-- Structure for view `order_view`
--
DROP TABLE IF EXISTS `order_view`;

CREATE ALGORITHM=UNDEFINED DEFINER=`root`@`localhost` SQL SECURITY DEFINER VIEW `order_view`  AS SELECT `ord`.`id` AS `id`, `ord`.`identifier` AS `identifier`, `ord`.`total` AS `total`, `ord`.`quantity` AS `quantity`, `ord`.`source` AS `source`, `ord`.`donor_id` AS `donor_id`, `ord`.`refer_id` AS `refer_id`, `ord`.`status_id` AS `status_id`, `ord`.`payment_method_id` AS `payment_method_id`, `ord`.`payment_proof` AS `payment_proof`, `ord`.`bank_id` AS `bank_id`, `ord`.`banktransferproof` AS `banktransferproof`, `ord`.`API_status` AS `API_status`, `ord`.`API_odoo` AS `API_odoo`, `ord`.`is_notified` AS `is_notified`, `ord`.`status` AS `status`, `ord`.`deleted_at` AS `deleted_at`, `ord`.`created_at` AS `created_at`, `ord`.`updated_at` AS `updated_at`, `donors`.`full_name` AS `full_name`, `donors`.`mobile` AS `donor_mobile`, `donors`.`account_id` AS `account_id`, (select `accounts`.`email` from `accounts` where (`donors`.`account_id` = `accounts`.`id`)) AS `donor_email`, (select `payment_method_translations`.`title` from `payment_method_translations` where ((`payment_method_translations`.`locale` = 'en') and (`payment_method_translations`.`payment_id` = `ord`.`payment_method_id`)) limit 1) AS `payment_method_en`, (select `payment_method_translations`.`title` from `payment_method_translations` where ((`payment_method_translations`.`locale` = 'ar') and (`payment_method_translations`.`payment_id` = `ord`.`payment_method_id`)) limit 1) AS `payment_method_ar`, (select `refers`.`name` from `refers` where (`refers`.`id` = `ord`.`refer_id`) limit 1) AS `refer`, (select `status_translations`.`title` from `status_translations` where ((`status_translations`.`locale` = 'en') and (`status_translations`.`status_id` = `ord`.`status_id`)) limit 1) AS `status_en`, (select `status_translations`.`title` from `status_translations` where ((`status_translations`.`locale` = 'ar') and (`status_translations`.`status_id` = `ord`.`status_id`)) limit 1) AS `status_ar` FROM (`orders` `ord` join `donors` on((`ord`.`donor_id` = `donors`.`id`))) ;

--
-- Constraints for dumped tables
--

--
-- Constraints for table `account_types`
--
ALTER TABLE `account_types`
  ADD CONSTRAINT `account_types_account_id_foreign` FOREIGN KEY (`account_id`) REFERENCES `accounts` (`id`) ON DELETE CASCADE,
  ADD CONSTRAINT `account_types_type_id_foreign` FOREIGN KEY (`type_id`) REFERENCES `login_types` (`id`) ON DELETE CASCADE;

--
-- Constraints for table `address_donors`
--
ALTER TABLE `address_donors`
  ADD CONSTRAINT `address_donors_doner_id_foreign` FOREIGN KEY (`doner_id`) REFERENCES `donors` (`id`) ON DELETE CASCADE;

--
-- Constraints for table `app_articles`
--
ALTER TABLE `app_articles`
  ADD CONSTRAINT `app_articles_section_id_foreign` FOREIGN KEY (`section_id`) REFERENCES `app_sections` (`id`) ON DELETE CASCADE;

--
-- Constraints for table `app_articles_translations`
--
ALTER TABLE `app_articles_translations`
  ADD CONSTRAINT `app_articles_translations_article_id_foreign` FOREIGN KEY (`article_id`) REFERENCES `app_sections` (`id`) ON DELETE CASCADE;

--
-- Constraints for table `app_section_translations`
--
ALTER TABLE `app_section_translations`
  ADD CONSTRAINT `app_section_translations_section_id_foreign` FOREIGN KEY (`section_id`) REFERENCES `app_sections` (`id`) ON DELETE CASCADE;

--
-- Constraints for table `articles`
--
ALTER TABLE `articles`
  ADD CONSTRAINT `articles_category_id_foreign` FOREIGN KEY (`category_id`) REFERENCES `categories` (`id`) ON DELETE CASCADE;

--
-- Constraints for table `article_tags`
--
ALTER TABLE `article_tags`
  ADD CONSTRAINT `article_tags_article_id_foreign` FOREIGN KEY (`article_id`) REFERENCES `articles` (`id`) ON DELETE CASCADE,
  ADD CONSTRAINT `article_tags_tag_id_foreign` FOREIGN KEY (`tag_id`) REFERENCES `tags` (`id`) ON DELETE CASCADE;

--
-- Constraints for table `article_translations`
--
ALTER TABLE `article_translations`
  ADD CONSTRAINT `article_translations_article_id_foreign` FOREIGN KEY (`article_id`) REFERENCES `articles` (`id`) ON DELETE CASCADE;

--
-- Constraints for table `attributes`
--
ALTER TABLE `attributes`
  ADD CONSTRAINT `attributes_attribute_set_id_foreign` FOREIGN KEY (`attribute_set_id`) REFERENCES `attribute_sets` (`id`) ON DELETE CASCADE;

--
-- Constraints for table `attribute_set_translations`
--
ALTER TABLE `attribute_set_translations`
  ADD CONSTRAINT `attribute_set_translations_attributeset_id_foreign` FOREIGN KEY (`attributeSet_id`) REFERENCES `attribute_sets` (`id`) ON DELETE CASCADE;

--
-- Constraints for table `attribute_translations`
--
ALTER TABLE `attribute_translations`
  ADD CONSTRAINT `attribute_translations_attribute_id_foreign` FOREIGN KEY (`attribute_id`) REFERENCES `attributes` (`id`) ON DELETE CASCADE;

--
-- Constraints for table `badal_offers`
--
ALTER TABLE `badal_offers`
  ADD CONSTRAINT `badal_offers_badal_project_id_foreign` FOREIGN KEY (`badal_project_id`) REFERENCES `charity_badal_projects` (`id`) ON DELETE CASCADE,
  ADD CONSTRAINT `badal_offers_substitute_id_foreign` FOREIGN KEY (`substitute_id`) REFERENCES `substitutes` (`id`) ON DELETE CASCADE;

--
-- Constraints for table `badal_orders`
--
ALTER TABLE `badal_orders`
  ADD CONSTRAINT `badal_orders_offer_id_foreign` FOREIGN KEY (`offer_id`) REFERENCES `badal_offers` (`id`) ON DELETE CASCADE,
  ADD CONSTRAINT `badal_orders_order_id_foreign` FOREIGN KEY (`order_id`) REFERENCES `orders` (`id`) ON DELETE CASCADE,
  ADD CONSTRAINT `badal_orders_project_id_foreign` FOREIGN KEY (`project_id`) REFERENCES `charity_projects` (`id`) ON DELETE CASCADE,
  ADD CONSTRAINT `badal_orders_substitute_id_foreign` FOREIGN KEY (`substitute_id`) REFERENCES `substitutes` (`id`) ON DELETE CASCADE;

--
-- Constraints for table `badal_requests`
--
ALTER TABLE `badal_requests`
  ADD CONSTRAINT `badal_requests_badal_id_foreign` FOREIGN KEY (`badal_id`) REFERENCES `badal_orders` (`id`) ON DELETE CASCADE,
  ADD CONSTRAINT `badal_requests_substitute_id_foreign` FOREIGN KEY (`substitute_id`) REFERENCES `substitutes` (`id`) ON DELETE CASCADE;

--
-- Constraints for table `badal_reviews`
--
ALTER TABLE `badal_reviews`
  ADD CONSTRAINT `badal_reviews_badal_id_foreign` FOREIGN KEY (`badal_id`) REFERENCES `badal_orders` (`id`) ON DELETE CASCADE;

--
-- Constraints for table `badal_rites`
--
ALTER TABLE `badal_rites`
  ADD CONSTRAINT `badal_rites_project_id_foreign` FOREIGN KEY (`project_id`) REFERENCES `charity_projects` (`id`) ON DELETE CASCADE;

--
-- Constraints for table `badal_rituals`
--
ALTER TABLE `badal_rituals`
  ADD CONSTRAINT `badal_rituals_order_id_foreign` FOREIGN KEY (`order_id`) REFERENCES `orders` (`id`) ON DELETE CASCADE,
  ADD CONSTRAINT `badal_rituals_project_id_foreign` FOREIGN KEY (`project_id`) REFERENCES `charity_projects` (`id`) ON DELETE CASCADE,
  ADD CONSTRAINT `badal_rituals_rite_id_foreign` FOREIGN KEY (`rite_id`) REFERENCES `badal_rites` (`id`) ON DELETE CASCADE,
  ADD CONSTRAINT `badal_rituals_substitute_id_foreign` FOREIGN KEY (`substitute_id`) REFERENCES `substitutes` (`id`) ON DELETE CASCADE;

--
-- Constraints for table `beneficiaries`
--
ALTER TABLE `beneficiaries`
  ADD CONSTRAINT `beneficiaries_account_id_foreign` FOREIGN KEY (`account_id`) REFERENCES `accounts` (`id`) ON DELETE CASCADE;

--
-- Constraints for table `carts`
--
ALTER TABLE `carts`
  ADD CONSTRAINT `carts_donor_id_foreign` FOREIGN KEY (`donor_id`) REFERENCES `donors` (`id`) ON DELETE CASCADE,
  ADD CONSTRAINT `carts_vendor_id_foreign` FOREIGN KEY (`vendor_id`) REFERENCES `vendors` (`id`) ON DELETE CASCADE;

--
-- Constraints for table `cashiers`
--
ALTER TABLE `cashiers`
  ADD CONSTRAINT `cashiers_account_id_foreign` FOREIGN KEY (`account_id`) REFERENCES `accounts` (`id`) ON DELETE SET NULL;

--
-- Constraints for table `cashier_category_project`
--
ALTER TABLE `cashier_category_project`
  ADD CONSTRAINT `cashier_category_project_cashier_id_foreign` FOREIGN KEY (`cashier_id`) REFERENCES `cashiers` (`id`) ON DELETE CASCADE,
  ADD CONSTRAINT `cashier_category_project_category_project_id_foreign` FOREIGN KEY (`category_project_id`) REFERENCES `category_projects` (`id`) ON DELETE CASCADE;

--
-- Constraints for table `cashier_charity_project`
--
ALTER TABLE `cashier_charity_project`
  ADD CONSTRAINT `cashier_charity_project_cashier_id_foreign` FOREIGN KEY (`cashier_id`) REFERENCES `cashiers` (`id`) ON DELETE CASCADE,
  ADD CONSTRAINT `cashier_charity_project_charity_project_id_foreign` FOREIGN KEY (`charity_project_id`) REFERENCES `charity_projects` (`id`) ON DELETE CASCADE;

--
-- Constraints for table `categories`
--
ALTER TABLE `categories`
  ADD CONSTRAINT `categories_parent_id_foreign` FOREIGN KEY (`parent_id`) REFERENCES `categories` (`id`) ON DELETE CASCADE;

--
-- Constraints for table `categories_translations`
--
ALTER TABLE `categories_translations`
  ADD CONSTRAINT `categories_translations_category_id_foreign` FOREIGN KEY (`category_id`) REFERENCES `categories` (`id`) ON DELETE CASCADE;

--
-- Constraints for table `category_projects_translations`
--
ALTER TABLE `category_projects_translations`
  ADD CONSTRAINT `category_projects_translations_category_id_foreign` FOREIGN KEY (`category_id`) REFERENCES `category_projects` (`id`) ON DELETE CASCADE;

--
-- Constraints for table `charity_badal_projects`
--
ALTER TABLE `charity_badal_projects`
  ADD CONSTRAINT `charity_badal_projects_project_id_foreign` FOREIGN KEY (`project_id`) REFERENCES `charity_projects` (`id`) ON DELETE CASCADE;

--
-- Constraints for table `charity_category_projects`
--
ALTER TABLE `charity_category_projects`
  ADD CONSTRAINT `charity_category_projects_category_id_foreign` FOREIGN KEY (`category_id`) REFERENCES `category_projects` (`id`) ON DELETE CASCADE,
  ADD CONSTRAINT `charity_category_projects_project_id_foreign` FOREIGN KEY (`project_id`) REFERENCES `charity_projects` (`id`) ON DELETE CASCADE;

--
-- Constraints for table `charity_category_sections`
--
ALTER TABLE `charity_category_sections`
  ADD CONSTRAINT `charity_category_sections_category_id_foreign` FOREIGN KEY (`category_id`) REFERENCES `category_projects` (`id`) ON DELETE CASCADE,
  ADD CONSTRAINT `charity_category_sections_section_id_foreign` FOREIGN KEY (`section_id`) REFERENCES `charity_sections` (`id`) ON DELETE CASCADE;

--
-- Constraints for table `charity_deceased_projects`
--
ALTER TABLE `charity_deceased_projects`
  ADD CONSTRAINT `charity_deceased_projects_project_id_foreign` FOREIGN KEY (`project_id`) REFERENCES `charity_projects` (`id`) ON DELETE CASCADE;

--
-- Constraints for table `charity_payment_projects`
--
ALTER TABLE `charity_payment_projects`
  ADD CONSTRAINT `charity_payment_projects_payment_id_foreign` FOREIGN KEY (`payment_id`) REFERENCES `payment_methods` (`id`) ON DELETE CASCADE,
  ADD CONSTRAINT `charity_payment_projects_project_id_foreign` FOREIGN KEY (`project_id`) REFERENCES `charity_projects` (`id`) ON DELETE CASCADE;

--
-- Constraints for table `charity_projects`
--
ALTER TABLE `charity_projects`
  ADD CONSTRAINT `charity_projects_category_id_foreign` FOREIGN KEY (`category_id`) REFERENCES `category_projects` (`id`) ON DELETE CASCADE;

--
-- Constraints for table `charity_project_tags`
--
ALTER TABLE `charity_project_tags`
  ADD CONSTRAINT `charity_project_tags_project_id_foreign` FOREIGN KEY (`project_id`) REFERENCES `charity_projects` (`id`) ON DELETE CASCADE,
  ADD CONSTRAINT `charity_project_tags_tag_id_foreign` FOREIGN KEY (`tag_id`) REFERENCES `charity_tags` (`id`) ON DELETE CASCADE;

--
-- Constraints for table `charity_project_translations`
--
ALTER TABLE `charity_project_translations`
  ADD CONSTRAINT `charity_project_translations_project_id_foreign` FOREIGN KEY (`project_id`) REFERENCES `charity_projects` (`id`) ON DELETE CASCADE;

--
-- Constraints for table `charity_section_translations`
--
ALTER TABLE `charity_section_translations`
  ADD CONSTRAINT `charity_section_translations_section_id_foreign` FOREIGN KEY (`section_id`) REFERENCES `charity_sections` (`id`) ON DELETE CASCADE;

--
-- Constraints for table `charity_single_projects`
--
ALTER TABLE `charity_single_projects`
  ADD CONSTRAINT `charity_single_projects_project_id_foreign` FOREIGN KEY (`project_id`) REFERENCES `charity_projects` (`id`) ON DELETE CASCADE;

--
-- Constraints for table `charity_single_translations`
--
ALTER TABLE `charity_single_translations`
  ADD CONSTRAINT `charity_single_translations_single_id_foreign` FOREIGN KEY (`single_id`) REFERENCES `charity_single_projects` (`id`) ON DELETE CASCADE;

--
-- Constraints for table `charity_tag_translations`
--
ALTER TABLE `charity_tag_translations`
  ADD CONSTRAINT `charity_tag_translations_tag_id_foreign` FOREIGN KEY (`tag_id`) REFERENCES `charity_tags` (`id`) ON DELETE CASCADE;

--
-- Constraints for table `clients_carts`
--
ALTER TABLE `clients_carts`
  ADD CONSTRAINT `clients_carts_cart_id_foreign` FOREIGN KEY (`cart_id`) REFERENCES `carts` (`id`) ON DELETE CASCADE,
  ADD CONSTRAINT `clients_carts_donor_id_foreign` FOREIGN KEY (`donor_id`) REFERENCES `donors` (`id`) ON DELETE CASCADE;

--
-- Constraints for table `credit_cards`
--
ALTER TABLE `credit_cards`
  ADD CONSTRAINT `credit_cards_donor_id_foreign` FOREIGN KEY (`donor_id`) REFERENCES `donors` (`id`) ON DELETE CASCADE;

--
-- Constraints for table `deceases`
--
ALTER TABLE `deceases`
  ADD CONSTRAINT `deceases_project_id_foreign` FOREIGN KEY (`project_id`) REFERENCES `charity_projects` (`id`) ON DELETE CASCADE;

--
-- Constraints for table `donors`
--
ALTER TABLE `donors`
  ADD CONSTRAINT `donors_account_id_foreign` FOREIGN KEY (`account_id`) REFERENCES `accounts` (`id`) ON DELETE CASCADE,
  ADD CONSTRAINT `donors_refer_id_foreign` FOREIGN KEY (`refer_id`) REFERENCES `refers` (`id`) ON DELETE CASCADE;

--
-- Constraints for table `gifts_card_occasions`
--
ALTER TABLE `gifts_card_occasions`
  ADD CONSTRAINT `gifts_card_occasions_card_id_foreign` FOREIGN KEY (`card_id`) REFERENCES `gift_cards` (`id`) ON DELETE CASCADE,
  ADD CONSTRAINT `gifts_card_occasions_occasioin_id_foreign` FOREIGN KEY (`occasioin_id`) REFERENCES `gift_occasioins` (`id`) ON DELETE CASCADE;

--
-- Constraints for table `gift_cards`
--
ALTER TABLE `gift_cards`
  ADD CONSTRAINT `gift_cards_category_id_foreign` FOREIGN KEY (`category_id`) REFERENCES `gift_categories` (`id`) ON DELETE CASCADE;

--
-- Constraints for table `gift_categories_translations`
--
ALTER TABLE `gift_categories_translations`
  ADD CONSTRAINT `gift_categories_translations_category_id_foreign` FOREIGN KEY (`category_id`) REFERENCES `gift_categories` (`id`) ON DELETE CASCADE;

--
-- Constraints for table `gift_occasioins_translations`
--
ALTER TABLE `gift_occasioins_translations`
  ADD CONSTRAINT `gift_occasioins_translations_occasioin_id_foreign` FOREIGN KEY (`occasioin_id`) REFERENCES `gift_occasioins` (`id`) ON DELETE CASCADE;

--
-- Constraints for table `givers`
--
ALTER TABLE `givers`
  ADD CONSTRAINT `givers_category_id_foreign` FOREIGN KEY (`category_id`) REFERENCES `gift_categories` (`id`) ON DELETE CASCADE,
  ADD CONSTRAINT `givers_occasioin_id_foreign` FOREIGN KEY (`occasioin_id`) REFERENCES `gift_occasioins` (`id`) ON DELETE CASCADE,
  ADD CONSTRAINT `givers_order_id_foreign` FOREIGN KEY (`order_id`) REFERENCES `order_details` (`id`) ON DELETE CASCADE;

--
-- Constraints for table `home_setting_page_translations`
--
ALTER TABLE `home_setting_page_translations`
  ADD CONSTRAINT `home_setting_page_translations_home_setting_id_foreign` FOREIGN KEY (`home_setting_id`) REFERENCES `home_setting_pages` (`id`) ON DELETE CASCADE;

--
-- Constraints for table `managers`
--
ALTER TABLE `managers`
  ADD CONSTRAINT `managers_account_id_foreign` FOREIGN KEY (`account_id`) REFERENCES `accounts` (`id`) ON DELETE CASCADE;

--
-- Constraints for table `manager_refers`
--
ALTER TABLE `manager_refers`
  ADD CONSTRAINT `manager_refers_manager_id_foreign` FOREIGN KEY (`manager_id`) REFERENCES `managers` (`id`) ON DELETE CASCADE,
  ADD CONSTRAINT `manager_refers_refer_id_foreign` FOREIGN KEY (`refer_id`) REFERENCES `refers` (`id`) ON DELETE CASCADE;

--
-- Constraints for table `menues`
--
ALTER TABLE `menues`
  ADD CONSTRAINT `menues_parent_id_foreign` FOREIGN KEY (`parent_id`) REFERENCES `menues` (`id`) ON DELETE CASCADE;

--
-- Constraints for table `menue_translations`
--
ALTER TABLE `menue_translations`
  ADD CONSTRAINT `menue_translations_menue_id_foreign` FOREIGN KEY (`menue_id`) REFERENCES `menues` (`id`) ON DELETE CASCADE;

--
-- Constraints for table `model_has_permissions`
--
ALTER TABLE `model_has_permissions`
  ADD CONSTRAINT `model_has_permissions_permission_id_foreign` FOREIGN KEY (`permission_id`) REFERENCES `permissions` (`id`) ON DELETE CASCADE;

--
-- Constraints for table `model_has_roles`
--
ALTER TABLE `model_has_roles`
  ADD CONSTRAINT `model_has_roles_role_id_foreign` FOREIGN KEY (`role_id`) REFERENCES `roles` (`id`) ON DELETE CASCADE;

--
-- Constraints for table `news_translations`
--
ALTER TABLE `news_translations`
  ADD CONSTRAINT `news_translations_news_id_foreign` FOREIGN KEY (`news_id`) REFERENCES `news` (`id`) ON DELETE CASCADE;

--
-- Constraints for table `orders`
--
ALTER TABLE `orders`
  ADD CONSTRAINT `orders_donor_id_foreign` FOREIGN KEY (`donor_id`) REFERENCES `donors` (`id`) ON DELETE CASCADE,
  ADD CONSTRAINT `orders_payment_method_id_foreign` FOREIGN KEY (`payment_method_id`) REFERENCES `payment_methods` (`id`) ON DELETE CASCADE,
  ADD CONSTRAINT `orders_refer_id_foreign` FOREIGN KEY (`refer_id`) REFERENCES `refers` (`id`) ON DELETE CASCADE,
  ADD CONSTRAINT `orders_status_id_foreign` FOREIGN KEY (`status_id`) REFERENCES `statuses` (`id`) ON DELETE CASCADE;

--
-- Constraints for table `order_details`
--
ALTER TABLE `order_details`
  ADD CONSTRAINT `order_details_order_id_foreign` FOREIGN KEY (`order_id`) REFERENCES `orders` (`id`) ON DELETE CASCADE,
  ADD CONSTRAINT `order_details_vendor_id_foreign` FOREIGN KEY (`vendor_id`) REFERENCES `vendors` (`id`) ON DELETE CASCADE;

--
-- Constraints for table `pages_translations`
--
ALTER TABLE `pages_translations`
  ADD CONSTRAINT `pages_translations_page_id_foreign` FOREIGN KEY (`page_id`) REFERENCES `pages` (`id`) ON DELETE CASCADE;

--
-- Constraints for table `payment_banks`
--
ALTER TABLE `payment_banks`
  ADD CONSTRAINT `payment_banks_payment_method_id_foreign` FOREIGN KEY (`payment_method_id`) REFERENCES `payment_methods` (`id`) ON DELETE CASCADE;

--
-- Constraints for table `payment_method_translations`
--
ALTER TABLE `payment_method_translations`
  ADD CONSTRAINT `payment_method_translations_payment_id_foreign` FOREIGN KEY (`payment_id`) REFERENCES `payment_methods` (`id`) ON DELETE CASCADE;

--
-- Constraints for table `portfolios_translations`
--
ALTER TABLE `portfolios_translations`
  ADD CONSTRAINT `portfolios_translations_portfolio_id_foreign` FOREIGN KEY (`portfolio_id`) REFERENCES `portfolios` (`id`) ON DELETE CASCADE;

--
-- Constraints for table `portfolio_tags_translations`
--
ALTER TABLE `portfolio_tags_translations`
  ADD CONSTRAINT `portfolio_tags_translations_tag_id_foreign` FOREIGN KEY (`tag_id`) REFERENCES `portfolio_tags` (`id`) ON DELETE CASCADE;

--
-- Constraints for table `products`
--
ALTER TABLE `products`
  ADD CONSTRAINT `products_category_id_foreign` FOREIGN KEY (`category_id`) REFERENCES `product_categories` (`id`) ON DELETE CASCADE,
  ADD CONSTRAINT `products_vendor_id_foreign` FOREIGN KEY (`vendor_id`) REFERENCES `vendors` (`id`) ON DELETE CASCADE;

--
-- Constraints for table `product_attributes_vales`
--
ALTER TABLE `product_attributes_vales`
  ADD CONSTRAINT `product_attributes_vales_attribute_value_id_foreign` FOREIGN KEY (`attribute_value_id`) REFERENCES `attributes` (`id`) ON DELETE CASCADE,
  ADD CONSTRAINT `product_attributes_vales_variance_id_foreign` FOREIGN KEY (`variance_id`) REFERENCES `product_variances` (`id`) ON DELETE CASCADE;

--
-- Constraints for table `product_attribute_sets`
--
ALTER TABLE `product_attribute_sets`
  ADD CONSTRAINT `product_attribute_sets_attribute_id_foreign` FOREIGN KEY (`attribute_id`) REFERENCES `attribute_sets` (`id`) ON DELETE CASCADE,
  ADD CONSTRAINT `product_attribute_sets_product_id_foreign` FOREIGN KEY (`product_id`) REFERENCES `products` (`id`) ON DELETE CASCADE;

--
-- Constraints for table `product_category_translations`
--
ALTER TABLE `product_category_translations`
  ADD CONSTRAINT `product_category_translations_category_id_foreign` FOREIGN KEY (`category_id`) REFERENCES `product_categories` (`id`) ON DELETE CASCADE;

--
-- Constraints for table `product_tag_pivots`
--
ALTER TABLE `product_tag_pivots`
  ADD CONSTRAINT `product_tag_pivots_product_id_foreign` FOREIGN KEY (`product_id`) REFERENCES `products` (`id`) ON DELETE CASCADE,
  ADD CONSTRAINT `product_tag_pivots_tag_id_foreign` FOREIGN KEY (`tag_id`) REFERENCES `tag_products` (`id`) ON DELETE CASCADE;

--
-- Constraints for table `product_translations`
--
ALTER TABLE `product_translations`
  ADD CONSTRAINT `product_translations_product_id_foreign` FOREIGN KEY (`product_id`) REFERENCES `products` (`id`) ON DELETE CASCADE;

--
-- Constraints for table `product_variances`
--
ALTER TABLE `product_variances`
  ADD CONSTRAINT `product_variances_product_id_foreign` FOREIGN KEY (`product_id`) REFERENCES `products` (`id`) ON DELETE CASCADE,
  ADD CONSTRAINT `product_variances_variance_id_foreign` FOREIGN KEY (`variance_id`) REFERENCES `products` (`id`) ON DELETE CASCADE;

--
-- Constraints for table `projects`
--
ALTER TABLE `projects`
  ADD CONSTRAINT `projects_portfolio_id_foreign` FOREIGN KEY (`portfolio_id`) REFERENCES `portfolios` (`id`) ON DELETE CASCADE;

--
-- Constraints for table `projects_translations`
--
ALTER TABLE `projects_translations`
  ADD CONSTRAINT `projects_translations_project_id_foreign` FOREIGN KEY (`project_id`) REFERENCES `projects` (`id`) ON DELETE CASCADE;

--
-- Constraints for table `refers`
--
ALTER TABLE `refers`
  ADD CONSTRAINT `refers_account_id_foreign` FOREIGN KEY (`account_id`) REFERENCES `accounts` (`id`) ON DELETE CASCADE;

--
-- Constraints for table `refer_refer`
--
ALTER TABLE `refer_refer`
  ADD CONSTRAINT `refer_refer_child_id_foreign` FOREIGN KEY (`child_id`) REFERENCES `refers` (`id`) ON DELETE CASCADE,
  ADD CONSTRAINT `refer_refer_parent_id_foreign` FOREIGN KEY (`parent_id`) REFERENCES `refers` (`id`) ON DELETE CASCADE;

--
-- Constraints for table `role_has_permissions`
--
ALTER TABLE `role_has_permissions`
  ADD CONSTRAINT `role_has_permissions_permission_id_foreign` FOREIGN KEY (`permission_id`) REFERENCES `permissions` (`id`) ON DELETE CASCADE,
  ADD CONSTRAINT `role_has_permissions_role_id_foreign` FOREIGN KEY (`role_id`) REFERENCES `roles` (`id`) ON DELETE CASCADE;

--
-- Constraints for table `services_translations`
--
ALTER TABLE `services_translations`
  ADD CONSTRAINT `services_translations_service_id_foreign` FOREIGN KEY (`service_id`) REFERENCES `services` (`id`) ON DELETE CASCADE;

--
-- Constraints for table `settings_values`
--
ALTER TABLE `settings_values`
  ADD CONSTRAINT `settings_values_setting_id_foreign` FOREIGN KEY (`setting_id`) REFERENCES `settings` (`id`) ON DELETE CASCADE;

--
-- Constraints for table `slider_translations`
--
ALTER TABLE `slider_translations`
  ADD CONSTRAINT `slider_translations_slider_id_foreign` FOREIGN KEY (`slider_id`) REFERENCES `sliders` (`id`) ON DELETE CASCADE;

--
-- Constraints for table `status_translations`
--
ALTER TABLE `status_translations`
  ADD CONSTRAINT `status_translations_status_id_foreign` FOREIGN KEY (`status_id`) REFERENCES `statuses` (`id`) ON DELETE CASCADE;

--
-- Constraints for table `stores`
--
ALTER TABLE `stores`
  ADD CONSTRAINT `stores_account_id_foreign` FOREIGN KEY (`account_id`) REFERENCES `accounts` (`id`) ON DELETE CASCADE;

--
-- Constraints for table `store_translations`
--
ALTER TABLE `store_translations`
  ADD CONSTRAINT `store_translations_store_id_foreign` FOREIGN KEY (`store_id`) REFERENCES `stores` (`id`) ON DELETE CASCADE;

--
-- Constraints for table `tag_product_translations`
--
ALTER TABLE `tag_product_translations`
  ADD CONSTRAINT `tag_product_translations_tag_id_foreign` FOREIGN KEY (`tag_id`) REFERENCES `tag_products` (`id`) ON DELETE CASCADE;

--
-- Constraints for table `tag_projects_translations`
--
ALTER TABLE `tag_projects_translations`
  ADD CONSTRAINT `tag_projects_translations_tag_id_foreign` FOREIGN KEY (`tag_id`) REFERENCES `tag_projects` (`id`) ON DELETE CASCADE;

--
-- Constraints for table `tag_translations`
--
ALTER TABLE `tag_translations`
  ADD CONSTRAINT `tag_translations_tag_id_foreign` FOREIGN KEY (`tag_id`) REFERENCES `tags` (`id`) ON DELETE CASCADE;

--
-- Constraints for table `vendors`
--
ALTER TABLE `vendors`
  ADD CONSTRAINT `vendors_account_id_foreign` FOREIGN KEY (`account_id`) REFERENCES `accounts` (`id`) ON DELETE CASCADE;

--
-- Constraints for table `vendor_translations`
--
ALTER TABLE `vendor_translations`
  ADD CONSTRAINT `vendor_translations_vendor_id_foreign` FOREIGN KEY (`vendor_id`) REFERENCES `vendors` (`id`) ON DELETE CASCADE;

--
-- Constraints for table `volunteers`
--
ALTER TABLE `volunteers`
  ADD CONSTRAINT `volunteers_account_id_foreign` FOREIGN KEY (`account_id`) REFERENCES `accounts` (`id`) ON DELETE CASCADE;

--
-- Constraints for table `volunteer_pages_translations`
--
ALTER TABLE `volunteer_pages_translations`
  ADD CONSTRAINT `volunteer_pages_translations_volunteerpage_id_foreign` FOREIGN KEY (`VolunteerPage_id`) REFERENCES `volunteer_pages` (`id`) ON DELETE CASCADE;

--
-- Constraints for table `voluntreer_idea_comments`
--
ALTER TABLE `voluntreer_idea_comments`
  ADD CONSTRAINT `voluntreer_idea_comments_idea_id_foreign` FOREIGN KEY (`idea_id`) REFERENCES `volunteering_ideas` (`id`) ON DELETE CASCADE;

--
-- Constraints for table `voluntreer_idea_loves`
--
ALTER TABLE `voluntreer_idea_loves`
  ADD CONSTRAINT `voluntreer_idea_loves_idea_id_foreign` FOREIGN KEY (`idea_id`) REFERENCES `volunteering_ideas` (`id`) ON DELETE CASCADE;
COMMIT;

/*!40101 SET CHARACTER_SET_CLIENT=@OLD_CHARACTER_SET_CLIENT */;
/*!40101 SET CHARACTER_SET_RESULTS=@OLD_CHARACTER_SET_RESULTS */;
/*!40101 SET COLLATION_CONNECTION=@OLD_COLLATION_CONNECTION */;
